sensor,date,lpl_conc,mpl_conc,lpl_ir,mpl_ir,bme_pres,bme_rh,bme_temp,ref_co2,ref_h2o,bme_h2o,N
0101121B,2023-06-16,489.367,1.806,34381.776,35228.655,968.153,50.27,20.955,440.164,1.353,1.2872636,58
0101121E,2023-06-16,462.486,1.527,34608.5,35740.879,968.286,49.955,20.892,440.164,1.353,1.2741302,58
1011222,2023-06-16,410.802,1.561,35632.017,35808.397,968.286,50.439,20.798,440.164,1.353,1.2790362,58
0101121B,2023-06-16 01:00,495.06,1.995,34468.586,34907.379,967.879,59.859,19.714,438.747,1.514,1.4199045,58
0101121E,2023-06-16 01:00,468.448,1.694,34628.448,35408.569,968.022,59.588,19.609,438.747,1.514,1.4041074,58
1011222,2023-06-16 01:00,415.934,1.731,35670.931,35507.224,968.066,60.107,19.562,438.747,1.514,1.4120475,58
0101121B,2023-06-16 02:00,490.919,1.931,34644.492,35166.136,968.124,60.375,19.014,432.08,1.426,1.3712442,59
0101121E,2023-06-16 02:00,464.003,1.632,34770.61,35663.034,968.281,59.909,18.975,432.08,1.426,1.3571479,59
1011222,2023-06-16 02:00,411.085,1.669,35834.237,35775.475,968.305,60.246,18.956,432.08,1.426,1.3631683,59
0101121B,2023-06-16 03:00,503.156,1.941,34489.526,35190.316,968.307,61.928,18.638,442.461,1.454,1.3736042,57
0101121E,2023-06-16 03:00,475.928,1.641,34589.368,35678.228,968.495,61.625,18.638,442.461,1.454,1.3666027,57
1011222,2023-06-16 03:00,422.018,1.682,35662.07,35802.035,968.5,61.947,18.55,442.461,1.454,1.3662538,57
0101121B,2023-06-16 04:00,512.788,1.972,34347.211,35125.754,968.46,63.588,18.499,448.398,1.456,1.3980043,57
0101121E,2023-06-16 04:00,484.495,1.662,34449.158,35631.421,968.6,63.158,18.497,448.398,1.456,1.3881124,57
1011222,2023-06-16 04:00,429.723,1.705,35527.333,35759.333,968.6,63.526,18.39,448.398,1.456,1.3869068,57
0101121B,2023-06-16 05:00,486.481,1.868,34501.189,35132.717,968.526,53.221,20.484,426.976,1.32,1.3224944,53
0101121E,2023-06-16 05:00,458.068,1.566,34745.226,35696.642,968.719,53.028,20.329,426.976,1.32,1.3048815,53
1011222,2023-06-16 05:00,405.191,1.608,35798.585,35745.604,968.708,53.432,20.317,426.976,1.32,1.3137868,53
0101121B,2023-06-16 06:00,482.942,1.923,34160.542,34624.814,968.802,46.515,23.08,422.141,1.361,1.3538264,59
0101121E,2023-06-16 06:00,451.742,1.62,34592.542,35216.983,969.007,46.48,22.861,422.141,1.361,1.3347272,59
1011222,2023-06-16 06:00,399.661,1.674,35605.186,35160.627,968.964,46.679,22.874,422.141,1.361,1.3415574,59
0101121B,2023-06-16 07:00,484.942,2.014,33481.271,33836.492,969.041,37.683,27.105,421.639,1.415,1.3901852,59
0101121E,2023-06-16 07:00,450.575,1.724,34160.932,34431.034,969.266,37.719,26.804,421.639,1.415,1.3669004,59
1011222,2023-06-16 07:00,398.963,1.793,35112.525,34238.356,969.224,37.845,26.87,421.639,1.415,1.376814,59
0101121B,2023-06-16 08:00,487.047,1.998,32716.534,33239.5,968.9,28.337,31.487,426.764,1.37,1.3459114,58
0101121E,2023-06-16 08:00,454.476,1.711,33525.983,33877.966,969.134,28.173,31.314,426.764,1.37,1.3242305,58
1011222,2023-06-16 08:00,404.274,1.796,34416.569,33583.759,969.079,28.453,31.214,426.764,1.37,1.3300016,58
0101121B,2023-06-16 09:00,472.479,1.69,32533.732,33606.018,968.538,19.85,33.926,418.733,1.101,1.0850915,56
0101121E,2023-06-16 09:00,444.92,1.422,33370.536,34315.036,968.73,19.694,33.753,418.733,1.101,1.0653601,56
1011222,2023-06-16 09:00,396.88,1.505,34200.625,33951.964,968.668,19.876,33.722,418.733,1.101,1.0738722,56
0101121B,2023-06-16 10:00,470.138,1.495,32081.643,33619.054,968.205,14.111,36.731,415.366,0.91,0.8963322,56
0101121E,2023-06-16 10:00,442.371,1.234,33006.714,34391.393,968.375,13.899,36.682,415.366,0.91,0.880254,56
1011222,2023-06-16 10:00,395.805,1.331,33808.607,33952.804,968.357,14.177,36.49,415.366,0.91,0.8888117,56
0101121B,2023-06-16 11:00,463.649,1.443,32015.203,33598.22,967.997,12.757,37.706,414.439,0.898,0.8574601,59
0101121E,2023-06-16 11:00,438.429,1.183,32952.712,34414.305,968.166,12.645,37.546,414.439,0.898,0.8425867,59
1011222,2023-06-16 11:00,393.456,1.278,33721.441,33962.136,968.19,12.954,37.362,414.439,0.898,0.8543221,59
0101121B,2023-06-16 12:00,461.689,1.437,32218.909,33767.836,967.709,13.678,36.729,413.689,0.905,0.8698793,55
0101121E,2023-06-16 12:00,436.829,1.182,33123.4,34564.527,967.884,13.617,36.536,413.689,0.905,0.856978,55
1011222,2023-06-16 12:00,391.558,1.273,33918.545,34146.218,967.913,13.953,36.298,413.689,0.905,0.8671348,55
0101121B,2023-06-16 13:00,462.407,1.361,31763.418,33546.582,967.275,10.537,39.242,414.077,0.83,0.7721271,55
0101121E,2023-06-16 13:00,437.24,1.102,32795.036,34457.673,967.407,10.651,38.783,414.077,0.83,0.7614356,55
1011222,2023-06-16 13:00,393.291,1.21,33547.018,33955.6,967.502,10.979,38.522,414.077,0.83,0.7738395,55
0101121B,2023-06-16 14:00,456.905,1.26,32259.618,34203.709,966.851,11.502,36.943,414.429,0.785,0.7443711,55
0101121E,2023-06-16 14:00,433.824,1.014,33189.909,35083.345,966.929,11.701,36.445,414.429,0.785,0.7368952,55
1011222,2023-06-16 14:00,389.391,1.091,33983,34693.164,967.075,12.067,36.149,414.429,0.785,0.7475734,55
0101121B,2023-06-16 15:00,456.533,1.157,32379.255,34614.364,966.533,10.771,36.3,416.358,0.708,0.6729767,55
0101121E,2023-06-16 15:00,434.511,0.922,33266.309,35486.873,966.627,10.97,35.817,416.358,0.708,0.6676855,55
1011222,2023-06-16 15:00,389.742,0.986,34079.182,35140.618,966.796,11.349,35.466,416.358,0.708,0.6774265,55
0101121B,2023-06-16 16:00,449.925,1.145,32957,35106.434,966.402,13.264,33.631,415.27,0.733,0.7147636,53
0101121E,2023-06-16 16:00,431.081,0.918,33647.868,35861.264,966.46,13.227,33.508,415.27,0.733,0.7079924,53
1011222,2023-06-16 16:00,386.357,0.977,34472.717,35555.396,966.6,13.54,33.245,415.27,0.733,0.7140186,53
0101121B,2023-06-16 17:00,450.285,1.131,33352.852,35556.204,966.593,15.275,31.317,416.449,0.739,0.7206443,54
0101121E,2023-06-16 17:00,432.035,0.909,33922.333,36244.611,966.656,15.124,31.333,416.449,0.739,0.7139757,54
1011222,2023-06-16 17:00,386.437,0.955,34780.407,36012.722,966.789,15.432,31.101,416.449,0.739,0.7189597,54
0101121B,2023-06-16 18:00,451.543,1.248,33751.633,35608.517,966.823,20.256,28.867,417.667,0.862,0.8312828,60
0101121E,2023-06-16 18:00,433.2,1.021,34216.867,36240.767,966.842,20.069,28.898,417.667,0.862,0.8251474,60
1011222,2023-06-16 18:00,386.7,1.058,35109.567,36087.383,966.993,20.394,28.712,417.667,0.862,0.8294702,60
0101121B,2023-06-16 19:00,471.307,1.373,33777.931,35591.121,967.05,25.996,26.692,437.168,1.002,0.9393054,58
0101121E,2023-06-16 19:00,452.647,1.143,34130.931,36153.69,967.129,25.875,26.755,437.168,1.002,0.9382884,58
1011222,2023-06-16 19:00,404.279,1.171,35042.241,36072.052,967.286,26.171,26.631,437.168,1.002,0.9419939,58
0101121B,2023-06-16 20:00,502.023,1.464,33571,35620.65,967.627,31.349,24.8,464.075,1.082,1.0133706,60
0101121E,2023-06-16 20:00,480.802,1.227,33855.833,36154.267,967.708,31.163,24.854,464.075,1.082,1.0105675,60
1011222,2023-06-16 20:00,430.248,1.254,34781.633,36123.167,967.82,31.582,24.742,464.075,1.082,1.0172443,60
0101121B,2023-06-16 21:00,540.153,1.535,33311.364,35764.255,967.749,38.005,22.496,497.912,1.163,1.0686681,55
0101121E,2023-06-16 21:00,513.36,1.281,33547.018,36297,967.822,37.724,22.56,497.912,1.163,1.064876,55
1011222,2023-06-16 21:00,460.569,1.306,34490.109,36334.636,967.947,37.901,22.451,497.912,1.163,1.0626705,55
0101121B,2023-06-16 22:00,545.486,1.565,33398.25,35845.714,967.754,41.647,21.35,499.799,1.175,1.0931892,56
0101121E,2023-06-16 22:00,517.025,1.311,33603.339,36355.732,967.8,41.299,21.405,499.799,1.175,1.0877384,56
1011222,2023-06-16 22:00,463.323,1.336,34572.786,36425.393,967.921,41.674,21.291,499.799,1.175,1.0898467,56
0101121B,2023-06-16 23:00,539.828,1.54,33654.926,36087.741,967.706,43.741,20.211,493.08,1.139,1.0707027,54
0101121E,2023-06-16 23:00,511.374,1.283,33812.315,36600.889,967.791,43.326,20.27,493.08,1.139,1.0642713,54
1011222,2023-06-16 23:00,457.381,1.311,34807.87,36689.907,967.844,43.703,20.166,493.08,1.139,1.0666197,54
0101121B,2023-06-17,536.307,1.531,33751.696,36152.036,967.525,44.076,19.933,488.445,1.115,1.0605514,56
0101121E,2023-06-17,507.459,1.277,33909.643,36661.071,967.638,43.687,19.957,488.445,1.115,1.0526909,56
1011222,2023-06-17,453.134,1.305,34919.536,36755.375,967.682,44.051,19.875,488.445,1.115,1.0560483,56
0101121B,2023-06-17 01:00,552.833,1.552,33555.439,36157.526,967.419,46.065,19.454,505.147,1.147,1.0757791,57
0101121E,2023-06-17 01:00,523.347,1.293,33682.228,36666.14,967.558,45.688,19.509,505.147,1.147,1.0705081,57
1011222,2023-06-17 01:00,468.154,1.322,34694.035,36776.298,967.6,45.96,19.4,505.147,1.147,1.0694885,57
0101121B,2023-06-17 02:00,569.42,1.559,33475.455,36319.545,967.422,50,18.167,520.864,1.172,1.0772394,55
0101121E,2023-06-17 02:00,539.229,1.296,33535.982,36822.145,967.525,49.738,18.227,520.864,1.172,1.075504,55
1011222,2023-06-17 02:00,482.876,1.329,34562.327,36963.345,967.545,49.934,18.102,520.864,1.172,1.0712376,55
0101121B,2023-06-17 03:00,578.465,1.57,33501.509,36461.246,967.416,54.216,16.919,527.815,1.165,1.0799557,57
0101121E,2023-06-17 03:00,547.809,1.299,33499.596,36969.842,967.507,53.826,17.003,527.815,1.165,1.0778392,57
1011222,2023-06-17 03:00,490.911,1.336,34541.579,37139.947,967.519,53.951,16.871,527.815,1.165,1.0713672,57
0101121B,2023-06-17 04:00,569.727,1.612,33513.6,36206.95,967.583,52.807,17.831,515.804,1.149,1.1129605,60
0101121E,2023-06-17 04:00,537.772,1.334,33592.767,36741.483,967.757,52.396,17.833,515.804,1.149,1.1043942,60
1011222,2023-06-17 04:00,481.293,1.376,34628.2,36867.517,967.685,52.906,17.724,515.804,1.149,1.1076729,60
0101121B,2023-06-17 05:00,545.191,1.661,33495.2,35660.509,967.522,45.62,20.712,490.751,1.171,1.1511415,55
0101121E,2023-06-17 05:00,512.444,1.381,33758.018,36229.073,967.72,45.391,20.624,490.751,1.171,1.138954,55
1011222,2023-06-17 05:00,457.349,1.424,34769.2,36266.455,967.718,45.893,20.515,490.751,1.171,1.1438296,55
0101121B,2023-06-17 06:00,528.362,1.755,33256.414,34917.414,967.717,39.1,24.071,470.783,1.224,1.2084198,58
0101121E,2023-06-17 06:00,493.747,1.471,33725.966,35508.741,967.91,38.839,23.987,470.783,1.224,1.1939216,58
1011222,2023-06-17 06:00,440.422,1.531,34692.431,35410.414,967.926,39.191,23.893,470.783,1.224,1.1979414,58
0101121B,2023-06-17 07:00,504.615,1.796,32911.691,34143.491,967.796,29.879,28.624,446.707,1.216,1.2064445,55
0101121E,2023-06-17 07:00,471.58,1.519,33577.818,34757.418,967.991,29.602,28.556,446.707,1.216,1.190197,55
1011222,2023-06-17 07:00,420.402,1.595,34487.673,34515.109,968.015,29.866,28.475,446.707,1.216,1.1953859,55
0101121B,2023-06-17 08:00,496.271,1.772,32408.322,33626.678,967.434,22.942,32.432,436.845,1.173,1.1518291,59
0101121E,2023-06-17 08:00,462.39,1.498,33244.678,34286.203,967.625,22.668,32.406,436.845,1.173,1.1357629,59
1011222,2023-06-17 08:00,413.015,1.587,34105.932,33952.881,967.666,22.95,32.256,436.845,1.173,1.1402388,59
0101121B,2023-06-17 09:00,481.977,1.547,31999.226,33595.962,967.055,15.289,36.137,421.591,0.956,0.940798,53
0101121E,2023-06-17 09:00,447.877,1.282,32998.981,34357.509,967.255,15.083,36.069,421.591,0.956,0.9238017,53
1011222,2023-06-17 09:00,401.04,1.378,33786.868,33917.547,967.321,15.274,35.981,421.591,0.956,0.9317485,53
0101121B,2023-06-17 10:00,478.114,1.444,31731.881,33533.271,966.664,12.153,38.019,417.729,0.867,0.832757,59
0101121E,2023-06-17 10:00,443.875,1.181,32807.576,34353.949,966.834,11.979,37.912,417.729,0.867,0.8163518,59
1011222,2023-06-17 10:00,398.302,1.281,33556.678,33863.119,966.897,12.189,37.847,417.729,0.867,0.827465,59
0101121B,2023-06-17 11:00,477.374,1.466,31373.333,33125.667,966.277,10.683,40.124,417.35,0.887,0.820098,57
0101121E,2023-06-17 11:00,443.756,1.197,32532.842,34017.053,966.405,10.643,39.822,417.35,0.887,0.8034731,57
1011222,2023-06-17 11:00,398.989,1.308,33263.947,33492.088,966.518,10.934,39.663,417.35,0.887,0.818653,57
0101121B,2023-06-17 12:00,475.941,1.424,31184.607,33026.464,966.021,9.535,41.319,418.662,0.865,0.781314,56
0101121E,2023-06-17 12:00,443.484,1.154,32369.232,33955.286,966.114,9.532,40.971,418.662,0.865,0.7667404,56
1011222,2023-06-17 12:00,400.246,1.273,33083.25,33415.054,966.255,9.861,40.675,418.662,0.865,0.7807407,56
0101121B,2023-06-17 13:00,471.136,1.315,31400.22,33442.983,965.529,9.115,40.516,417.536,0.795,0.7158478,59
0101121E,2023-06-17 13:00,439.59,1.052,32544.203,34372.949,965.61,9.137,40.228,417.536,0.795,0.706531,59
1011222,2023-06-17 13:00,397.139,1.165,33277.525,33862.492,965.8,9.497,39.798,417.536,0.795,0.7176036,59
0101121B,2023-06-17 14:00,467.218,1.253,31681.767,33819.867,965.135,9.512,39.267,417.314,0.768,0.6995345,60
0101121E,2023-06-17 14:00,436.6,0.997,32803.333,34763.683,965.172,9.688,38.803,417.314,0.768,0.6949764,60
1011222,2023-06-17 14:00,393.662,1.086,33554.767,34317.317,965.35,10.058,38.429,417.314,0.768,0.7069858,60
0101121B,2023-06-17 15:00,463.333,1.2,31936.448,34153,964.819,9.877,38.179,416.804,0.743,0.6839674,58
0101121E,2023-06-17 15:00,434.438,0.955,33008.81,35077.724,964.886,10.105,37.637,416.804,0.743,0.6798345,58
1011222,2023-06-17 15:00,391.045,1.025,33769.655,34678.983,965.093,10.462,37.348,416.804,0.743,0.6928309,58
0101121B,2023-06-17 16:00,457.193,1.2,32520.667,34635.117,964.603,12.524,35.432,417.148,0.784,0.7459204,60
0101121E,2023-06-17 16:00,431.717,0.96,33385.283,35436.25,964.68,12.464,35.324,417.148,0.784,0.7381648,60
1011222,2023-06-17 16:00,388.657,1.026,34165.733,35090.483,964.88,12.786,35.024,417.148,0.784,0.7447474,60
0101121B,2023-06-17 17:00,456.495,1.228,32932.915,34950.864,964.649,15.118,33.14,417.13,0.828,0.7934844,59
0101121E,2023-06-17 17:00,431.48,0.993,33691.169,35676.153,964.681,14.973,33.135,417.13,0.828,0.7856666,59
1011222,2023-06-17 17:00,387.385,1.046,34499.729,35395.271,964.892,15.271,32.924,417.13,0.828,0.7916947,59
0101121B,2023-06-17 18:00,464.57,1.352,33256.964,35041.339,964.852,20.329,30.466,425.717,0.971,0.9156868,56
0101121E,2023-06-17 18:00,439.761,1.116,33890.018,35685.161,964.9,20.178,30.523,425.717,0.971,0.9118812,56
1011222,2023-06-17 18:00,394.041,1.152,34735.536,35504.411,965.086,20.488,30.364,425.717,0.971,0.9173956,56
0101121B,2023-06-17 19:00,485.582,1.499,33514.382,35206.091,965.242,28.636,26.84,445.649,1.148,1.0439756,55
0101121E,2023-06-17 19:00,458.985,1.251,33997.655,35784.745,965.264,28.475,26.92,445.649,1.148,1.0428766,55
1011222,2023-06-17 19:00,411.327,1.283,34876.309,35685.345,965.467,28.753,26.839,445.649,1.148,1.0478484,55
0101121B,2023-06-17 20:00,513.213,1.558,33521.455,35482.436,965.658,35.611,23.95,469.208,1.203,1.0960959,55
0101121E,2023-06-17 20:00,485.202,1.305,33870,36020.164,965.68,35.365,24.032,469.208,1.203,1.0938261,55
1011222,2023-06-17 20:00,434.955,1.332,34789.382,36005.909,965.882,35.723,23.947,469.208,1.203,1.0990922,55
0101121B,2023-06-17 21:00,529.945,1.568,33505.302,35700.34,965.887,39.539,22.289,484.509,1.177,1.101212,53
0101121E,2023-06-17 21:00,500.517,1.31,33786.34,36232.509,965.93,39.099,22.36,484.509,1.177,1.0935511,53
1011222,2023-06-17 21:00,448.594,1.335,34736.604,36272.906,966.142,39.52,22.253,484.509,1.177,1.0979409,53
0101121B,2023-06-17 22:00,538.637,1.561,33550.5,35900.259,965.965,42.356,21.055,491.755,1.168,1.0937421,54
0101121E,2023-06-17 22:00,508.583,1.301,33777.259,36425.741,966.031,41.975,21.105,491.755,1.168,1.0871952,54
1011222,2023-06-17 22:00,455.774,1.33,34742,36483.759,966.154,42.34,21.036,491.755,1.168,1.0918565,54
0101121B,2023-06-17 23:00,557.337,1.598,33402.815,35941.185,966.006,46.237,20.026,510.141,1.209,1.120469,54
0101121E,2023-06-17 23:00,526.461,1.332,33573.204,36458.574,966.043,45.814,20.102,510.141,1.209,1.1154192,54
1011222,2023-06-17 23:00,472.252,1.36,34553.963,36558.796,966.18,46.044,20,510.141,1.209,1.1138616,54
0101121B,2023-06-18,559.267,1.575,33524.345,36162.2,965.636,48.466,18.959,510.625,1.175,1.0999205,55
0101121E,2023-06-18,527.964,1.308,33651.473,36681.873,965.711,48.07,19.006,510.625,1.175,1.0940154,55
1011222,2023-06-18,473.315,1.341,34652.673,36795.036,965.787,48.424,18.9,510.625,1.175,1.094754,55
0101121B,2023-06-18 01:00,579.175,1.587,33341.737,36258.351,965.735,51.631,18.024,529.346,1.194,1.10479,57
0101121E,2023-06-18 01:00,546.926,1.317,33420.158,36769.368,965.8,51.264,18.092,529.346,1.194,1.1015886,57
1011222,2023-06-18 01:00,491.226,1.354,34423.842,36903.737,965.912,51.607,17.97,529.346,1.194,1.1003644,57
0101121B,2023-06-18 02:00,571.694,1.561,33532.673,36412.654,965.738,52.366,17.477,520.658,1.149,1.0826492,52
0101121E,2023-06-18 02:00,539.49,1.29,33590.481,36930.885,965.8,51.911,17.553,520.658,1.149,1.0783043,52
1011222,2023-06-18 02:00,483.894,1.329,34611.577,37073.904,965.881,52.293,17.423,520.658,1.149,1.0772736,52
0101121B,2023-06-18 03:00,589.4,1.575,33369.163,36487.531,965.847,55.496,16.626,537.421,1.174,1.0870851,49
0101121E,2023-06-18 03:00,556.014,1.302,33389.224,36998.082,965.961,55.128,16.709,537.421,1.174,1.0854225,49
1011222,2023-06-18 03:00,499.38,1.341,34418.898,37170.816,965.976,55.345,16.576,537.421,1.174,1.0805431,49
0101121B,2023-06-18 04:00,587.45,1.577,33397,36478,965.8,55.53,16.645,533.914,1.136,1.0891601,2
0101121E,2023-06-18 04:00,553,1.301,33439,37003,965.95,54.965,16.695,533.914,1.136,1.081346,2
1011222,2023-06-18 04:00,496.9,1.341,34458.5,37165.5,965.95,55.39,16.61,533.914,1.136,1.0838351,2
0101121B,2023-06-18 05:00,NA,NA,NA,NA,NA,NA,NA,NA,NA,NA,0
0101121E,2023-06-18 05:00,NA,NA,NA,NA,NA,NA,NA,NA,NA,NA,0
1011222,2023-06-18 05:00,NA,NA,NA,NA,NA,NA,NA,NA,NA,NA,0
0101121B,2023-06-18 06:00,NA,NA,NA,NA,NA,NA,NA,NA,NA,NA,0
0101121E,2023-06-18 06:00,NA,NA,NA,NA,NA,NA,NA,NA,NA,NA,0
1011222,2023-06-18 06:00,NA,NA,NA,NA,NA,NA,NA,NA,NA,NA,0
0101121B,2023-06-18 07:00,505.991,1.701,32628.348,34141.478,965.743,25.263,30.215,444.402,1.127,1.1232122,23
0101121E,2023-06-18 07:00,468.109,1.433,33432.609,34773.435,965.952,24.975,30.207,444.402,1.127,1.109661,23
1011222,2023-06-18 07:00,418.209,1.513,34306.826,34482,966,25.174,30.126,444.402,1.127,1.1132532,23
0101121B,2023-06-18 08:00,499.707,1.726,32122.625,33524.071,965.571,20.535,33.794,438.696,1.134,1.1150505,56
0101121E,2023-06-18 08:00,462.87,1.455,33068.161,34223.446,965.763,20.348,33.667,438.696,1.134,1.0970291,56
1011222,2023-06-18 08:00,414.738,1.546,33886.893,33853.446,965.809,20.563,33.565,438.696,1.134,1.1023862,56
0101121B,2023-06-18 09:00,495.207,1.768,31503,32794.525,965.076,16.136,37.803,433.732,1.141,1.0942318,59
0101121E,2023-06-18 09:00,458.497,1.48,32573.932,33564.542,965.263,15.879,37.795,433.732,1.141,1.0759831,59
1011222,2023-06-18 09:00,412.851,1.597,33314.254,33083.763,965.337,16.088,37.681,433.732,1.141,1.0833202,59
0101121B,2023-06-18 10:00,483.685,1.707,31343.833,32626.963,964.73,13.648,39.741,424.858,1.103,1.0297329,54
0101121E,2023-06-18 10:00,449.206,1.418,32473.444,33466.5,964.857,13.505,39.599,424.858,1.103,1.0109917,54
1011222,2023-06-18 10:00,405.135,1.54,33178.907,32946.759,965.009,13.741,39.486,424.858,1.103,1.0224028,54
0101121B,2023-06-18 11:00,475.774,1.664,31284.947,32553.386,964.189,12.534,40.765,420.092,1.079,0.9992302,57
0101121E,2023-06-18 11:00,443.025,1.37,32426.035,33430.544,964.291,12.396,40.639,420.092,1.079,0.981621,57
1011222,2023-06-18 11:00,400.404,1.499,33129.912,32903.561,964.43,12.725,40.359,420.092,1.079,0.9925778,57
0101121B,2023-06-18 12:00,475.481,1.624,30965.981,32340.5,963.552,10.539,42.593,417.472,1.03,0.9247964,54
0101121E,2023-06-18 12:00,442.294,1.334,32196.667,33276.667,963.631,10.516,42.266,417.472,1.03,0.9073585,54
1011222,2023-06-18 12:00,400.13,1.472,32855.407,32683.037,963.867,10.778,42.136,417.472,1.03,0.9231026,54
0101121B,2023-06-18 13:00,471.484,1.598,30910.224,32292.379,962.936,9.895,43.25,415.768,1.028,0.900361,58
0101121E,2023-06-18 13:00,439,1.309,32207.897,33295.948,962.995,10.119,42.557,415.768,1.028,0.8878387,58
1011222,2023-06-18 13:00,397.676,1.446,32846.052,32691.414,963.226,10.366,42.479,415.768,1.028,0.9056897,58
0101121B,2023-06-18 14:00,468.209,1.56,31194.158,32599.649,962.533,10.694,41.934,416.661,1.019,0.9084209,57
0101121E,2023-06-18 14:00,436.198,1.269,32424.702,33576.86,962.572,10.921,41.423,416.661,1.019,0.9032587,57
1011222,2023-06-18 14:00,395.063,1.388,33117.807,33060.228,962.812,11.299,41.065,416.661,1.019,0.9166855,57
0101121B,2023-06-18 15:00,465.979,1.604,31366.208,32631.34,962.257,11.91,41.162,417.645,1.083,0.9695201,53
0101121E,2023-06-18 15:00,435.462,1.314,32535.302,33561.189,962.302,12.083,40.76,417.645,1.083,0.9635974,53
1011222,2023-06-18 15:00,394.032,1.423,33250.509,33097.113,962.538,12.525,40.339,417.645,1.083,0.9766892,53
0101121B,2023-06-18 16:00,461,1.552,32144.831,33408.712,962.515,15.473,37.212,420.134,1.098,1.0186725,59
0101121E,2023-06-18 16:00,434.646,1.289,33076.78,34178.203,962.542,15.368,37.132,420.134,1.098,1.0073747,59
1011222,2023-06-18 16:00,392.339,1.371,33810.983,33786.949,962.795,15.698,36.912,420.134,1.098,1.016622,59
0101121B,2023-06-18 17:00,466.585,1.533,32694.733,34051.033,963.062,19.344,33.544,426.278,1.1,1.0412058,60
0101121E,2023-06-18 17:00,440.225,1.278,33489.867,34751.667,963.085,19.216,33.478,426.278,1.1,1.0306388,60
1011222,2023-06-18 17:00,395.883,1.337,34273.267,34457.15,963.325,19.503,33.357,426.278,1.1,1.0386694,60
0101121B,2023-06-18 18:00,471.666,1.621,32783.288,33985.475,963.376,22.088,32.552,431.166,1.2,1.1230113,59
0101121E,2023-06-18 18:00,445.569,1.367,33520.458,34632.254,963.398,21.917,32.555,431.166,1.2,1.1145519,59
1011222,2023-06-18 18:00,400.141,1.415,34322.898,34387.068,963.656,22.215,32.444,431.166,1.2,1.1223535,59
0101121B,2023-06-18 19:00,470.985,1.884,33215.426,33716.37,963.85,30.588,30.084,429.031,1.456,1.3507335,54
0101121E,2023-06-18 19:00,444.317,1.611,33878.63,34318.13,963.865,30.432,29.989,429.031,1.456,1.3365098,54
1011222,2023-06-18 19:00,397.774,1.651,34714,34134.685,964.122,30.688,30,429.031,1.456,1.3482222,54
0101121B,2023-06-18 20:00,478.732,1.912,33354.088,33885.789,964.279,34.226,28.503,434.613,1.488,1.3812484,57
0101121E,2023-06-18 20:00,451.225,1.636,33937.825,34445.123,964.333,33.904,28.548,434.613,1.488,1.3717767,57
1011222,2023-06-18 20:00,403.691,1.671,34811.544,34325.105,964.57,34.278,28.444,434.613,1.488,1.3781762,57
0101121B,2023-06-18 21:00,489.003,1.891,33405.81,34133.086,964.419,36.665,27.164,445.087,1.472,1.3675103,58
0101121E,2023-06-18 21:00,460.883,1.612,33932.362,34691.966,964.467,36.389,27.194,445.087,1.472,1.3594745,58
1011222,2023-06-18 21:00,412.571,1.647,34818.776,34595.983,964.659,36.664,27.107,445.087,1.472,1.362617,58
0101121B,2023-06-18 22:00,522.471,1.925,33217.672,34364.345,964.555,42.748,24.94,476.108,1.535,1.3978798,58
0101121E,2023-06-18 22:00,493.172,1.646,33626.724,34878.759,964.609,42.503,24.993,476.108,1.535,1.3942495,58
1011222,2023-06-18 22:00,442.714,1.675,34531.224,34857.017,964.776,42.8,24.88,476.108,1.535,1.3942486,58
0101121B,2023-06-18 23:00,533.16,1.962,33272.5,34477.917,964.755,47.689,23.479,484.099,1.566,1.4286557,60
0101121E,2023-06-18 23:00,503.405,1.675,33612.967,34980.383,964.857,47.411,23.533,484.099,1.566,1.4248279,60
1011222,2023-06-18 23:00,451.77,1.707,34540.883,34989.7,964.982,47.766,23.407,484.099,1.566,1.4244435,60
0101121B,2023-06-19,555.374,1.998,33078.552,34527.914,965.174,51.633,22.456,505.942,1.586,1.4537432,58
0101121E,2023-06-19,524.61,1.706,33364.121,35019.017,965.283,51.259,22.513,505.942,1.586,1.4480939,58
1011222,2023-06-19,471.167,1.736,34305.293,35062.362,965.426,51.584,22.401,505.942,1.586,1.447168,58
0101121B,2023-06-19 01:00,548.968,2.046,33102.661,34340.034,965.773,51.237,22.966,495.803,1.573,1.4870544,59
0101121E,2023-06-19 01:00,517.102,1.751,33438.339,34834.119,965.91,50.725,22.997,495.803,1.573,1.4747153,59
1011222,2023-06-19 01:00,463.332,1.787,34387.966,34848.508,966.029,51.21,22.9,495.803,1.573,1.4799122,59
0101121B,2023-06-19 02:00,499.837,2.247,33754.158,33743.789,966.719,53.628,23.865,443.776,1.741,1.6391692,57
0101121E,2023-06-19 02:00,470.084,1.936,34162.211,34250.772,966.87,53.367,23.783,443.776,1.741,1.6229955,57
1011222,2023-06-19 02:00,418.833,1.98,35130.333,34227,966.953,53.863,23.695,443.776,1.741,1.629382,57
0101121B,2023-06-19 03:00,522.679,2.506,33630.362,33377.259,967.319,65.823,22.24,452.4,1.964,1.8251264,58
0101121E,2023-06-19 03:00,493.098,2.173,33928.983,33835.259,967.476,65.741,22.215,452.4,1.964,1.8197834,58
1011222,2023-06-19 03:00,438.203,2.217,34945.793,33869,967.566,66.207,22.131,452.4,1.964,1.8231384,58
0101121B,2023-06-19 04:00,527.52,2.574,33551.018,33233.089,967.93,67.892,22.237,451.827,1.978,1.881273,56
0101121E,2023-06-19 04:00,497.273,2.231,33858.464,33696.786,968.114,67.616,22.195,451.827,1.978,1.8684485,56
1011222,2023-06-19 04:00,440.302,2.278,34907.679,33727.607,968.154,68.133,22.118,451.827,1.978,1.8738785,56
0101121B,2023-06-19 05:00,537.44,2.629,33423.585,33143.283,967.94,69.989,22.036,455.331,1.989,1.9155416,53
0101121E,2023-06-19 05:00,527.568,2.405,33412.075,33357.774,968.138,76.225,21.59,455.331,1.989,2.0274365,53
1011222,2023-06-19 05:00,446.257,2.316,34817.868,33665.245,968.134,69.896,21.928,455.331,1.989,1.9000836,53
0101121B,2023-06-19 06:00,540.187,2.64,33362.212,33105.712,967.413,69.901,22.157,457.163,1.97,1.9281263,52
0101121E,2023-06-19 06:00,538.723,2.482,33246.923,33200.25,967.615,81.303,21.386,457.163,1.97,2.1394017,52
1011222,2023-06-19 06:00,447.171,2.33,34786.577,33615.596,967.592,69.748,22.047,457.163,1.97,1.91072,52
0101121B,2023-06-19 07:00,511.942,2.802,33292.519,32368.827,967.088,61.041,25.529,438.373,1.969,2.0600215,52
0101121E,2023-06-19 07:00,496.031,2.665,33633.038,32499.942,967.354,76.083,24.468,438.373,1.969,2.415147,52
1011222,2023-06-19 07:00,423.369,2.484,34837.769,32838.231,967.331,60.468,25.322,438.373,1.969,2.0136951,52
0101121B,2023-06-19 08:00,501.096,2.971,32570.607,31367,966.632,46.239,31.016,432.199,1.988,2.1454604,56
0101121E,2023-06-19 08:00,468.084,2.84,33519.179,31631.911,966.932,65.478,29.511,432.199,1.988,2.7900694,56
1011222,2023-06-19 08:00,414.554,2.689,34271.75,31703.804,966.884,45.21,30.871,432.199,1.988,2.0789922,56
0101121B,2023-06-19 09:00,501.007,2.972,32073.714,31001.679,966.593,38.413,33.947,435.688,1.972,2.1044251,28
0101121E,2023-06-19 09:00,463.025,2.906,31442.357,29415.446,966.852,57.76,32.712,435.688,1.972,2.9557302,28
1011222,2023-06-19 09:00,416.15,2.675,33813.732,31363.232,966.759,37.074,33.854,435.688,1.972,2.0193856,28
0101121B,2023-06-19 10:00,496.578,2.919,31425.764,30543.109,966.096,28.918,38.124,430.41,1.92,1.9871333,55
0101121E,2023-06-19 10:00,451.815,2.592,32818.418,31311.309,966.415,39.874,36.851,430.41,1.92,2.4991205,55
1011222,2023-06-19 10:00,413.615,2.643,33243.982,30895.382,966.313,27.8,38.054,430.41,1.92,1.9039862,55
0101121B,2023-06-19 11:00,490.2,2.52,30991.904,30811.865,965.604,20.209,41.175,425.744,1.687,1.6426819,52
0101121E,2023-06-19 11:00,446.758,2.037,32330.135,31874.692,965.835,20.447,40.864,425.744,1.687,1.6341841,52
1011222,2023-06-19 11:00,410.598,2.318,32863.788,31121.135,965.773,20.036,40.887,425.744,1.687,1.6046271,52
0101121B,2023-06-19 12:00,483.016,2.177,31011.891,31347.509,964.955,16.571,41.686,422.153,1.474,1.3863553,55
0101121E,2023-06-19 12:00,448.418,1.853,32207.855,32171.036,965.14,16.579,41.503,422.153,1.474,1.373508,55
1011222,2023-06-19 12:00,406.007,2.008,32891.527,31655.8,965.155,16.853,41.231,422.153,1.474,1.3761574,55
0101121B,2023-06-19 13:00,478.061,2.089,30970.561,31425.526,964.449,15.279,42.349,421.387,1.445,1.3200969,57
0101121E,2023-06-19 13:00,445.209,1.765,32179.93,32297.105,964.611,15.381,42.049,421.387,1.445,1.3083619,57
1011222,2023-06-19 13:00,404.212,1.924,32846.193,31767.895,964.702,15.723,41.723,421.387,1.445,1.3144104,57
0101121B,2023-06-19 14:00,467.582,1.997,32075.382,32425.891,964.242,21.206,36.999,422.199,1.473,1.3790249,55
0101121E,2023-06-19 14:00,439.685,1.703,33022.2,33147.909,964.322,21.141,36.908,422.199,1.473,1.3677646,55
1011222,2023-06-19 14:00,397.289,1.796,33758.036,32781.327,964.411,21.526,36.649,422.199,1.473,1.3731729,55
0101121B,2023-06-19 15:00,472.613,2.023,31774.036,32174.891,964.391,19.446,38.267,421.357,1.452,1.3553738,55
0101121E,2023-06-19 15:00,441.473,1.721,32873.891,32989.6,964.496,19.811,37.736,421.357,1.452,1.3418644,55
1011222,2023-06-19 15:00,398.175,1.823,33604.364,32583.873,964.633,20.186,37.55,421.357,1.452,1.3533143,55
0101121B,2023-06-19 16:00,464.668,2.098,32372.254,32422.339,964.224,24.62,35.575,419.792,1.58,1.4747013,59
0101121E,2023-06-19 16:00,437.471,1.802,33319.847,33158.254,964.341,24.968,35.056,419.792,1.58,1.4536256,59
1011222,2023-06-19 16:00,393.769,1.879,34051.525,32812.034,964.451,25.13,35.133,419.792,1.58,1.4695004,59
0101121B,2023-06-19 17:00,466.393,2.22,32962.683,32687.45,964.52,32.581,31.998,420.759,1.715,1.5947894,60
0101121E,2023-06-19 17:00,439.952,1.926,33749.95,33326.533,964.63,32.929,31.544,420.759,1.715,1.570118,60
1011222,2023-06-19 17:00,393.968,1.979,34539.417,33080.267,964.742,32.952,31.748,420.759,1.715,1.5902576,60
0101121B,2023-06-19 18:00,468.9,2.12,33490.4,33382.927,964.115,37.931,28.655,422.556,1.644,1.5452397,55
0101121E,2023-06-19 18:00,442.6,1.832,34108.2,33956.545,964.233,38.035,28.419,422.556,1.644,1.5281695,55
1011222,2023-06-19 18:00,395.273,1.869,34964.691,33808.4,964.327,38.087,28.534,422.556,1.644,1.5403666,55
0101121B,2023-06-19 19:00,474.178,2.002,33624.473,33841.582,964.185,38.621,27.327,427.117,1.538,1.455562,55
0101121E,2023-06-19 19:00,447.545,1.721,34171.636,34399.291,964.313,38.557,27.181,427.117,1.538,1.440594,55
1011222,2023-06-19 19:00,399.542,1.756,35053.327,34284.491,964.38,38.663,27.244,427.117,1.538,1.4498262,55
0101121B,2023-06-19 20:00,477.855,2.035,33721.776,33896.276,964.493,41.642,26.365,429.251,1.57,1.482593,58
0101121E,2023-06-19 20:00,450.726,1.751,34223.552,34431.172,964.607,41.515,26.272,429.251,1.57,1.4698514,58
1011222,2023-06-19 20:00,402.024,1.785,35127.5,34346.483,964.693,41.668,26.305,429.251,1.57,1.4779037,58
0101121B,2023-06-19 21:00,485.017,2.07,33753.537,33946.444,964.102,44.931,25.427,435.941,1.613,1.5134411,54
0101121E,2023-06-19 21:00,457.665,1.778,34197.389,34466.185,964.239,44.677,25.428,435.941,1.613,1.5048749,54
1011222,2023-06-19 21:00,408.563,1.814,35116.926,34408.185,964.302,44.92,25.397,435.941,1.613,1.5100247,54
0101121B,2023-06-19 22:00,499.717,2.159,33600.517,33811.707,964.755,48.599,24.85,447.583,1.681,1.5815631,58
0101121E,2023-06-19 22:00,471.179,1.862,34022.414,34311.741,964.89,48.326,24.857,447.583,1.681,1.5731881,58
1011222,2023-06-19 22:00,420.886,1.901,34961.552,34275.655,964.928,48.724,24.738,447.583,1.681,1.5748475,58
0101121B,2023-06-19 23:00,497.264,2.421,33679.273,33260,966.698,55.631,24.603,439.716,1.891,1.7755632,55
0101121E,2023-06-19 23:00,469.66,2.096,34089.255,33766.164,966.885,55.553,24.498,439.716,1.891,1.7613941,55
1011222,2023-06-19 23:00,419.095,2.141,35032.2,33724.655,966.895,55.916,24.446,439.716,1.891,1.7675922,55
0101121B,2023-06-20,510.734,2.662,33738.102,32979.729,967.61,67.658,22.815,435.76,2.065,1.9422018,59
0101121E,2023-06-20,481.854,2.312,34070.797,33452,967.78,67.652,22.727,435.76,2.065,1.9314367,59
1011222,2023-06-20,426.925,2.362,35097.593,33458.017,967.825,68.082,22.663,435.76,2.065,1.9360172,59
0101121B,2023-06-20 01:00,519.898,2.699,33609.667,32920.439,967.149,69.35,22.671,440.145,2.08,1.9745413,57
0101121E,2023-06-20 01:00,489.86,2.349,33943.684,33381.158,967.333,69.252,22.603,440.145,2.08,1.9632512,57
1011222,2023-06-20 01:00,432.463,2.395,34999.386,33395.807,967.332,69.508,22.591,440.145,2.08,1.9690714,57
0101121B,2023-06-20 02:00,522.851,2.673,33593.964,33000.164,967.151,69.588,22.457,441.816,2.042,1.9557013,55
0101121E,2023-06-20 02:00,492.236,2.324,33924.364,33459.491,967.355,69.419,22.391,441.816,2.042,1.9427538,55
1011222,2023-06-20 02:00,434.316,2.37,34989.527,33478.364,967.295,69.672,22.378,441.816,2.042,1.9484159,55
0101121B,2023-06-20 03:00,530.453,2.696,33487.448,32966.776,966.55,70.558,22.347,445.957,2.056,1.9709451,58
0101121E,2023-06-20 03:00,499.133,2.343,33815.224,33425.466,966.759,70.301,22.307,445.957,2.056,1.9585533,58
1011222,2023-06-20 03:00,439.788,2.393,34904.086,33446.862,966.695,70.757,22.232,445.957,2.056,1.9625131,58
0101121B,2023-06-20 04:00,532.984,2.686,33417.491,32962.123,966.47,69.723,22.545,449.357,2.015,1.9715628,57
0101121E,2023-06-20 04:00,500.384,2.332,33768.175,33424.088,966.688,69.31,22.553,449.357,2.015,1.9602884,57
1011222,2023-06-20 04:00,442.267,2.383,34835.561,33443.614,966.609,69.842,22.42,449.357,2.015,1.9596381,57
0101121B,2023-06-20 05:00,524.127,2.761,33301.627,32604.119,966.383,65.156,24.229,447.667,2.031,2.0382399,59
0101121E,2023-06-20 05:00,491.529,2.394,33746.797,33110.203,966.619,64.809,24.162,447.667,2.031,2.0188012,59
1011222,2023-06-20 05:00,436.192,2.456,34760.576,33068.814,966.497,65.601,24.001,447.667,2.031,2.0242176,59
0101121B,2023-06-20 06:00,510.431,2.731,33194.542,32406.729,966.273,56.812,26.311,439.875,1.994,2.0099653,59
0101121E,2023-06-20 06:00,477.893,2.369,33753,32948.051,966.549,56.606,26.191,439.875,1.994,1.9879008,59
1011222,2023-06-20 06:00,424.761,2.44,34724.966,32835.881,966.419,57.165,26.024,439.875,1.994,1.9881421,59
0101121B,2023-06-20 07:00,501.988,2.792,32821.672,31892.638,965.8,47.516,29.422,434.149,1.981,2.0136314,58
0101121E,2023-06-20 07:00,468.636,2.433,33535.483,32461.224,966.062,47.235,29.303,434.149,1.981,1.9874173,58
1011222,2023-06-20 07:00,417.657,2.533,34440.362,32219,965.941,47.405,29.214,434.149,1.981,1.9840215,58
0101121B,2023-06-20 08:00,492.86,2.863,32287.2,31248.818,965.224,37.776,33.462,429.793,1.999,2.0171197,55
0101121E,2023-06-20 08:00,460.671,2.5,33143.927,31862.818,965.487,37.381,33.391,429.793,1.999,1.9878165,55
1011222,2023-06-20 08:00,412.14,2.62,33972.782,31530.964,965.378,37.471,33.305,429.793,1.999,1.9831073,55
0101121B,2023-06-20 09:00,489.364,2.991,31881.857,30684.214,964.646,33.386,36.146,428.168,2.123,2.0714513,56
0101121E,2023-06-20 09:00,456.97,2.616,32831.143,31324.571,964.868,33.06,36.153,428.168,2.123,2.0513772,56
1011222,2023-06-20 09:00,410.702,2.761,33627.696,30955.286,964.839,33.404,35.85,428.168,2.123,2.0386655,56
0101121B,2023-06-20 10:00,485.473,2.986,31647.255,30477.509,964.3,29.93,37.848,425.701,2.131,2.0400914,55
0101121E,2023-06-20 10:00,453.144,2.599,32661.145,31166.764,964.495,29.668,37.83,425.701,2.131,2.0197987,55
1011222,2023-06-20 10:00,408.662,2.765,33417.582,30748.727,964.464,30.118,37.505,425.701,2.131,2.0148357,55
0101121B,2023-06-20 11:00,482.761,2.927,31535.982,30453.561,963.798,27.716,38.726,423.831,2.109,1.9809365,57
0101121E,2023-06-20 11:00,450.368,2.537,32585.912,31174.333,963.986,27.493,38.686,423.831,2.109,1.9604803,57
1011222,2023-06-20 11:00,406.64,2.714,33325,30728.965,964.012,28.063,38.352,423.831,2.109,1.9654164,57
0101121B,2023-06-20 12:00,480.112,2.897,31289.804,30283.294,963.3,24.774,40.36,422.171,2.083,1.9348454,51
0101121E,2023-06-20 12:00,448.259,2.503,32393.784,31048.843,963.473,24.631,40.257,422.171,2.083,1.9128869,51
1011222,2023-06-20 12:00,405.867,2.696,33114.529,30580.902,963.475,25.267,39.814,422.171,2.083,1.916498,51
0101121B,2023-06-20 13:00,475.135,2.764,31269.37,30431.889,963.169,22.932,40.909,420.275,1.992,1.8445482,54
0101121E,2023-06-20 13:00,444.731,2.375,32383.944,31231.537,963.324,22.941,40.729,420.275,1.992,1.8274519,54
1011222,2023-06-20 13:00,403.407,2.569,33072.352,30732.537,963.374,23.486,40.372,420.275,1.992,1.8355907,54
0101121B,2023-06-20 14:00,469.56,2.689,31576.362,30723.69,963.214,24.581,39.656,420.451,1.987,1.8487059,58
0101121E,2023-06-20 14:00,442.174,2.314,32612.069,31499.431,963.331,24.582,39.467,420.451,1.987,1.829887,58
1011222,2023-06-20 14:00,400.679,2.476,33302.517,31041.5,963.409,25.038,39.214,420.451,1.987,1.838634,58
0101121B,2023-06-20 15:00,468.896,2.665,31608.158,30783.877,962.584,24.384,39.536,419.534,1.964,1.8232157,57
0101121E,2023-06-20 15:00,440.798,2.288,32665.14,31578.246,962.719,24.532,39.262,419.534,1.964,1.8075949,57
1011222,2023-06-20 15:00,399.051,2.442,33378.509,31144.491,962.805,25.099,38.919,419.534,1.964,1.8154488,57
0101121B,2023-06-20 16:00,466.635,2.593,32286.228,31411.789,963.321,30.424,35.882,424.349,1.997,1.8620116,57
0101121E,2023-06-20 16:00,443.412,2.249,33107.421,32077,963.453,30.227,35.847,424.349,1.997,1.8459693,57
1011222,2023-06-20 16:00,400.433,2.359,33851.86,31734.211,963.539,30.71,35.624,424.349,1.997,1.8526412,57
0101121B,2023-06-20 17:00,469.828,2.676,32376.379,31373.845,963.429,32.76,35.073,425.241,2.06,1.9180055,58
0101121E,2023-06-20 17:00,445.321,2.324,33187.638,32026.31,963.54,32.567,35.033,425.241,2.06,1.9024666,58
1011222,2023-06-20 17:00,401.314,2.426,33961.5,31715.207,963.645,33.117,34.77,425.241,2.06,1.9061901,58
0101121B,2023-06-20 18:00,471.053,2.567,32958.441,32045.305,963.988,38.925,31.586,427.195,2.018,1.8728194,59
0101121E,2023-06-20 18:00,448.556,2.238,33593,32616.271,964.114,38.635,31.606,427.195,2.018,1.8607689,59
1011222,2023-06-20 18:00,402.695,2.306,34423.322,32409.983,964.186,39.263,31.386,427.195,2.018,1.8674909,59
0101121B,2023-06-20 19:00,481.017,2.64,33158.051,32181.814,964.537,45.792,29.45,435.025,2.083,1.9472846,59
0101121E,2023-06-20 19:00,458.736,2.308,33691.017,32712.288,964.671,45.492,29.448,435.025,2.083,1.9338986,59
1011222,2023-06-20 19:00,411.319,2.366,34553.017,32562.254,964.754,46.109,29.272,435.025,2.083,1.9400108,59
0101121B,2023-06-20 20:00,517.426,2.915,33148.246,32105.228,965.479,62.083,25.901,453.395,2.339,2.1463301,57
0101121E,2023-06-20 20:00,489.795,2.552,33577.842,32581.807,965.628,61.748,25.945,453.395,2.339,2.1399195,57
1011222,2023-06-20 20:00,439.132,2.603,34486.158,32523.982,965.695,62.555,25.79,453.395,2.339,2.1479593,57
0101121B,2023-06-20 21:00,547.41,2.947,32830.617,32163.967,965.978,66.663,24.912,473.707,2.348,2.1743527,60
0101121E,2023-06-20 21:00,517.205,2.584,33228.733,32618.05,966.162,66.442,24.942,473.707,2.348,2.1705508,60
1011222,2023-06-20 21:00,462.77,2.633,34169.1,32583.45,966.192,67.042,24.839,473.707,2.348,2.1767263,60
0101121B,2023-06-20 22:00,567.334,2.947,32582.797,32208.797,966.154,68.108,24.538,490.358,2.316,2.1721882,59
0101121E,2023-06-20 22:00,535.886,2.582,32964.695,32662.237,966.337,67.751,24.558,490.358,2.316,2.1629477,59
1011222,2023-06-20 22:00,478.707,2.627,33928.712,32644.322,966.32,68.243,24.463,490.358,2.316,2.1663239,59
0101121B,2023-06-20 23:00,594.916,2.852,32267.825,32467.421,966.082,68.288,23.909,516.117,2.228,2.0975229,57
0101121E,2023-06-20 23:00,561.488,2.489,32622.053,32923.263,966.325,67.75,23.967,516.117,2.228,2.0877053,57
1011222,2023-06-20 23:00,502.507,2.531,33588.596,32929.842,966.246,68.209,23.838,516.117,2.228,2.0858335,57
0101121B,2023-06-21,619.998,2.77,32018.362,32724.828,966.295,69.232,23.115,536.67,2.172,2.0266317,58
0101121E,2023-06-21,585.319,2.418,32333.259,33165.259,966.516,68.883,23.172,536.67,2.172,2.0229131,58
1011222,2023-06-21,524.276,2.456,33307.759,33199.517,966.457,69.109,23.044,536.67,2.172,2.0140553,58
0101121B,2023-06-21 01:00,622.784,2.766,32019.309,32763.582,966.964,70.127,22.848,534.985,2.132,2.0186086,55
0101121E,2023-06-21 01:00,586.991,2.411,32338.236,33206.182,967.198,69.633,22.888,534.985,2.132,2.0087223,55
1011222,2023-06-21 01:00,524.92,2.455,33329.018,33233.255,967.113,70.07,22.778,534.985,2.132,2.0081629,55
0101121B,2023-06-21 02:00,625.891,2.803,31941.214,32662.911,967.43,70.051,23.082,539.155,2.136,2.0441323,56
0101121E,2023-06-21 02:00,589.879,2.443,32270.75,33110.5,967.696,69.474,23.127,539.155,2.136,2.0322086,56
1011222,2023-06-21 02:00,527.58,2.491,33260.429,33124.571,967.559,70.039,23.003,539.155,2.136,2.0338253,56
0101121B,2023-06-21 03:00,653.172,2.801,31574,32677.93,968.011,70.407,22.969,562.226,2.142,2.0393761,57
0101121E,2023-06-21 03:00,615.584,2.447,31895.632,33113.351,968.282,69.957,23.013,562.226,2.142,2.0311746,57
1011222,2023-06-21 03:00,550.909,2.497,32889.895,33128.456,968.118,70.524,22.873,562.226,2.142,2.0306809,57
0101121B,2023-06-21 04:00,639.923,2.933,31593.246,32283.526,968.693,69.121,24.116,548.695,2.171,2.1432735,57
0101121E,2023-06-21 04:00,601.905,2.565,31988,32739.561,968.979,68.786,24.118,548.695,2.171,2.132568,57
1011222,2023-06-21 04:00,539.818,2.632,32946.211,32691.807,968.842,69.686,23.982,548.695,2.171,2.1432985,57
0101121B,2023-06-21 05:00,568.832,2.868,32170.054,32046.982,968.93,56.901,27.112,493.805,2.08,2.1019656,56
0101121E,2023-06-21 05:00,534.82,2.489,32716.482,32603.268,969.252,56.754,27.006,493.805,2.08,2.0826675,56
1011222,2023-06-21 05:00,479.643,2.569,33626,32457.946,969.066,57.339,26.858,493.805,2.08,2.0865876,56
0101121B,2023-06-21 06:00,528.671,2.681,32605.214,32264.482,968.789,49.297,28.179,460.984,1.975,1.9437099,56
0101121E,2023-06-21 06:00,497.441,2.317,33195.893,32847.464,969.059,49.021,28.091,460.984,1.975,1.9224218,56
1011222,2023-06-21 06:00,446.129,2.409,34077.339,32641.054,968.886,49.474,27.977,460.984,1.975,1.927612,56
0101121B,2023-06-21 07:00,524.74,2.739,32534.472,32064.83,969.711,47.497,29.002,457.942,2.033,1.9540207,53
0101121E,2023-06-21 07:00,494.453,2.377,33161.057,32656.698,969.985,47.481,28.784,457.942,2.033,1.9287916,53
1011222,2023-06-21 07:00,443.817,2.474,34020.302,32428.981,969.798,47.903,28.715,457.942,2.033,1.9379839,53
0101121B,2023-06-21 08:00,516.177,2.726,33313.579,32582.421,970.081,60.352,24.964,439.249,1.973,1.9620099,57
0101121E,2023-06-21 08:00,484.349,2.393,33785.316,33033.474,970.34,59.996,24.907,439.249,1.973,1.9434878,57
1011222,2023-06-21 08:00,431.247,2.453,34752.579,32968.807,970.151,60.548,24.798,439.249,1.973,1.9483462,57
0101121B,2023-06-21 09:00,506.066,2.83,32418.017,31562.707,970.272,42.167,31.454,433.116,1.896,1.9838939,58
0101121E,2023-06-21 09:00,472.353,2.489,33202.224,32107.466,970.547,41.949,31.41,433.116,1.896,1.96764,58
1011222,2023-06-21 09:00,422.398,2.604,34065.379,31816.966,970.407,42.3,31.279,433.116,1.896,1.9703938,58
0101121B,2023-06-21 10:00,494.026,2.725,32422.293,31615.397,970.438,37.502,32.564,428.339,1.923,1.8966514,58
0101121E,2023-06-21 10:00,463.153,2.384,33222.483,32204.724,970.691,37.356,32.483,428.339,1.923,1.8800081,58
1011222,2023-06-21 10:00,415.376,2.493,34074.31,31923.121,970.55,38.002,32.176,428.339,1.923,1.8798995,58
0101121B,2023-06-21 11:00,493.26,2.563,31990.273,31563.8,970.102,29.632,35.158,424.25,1.757,1.7223888,55
0101121E,2023-06-21 11:00,459.711,2.222,32937.545,32231.745,970.353,29.497,35.029,424.25,1.757,1.7018671,55
1011222,2023-06-21 11:00,412.815,2.344,33753.964,31881.036,970.22,30.027,34.722,424.25,1.757,1.7029872,55
0101121B,2023-06-21 12:00,487.222,2.552,31777.309,31348.255,970.005,26.322,36.945,422.684,1.782,1.6985034,55
0101121E,2023-06-21 12:00,455.46,2.203,32763.509,32059.4,970.225,26.176,36.824,422.684,1.782,1.6779664,55
1011222,2023-06-21 12:00,410.593,2.339,33540.509,31670.418,970.158,26.777,36.453,422.684,1.782,1.6817451,55
0101121B,2023-06-21 13:00,482.407,2.418,31920.567,31645.033,969.927,25.837,36.554,422.544,1.708,1.6267244,60
0101121E,2023-06-21 13:00,452.777,2.074,32858.983,32368.517,970.123,25.71,36.467,422.544,1.708,1.6113366,60
1011222,2023-06-21 13:00,408.682,2.205,33626.933,31980.767,970.092,26.275,36.1,422.544,1.708,1.6142653,60
0101121B,2023-06-21 14:00,477.976,2.388,32374.983,32009.793,969.867,29.676,34.337,422.407,1.727,1.6584076,58
0101121E,2023-06-21 14:00,450.991,2.055,33195.448,32683.086,970.043,29.515,34.263,422.407,1.727,1.6424569,58
1011222,2023-06-21 14:00,405.872,2.157,33994.448,32367.362,970.024,30.06,33.961,422.407,1.727,1.6448597,58
0101121B,2023-06-21 15:00,477.531,2.448,32422.673,31929.836,969.915,31.019,34.103,423.265,1.801,1.7105624,55
0101121E,2023-06-21 15:00,451.293,2.109,33221.291,32597.636,970.096,30.877,34.035,423.265,1.801,1.6960001,55
1011222,2023-06-21 15:00,406.153,2.208,34015,32288.309,970.102,31.422,33.783,423.265,1.801,1.7018399,55
0101121B,2023-06-21 16:00,475.078,2.513,32537.352,31863.019,968.948,33.063,33.664,422.484,1.875,1.7821829,54
0101121E,2023-06-21 16:00,449.956,2.169,33316.5,32531.241,969.133,33.027,33.505,422.484,1.875,1.7641046,54
1011222,2023-06-21 16:00,404.343,2.261,34110.519,32232.296,969.148,33.488,33.356,422.484,1.875,1.7739089,54
0101121B,2023-06-21 17:00,472.709,2.525,32672.056,31919.778,968.604,34.551,33.103,422.013,1.91,1.8043485,54
0101121E,2023-06-21 17:00,449.057,2.186,33404.87,32563.463,968.778,34.464,32.964,422.013,1.91,1.7856875,54
1011222,2023-06-21 17:00,403.302,2.269,34201.259,32283.241,968.82,34.852,32.868,422.013,1.91,1.7959534,54
0101121B,2023-06-21 18:00,480.447,2.649,32906.067,31963.417,967.952,41.342,31,429.585,2.05,1.9159175,60
0101121E,2023-06-21 18:00,456.872,2.304,33514.717,32534.733,968.113,40.878,31.086,429.585,2.05,1.9036162,60
1011222,2023-06-21 18:00,410.09,2.375,34358.35,32335.117,968.12,41.461,30.853,429.585,2.05,1.9052436,60
0101121B,2023-06-21 19:00,492.393,2.622,33089.983,32313.424,967.878,46.91,28.739,440.11,2.039,1.9119209,59
0101121E,2023-06-21 19:00,469.39,2.284,33586.458,32843.966,968.041,46.442,28.8,440.11,2.039,1.899204,59
1011222,2023-06-21 19:00,420.749,2.342,34460.593,32702.797,968.032,47.015,28.636,440.11,2.039,1.9044858,59
0101121B,2023-06-21 20:00,502.014,2.622,33140.424,32473.017,967.485,50.612,27.489,447.604,2.041,1.9186915,59
0101121E,2023-06-21 20:00,478.337,2.285,33584.746,32981.644,967.632,50.09,27.56,447.604,2.041,1.9066337,59
1011222,2023-06-21 20:00,428.319,2.336,34482.61,32879.932,967.639,50.635,27.394,447.604,2.041,1.9087164,59
0101121B,2023-06-21 21:00,519.68,2.617,33012.633,32608.667,966.828,53.368,26.532,462.153,2.026,1.9145402,60
0101121E,2023-06-21 21:00,494.258,2.277,33422.25,33104.883,967.017,52.725,26.638,462.153,2.026,1.9029131,60
1011222,2023-06-21 21:00,443.053,2.329,34331.167,33024.333,966.998,53.358,26.442,462.153,2.026,1.9036728,60
0101121B,2023-06-21 22:00,542.676,2.547,32830.19,32893.31,966.567,55.479,25.403,483.108,1.991,1.8610377,58
0101121E,2023-06-21 22:00,516.069,2.211,33190.31,33386.879,966.779,55.054,25.472,483.108,1.991,1.853843,58
1011222,2023-06-21 22:00,463.769,2.262,34094.431,33325.397,966.698,55.568,25.322,483.108,1.991,1.8547443,58
0101121B,2023-06-21 23:00,541.91,2.563,33024.3,33010.617,966.495,59.727,24.212,475.83,1.99,1.8671836,60
0101121E,2023-06-21 23:00,513.758,2.222,33361.717,33495.817,966.717,59.269,24.255,475.83,1.99,1.8571502,60
1011222,2023-06-21 23:00,460.372,2.271,34296.5,33467.517,966.593,59.736,24.144,475.83,1.99,1.8596181,60
0101121B,2023-06-22,553.375,2.593,32949.561,33033.895,966.454,62.779,23.534,481.408,2.022,1.8844235,57
0101121E,2023-06-22,523.498,2.247,33271.737,33511.684,966.682,62.387,23.594,481.408,2.022,1.878881,57
1011222,2023-06-22,469.26,2.3,34217.333,33495.14,966.561,62.884,23.46,481.408,2.022,1.8789637,57
0101121B,2023-06-22 01:00,558.905,2.584,32945.729,33121.39,966.841,64.596,22.976,485.145,1.986,1.8740881,59
0101121E,2023-06-22 01:00,528.475,2.237,33248.475,33596.983,967.066,64.146,23.011,485.145,1.986,1.8644353,59
1011222,2023-06-22 01:00,473.497,2.292,34204.525,33586.153,966.963,64.663,22.91,485.145,1.986,1.8682913,59
0101121B,2023-06-22 02:00,588.828,2.573,32579.5,33218.167,966.902,66.329,22.387,509.657,1.988,1.8564859,60
0101121E,2023-06-22 02:00,556.483,2.228,32852.467,33678.8,967.147,65.863,22.468,509.657,1.988,1.8521456,60
1011222,2023-06-22 02:00,498.813,2.276,33823.5,33705.35,967.018,66.19,22.329,509.657,1.988,1.8459279,60
0101121B,2023-06-22 03:00,628.042,2.559,32097.898,33327.136,966.729,68.2,21.753,544.301,1.964,1.8369699,59
0101121E,2023-06-22 03:00,593.815,2.214,32337.407,33779.983,967.007,67.758,21.819,544.301,1.964,1.8318836,59
1011222,2023-06-22 03:00,532.686,2.264,33319.492,33821.39,966.825,68.114,21.681,544.301,1.964,1.8263523,59
0101121B,2023-06-22 04:00,636.217,2.637,31913.481,33097.5,966.45,68.452,22.243,550.731,1.98,1.9002708,54
0101121E,2023-06-22 04:00,600.659,2.281,32190.204,33568.963,966.711,67.975,22.277,550.731,1.98,1.8904242,54
1011222,2023-06-22 04:00,539.363,2.34,33157.019,33576.278,966.517,68.593,22.147,550.731,1.98,1.8930386,54
0101121B,2023-06-22 05:00,555.3,2.712,32701.519,32608.537,966.259,60.358,24.969,479.358,1.999,1.9723316,54
0101121E,2023-06-22 05:00,523.089,2.344,33140.796,33143.667,966.552,60.171,24.877,479.358,1.999,1.9549895,54
1011222,2023-06-22 05:00,467.443,2.414,34095.833,33057.648,966.348,60.774,24.754,479.358,1.999,1.9606402,54
0101121B,2023-06-22 06:00,533.251,2.79,32586.137,32097.294,966.302,51.685,27.854,461.676,2.047,2.0021835,51
0101121E,2023-06-22 06:00,500.284,2.417,33181.588,32664.157,966.602,51.349,27.807,461.676,2.047,1.983097,51
1011222,2023-06-22 06:00,447.649,2.515,34097.176,32468.353,966.433,51.959,27.603,461.676,2.047,1.9833208,51
0101121B,2023-06-22 07:00,529.231,2.814,32289.549,31777.118,967.314,45.357,30.064,460.786,2.063,1.995668,51
0101121E,2023-06-22 07:00,496.908,2.444,32977.137,32370.078,967.606,45.082,29.955,460.786,2.063,1.9702485,51
1011222,2023-06-22 07:00,446.063,2.547,33844.529,32129.902,967.431,45.704,29.748,460.786,2.063,1.9740435,51
0101121B,2023-06-22 08:00,523.308,2.881,31923.712,31293.288,967.567,39.334,32.811,453.367,2.073,2.0101628,52
0101121E,2023-06-22 08:00,489.225,2.514,32768.846,31921.442,967.848,39.248,32.576,453.367,2.073,1.9792282,52
1011222,2023-06-22 08:00,439.304,2.63,33584.212,31601.846,967.662,39.593,32.516,453.367,2.073,1.9898994,52
0101121B,2023-06-22 09:00,512.412,2.939,31501.533,30752.783,966.848,32.163,36.301,444.735,2.104,2.0078845,60
0101121E,2023-06-22 09:00,478.633,2.556,32511.517,31474.05,967.115,32.37,35.844,444.735,2.104,1.9697649,60
1011222,2023-06-22 09:00,431.25,2.698,33260.533,31075.833,966.978,32.752,35.801,444.735,2.104,1.9880597,60
0101121B,2023-06-22 10:00,499.434,2.864,31577.034,30785.424,966.034,30.28,37.004,437.396,2.064,1.9683214,59
0101121E,2023-06-22 10:00,467.158,2.472,32558.458,31512.458,966.273,30.093,36.875,437.396,2.064,1.9421532,59
1011222,2023-06-22 10:00,422.4,2.621,33290.136,31100.034,966.139,30.564,36.695,437.396,2.064,1.9533329,59
0101121B,2023-06-22 11:00,496.859,2.859,31549.327,30750.02,966.324,29.617,37.391,437.067,2.082,1.9650051,49
0101121E,2023-06-22 11:00,465.794,2.469,32522.837,31474.306,966.535,29.438,37.289,437.067,2.082,1.9419556,49
1011222,2023-06-22 11:00,421.902,2.62,33250.694,31068.408,966.455,30.024,37.019,437.067,2.082,1.9518014,49
0101121B,2023-06-22 12:00,499.577,2.823,31450.877,30759.895,966.36,28.433,37.72,436.551,2.026,1.9186353,57
0101121E,2023-06-22 12:00,467.223,2.434,32453.895,31495.877,966.561,28.286,37.613,436.551,2.026,1.8971669,57
1011222,2023-06-22 12:00,423.349,2.594,33169.526,31062.404,966.521,28.777,37.388,436.551,2.026,1.9065365,57
0101121B,2023-06-22 13:00,490.069,2.544,31504.879,31195.897,966.41,24.492,38.258,431.178,1.815,1.705899,58
0101121E,2023-06-22 13:00,459.99,2.179,32527.379,31981.966,966.59,24.563,37.946,431.178,1.815,1.6820388,58
1011222,2023-06-22 13:00,417.181,2.333,33241.897,31544.259,966.553,25.121,37.646,431.178,1.815,1.6926707,58
0101121B,2023-06-22 14:00,484.05,2.342,32468.5,32259.685,966.511,31.323,33.229,431.796,1.744,1.646474,54
0101121E,2023-06-22 14:00,457.806,2.019,33243.037,32924.574,966.646,31.301,33.027,431.796,1.744,1.6267459,54
1011222,2023-06-22 14:00,412.663,2.109,34028.37,32628.259,966.615,31.803,32.852,431.796,1.744,1.6368284,54
0101121B,2023-06-22 15:00,487.422,2.576,32427.093,31819.685,966.381,34.606,33.156,432.354,1.93,1.817701,54
0101121E,2023-06-22 15:00,459.754,2.23,33225.593,32480.741,966.556,34.677,32.903,432.354,1.93,1.7956276,54
1011222,2023-06-22 15:00,413.763,2.322,34017.37,32191.481,966.541,35.151,32.789,432.354,1.93,1.8084474,54
0101121B,2023-06-22 16:00,490.803,2.591,33088.552,32354.534,966.909,45.91,28.881,435.721,1.986,1.8632286,58
0101121E,2023-06-22 16:00,465.79,2.253,33648.948,32916.983,967.059,45.886,28.738,435.721,1.986,1.8465693,58
1011222,2023-06-22 16:00,418.081,2.313,34497.172,32759.69,967.059,46.214,28.693,435.721,1.986,1.8550876,58
0101121B,2023-06-22 17:00,506.109,2.671,33593.962,32789.604,967.287,61.755,24.227,437.82,2.043,1.9308174,53
0101121E,2023-06-22 17:00,479.408,2.317,33959.038,33291.66,967.417,61.637,24.146,437.82,2.043,1.9176325,53
1011222,2023-06-22 17:00,428.662,2.376,34895.491,33241.434,967.415,62.175,24.061,437.82,2.043,1.9245053,53
0101121B,2023-06-22 18:00,492.198,2.256,33873.267,33727.317,968.807,52.757,23.913,428.288,1.657,1.6163931,60
0101121E,2023-06-22 18:00,467.193,1.94,34218.433,34256,968.97,52.65,23.73,428.288,1.657,1.5951392,60
1011222,2023-06-22 18:00,416.77,1.994,35174.8,34207.483,968.935,53.097,23.657,428.288,1.657,1.6015924,60
0101121B,2023-06-22 19:00,492.433,2.172,33977.096,34004.519,969.123,52.642,23.227,428.806,1.595,1.546924,52
0101121E,2023-06-22 19:00,467.806,1.859,34274.25,34531.423,969.269,52.378,23.123,428.806,1.595,1.5293226,52
1011222,2023-06-22 19:00,417.033,1.911,35243.769,34500.404,969.206,52.83,23.048,428.806,1.595,1.5356624,52
0101121B,2023-06-22 20:00,494.965,2.17,33992.088,34058.772,970.014,53.686,22.853,429.795,1.596,1.5400774,57
0101121E,2023-06-22 20:00,470.356,1.858,34273.877,34582.351,970.191,53.473,22.712,429.795,1.596,1.5206051,57
1011222,2023-06-22 20:00,419.135,1.911,35249.491,34558.053,970.082,53.845,22.658,429.795,1.596,1.5262575,57
0101121B,2023-06-22 21:00,500.451,2.232,34091.421,34074.158,970.381,59.364,21.615,430.337,1.651,1.5789105,57
0101121E,2023-06-22 21:00,474.702,1.91,34328.193,34585.123,970.579,59.25,21.477,430.337,1.651,1.5622927,57
1011222,2023-06-22 21:00,422.514,1.963,35325.053,34593.86,970.458,59.558,21.461,430.337,1.651,1.5690938,57
0101121B,2023-06-22 22:00,513.432,2.367,34043.75,33906.786,970.402,66.996,20.501,433.086,1.75,1.6645567,56
0101121E,2023-06-22 22:00,486.145,2.033,34245.768,34396.625,970.604,67.108,20.299,433.086,1.75,1.646435,56
1011222,2023-06-22 22:00,431.046,2.088,35284.464,34433.768,970.487,67.325,20.359,433.086,1.75,1.6580962,56
0101121B,2023-06-22 23:00,514.704,2.331,34035.073,34001.727,970.815,66.474,20.416,434.003,1.694,1.6424163,55
0101121E,2023-06-22 23:00,486.827,2,34233.655,34487.273,971.013,66.32,20.298,434.003,1.694,1.6263833,55
1011222,2023-06-22 23:00,431.7,2.06,35287.909,34530.327,970.867,66.86,20.215,434.003,1.694,1.6315007,55
0101121B,2023-06-23,518.211,2.374,33954.929,33881.786,971.198,67.088,20.564,435.748,1.732,1.6721337,56
0101121E,2023-06-23,489.87,2.037,34159.107,34363.429,971.412,66.836,20.505,435.748,1.732,1.6594486,56
1011222,2023-06-23,434.6,2.1,35217.964,34407.679,971.221,67.531,20.347,435.748,1.732,1.6608276,56
0101121B,2023-06-23 01:00,522.846,2.413,33899.983,33811.797,971.186,68.728,20.414,437.007,1.759,1.697379,59
0101121E,2023-06-23 01:00,493.851,2.074,34104.153,34287.339,971.408,68.47,20.355,437.007,1.759,1.6844175,59
1011222,2023-06-23 01:00,437.664,2.136,35171.186,34331.322,971.203,69.069,20.247,437.007,1.759,1.6882266,59
0101121B,2023-06-23 02:00,522.565,2.437,33883.283,33779.717,971.597,69.904,20.265,435.688,1.767,1.7096981,20
0101121E,2023-06-23 02:00,493.465,2.118,34062.667,34214.017,971.852,71.068,20.012,435.688,1.767,1.7097813,20
1011222,2023-06-23 02:00,437.385,2.159,35184.717,34320.017,971.657,70.516,19.942,435.688,1.767,1.6904879,20
0101121B,2023-06-23 03:00,NA,2.455,33771.579,33777.018,972.67,71.624,19.957,439.484,1.765,1.7169472,0
0101121E,2023-06-23 03:00,NA,2.208,33886.5,34064.167,972.433,76.917,19.265,436.564,1.762,1.7667326,0
1011222,2023-06-23 03:00,NA,2.173,35092.596,34310.333,972.686,71.76,19.759,439.484,1.765,1.6992584,0
0101121B,2023-06-23 04:00,NA,2.424,33784.946,33859.679,973.654,71.3,19.85,439.833,1.73,1.6961773,0
0101121E,2023-06-23 04:00,NA,NA,NA,NA,NA,NA,NA,NA,NA,NA,0
1011222,2023-06-23 04:00,NA,2.145,35093.357,34390,973.652,71.322,19.68,439.833,1.73,1.6789587,0
0101121B,2023-06-23 05:00,NA,2.431,33740.327,33794.636,974.289,70.08,20.235,440.813,1.713,1.706157,0
0101121E,2023-06-23 05:00,NA,NA,NA,NA,NA,NA,NA,NA,NA,NA,0
1011222,2023-06-23 05:00,NA,2.152,35055.364,34312.618,974.291,69.959,20.083,440.813,1.713,1.687361,0
0101121B,2023-06-23 06:00,NA,2.455,33645.836,33499.782,974.425,63.553,22.157,436.279,1.694,1.7389967,0
0101121E,2023-06-23 06:00,NA,NA,NA,NA,NA,NA,NA,NA,NA,NA,0
1011222,2023-06-23 06:00,NA,2.183,35019.8,33982.345,974.462,63.655,21.88,436.279,1.694,1.7127591,0
0101121B,2023-06-23 07:00,NA,2.41,33481.537,33316.185,974.657,54.497,24.357,431.119,1.643,1.7024426,0
0101121E,2023-06-23 07:00,NA,2.249,33864.2,33500.16,975.184,93.093,23.697,430.27,1.63,2.793185,0
1011222,2023-06-23 07:00,NA,2.15,34931.833,33779.537,974.709,54.667,23.927,431.119,1.643,1.6639313,0
0101121B,2023-06-23 08:00,501.47,2.356,33169.073,33098.127,974.947,44.913,26.904,428.021,1.568,1.6270432,27
0101121E,2023-06-23 08:00,473.019,2.199,33767.982,33353.673,975.398,88.754,25.967,428.021,1.568,3.0552485,27
1011222,2023-06-23 08:00,419.126,2.118,34690.855,33481.818,974.985,44.885,26.585,428.021,1.568,1.5959313,27
0101121B,2023-06-23 09:00,495.479,2.259,32892.161,32938.089,975.221,35.973,29.626,420.936,1.493,1.5298037,56
0101121E,2023-06-23 09:00,465.209,2.165,33658.25,33109.446,975.7,83.529,28.792,420.936,1.493,3.3893678,56
1011222,2023-06-23 09:00,414.638,2.036,34497.696,33305.25,975.257,36.215,29.218,420.936,1.493,1.5042698,56
0101121B,2023-06-23 10:00,495.286,2.2,32723.19,32916.672,975.21,32.591,30.655,421.574,1.467,1.4692325,58
0101121E,2023-06-23 10:00,463.534,2.002,33515.483,33313.397,975.681,61.727,30.153,421.574,1.467,2.6371464,58
1011222,2023-06-23 10:00,414.697,1.987,34336.172,33249.81,975.241,32.749,30.385,421.574,1.467,1.4534825,58
0101121B,2023-06-23 11:00,492.392,2.092,32403.075,32840.792,974.823,26.72,32.829,420.254,1.395,1.3622323,53
0101121E,2023-06-23 11:00,463.015,1.811,33194.302,33452.396,975.258,27.145,32.704,420.254,1.395,1.3734585,53
1011222,2023-06-23 11:00,413.134,1.892,34077.679,33178.17,974.891,27.106,32.443,420.254,1.395,1.3522232,53
0101121B,2023-06-23 12:00,491.553,1.999,31992.93,32672.281,974.57,21.674,35.301,419.601,1.286,1.2631385,57
0101121E,2023-06-23 12:00,460.905,1.706,32906.018,33381.439,974.939,21.878,35.111,419.601,1.286,1.2615853,57
1011222,2023-06-23 12:00,413.365,1.813,33726.316,33003.509,974.663,22.082,34.844,419.601,1.286,1.2546845,57
0101121B,2023-06-23 13:00,487.384,1.884,31859.466,32753.103,974.317,18.731,36.456,419.501,1.215,1.1700832,58
0101121E,2023-06-23 13:00,457.545,1.593,32829.397,33529.724,974.645,19.042,36.097,419.501,1.215,1.166167,58
1011222,2023-06-23 13:00,412.04,1.704,33607.259,33123.448,974.419,19.313,35.827,419.501,1.215,1.1652908,58
0101121B,2023-06-23 14:00,485.869,1.848,31887.909,32834.655,974.244,18.369,36.428,419.263,1.19,1.1472434,55
0101121E,2023-06-23 14:00,455.105,1.544,32901.909,33682.291,974.529,18.924,35.878,419.263,1.19,1.1463527,55
1011222,2023-06-23 14:00,409.969,1.646,33684.509,33299.945,974.373,19.315,35.562,419.263,1.19,1.149961,55
0101121B,2023-06-23 15:00,479.645,1.843,32199.283,33036.472,974.213,20.233,35.2,418.228,1.229,1.1791113,53
0101121E,2023-06-23 15:00,451.977,1.549,33134.453,33849.509,974.466,20.858,34.583,418.228,1.229,1.1750488,53
1011222,2023-06-23 15:00,406.609,1.632,33936.604,33531.415,974.342,21.322,34.264,418.228,1.229,1.1803125,53
0101121B,2023-06-23 16:00,474.305,1.76,32780.804,33685.446,974.254,23.556,32.318,419.108,1.209,1.1698194,56
0101121E,2023-06-23 16:00,450.114,1.478,33489.875,34382.982,974.482,23.651,32.183,419.108,1.209,1.1654618,56
1011222,2023-06-23 16:00,405.116,1.554,34296.571,34099.714,974.361,23.962,31.953,419.108,1.209,1.1658187,56
0101121B,2023-06-23 17:00,475.425,1.656,33262.509,34394.754,974.596,26.277,29.374,419.891,1.14,1.1030664,57
0101121E,2023-06-23 17:00,451.119,1.389,33834.193,35024.351,974.793,26.212,29.388,419.891,1.14,1.1010338,57
1011222,2023-06-23 17:00,404.933,1.447,34687,34825.649,974.714,26.51,29.175,419.891,1.14,1.1001124,57
0101121B,2023-06-23 18:00,479.957,1.663,33558.85,34713.817,974.792,30.414,27.142,424.722,1.165,1.1208154,60
0101121E,2023-06-23 18:00,456.082,1.395,34011,35301.067,974.983,30.233,27.24,424.722,1.165,1.1203308,60
1011222,2023-06-23 18:00,408.95,1.442,34895.2,35173.65,974.9,30.506,27.053,424.722,1.165,1.1182384,60
0101121B,2023-06-23 19:00,521.888,1.846,33235.828,34568.983,975.005,39.508,24.897,464.392,1.381,1.2705643,58
0101121E,2023-06-23 19:00,497.26,1.563,33561.655,35113.948,975.207,39.508,24.971,464.392,1.381,1.2759785,58
1011222,2023-06-23 19:00,447.543,1.605,34445.276,35050.586,975.119,39.639,24.867,464.392,1.381,1.2724065,58
0101121B,2023-06-23 20:00,560.407,1.96,32984.911,34611.982,975.645,48.602,22.557,495.686,1.474,1.3617155,56
0101121E,2023-06-23 20:00,534.132,1.664,33197,35128.536,975.829,48.635,22.617,495.686,1.474,1.3674326,56
1011222,2023-06-23 20:00,481.138,1.707,34111.643,35126.286,975.716,48.773,22.524,495.686,1.474,1.3637784,56
0101121B,2023-06-23 21:00,577.8,1.984,32915.509,34731.912,975.802,53.371,21.214,511.424,1.493,1.3776762,57
0101121E,2023-06-23 21:00,550.551,1.683,33066.175,35236.123,976.005,53.491,21.269,511.424,1.493,1.3851249,57
1011222,2023-06-23 21:00,496.109,1.729,34000.754,35269.614,975.881,53.56,21.161,511.424,1.493,1.377961,57
0101121B,2023-06-23 22:00,606.237,2,32644.286,34839.429,975.8,57.268,20.114,535.614,1.495,1.3815272,56
0101121E,2023-06-23 22:00,576.791,1.69,32755.054,35350.036,976,57.382,20.172,535.614,1.495,1.3889391,56
1011222,2023-06-23 22:00,520.35,1.735,33699.571,35421.071,975.9,57.161,20.067,535.614,1.495,1.3748926,56
0101121B,2023-06-23 23:00,623.495,2.002,32534.702,34974.526,975.696,60.677,19.066,547.042,1.482,1.371735,57
0101121E,2023-06-23 23:00,592.189,1.685,32611.263,35488.158,975.907,60.938,19.124,547.042,1.482,1.3823647,57
1011222,2023-06-23 23:00,534.256,1.737,33574.474,35574.105,975.786,60.644,19.006,547.042,1.482,1.3657764,57
0101121B,2023-06-24,612.675,1.984,32760.525,35086.322,975.607,61.823,18.573,532.993,1.426,1.3555198,59
0101121E,2023-06-24,580.842,1.666,32831.814,35605.237,975.831,61.912,18.637,532.993,1.426,1.362721,59
1011222,2023-06-24,523.241,1.723,33811.356,35688.017,975.722,61.738,18.528,532.993,1.426,1.3497583,59
0101121B,2023-06-24 01:00,599.02,1.977,32985.102,35125.136,975.717,62.173,18.409,517.76,1.439,1.349161,59
0101121E,2023-06-24 01:00,567.805,1.663,33052.254,35634.288,975.956,62.594,18.449,517.76,1.439,1.3613923,59
1011222,2023-06-24 01:00,510.831,1.722,34044,35720.322,975.797,62.315,18.321,517.76,1.439,1.3446571,59
0101121B,2023-06-24 02:00,599.136,1.964,33090.864,35266.949,975.676,64.474,17.606,516.409,1.447,1.3302084,59
0101121E,2023-06-24 02:00,567.71,1.649,33122.034,35773.627,975.917,65.127,17.661,516.409,1.447,1.3480024,59
1011222,2023-06-24 02:00,510.088,1.711,34137.254,35875.797,975.7,64.576,17.524,516.409,1.447,1.3254506,59
0101121B,2023-06-24 03:00,611.674,1.943,32995.509,35411.035,975.828,66.252,16.904,527.431,1.441,1.307373,57
0101121E,2023-06-24 03:00,579.219,1.631,32998.053,35905.702,976.104,67.085,16.961,527.431,1.441,1.3281983,57
1011222,2023-06-24 03:00,520.168,1.693,34029.719,36032.614,975.846,66.241,16.826,527.431,1.441,1.300672,57
0101121B,2023-06-24 04:00,602.426,2.037,33016.472,35046.925,976.094,66.349,17.798,514.358,1.436,1.385061,53
0101121E,2023-06-24 04:00,568.962,1.709,33091.83,35575.962,976.342,66.865,17.783,514.358,1.436,1.3942581,53
1011222,2023-06-24 04:00,510.142,1.772,34119.396,35671.453,976.109,66.432,17.679,514.358,1.436,1.3768632,53
0101121B,2023-06-24 05:00,546.748,2.021,33433.907,34670.593,976.363,54.724,20.963,468.496,1.373,1.3884407,54
0101121E,2023-06-24 05:00,515.772,1.7,33682.074,35241.63,976.659,55.411,20.824,468.496,1.373,1.3934551,54
1011222,2023-06-24 05:00,460.643,1.771,34680.389,35210.185,976.461,55.441,20.761,468.496,1.373,1.3890168,54
0101121B,2023-06-24 06:00,534.136,2.062,33237.345,34211.618,976.278,47.091,23.606,456.385,1.409,1.4033006,55
0101121E,2023-06-24 06:00,501.022,1.737,33650.945,34803.836,976.604,47.272,23.544,456.385,1.409,1.4027703,55
1011222,2023-06-24 06:00,447.585,1.822,34614.855,34671.418,976.378,47.245,23.437,456.385,1.409,1.3933557,55
0101121B,2023-06-24 07:00,525.328,2.111,32916.585,33686.736,975.992,39.64,26.56,447.187,1.435,1.4083934,53
0101121E,2023-06-24 07:00,490.381,1.801,33497.868,34262.321,976.304,39.653,26.534,447.187,1.435,1.4062577,53
1011222,2023-06-24 07:00,437.964,1.896,34435.887,34053,976.098,39.736,26.346,447.187,1.435,1.3941232,53
0101121B,2023-06-24 08:00,508.829,2.04,32750.618,33480.545,975.433,32.136,29.204,433.141,1.366,1.3339471,55
0101121E,2023-06-24 08:00,474.678,1.74,33452.436,34090.145,975.727,32.136,29.153,433.141,1.366,1.3297511,55
1011222,2023-06-24 08:00,424.196,1.838,34356.909,33822.582,975.542,32.337,28.923,433.141,1.366,1.3205489,55
0101121B,2023-06-24 09:00,498.493,1.983,32504.086,33252.328,975.084,26.492,31.658,424.04,1.297,1.2655242,58
0101121E,2023-06-24 09:00,464.86,1.68,33320.345,33935.086,975.364,26.544,31.508,424.04,1.297,1.2569681,58
1011222,2023-06-24 09:00,415.902,1.779,34176.621,33604.31,975.217,26.698,31.377,424.04,1.297,1.2549855,58
0101121B,2023-06-24 10:00,493.163,1.94,32301.482,33100.982,974.639,23.075,33.354,420.272,1.254,1.2146587,56
0101121E,2023-06-24 10:00,460.093,1.636,33172.875,33813.482,974.909,23.052,33.256,420.272,1.254,1.2064335,56
1011222,2023-06-24 10:00,412.366,1.739,34005.393,33452.982,974.732,23.31,33.055,420.272,1.254,1.2065367,56
0101121B,2023-06-24 11:00,488.024,1.793,32317.068,33379.102,973.949,20.43,33.745,416.632,1.137,1.1001311,59
0101121E,2023-06-24 11:00,455.229,1.499,33205.508,34114.339,974.19,20.426,33.645,416.632,1.137,1.0934702,59
1011222,2023-06-24 11:00,408.041,1.6,34049.203,33759.729,974.073,20.838,33.307,416.632,1.137,1.0948733,59
0101121B,2023-06-24 12:00,483.958,1.882,32193.288,33002.254,973.429,20.319,34.839,414.277,1.211,1.1642367,59
0101121E,2023-06-24 12:00,452.032,1.576,33138.169,33783.22,973.637,20.469,34.551,414.277,1.211,1.1539512,59
1011222,2023-06-24 12:00,405.537,1.686,33952.441,33389.746,973.605,20.862,34.291,414.277,1.211,1.1592935,59
0101121B,2023-06-24 13:00,480.978,1.888,32115.817,32883.533,973.037,19.622,35.56,413.774,1.225,1.1702327,60
0101121E,2023-06-24 13:00,450.017,1.577,33089.6,33702.15,973.205,19.933,35.16,413.774,1.225,1.1626052,60
1011222,2023-06-24 13:00,404.545,1.693,33886.733,33294.383,973.217,20.327,34.864,413.774,1.225,1.1663046,60
0101121B,2023-06-24 14:00,479.154,1.801,32223.204,33148.556,972.569,19.222,35.109,414.624,1.169,1.1183211,54
0101121E,2023-06-24 14:00,448.541,1.489,33202,34015.537,972.719,19.769,34.529,414.624,1.169,1.1135327,54
1011222,2023-06-24 14:00,403.224,1.59,34014.611,33657.407,972.724,20.251,34.164,414.624,1.169,1.1177741,54
0101121B,2023-06-24 15:00,474.627,1.793,32457.582,33317.836,972.104,20.614,34.169,414.066,1.191,1.138913,55
0101121E,2023-06-24 15:00,446.498,1.491,33356.091,34138.691,972.233,21.131,33.657,414.066,1.191,1.1345662,55
1011222,2023-06-24 15:00,400.962,1.575,34182.273,33829.055,972.251,21.647,33.312,414.066,1.191,1.1400319,55
0101121B,2023-06-24 16:00,468.946,1.712,32892.615,33818.654,971.704,22.801,32.17,414.659,1.167,1.1259066,52
0101121E,2023-06-24 16:00,444.646,1.425,33599.231,34538.212,971.81,22.813,32.084,414.659,1.167,1.1211379,52
1011222,2023-06-24 16:00,399.619,1.505,34423.615,34246.769,971.852,23.176,31.808,414.659,1.167,1.1213201,52
0101121B,2023-06-24 17:00,469.03,1.68,33192.759,34170.574,971.446,24.981,30.405,415.527,1.156,1.116083,54
0101121E,2023-06-24 17:00,445.42,1.403,33806,34837.815,971.557,24.863,30.402,415.527,1.156,1.1104527,54
1011222,2023-06-24 17:00,399.417,1.466,34648.204,34598.907,971.633,25.152,30.239,415.527,1.156,1.1128349,54
0101121B,2023-06-24 18:00,470.54,1.696,33480.86,34414.719,971.221,28.353,28.55,417.058,1.184,1.138765,57
0101121E,2023-06-24 18:00,446.998,1.419,34008.439,35044.702,971.372,28.185,28.585,417.058,1.184,1.1341498,57
1011222,2023-06-24 18:00,400.261,1.473,34884.526,34872.596,971.411,28.504,28.399,417.058,1.184,1.1346447,57
0101121B,2023-06-24 19:00,479.175,1.728,33628.254,34593.525,971.22,32.451,26.798,426.871,1.244,1.1753932,59
0101121E,2023-06-24 19:00,455.934,1.448,34056.881,35192.339,971.38,32.284,26.888,426.871,1.244,1.1752305,59
1011222,2023-06-24 19:00,408.246,1.494,34950.678,35076.356,971.415,32.499,26.731,426.871,1.244,1.1723042,59
0101121B,2023-06-24 20:00,514.04,1.833,33465.138,34701.379,971.336,40.489,24.23,455.55,1.345,1.2602148,58
0101121E,2023-06-24 20:00,489.172,1.542,33771.259,35262.931,971.452,40.303,24.319,455.55,1.345,1.2610392,58
1011222,2023-06-24 20:00,439.321,1.583,34680.052,35220.121,971.483,40.518,24.191,455.55,1.345,1.2580043,58
0101121B,2023-06-24 21:00,505.095,1.784,33836.696,35033.125,971.225,42.984,22.776,446.568,1.296,1.2261082,56
0101121E,2023-06-24 21:00,480.134,1.493,34088.946,35600.107,971.4,42.824,22.837,446.568,1.296,1.2258782,56
1011222,2023-06-24 21:00,429.586,1.538,35038.875,35577.911,971.4,43.026,22.727,446.568,1.296,1.2235069,56
0101121B,2023-06-24 22:00,534.739,1.834,33575.407,35105.881,971.136,48.352,21.304,474.844,1.361,1.2607128,59
0101121E,2023-06-24 22:00,508.792,1.539,33747.78,35646.644,971.293,48.333,21.364,474.844,1.361,1.2646232,59
1011222,2023-06-24 22:00,456.42,1.585,34705.136,35666.576,971.312,48.428,21.258,474.844,1.361,1.2588148,59
0101121B,2023-06-24 23:00,555.511,1.868,33400.316,35161.456,970.765,52.56,20.25,491.285,1.368,1.2853087,57
0101121E,2023-06-24 23:00,528.221,1.566,33525.088,35699.789,970.935,52.494,20.305,491.285,1.368,1.2878339,57
1011222,2023-06-24 23:00,474.667,1.615,34490.333,35747.175,970.911,52.656,20.184,491.285,1.368,1.2822355,57
0101121B,2023-06-25,562.375,1.859,33419.9,35312.267,970.4,55.048,19.346,495.417,1.351,1.2734442,60
0101121E,2023-06-25,534.348,1.553,33508.85,35850,970.543,55.015,19.403,495.417,1.351,1.2770324,60
1011222,2023-06-25,479.868,1.604,34490.517,35914.2,970.54,55.027,19.303,495.417,1.351,1.2693922,60
0101121B,2023-06-25 01:00,569.48,1.855,33428.727,35437.982,970.144,57.64,18.489,501.218,1.367,1.2640485,55
0101121E,2023-06-25 01:00,540.624,1.548,33483.018,35969.291,970.331,57.871,18.553,501.218,1.367,1.2739441,55
1011222,2023-06-25 01:00,485.571,1.604,34478.6,36051.364,970.267,57.751,18.429,501.218,1.367,1.2615667,55
0101121B,2023-06-25 02:00,573.052,1.877,33477.517,35480.983,969.86,60.788,17.733,501.682,1.371,1.2718157,58
0101121E,2023-06-25 02:00,543.333,1.563,33505.638,36012.966,970.041,61.042,17.807,501.682,1.371,1.2828829,58
1011222,2023-06-25 02:00,488.219,1.622,34508.379,36110.224,969.945,60.857,17.684,501.682,1.371,1.2691995,58
0101121B,2023-06-25 03:00,589.03,1.889,33299.263,35515.579,969.8,63.074,17.2,514.055,1.384,1.2760083,57
0101121E,2023-06-25 03:00,558.207,1.574,33308.368,36042.105,970,63.55,17.257,514.055,1.384,1.2900569,57
1011222,2023-06-25 03:00,501.532,1.638,34326.702,36149.649,969.889,63.269,17.128,514.055,1.384,1.2740856,57
0101121B,2023-06-25 04:00,587.546,1.971,33192.846,35171.885,969.844,62.585,18.153,510.479,1.39,1.3437247,52
0101121E,2023-06-25 04:00,555.648,1.643,33273.923,35728.212,970.104,62.846,18.132,510.479,1.39,1.3473424,52
1011222,2023-06-25 04:00,498.74,1.704,34284.654,35811.75,969.969,62.782,18.033,510.479,1.39,1.3379609,52
0101121B,2023-06-25 05:00,543.613,1.93,33395.426,34822.074,969.906,49.87,21.561,472.754,1.313,1.3198178,54
0101121E,2023-06-25 05:00,512.185,1.608,33682.093,35432.148,970.146,50.104,21.434,472.754,1.313,1.3152783,54
1011222,2023-06-25 05:00,457.93,1.671,34668.389,35405,970.069,50.237,21.329,472.754,1.313,1.3105922,54
0101121B,2023-06-25 06:00,524.419,1.983,33280.692,34301.865,969.717,42.848,24.324,453.236,1.352,1.3435445,52
0101121E,2023-06-25 06:00,490.806,1.661,33739.577,34916.058,969.992,42.806,24.33,453.236,1.352,1.3422424,52
1011222,2023-06-25 06:00,438.671,1.745,34690.154,34764.923,969.858,42.986,24.188,453.236,1.352,1.3366599,52
0101121B,2023-06-25 07:00,513.226,2.071,32801.019,33512.302,969.645,34.332,28.466,440.591,1.382,1.3709684,53
0101121E,2023-06-25 07:00,478.47,1.759,33474.604,34136.396,969.926,34.179,28.431,440.591,1.382,1.3617542,53
1011222,2023-06-25 07:00,427.317,1.854,34376.34,33870.434,969.819,34.248,28.323,440.591,1.382,1.3561996,53
0101121B,2023-06-25 08:00,509.145,2.115,32223.362,32857.569,969.464,27.439,32.343,438.063,1.401,1.3705989,58
0101121E,2023-06-25 08:00,474.866,1.797,33052.431,33539.638,969.695,27.339,32.271,438.063,1.401,1.3597569,58
1011222,2023-06-25 08:00,425.75,1.91,33888.534,33181,969.641,27.493,32.123,438.063,1.401,1.3561953,58
0101121B,2023-06-25 09:00,501.454,2.152,31913.316,32412.772,969.275,23.806,34.868,431.541,1.418,1.3703938,57
0101121E,2023-06-25 09:00,467.791,1.824,32836.158,33146.877,969.488,23.665,34.782,431.541,1.418,1.3554589,57
1011222,2023-06-25 09:00,420.577,1.947,33621.982,32728.491,969.44,23.837,34.661,431.541,1.418,1.3562208,57
0101121B,2023-06-25 10:00,495.127,2.125,31587,32102.082,968.971,20.007,37.326,425.292,1.376,1.3178281,49
0101121E,2023-06-25 10:00,461.971,1.791,32580.857,32878.347,969.171,19.818,37.328,425.292,1.376,1.3050155,49
1011222,2023-06-25 10:00,416.5,1.931,33325.571,32400.837,969.151,20.024,37.171,425.292,1.376,1.3074296,49
0101121B,2023-06-25 11:00,490.059,2.129,31279.339,31762.036,968.612,17.388,39.547,421.193,1.368,1.2932686,56
0101121E,2023-06-25 11:00,457.764,1.785,32342.125,32592.607,968.755,17.228,39.506,421.193,1.368,1.2784571,56
1011222,2023-06-25 11:00,413.821,1.941,33066.125,32084.518,968.802,17.579,39.205,421.193,1.368,1.283593,56
0101121B,2023-06-25 12:00,485.53,2.127,31096.593,31549.63,968.098,15.963,40.986,418.611,1.374,1.2827283,54
0101121E,2023-06-25 12:00,454.506,1.783,32218.148,32427.87,968.226,15.964,40.737,418.611,1.374,1.2659631,54
1011222,2023-06-25 12:00,411.863,1.952,32892.611,31866.037,968.317,16.244,40.557,418.611,1.374,1.2757161,54
0101121B,2023-06-25 13:00,481.965,2.077,31096.526,31601.035,967.704,15.276,41.297,417.281,1.351,1.2484031,57
0101121E,2023-06-25 13:00,451.019,1.727,32246.035,32525.509,967.842,15.446,40.947,417.281,1.351,1.2390583,57
1011222,2023-06-25 13:00,409.504,1.901,32919.93,31959.702,967.956,15.787,40.652,417.281,1.351,1.2465108,57
0101121B,2023-06-25 14:00,478.683,2.006,31160.19,31756.879,967.403,14.811,41.22,416.538,1.308,1.2052634,58
0101121E,2023-06-25 14:00,447.684,1.65,32341.897,32741.897,967.507,15.226,40.676,416.538,1.308,1.2036729,58
1011222,2023-06-25 14:00,406.39,1.806,33029.017,32216.362,967.669,15.654,40.304,416.538,1.308,1.212893,58
0101121B,2023-06-25 15:00,473.509,1.903,31574.321,32268.179,967.062,16.082,39.323,417.44,1.27,1.1822763,56
0101121E,2023-06-25 15:00,445.609,1.575,32632.5,33171.696,967.152,16.411,38.923,417.44,1.27,1.1811872,56
1011222,2023-06-25 15:00,403.741,1.699,33359.839,32730.393,967.332,16.916,38.469,417.44,1.27,1.1881428,56
0101121B,2023-06-25 16:00,466.075,1.755,32115.649,32978.877,966.777,17.766,36.909,418.89,1.201,1.1482333,57
0101121E,2023-06-25 16:00,443.16,1.452,32967.193,33783.684,966.861,17.702,36.878,418.89,1.201,1.1420994,57
1011222,2023-06-25 16:00,401.875,1.561,33672.263,33346.544,967.018,17.988,36.643,418.89,1.201,1.145593,57
0101121B,2023-06-25 17:00,465.47,1.593,32389.926,33605.056,966.787,17.553,35.399,420.556,1.081,1.0425313,54
0101121E,2023-06-25 17:00,443.772,1.308,33146.333,34367.889,966.837,17.337,35.523,420.556,1.081,1.0366014,54
1011222,2023-06-25 17:00,401.837,1.397,33868.426,33976.222,967.028,17.588,35.332,420.556,1.081,1.0404163,54
0101121B,2023-06-25 18:00,474.322,1.696,32795.085,33846.119,967.015,23.139,32.233,429.739,1.224,1.1484572,59
0101121E,2023-06-25 18:00,453.203,1.422,33419.339,34512.763,967.088,23.034,32.305,429.739,1.224,1.1478252,59
1011222,2023-06-25 18:00,408.995,1.486,34197.39,34239.932,967.236,23.326,32.147,429.739,1.224,1.1519156,59
0101121B,2023-06-25 19:00,500.402,1.917,32880.271,33763.271,967.329,32.047,29.23,454.915,1.466,1.3403969,59
0101121E,2023-06-25 19:00,478.337,1.631,33369.39,34354.356,967.38,31.923,29.314,454.915,1.466,1.3416676,59
1011222,2023-06-25 19:00,431.58,1.683,34182,34175.576,967.536,32.241,29.205,454.915,1.466,1.3464226,59
0101121B,2023-06-25 20:00,553.052,2.094,32463.879,33710.086,967.759,41.028,26.725,503.144,1.642,1.4856044,58
0101121E,2023-06-25 20:00,528.788,1.795,32834.19,34252.603,967.826,40.938,26.787,503.144,1.642,1.4878723,58
1011222,2023-06-25 20:00,478.557,1.842,33662.966,34143.672,967.995,41.359,26.681,503.144,1.642,1.4935758,58
0101121B,2023-06-25 21:00,569.944,2.091,32460.833,33941.704,968.069,45.091,25.091,515.558,1.597,1.4824594,54
0101121E,2023-06-25 21:00,544.226,1.787,32767.685,34476.333,968.154,44.877,25.153,515.558,1.597,1.4807391,54
1011222,2023-06-25 21:00,491.911,1.824,33629.741,34431.389,968.235,45.211,25.044,515.558,1.597,1.4819547,54
0101121B,2023-06-25 22:00,579.363,2.107,32499.889,34068.389,968.2,48.826,23.889,524.057,1.609,1.4945049,54
0101121E,2023-06-25 22:00,553.072,1.798,32755.148,34595.222,968.3,48.636,23.946,524.057,1.609,1.4937405,54
1011222,2023-06-25 22:00,499.583,1.84,33639.13,34573.259,968.444,48.988,23.826,524.057,1.609,1.4934261,54
0101121B,2023-06-25 23:00,600.42,2.145,32354.893,34130.679,968.2,53.191,22.748,542.916,1.654,1.5192984,56
0101121E,2023-06-25 23:00,572.97,1.828,32559,34648.357,968.3,52.989,22.817,542.916,1.654,1.5197,56
1011222,2023-06-25 23:00,517.768,1.864,33456.446,34675.089,968.4,53.046,22.701,542.916,1.654,1.510507,56
0101121B,2023-06-26,620.721,2.15,32181.245,34232.981,968.392,55.952,21.903,558.775,1.628,1.5183894,53
0101121E,2023-06-26,591.74,1.831,32352.849,34742.057,968.532,55.738,21.972,558.775,1.628,1.5187164,53
1011222,2023-06-26,535.208,1.874,33257.962,34773.453,968.558,55.927,21.857,558.775,1.628,1.5131854,53
0101121B,2023-06-26 01:00,633.73,2.132,32127.464,34401.75,968.588,58.428,20.955,567.96,1.613,1.4954173,56
0101121E,2023-06-26 01:00,603.396,1.806,32267.643,34922.821,968.718,58.376,21.023,567.96,1.613,1.5001336,56
1011222,2023-06-26 01:00,546.125,1.854,33180.429,34968.446,968.73,58.435,20.891,567.96,1.613,1.4895988,56
0101121B,2023-06-26 02:00,651.387,2.129,32024.528,34548.415,968.687,61.878,19.885,579.652,1.604,1.4826364,53
0101121E,2023-06-26 02:00,619.158,1.798,32128.528,35069.019,968.8,61.956,19.952,579.652,1.604,1.4905163,53
1011222,2023-06-26 02:00,560.425,1.848,33058.566,35142.226,968.842,61.743,19.829,579.652,1.604,1.4740914,53
0101121B,2023-06-26 03:00,666.765,2.146,31871.49,34567.686,968.882,64.027,19.415,590.616,1.592,1.4898588,51
0101121E,2023-06-26 03:00,633.375,1.81,31961.922,35088.255,969.016,64.06,19.484,590.616,1.592,1.4968629,51
1011222,2023-06-26 03:00,573.569,1.87,32896.49,35151.98,969.006,64.073,19.354,590.616,1.592,1.4850712,51
0101121B,2023-06-26 04:00,656.78,2.222,31871,34248.333,969.075,62.672,20.448,579.597,1.612,1.5535059,51
0101121E,2023-06-26 04:00,622.404,1.878,32035.843,34790.471,969.261,62.766,20.444,579.597,1.612,1.555239,51
1011222,2023-06-26 04:00,563.059,1.937,32964.098,34824.686,969.222,62.862,20.332,579.597,1.612,1.5470454,51
0101121B,2023-06-26 05:00,618.727,2.332,31881.836,33508.2,969.016,52.867,24.169,547.64,1.666,1.6427489,55
0101121E,2023-06-26 05:00,584.338,1.977,32253.091,34105.455,969.244,53.011,24.092,547.64,1.666,1.639098,55
1011222,2023-06-26 05:00,527.911,2.051,33141.4,34007.4,969.222,53.266,23.97,547.64,1.666,1.6350094,55
0101121B,2023-06-26 06:00,576.615,2.476,31935.264,32717.868,968.943,44.841,27.838,505.309,1.764,1.7293207,53
0101121E,2023-06-26 06:00,541.106,2.109,32516.434,33349.755,969.162,44.721,27.817,505.309,1.764,1.7220517,53
1011222,2023-06-26 06:00,488.626,2.211,33357.792,33109.151,969.106,44.848,27.707,505.309,1.764,1.7158693,53
0101121B,2023-06-26 07:00,529.904,2.383,31929.6,32316.909,968.936,32.703,32.195,460.265,1.641,1.6101885,55
0101121E,2023-06-26 07:00,495.829,2.042,32737.145,32994.2,969.162,32.733,32.007,460.265,1.641,1.5951118,55
1011222,2023-06-26 07:00,446.331,2.158,33531.473,32631.982,969.136,32.733,32.013,460.265,1.641,1.5958211,55
0101121B,2023-06-26 08:00,501.216,2.204,31840.053,32237.14,968.916,24.373,35.317,434.453,1.492,1.4382434,57
0101121E,2023-06-26 08:00,469.432,1.874,32760.491,32979.035,969.1,24.384,35.136,434.453,1.492,1.4242511,57
1011222,2023-06-26 08:00,423.265,2.004,33525.298,32553.842,969.089,24.596,34.986,434.453,1.492,1.4248161,57
0101121B,2023-06-26 09:00,499.902,2.27,31344.633,31670.2,968.76,20.741,38.304,432.388,1.517,1.4408842,60
0101121E,2023-06-26 09:00,467.708,1.925,32370.383,32466.9,968.945,20.695,38.144,432.388,1.517,1.4249734,60
1011222,2023-06-26 09:00,423.365,2.079,33073.083,31963.15,968.96,20.918,38.026,432.388,1.517,1.4309622,60
0101121B,2023-06-26 10:00,493.825,2.252,30952.737,31293.333,968.435,17.09,41.082,425.269,1.478,1.3782308,57
0101121E,2023-06-26 10:00,461.83,1.898,32064.789,32147.842,968.589,17.012,40.942,425.269,1.478,1.3614613,57
1011222,2023-06-26 10:00,419.463,2.077,32717,31572.526,968.649,17.232,40.819,425.269,1.478,1.3702904,57
0101121B,2023-06-26 11:00,490.24,2.235,30905.691,31246.927,968.364,16.498,41.663,425.587,1.497,1.3690941,55
0101121E,2023-06-26 11:00,459.715,1.88,32023.309,32121.891,968.493,16.463,41.465,425.587,1.497,1.3517096,55
1011222,2023-06-26 11:00,418.715,2.059,32664.345,31557.4,968.593,16.782,41.243,425.587,1.497,1.3614956,55
0101121B,2023-06-26 12:00,489.6,2.463,31242.193,31101.07,968.461,21.017,39.801,426.214,1.724,1.5847254,57
0101121E,2023-06-26 12:00,458.137,2.099,32330.018,31919.211,968.551,21.087,39.547,426.214,1.724,1.5683023,57
1011222,2023-06-26 12:00,416.337,2.266,33010.386,31425.93,968.681,21.502,39.276,426.214,1.724,1.5759328,57
0101121B,2023-06-26 13:00,480.587,2.239,31824.125,31896.893,968.414,22.529,37.27,423.103,1.594,1.479918,56
0101121E,2023-06-26 13:00,452.368,1.905,32783.607,32670.714,968.504,22.584,37.049,423.103,1.594,1.4655068,56
1011222,2023-06-26 13:00,409.938,2.032,33492.625,32248.125,968.627,22.966,36.843,423.103,1.594,1.4735919,56
0101121B,2023-06-26 14:00,485.016,2.21,31659.707,31866.276,968.074,21.043,37.816,422.536,1.526,1.4242808,58
0101121E,2023-06-26 14:00,454.217,1.882,32711.362,32674.879,968.178,21.443,37.345,422.536,1.526,1.4151648,58
1011222,2023-06-26 14:00,410.152,1.991,33455.069,32289.431,968.312,21.883,37.075,422.536,1.526,1.4232375,58
0101121B,2023-06-26 15:00,479.108,1.947,31865.451,32514.706,967.976,19.055,37.167,421.304,1.332,1.2485702,51
0101121E,2023-06-26 15:00,451.71,1.656,32858.569,33309.941,968.073,19.52,36.609,421.304,1.332,1.2403371,51
1011222,2023-06-26 15:00,407.367,1.737,33618.176,32976.216,968.239,19.979,36.325,421.304,1.332,1.2497396,51
0101121B,2023-06-26 16:00,472.389,1.956,32370.456,32836.053,967.896,22.898,34.874,420.662,1.398,1.3167039,57
0101121E,2023-06-26 16:00,448.767,1.676,33186.386,33528.088,967.988,23.027,34.608,420.662,1.398,1.3049625,57
1011222,2023-06-26 16:00,404.53,1.747,33951.491,33229.825,968.105,23.358,34.424,420.662,1.398,1.3103523,57
0101121B,2023-06-26 17:00,474.4,2.011,32716.558,33043.096,968.179,27.025,32.685,421.92,1.461,1.3792387,52
0101121E,2023-06-26 17:00,450.512,1.732,33440.962,33674.519,968.26,27.044,32.502,421.92,1.461,1.3659125,52
1011222,2023-06-26 17:00,405.01,1.786,34235.731,33440.5,968.417,27.33,32.397,421.92,1.461,1.3719872,52
0101121B,2023-06-26 18:00,478.331,1.902,33049.186,33636.576,968.851,29.146,30.361,423.897,1.372,1.3031612,59
0101121E,2023-06-26 18:00,453.605,1.636,33681.407,34221.915,968.961,29.102,30.244,423.897,1.372,1.292384,59
1011222,2023-06-26 18:00,406.99,1.674,34516.61,34060.271,969.064,29.398,30.138,423.897,1.372,1.2974931,59
0101121B,2023-06-26 19:00,480.405,1.854,33148.617,33867.967,969.718,29.733,29.57,425.139,1.331,1.2691801,60
0101121E,2023-06-26 19:00,455.563,1.591,33740.683,34439.1,969.84,29.626,29.505,425.139,1.331,1.2597468,60
1011222,2023-06-26 19:00,408.655,1.626,34588.383,34298.25,969.962,29.917,29.385,425.139,1.331,1.2632139,60
0101121B,2023-06-26 20:00,482.379,1.896,33277.696,33907.964,970.452,32.296,28.602,425.754,1.373,1.3020966,56
0101121E,2023-06-26 20:00,457.177,1.63,33824.857,34452.946,970.557,32.096,28.601,425.754,1.373,1.2939542,56
1011222,2023-06-26 20:00,409.888,1.663,34692.161,34344.982,970.686,32.447,28.447,425.754,1.373,1.2961914,56
0101121B,2023-06-26 21:00,484.361,1.902,33439.263,34067.754,970.835,34.723,27.428,425.979,1.379,1.3073905,57
0101121E,2023-06-26 21:00,458.418,1.635,33937.702,34587.632,970.946,34.406,27.5,425.979,1.379,1.3007796,57
1011222,2023-06-26 21:00,410.612,1.663,34830,34520.333,971.033,34.811,27.307,425.979,1.379,1.3012168,57
0101121B,2023-06-26 22:00,487.654,1.839,33523.574,34348.481,970.976,35.138,26.578,428.655,1.322,1.2589985,54
0101121E,2023-06-26 22:00,461.324,1.577,33992.037,34863.37,971.087,34.868,26.617,428.655,1.322,1.2520321,54
1011222,2023-06-26 22:00,412.965,1.603,34895.241,34816.259,971.169,35.236,26.463,428.655,1.322,1.2537073,54
0101121B,2023-06-26 23:00,486.885,1.762,33757.898,34743.034,971.202,36.379,25.205,427.08,1.259,1.2010391,59
0101121E,2023-06-26 23:00,460.363,1.503,34169.576,35255.814,971.315,36.119,25.243,427.08,1.259,1.1949834,59
1011222,2023-06-26 23:00,411.802,1.528,35095.712,35242.102,971.397,36.523,25.069,427.08,1.259,1.1958078,59
0101121B,2023-06-27,490.187,1.749,33782.611,34851.5,971.476,37.081,24.699,429.213,1.244,1.1874062,54
0101121E,2023-06-27,463.293,1.492,34175.796,35354.167,971.602,36.815,24.724,429.213,1.244,1.1804784,54
1011222,2023-06-27,414.169,1.515,35108.574,35350.648,971.661,37.176,24.597,429.213,1.244,1.1829998,54
0101121B,2023-06-27 01:00,493.177,1.718,33874.789,35062.772,971.705,38.253,23.798,431.021,1.214,1.1604353,57
0101121E,2023-06-27 01:00,465.635,1.462,34230.193,35558.281,971.842,37.91,23.869,431.021,1.214,1.1547959,57
1011222,2023-06-27 01:00,416.214,1.485,35180.965,35582.07,971.879,38.315,23.695,431.021,1.214,1.1549204,57
0101121B,2023-06-27 02:00,495.409,1.696,33944.446,35219.589,971.616,39.329,23.112,433.003,1.199,1.1446832,56
0101121E,2023-06-27 02:00,467.748,1.439,34268.036,35713.518,971.768,38.988,23.192,433.003,1.199,1.1400448,56
1011222,2023-06-27 02:00,417.984,1.461,35227.482,35755.375,971.766,39.342,23.029,433.003,1.199,1.1391871,56
0101121B,2023-06-27 03:00,503.102,1.716,33857.788,35204.692,971.721,40.476,22.852,439.995,1.22,1.1595517,52
0101121E,2023-06-27 03:00,474.844,1.458,34173.692,35693.904,971.833,40.174,22.914,439.995,1.22,1.1551099,52
1011222,2023-06-27 03:00,424.308,1.48,35134.25,35741.442,971.848,40.473,22.78,439.995,1.22,1.154307,52
0101121B,2023-06-27 04:00,502.331,1.716,33886.909,35219.345,971.74,40.663,22.744,437.932,1.207,1.1573196,55
0101121E,2023-06-27 04:00,473.725,1.457,34208,35712.545,971.907,40.36,22.78,437.932,1.207,1.1510281,55
1011222,2023-06-27 04:00,423.093,1.48,35174.491,35759.255,971.885,40.721,22.643,437.932,1.207,1.1517704,55
0101121B,2023-06-27 05:00,498.858,1.726,33847.283,35100.792,971.783,39.275,23.365,433.127,1.2,1.1602496,53
0101121E,2023-06-27 05:00,469.355,1.467,34216.943,35599.906,971.919,38.979,23.398,433.127,1.2,1.1536812,53
1011222,2023-06-27 05:00,418.925,1.493,35183.792,35625.321,971.928,39.365,23.238,433.127,1.2,1.1538909,53
0101121B,2023-06-27 06:00,492.038,1.738,33805.625,34926.875,971.641,37.052,24.357,425.974,1.204,1.1621365,56
0101121E,2023-06-27 06:00,462.245,1.478,34234.696,35440.411,971.814,36.815,24.368,425.974,1.204,1.155241,56
1011222,2023-06-27 06:00,412.45,1.508,35193.857,35433.179,971.82,37.223,24.179,425.974,1.204,1.1549668,56
0101121B,2023-06-27 07:00,492.962,1.834,33388.948,34309.052,971.55,33.444,26.848,NA,NA,1.2091026,58
0101121E,2023-06-27 07:00,460.059,1.568,33987.241,34854.638,971.709,33.258,26.814,NA,NA,1.1996284,58
1011222,2023-06-27 07:00,410.338,1.616,34922.259,34748.069,971.741,33.594,26.615,NA,NA,1.1976701,58
0101121B,2023-06-27 08:00,488.4,1.814,32997.362,33946.086,971.295,27.252,29.691,417.785,1.197,1.169638,58
0101121E,2023-06-27 08:00,455.593,1.542,33720.983,34551.086,971.441,27.09,29.656,417.785,1.197,1.1602164,58
1011222,2023-06-27 08:00,407.552,1.61,34612.621,34346.017,971.521,27.523,29.36,417.785,1.197,1.1587081,58
0101121B,2023-06-27 09:00,487.418,1.81,32811.93,33770.982,971.119,25.162,30.889,417.045,1.189,1.1556542,57
0101121E,2023-06-27 09:00,454.388,1.538,33601.088,34409.298,971.289,25.075,30.756,417.045,1.189,1.1429363,57
1011222,2023-06-27 09:00,406.618,1.608,34466.439,34165,971.325,25.44,30.546,417.045,1.189,1.1456702,57
0101121B,2023-06-27 10:00,485.512,1.879,32372.475,33190.305,970.825,22.117,33.654,417.329,1.232,1.1888194,59
0101121E,2023-06-27 10:00,453.429,1.598,33260.203,33878.22,970.99,22.085,33.471,417.329,1.232,1.1747589,59
1011222,2023-06-27 10:00,406.754,1.682,34067.068,33548.797,971.103,22.374,33.348,417.329,1.232,1.1818542,59
0101121B,2023-06-27 11:00,484.506,1.882,32221.868,33034.358,970.496,20.838,34.623,416.64,1.235,1.1827554,53
0101121E,2023-06-27 11:00,452.977,1.599,33125.226,33729.113,970.649,20.747,34.526,416.64,1.235,1.1710779,53
1011222,2023-06-27 11:00,407.232,1.687,33927.038,33396.434,970.775,21.169,34.252,416.64,1.235,1.1766792,53
0101121B,2023-06-27 12:00,482.904,1.739,32213.804,33340.471,970.08,18.641,34.817,415.905,1.108,1.068725,51
0101121E,2023-06-27 12:00,451.845,1.468,33126.059,34056.353,970.19,18.621,34.663,415.905,1.108,1.0583905,51
1011222,2023-06-27 12:00,406.276,1.554,33932.059,33721.412,970.324,19.038,34.337,415.905,1.108,1.0628057,51
0101121B,2023-06-27 13:00,481.783,1.61,31993.424,33426.814,969.659,15.449,36.192,416.543,0.996,0.956927,59
0101121E,2023-06-27 13:00,451.751,1.341,32966.576,34223.593,969.759,15.601,35.832,416.543,0.996,0.9473159,59
1011222,2023-06-27 13:00,406.917,1.433,33737.898,33831.695,969.895,15.941,35.577,416.543,0.996,0.9542865,59
0101121B,2023-06-27 14:00,477.471,1.506,32192.655,33814.6,969.111,15.089,35.437,416.342,0.932,0.8970183,55
0101121E,2023-06-27 14:00,448.831,1.244,33128.436,34623.473,969.213,15.339,35.024,416.342,0.932,0.891187,55
1011222,2023-06-27 14:00,404.269,1.32,33910.255,34279.218,969.345,15.726,34.739,416.342,0.932,0.8992356,55
0101121B,2023-06-27 15:00,473.737,1.34,32536.228,34524.053,968.868,14.718,33.796,416.923,0.823,0.7988257,57
0101121E,2023-06-27 15:00,447.511,1.1,33368.175,35291.667,968.918,14.955,33.437,416.923,0.823,0.7956456,57
1011222,2023-06-27 15:00,402.532,1.155,34181.579,35028.544,969.104,15.351,33.105,416.923,0.823,0.8015874,57
0101121B,2023-06-27 16:00,466.46,1.389,32977.3,34704.833,968.445,18.068,31.915,415.947,0.909,0.8803372,60
0101121E,2023-06-27 16:00,444.097,1.149,33653.567,35400.783,968.508,18.117,31.745,415.947,0.909,0.8746972,60
1011222,2023-06-27 16:00,399.615,1.199,34460.667,35161.883,968.673,18.426,31.546,415.947,0.909,0.8793989,60
0101121B,2023-06-27 17:00,466.468,1.465,33390.339,34887.982,968.341,22.495,29.488,415.408,0.993,0.9565996,56
0101121E,2023-06-27 17:00,443.702,1.223,33947.196,35498.089,968.393,22.32,29.534,415.408,0.993,0.9515787,56
1011222,2023-06-27 17:00,398.384,1.26,34791.143,35343.161,968.561,22.636,29.351,415.408,0.993,0.9547943,56
0101121B,2023-06-27 18:00,468.883,1.505,33688.111,35090.87,968.407,26.384,27.471,416.833,1.043,0.9975558,54
0101121E,2023-06-27 18:00,445.806,1.265,34169.315,35664.056,968.431,26.263,27.457,416.833,1.043,0.9921541,54
1011222,2023-06-27 18:00,399.43,1.29,35040.148,35576.333,968.622,26.556,27.36,416.833,1.043,0.997298,54
0101121B,2023-06-27 19:00,474.885,1.619,33850.755,35022.717,968.696,31.691,25.876,421.268,1.152,1.0903906,53
0101121E,2023-06-27 19:00,451.002,1.368,34259.642,35562.849,968.755,31.469,25.924,421.268,1.152,1.0857986,53
1011222,2023-06-27 19:00,403.915,1.395,35160.491,35521,968.904,31.859,25.762,421.268,1.152,1.0885914,53
0101121B,2023-06-27 20:00,486.4,1.593,33899.843,35322.902,969.333,34.109,24.363,431.39,1.125,1.0726565,51
0101121E,2023-06-27 20:00,462.075,1.344,34232.412,35844.078,969.396,33.822,24.427,431.39,1.125,1.0676434,51
1011222,2023-06-27 20:00,413.953,1.367,35151.196,35844.039,969.563,34.2,24.288,431.39,1.125,1.0704674,51
0101121B,2023-06-27 21:00,506.244,1.627,33762.618,35408.6,969.815,37.636,23.134,449.344,1.174,1.0987174,55
0101121E,2023-06-27 21:00,480.885,1.379,34038.291,35901.836,969.896,37.417,23.184,449.344,1.174,1.0956212,55
1011222,2023-06-27 21:00,431.105,1.398,34968.255,35943.327,970.027,37.745,23.078,449.344,1.174,1.0980107,55
0101121B,2023-06-27 22:00,525.039,1.697,33627.024,35375.805,969.959,42.207,22.006,463.87,1.23,1.1506271,41
0101121E,2023-06-27 22:00,497.673,1.437,33864.268,35865.756,970.034,41.952,22.079,463.87,1.23,1.1486422,41
1011222,2023-06-27 22:00,447.01,1.461,34800.195,35926.854,970.098,42.271,21.96,463.87,1.23,1.1489358,41
0101121B,2023-06-27 23:00,531.157,1.721,33603.017,35383.707,969.783,44.132,21.508,468.896,1.239,1.1672467,58
0101121E,2023-06-27 23:00,503.045,1.457,33826.638,35873.31,969.902,43.902,21.551,468.896,1.239,1.1641133,58
1011222,2023-06-27 23:00,451.416,1.481,34777.397,35947.276,969.924,44.188,21.438,468.896,1.239,1.1636157,58
0101121B,2023-06-28,529.416,1.73,33658.483,35388.19,969.645,44.898,21.317,466.605,1.248,1.1737812,58
0101121E,2023-06-28,501.272,1.466,33875.052,35869.172,969.762,44.686,21.372,466.605,1.248,1.1719499,58
1011222,2023-06-28,449.672,1.491,34831.5,35948.586,969.81,44.972,21.248,466.605,1.248,1.1705131,58
0101121B,2023-06-28 01:00,546.155,1.761,33512.764,35417,969.649,48.145,20.492,482.643,1.281,1.1963594,55
0101121E,2023-06-28 01:00,517.529,1.491,33678.182,35895.364,969.793,47.947,20.56,482.643,1.281,1.1962329,55
1011222,2023-06-28 01:00,464.838,1.518,34641.709,35997.909,969.871,48.153,20.428,482.643,1.281,1.1915812,55
0101121B,2023-06-28 02:00,553.078,1.759,33548.727,35563.473,969.56,51.033,19.476,488.435,1.279,1.1912543,55
0101121E,2023-06-28 02:00,524.356,1.488,33660.855,36034.073,969.695,50.881,19.538,488.435,1.279,1.1920472,55
1011222,2023-06-28 02:00,470.709,1.517,34645.2,36157.655,969.693,51.052,19.414,488.435,1.279,1.1868853,55
0101121B,2023-06-28 03:00,555.852,1.769,33517.552,35549.603,969.316,51.606,19.383,491.349,1.276,1.1979285,58
0101121E,2023-06-28 03:00,527.541,1.495,33617.293,36020.655,969.491,51.423,19.449,491.349,1.276,1.1983197,58
1011222,2023-06-28 03:00,473.502,1.526,34605.552,36147.293,969.472,51.633,19.309,491.349,1.276,1.1928215,58
0101121B,2023-06-28 04:00,569.527,1.819,33195.655,35305.764,969.131,50.688,20.144,503.153,1.289,1.2333229,55
0101121E,2023-06-28 04:00,539.464,1.544,33353.236,35782.818,969.325,50.422,20.161,503.153,1.289,1.2278404,55
1011222,2023-06-28 04:00,484.065,1.574,34332.945,35882.127,969.34,50.709,20.065,503.153,1.289,1.2275256,55
0101121B,2023-06-28 05:00,549.735,1.801,33302.078,35160.647,969.114,45.806,21.543,480.051,1.235,1.2141612,51
0101121E,2023-06-28 05:00,517.651,1.521,33576.627,35674.784,969.286,45.387,21.562,480.051,1.235,1.2041742,51
1011222,2023-06-28 05:00,463.765,1.557,34546.392,35718.216,969.271,45.744,21.455,480.051,1.235,1.2057494,51
0101121B,2023-06-28 06:00,522.526,1.72,33575.491,35226.415,969.404,40.465,22.614,453.237,1.163,1.1454119,53
0101121E,2023-06-28 06:00,490.694,1.447,33922.264,35759.057,969.594,39.994,22.67,453.237,1.163,1.1357027,53
1011222,2023-06-28 06:00,438.617,1.485,34892.604,35765.604,969.598,40.436,22.516,453.237,1.163,1.1375413,53
0101121B,2023-06-28 07:00,517.283,1.741,33532.778,35048.815,969.639,38.702,23.451,446.965,1.175,1.1516758,54
0101121E,2023-06-28 07:00,484.565,1.469,33941.019,35581.093,969.828,38.381,23.486,446.965,1.175,1.1443204,54
1011222,2023-06-28 07:00,432.744,1.511,34913.481,35568.481,969.815,38.844,23.263,446.965,1.175,1.1427676,54
0101121B,2023-06-28 08:00,511.681,1.773,33309.717,34672.585,969.636,34.764,25.457,440.793,1.186,1.1658757,53
0101121E,2023-06-28 08:00,478.406,1.498,33836.717,35247.472,969.838,34.596,25.379,440.793,1.186,1.1547459,53
1011222,2023-06-28 08:00,427.326,1.549,34773.906,35151.792,969.809,34.958,25.24,440.793,1.186,1.1572136,53
0101121B,2023-06-28 09:00,503.446,1.878,32535.36,33587.06,969.448,26.007,30.994,428.974,1.21,1.1930932,50
0101121E,2023-06-28 09:00,469.008,1.603,33338.8,34225.32,969.64,25.934,30.787,428.974,1.21,1.1764184,50
1011222,2023-06-28 09:00,419.482,1.674,34196.26,33963.8,969.668,26.152,30.721,428.974,1.21,1.1806718,50
0101121B,2023-06-28 10:00,496.825,1.877,31904.632,32938.491,969.04,19.355,35.334,423.97,1.181,1.1434933,57
0101121E,2023-06-28 10:00,463.809,1.596,32855.684,33653.053,969.209,19.292,35.125,423.97,1.181,1.1266368,57
1011222,2023-06-28 10:00,416.621,1.683,33630.877,33276.439,969.279,19.472,35.097,423.97,1.181,1.1353174,57
0101121B,2023-06-28 11:00,492.173,1.813,31828.333,32947.333,968.86,17.47,36.201,420.86,1.133,1.0834265,45
0101121E,2023-06-28 11:00,459.756,1.533,32784.756,33668.667,969.002,17.342,36.146,420.86,1.133,1.071936,45
1011222,2023-06-28 11:00,413.909,1.629,33576.333,33298.267,969.064,17.766,35.804,420.86,1.133,1.0776803,45
0101121B,2023-06-28 12:00,490.414,1.83,31577.531,32661.061,968.584,15.984,37.806,421.309,1.149,1.0821702,49
0101121E,2023-06-28 12:00,459.52,1.543,32571.204,33426.286,968.686,15.908,37.696,421.309,1.149,1.0704676,49
1011222,2023-06-28 12:00,414.865,1.652,33329,33011.714,968.837,16.336,37.348,421.309,1.149,1.0784761,49
0101121B,2023-06-28 13:00,485.259,1.798,31744.333,32813.796,968.244,16.429,37.31,420.499,1.149,1.0802616,54
0101121E,2023-06-28 13:00,456.072,1.51,32722.111,33606.685,968.315,16.519,37.037,420.499,1.149,1.0698187,54
1011222,2023-06-28 13:00,412.031,1.61,33477.907,33217.296,968.474,16.946,36.691,420.499,1.149,1.0769973,54
0101121B,2023-06-28 14:00,480.644,1.78,32188.037,33188.852,968.02,18.872,35.174,418.731,1.168,1.1067217,54
0101121E,2023-06-28 14:00,452.093,1.496,33113.019,33972.574,968.126,19.232,34.725,418.731,1.168,1.1002953,54
1011222,2023-06-28 14:00,407.456,1.568,33905.611,33679.019,968.246,19.726,34.369,418.731,1.168,1.1063328,54
0101121B,2023-06-28 15:00,476.848,1.749,32355.333,33361.241,967.698,19.492,34.556,418.28,1.168,1.1049749,54
0101121E,2023-06-28 15:00,450.569,1.474,33220.352,34115.685,967.794,19.839,34.135,418.28,1.168,1.0986371,54
1011222,2023-06-28 15:00,405.63,1.533,34021.519,33859.278,967.922,20.339,33.805,418.28,1.168,1.1058208,54
0101121B,2023-06-28 16:00,472.091,1.699,32741.466,33755.81,967.436,21.677,32.757,418.291,1.161,1.110966,58
0101121E,2023-06-28 16:00,448.576,1.432,33452.431,34430.81,967.528,21.666,32.67,418.291,1.161,1.1051849,58
1011222,2023-06-28 16:00,404.034,1.487,34257.966,34203.138,967.683,22.087,32.371,418.291,1.161,1.1076094,58
0101121B,2023-06-28 17:00,472.507,1.719,33105.556,34046.593,967.548,25.091,30.587,417.887,1.194,1.1377027,54
0101121E,2023-06-28 17:00,448.909,1.459,33725.222,34659.093,967.639,24.981,30.55,417.887,1.194,1.1301697,54
1011222,2023-06-28 17:00,403.213,1.5,34556.296,34486.926,967.826,25.347,30.368,417.887,1.194,1.1346938,54
0101121B,2023-06-28 18:00,472.372,1.72,33446.719,34350.088,967.7,28.642,28.574,418.456,1.217,1.1558275,57
0101121E,2023-06-28 18:00,449.604,1.461,33960.281,34923.246,967.761,28.445,28.597,418.456,1.217,1.1493571,57
1011222,2023-06-28 18:00,403.389,1.493,34819.105,34814.421,967.923,28.823,28.425,418.456,1.217,1.1528519,57
0101121B,2023-06-28 19:00,478.307,1.726,33697.965,34652.474,967.865,32.794,26.461,423.821,1.241,1.1695289,57
0101121E,2023-06-28 19:00,455.407,1.465,34103.491,35187.982,967.94,32.484,26.568,423.821,1.241,1.1656303,57
1011222,2023-06-28 19:00,408.47,1.492,34991.737,35138.316,968.098,32.881,26.381,423.821,1.241,1.166878,57
0101121B,2023-06-28 20:00,493.757,1.747,33740.804,34870.821,968.186,37.312,24.592,436.766,1.271,1.190097,56
0101121E,2023-06-28 20:00,469.779,1.484,34069.304,35388.214,968.255,37.021,24.664,436.766,1.271,1.1859071,56
1011222,2023-06-28 20:00,421.434,1.508,34974.179,35379.375,968.368,37.34,24.553,436.766,1.271,1.1879994,56
0101121B,2023-06-28 21:00,498.28,1.751,33871,35049.37,968.2,40.491,23.284,440.414,1.278,1.1946815,54
0101121E,2023-06-28 21:00,473.5,1.484,34148.907,35555.815,968.343,40.244,23.357,440.414,1.278,1.1924678,54
1011222,2023-06-28 21:00,424.574,1.512,35073.333,35570.278,968.457,40.521,23.251,440.414,1.278,1.1929003,54
0101121B,2023-06-28 22:00,532.544,1.828,33552.231,35069.308,968.225,46.705,21.7,471.22,1.379,1.2510916,52
0101121E,2023-06-28 22:00,506.119,1.553,33751.538,35556.462,968.31,46.643,21.768,471.22,1.379,1.2545044,52
1011222,2023-06-28 22:00,455.063,1.579,34685.904,35628.346,968.394,46.738,21.638,471.22,1.379,1.2470285,52
0101121B,2023-06-28 23:00,553.872,1.853,33404.547,35184.491,968.075,51.275,20.393,491.675,1.374,1.2684111,53
0101121E,2023-06-28 23:00,527.091,1.571,33528.075,35666.981,968.185,51.095,20.46,491.675,1.374,1.269125,53
1011222,2023-06-28 23:00,474.594,1.601,34476.075,35764.434,968.255,51.31,20.324,491.675,1.374,1.2636847,53
0101121B,2023-06-29,555.846,1.845,33508.426,35334.704,967.822,54.006,19.446,491.425,1.359,1.2603645,54
0101121E,2023-06-29,529.278,1.561,33581.87,35815,967.931,53.842,19.512,491.425,1.359,1.2615179,54
1011222,2023-06-29,476.081,1.594,34551.741,35933.667,968.017,54.043,19.373,491.425,1.359,1.2552797,54
0101121B,2023-06-29 01:00,561.82,1.839,33534.537,35467.593,967.465,56.465,18.586,497.219,1.354,1.2494045,54
0101121E,2023-06-29 01:00,535.244,1.552,33561.981,35944.537,967.607,56.413,18.662,497.219,1.354,1.2540414,54
1011222,2023-06-29 01:00,481.376,1.587,34545.481,36084.593,967.622,56.505,18.517,497.219,1.354,1.2447371,54
0101121B,2023-06-29 02:00,577.065,1.847,33398.959,35544.735,967.345,59.047,17.846,508.722,1.349,1.24746,49
0101121E,2023-06-29 02:00,549.431,1.554,33392.735,36027.837,967.463,58.924,17.937,508.722,1.349,1.2518552,49
1011222,2023-06-29 02:00,494.592,1.592,34383.041,36185.816,967.459,58.964,17.792,508.722,1.349,1.2413601,49
0101121B,2023-06-29 03:00,584.79,1.859,33322.865,35555.558,967.348,60.519,17.517,514.491,1.347,1.2524477,52
0101121E,2023-06-29 03:00,556.74,1.565,33304.692,36036.558,967.5,60.503,17.57,514.491,1.347,1.2561451,52
1011222,2023-06-29 03:00,501.3,1.607,34299.654,36193.25,967.487,60.628,17.441,514.491,1.347,1.248546,52
0101121B,2023-06-29 04:00,577.573,1.949,33169.945,35056.891,967.202,56.883,19.44,505.688,1.363,1.3266075,55
0101121E,2023-06-29 04:00,547.38,1.645,33292.618,35570.473,967.373,56.672,19.412,505.688,1.363,1.3191877,55
1011222,2023-06-29 04:00,492.287,1.688,34264.109,35661.764,967.329,56.967,19.319,505.688,1.363,1.3185112,55
0101121B,2023-06-29 05:00,555.204,1.971,33144,34649.078,967.108,49.055,22.045,484.108,1.365,1.3427175,51
0101121E,2023-06-29 05:00,523.584,1.665,33438.059,35200,967.31,48.934,21.989,484.108,1.365,1.3344333,51
1011222,2023-06-29 05:00,470.361,1.712,34382.588,35206.941,967.243,49.261,21.871,484.108,1.365,1.333884,51
0101121B,2023-06-29 06:00,526.136,1.991,33111.377,34156.736,966.923,40.448,25.234,453.268,1.356,1.3410708,53
0101121E,2023-06-29 06:00,491.677,1.687,33628.472,34736.264,967.119,40.286,25.184,453.268,1.356,1.3313159,53
1011222,2023-06-29 06:00,440.981,1.753,34539.566,34613.509,967.096,40.544,25.065,453.268,1.356,1.3305316,53
0101121B,2023-06-29 07:00,520.709,2.012,32823.107,33773.393,966.75,34.928,27.599,446.838,1.358,1.3314432,56
0101121E,2023-06-29 07:00,485.271,1.717,33461.089,34351.357,966.955,34.671,27.584,446.838,1.358,1.3203701,56
1011222,2023-06-29 07:00,435.254,1.79,34347.429,34164.357,966.929,34.978,27.418,446.838,1.358,1.319029,56
0101121B,2023-06-29 08:00,509.051,2.068,32152.364,32897.745,966.429,25.986,32.767,435.699,1.358,1.3302573,55
0101121E,2023-06-29 08:00,474.933,1.775,33001.382,33541.982,966.644,25.844,32.641,435.699,1.358,1.3135819,55
1011222,2023-06-29 08:00,426.702,1.863,33808.673,33223.2,966.651,26.031,32.554,435.699,1.358,1.3164469,55
0101121B,2023-06-29 09:00,501.119,2.113,31691.642,32298.472,966.066,21.283,36.19,429.976,1.378,1.3223925,53
0101121E,2023-06-29 09:00,468.613,1.808,32634.415,32997.623,966.292,21.068,36.153,429.976,1.378,1.306187,53
1011222,2023-06-29 09:00,423.025,1.918,33380.377,32596.226,966.292,21.299,36.005,429.976,1.378,1.3097115,53
0101121B,2023-06-29 10:00,499.069,2.121,31367.145,31975.182,965.785,18.702,38.246,428.127,1.369,1.2982227,55
0101121E,2023-06-29 10:00,466.802,1.803,32364.545,32718.582,965.967,18.47,38.29,428.127,1.369,1.2845946,55
1011222,2023-06-29 10:00,422.811,1.932,33083.127,32270.891,966.049,18.781,38.025,428.127,1.369,1.2872619,55
0101121B,2023-06-29 11:00,492.037,2.044,31117.02,31819.765,965.349,15.659,40.301,423.04,1.309,1.2166159,51
0101121E,2023-06-29 11:00,461.394,1.729,32167.51,32612.745,965.504,15.479,40.289,423.04,1.309,1.2015731,51
1011222,2023-06-29 11:00,418.984,1.868,32848.882,32120.333,965.596,15.817,40.021,423.04,1.309,1.2102529,51
0101121B,2023-06-29 12:00,486.461,2.045,31124.375,31749.232,964.821,15.372,40.747,419.987,1.322,1.2229082,56
0101121E,2023-06-29 12:00,456.962,1.725,32188.839,32572.786,964.952,15.282,40.656,419.987,1.322,1.2098018,56
1011222,2023-06-29 12:00,415.427,1.87,32863.304,32071.268,965.079,15.645,40.338,419.987,1.322,1.2174902,56
0101121B,2023-06-29 13:00,477.051,1.991,31377.526,31957.246,964.454,15.966,40.13,417.357,1.33,1.2274461,57
0101121E,2023-06-29 13:00,450.842,1.679,32407.667,32792.421,964.561,16.035,39.86,417.357,1.33,1.2153181,57
1011222,2023-06-29 13:00,409.746,1.807,33090.947,32333.316,964.733,16.456,39.515,417.357,1.33,1.2242785,57
0101121B,2023-06-29 14:00,470.809,1.92,32077.727,32637.945,964.255,19.499,36.696,417.426,1.329,1.24693,55
0101121E,2023-06-29 14:00,447.62,1.632,32934.218,33368.036,964.333,19.466,36.566,417.426,1.329,1.2361007,55
1011222,2023-06-29 14:00,405.522,1.717,33644.509,33008.909,964.485,19.801,36.373,417.426,1.329,1.2440029,55
0101121B,2023-06-29 15:00,470.362,1.87,32598.321,33202.604,963.958,22.882,33.746,419.242,1.321,1.2437944,53
0101121E,2023-06-29 15:00,448.109,1.592,33313.849,33856.094,964.03,22.724,33.757,419.242,1.321,1.2358764,53
1011222,2023-06-29 15:00,404.779,1.653,34073.962,33592.906,964.202,23.078,33.548,419.242,1.321,1.2402866,53
0101121B,2023-06-29 16:00,472.339,1.929,32924.333,33375.647,964.11,27.067,31.667,420.618,1.389,1.3100338,51
0101121E,2023-06-29 16:00,449.788,1.653,33562.686,33982.196,964.182,26.893,31.678,420.618,1.389,1.3022893,51
1011222,2023-06-29 16:00,405.233,1.7,34361.725,33785.667,964.325,27.267,31.483,420.618,1.389,1.3057585,51
0101121B,2023-06-29 17:00,477.959,2.017,32961.725,33286.196,964.382,29.965,30.912,425.391,1.475,1.3880503,51
0101121E,2023-06-29 17:00,455.212,1.739,33579.961,33876.157,964.478,29.892,30.81,425.391,1.475,1.3761336,51
1011222,2023-06-29 17:00,409.773,1.778,34376.373,33697.431,964.661,30.121,30.771,425.391,1.475,1.3835709,51
0101121B,2023-06-29 18:00,484.407,2.311,33215.6,32940.818,964.847,39.78,28.772,427.69,1.749,1.6238258,55
0101121E,2023-06-29 18:00,459.942,2.013,33792.945,33501.273,964.96,39.994,28.455,427.69,1.749,1.602852,55
1011222,2023-06-29 18:00,413.047,2.043,34608,33371.909,965.098,39.995,28.624,427.69,1.749,1.6182633,55
0101121B,2023-06-29 19:00,487.548,2.516,33582.536,32854.75,964.996,50.843,26.225,427.072,1.929,1.7942959,56
0101121E,2023-06-29 19:00,463.636,2.196,34026.679,33367.732,965.089,51.071,25.964,427.072,1.929,1.7746333,56
1011222,2023-06-29 19:00,415.477,2.222,34893.357,33312.286,965.243,51.047,26.106,427.072,1.929,1.7884077,56
0101121B,2023-06-29 20:00,488.309,2.421,33750.426,33199.222,965.12,52.256,25.103,426.086,1.833,1.7256056,54
0101121E,2023-06-29 20:00,464.646,2.111,34142.037,33700.333,965.25,52.563,24.804,426.086,1.833,1.7049122,54
1011222,2023-06-29 20:00,415.535,2.134,35033.944,33672.019,965.346,52.4,24.987,426.086,1.833,1.7180173,54
0101121B,2023-06-29 21:00,491.461,2.406,33707.965,33237.14,965.107,52.243,25.038,429.067,1.824,1.7183632,57
0101121E,2023-06-29 21:00,467.644,2.094,34074.877,33724.105,965.258,52.216,24.938,429.067,1.824,1.7071388,57
1011222,2023-06-29 21:00,418.428,2.121,34980.982,33703.912,965.384,52.3,24.965,429.067,1.824,1.712358,57
0101121B,2023-06-29 22:00,502.009,2.451,33620.596,33213.491,964.902,54.803,24.482,437.165,1.857,1.7441303,57
0101121E,2023-06-29 22:00,476.728,2.122,33976.456,33716.544,965.04,54.778,24.408,437.165,1.857,1.735279,57
1011222,2023-06-29 22:00,426.814,2.15,34889.632,33715.632,965.126,54.918,24.391,437.165,1.857,1.7378494,57
0101121B,2023-06-29 23:00,509.875,2.363,33561.981,33461.585,964.519,54.128,24.041,445.335,1.784,1.6784331,53
0101121E,2023-06-29 23:00,484.298,2.042,33884.717,33952.208,964.642,53.96,24.047,445.335,1.784,1.6735907,53
1011222,2023-06-29 23:00,433.84,2.07,34808.868,33968.132,964.715,54.188,23.966,445.335,1.784,1.672374,53
0101121B,2023-06-30,514.077,2.353,33586.396,33560.849,963.96,55.773,23.445,447.582,1.783,1.66944,53
0101121E,2023-06-30,488.026,2.033,33880.887,34040.283,964.136,55.557,23.496,447.582,1.783,1.6678413,53
1011222,2023-06-30,437.343,2.063,34814.094,34068.755,964.153,55.862,23.38,447.582,1.783,1.6652289,53
0101121B,2023-06-30 01:00,513.818,2.409,33626.161,33467.054,963.666,57.788,23.214,445.994,1.808,1.7063972,56
0101121E,2023-06-30 01:00,487.804,2.08,33922.554,33962.946,963.854,57.764,23.136,445.994,1.808,1.6972989,56
1011222,2023-06-30 01:00,436.675,2.109,34853.714,33988.679,963.841,57.808,23.149,445.994,1.808,1.6999949,56
0101121B,2023-06-30 02:00,523.04,2.389,33546.769,33573.135,963.465,58.891,22.746,454.105,1.793,1.6907798,52
0101121E,2023-06-30 02:00,496.881,2.059,33807.404,34060.423,963.662,58.787,22.743,454.105,1.793,1.6872325,52
1011222,2023-06-30 02:00,445.483,2.09,34745.346,34102.865,963.571,58.926,22.675,454.105,1.793,1.6844008,52
0101121B,2023-06-30 03:00,530.555,2.363,33464.017,33661.828,963.369,59.082,22.49,461.308,1.766,1.6702861,58
0101121E,2023-06-30 03:00,503.938,2.035,33709.655,34142.517,963.562,58.868,22.536,461.308,1.766,1.6685899,58
1011222,2023-06-30 03:00,451.962,2.069,34656.017,34190.638,963.457,59.177,22.401,461.308,1.766,1.6638138,58
0101121B,2023-06-30 04:00,531.558,2.363,33382.68,33603.06,963.728,57.447,22.944,460.816,1.748,1.6679426,50
0101121E,2023-06-30 04:00,503.85,2.04,33672.7,34086.32,963.94,57.344,22.919,460.816,1.748,1.6622731,50
1011222,2023-06-30 04:00,451.5,2.074,34617.02,34120.38,963.826,57.583,22.816,460.816,1.748,1.6589741,50
0101121B,2023-06-30 05:00,511.215,2.35,33529.827,33479.385,963.95,52.994,24.106,440.766,1.72,1.6507713,52
0101121E,2023-06-30 05:00,483.09,2.03,33916.231,33993.423,964.146,53.058,23.952,440.766,1.72,1.637259,52
1011222,2023-06-30 05:00,431.831,2.067,34858.981,33987.654,964.077,53.361,23.861,440.766,1.72,1.6376449,52
0101121B,2023-06-30 06:00,511.504,2.437,33551.942,33313.808,964.406,55.777,23.936,440.744,1.802,1.7186573,52
0101121E,2023-06-30 06:00,484.244,2.103,33912.519,33831.577,964.623,55.874,23.802,440.744,1.802,1.7074185,52
1011222,2023-06-30 06:00,433.271,2.144,34854.096,33829.692,964.525,56.255,23.675,440.744,1.802,1.7061817,52
0101121B,2023-06-30 07:00,504.292,2.399,33690.811,33413.302,964.598,55.251,23.799,433.095,1.764,1.6884661,53
0101121E,2023-06-30 07:00,477.028,2.07,34053.491,33928.66,964.849,55.314,23.668,433.095,1.764,1.6766227,53
1011222,2023-06-30 07:00,426.398,2.109,35007.358,33938.906,964.708,55.793,23.498,433.095,1.764,1.6742542,53
0101121B,2023-06-30 08:00,499.023,2.351,33830.788,33564.423,964.848,55.196,23.452,427.838,1.723,1.6514245,52
0101121E,2023-06-30 08:00,472.338,2.029,34179.442,34077.308,965.121,55.363,23.265,427.838,1.723,1.6373549,52
1011222,2023-06-30 08:00,421.698,2.065,35132.942,34086.962,964.938,55.567,23.215,427.838,1.723,1.6388178,52
0101121B,2023-06-30 09:00,498.276,2.432,33587.061,33172.551,964.739,51.901,25.073,425.4,1.757,1.7087118,49
0101121E,2023-06-30 09:00,469.049,2.098,34051.633,33710.959,964.988,51.988,24.918,425.4,1.757,1.6955011,49
1011222,2023-06-30 09:00,418.818,2.143,34989.959,33665.102,964.882,52.324,24.825,425.4,1.757,1.6971169,49
0101121B,2023-06-30 10:00,499.538,2.484,32807.236,32448.182,964.389,39.156,29.742,422.295,1.731,1.6932287,55
0101121E,2023-06-30 10:00,464.315,2.147,33586.6,33063.255,964.649,39.197,29.485,422.295,1.731,1.6697655,55
1011222,2023-06-30 10:00,415.582,2.221,34449.818,32851.855,964.56,39.482,29.432,422.295,1.731,1.6769032,55
0101121B,2023-06-30 11:00,492.172,2.43,32688.065,32371.63,963.961,35.034,31.17,420.061,1.718,1.6483388,46
0101121E,2023-06-30 11:00,459.28,2.099,33500.217,33011.087,964.2,35.183,30.871,420.061,1.718,1.6267132,46
1011222,2023-06-30 11:00,412.209,2.175,34329.022,32774.109,964.109,35.532,30.782,420.061,1.718,1.6347588,46
0101121B,2023-06-30 12:00,494.449,2.391,33500.939,33143.469,964.029,48.712,25.974,426.659,1.774,1.6636328,49
0101121E,2023-06-30 12:00,467.582,2.07,33960.796,33668.796,964.249,48.812,25.855,426.659,1.774,1.6544596,49
1011222,2023-06-30 12:00,419.382,2.114,34856.592,33614.041,964.122,49.298,25.727,426.659,1.774,1.6595281,49
0101121B,2023-06-30 13:00,506.786,2.646,33805.721,33014.163,964.235,64.731,22.795,428.256,1.927,1.862686,43
0101121E,2023-06-30 13:00,485.679,2.338,34042.651,33428.465,964.419,70.291,22.358,428.256,1.927,1.9699387,43
1011222,2023-06-30 13:00,429.616,2.325,35052.302,33547.674,964.279,64.848,22.603,428.256,1.927,1.8443283,43
0101121B,2023-06-30 14:00,499.712,2.616,33748.088,32935.474,964.026,60.032,23.907,422.652,1.851,1.8468141,57
0101121E,2023-06-30 14:00,478.346,2.34,34085.123,33338.772,964.251,69.236,23.161,422.652,1.851,2.0363683,57
1011222,2023-06-30 14:00,421.718,2.304,35073.053,33450.772,964.111,60.03,23.701,422.652,1.851,1.8239625,57
0101121B,2023-06-30 15:00,501.551,2.594,33810.927,33059.727,963.993,61.533,23.309,423.751,1.864,1.8240348,55
0101121E,2023-06-30 15:00,482.809,2.333,34071.636,33423.091,964.229,70.615,22.55,423.751,1.864,2.0004069,55
1011222,2023-06-30 15:00,424.187,2.283,35100.036,33587,964.045,61.691,23.077,423.751,1.864,1.8031263,55
0101121B,2023-06-30 16:00,503.37,2.608,33802.464,33048.304,963.989,62.333,23.178,424.085,1.866,1.8365079,56
0101121E,2023-06-30 16:00,481.821,2.294,34081.929,33513.875,964.239,68.643,22.624,424.085,1.866,1.9556508,56
1011222,2023-06-30 16:00,425.007,2.299,35102.768,33571,964.029,62.569,22.929,424.085,1.866,1.8158837,56
0101121B,2023-06-30 17:00,504.069,2.421,34003.863,33623.157,964.28,62.515,21.797,425.262,1.738,1.6927319,51
0101121E,2023-06-30 17:00,481.488,2.078,34207.804,34153.314,964.545,64.31,21.486,425.262,1.738,1.7080163,51
1011222,2023-06-30 17:00,426.278,2.126,35238.804,34171.961,964.386,62.769,21.571,425.262,1.738,1.6761499,51
0101121B,2023-06-30 18:00,507.619,2.36,33953.5,33767.19,964.609,61.038,21.744,429.253,1.676,1.6468965,58
0101121E,2023-06-30 18:00,483.467,2.007,34162.397,34323.879,964.845,61.711,21.587,429.253,1.676,1.6488012,58
1011222,2023-06-30 18:00,429.01,2.066,35184.293,34319.914,964.695,61.061,21.579,429.253,1.676,1.6308711,58
0101121B,2023-06-30 19:00,512.154,2.29,33908.649,33952.298,965.233,59.677,21.544,433.963,1.616,1.5895187,57
0101121E,2023-06-30 19:00,487.086,1.94,34112.491,34511.404,965.475,60.1,21.453,433.963,1.616,1.5914335,57
1011222,2023-06-30 19:00,432.798,2.002,35128.632,34500.105,965.295,59.604,21.429,433.963,1.616,1.5763119,57
0101121B,2023-06-30 20:00,520.609,2.331,33852.396,33928.057,965.691,62.815,20.984,440.144,1.662,1.6157259,53
0101121E,2023-06-30 20:00,496.168,1.987,34007.377,34449.226,965.921,63.228,20.928,440.144,1.662,1.6203427,53
1011222,2023-06-30 20:00,440.994,2.042,35035.509,34476.906,965.694,62.845,20.89,440.144,1.662,1.6071459,53
0101121B,2023-06-30 21:00,524.763,2.31,33795.185,33986.889,965.7,62.617,20.906,443.57,1.618,1.6030356,54
0101121E,2023-06-30 21:00,499.489,1.966,33956.407,34509.981,965.965,62.74,20.868,443.57,1.618,1.6019061,54
1011222,2023-06-30 21:00,443.991,2.018,34986.185,34544.537,965.726,62.442,20.829,443.57,1.618,1.5908874,54
0101121B,2023-06-30 22:00,518.951,2.256,33877.736,34100.774,965.558,60.589,21.001,439.2,1.599,1.5603915,53
0101121E,2023-06-30 22:00,493.353,1.941,34052.377,34565.642,965.836,60.684,20.958,439.2,1.599,1.5583524,53
1011222,2023-06-30 22:00,438.687,1.974,35080.264,34653.472,965.579,60.588,20.883,439.2,1.599,1.5490454,53
0101121B,2023-06-30 23:00,521.093,2.317,33973.474,34071.421,965.526,65.396,20.112,437.405,1.663,1.5939025,57
0101121E,2023-06-30 23:00,496.175,1.999,34096.579,34519.263,965.8,65.833,20.022,437.405,1.663,1.5952143,57
1011222,2023-06-30 23:00,441.247,2.035,35134.754,34629.088,965.535,65.658,19.964,437.405,1.663,1.5857507,57
0101121B,2023-07-01,526.451,2.35,33952.127,34054.164,965.302,68.047,19.647,439.269,1.69,1.6123387,55
0101121E,2023-07-01,500.796,2.028,34057.218,34489,965.538,68.493,19.614,439.269,1.69,1.6192091,55
1011222,2023-07-01,445.105,2.065,35104.727,34606.818,965.251,68.184,19.574,439.269,1.69,1.6084036,55
0101121B,2023-07-01 01:00,528.311,2.369,33920.556,34009.87,965.052,68.594,19.654,439.971,1.693,1.6264795,54
0101121E,2023-07-01 01:00,501.959,2.04,34033.741,34452.37,965.294,68.85,19.651,439.971,1.693,1.6318728,54
1011222,2023-07-01 01:00,446.233,2.081,35083.556,34565.556,965.007,68.708,19.571,439.971,1.693,1.6209005,54
0101121B,2023-07-01 02:00,531.942,2.358,33857.113,34029.755,964.774,68.208,19.688,443.953,1.681,1.6212341,53
0101121E,2023-07-01 02:00,505.138,2.029,33974.491,34476.17,965.034,68.376,19.698,443.953,1.681,1.6257539,53
1011222,2023-07-01 02:00,449.183,2.073,35023,34580.17,964.753,68.31,19.615,443.953,1.681,1.6163764,53
0101121B,2023-07-01 03:00,541.042,2.358,33698.036,34017.618,964.645,67.853,19.781,452.955,1.676,1.6222969,55
0101121E,2023-07-01 03:00,513.385,2.028,33820.873,34464.691,964.865,67.863,19.823,452.955,1.676,1.6264128,55
1011222,2023-07-01 03:00,457.293,2.075,34862.545,34564.655,964.609,68.005,19.689,452.955,1.676,1.6167242,55
0101121B,2023-07-01 04:00,542.024,2.351,33651.426,34006.963,964.461,66.873,19.994,453.806,1.648,1.6202106,54
0101121E,2023-07-01 04:00,513.559,2.018,33798.537,34467.926,964.73,66.663,20.029,453.806,1.648,1.6182038,54
1011222,2023-07-01 04:00,457.926,2.071,34826.13,34542.278,964.443,67.008,19.92,453.806,1.648,1.6161055,54
0101121B,2023-07-01 05:00,526.909,2.298,33768,34018.722,964.457,62.183,20.85,442.646,1.577,1.5877209,54
0101121E,2023-07-01 05:00,498.448,1.968,33976.463,34504.5,964.743,61.764,20.842,442.646,1.577,1.5756504,54
1011222,2023-07-01 05:00,443.428,2.019,35006.426,34554.556,964.415,62.15,20.743,442.646,1.577,1.576411,54
0101121B,2023-07-01 06:00,515.955,2.104,33689.473,34254.582,964.404,50.641,22.572,435.218,1.414,1.4354213,55
0101121E,2023-07-01 06:00,485.218,1.798,34033,34767.564,964.695,50.307,22.523,435.218,1.414,1.421356,55
1011222,2023-07-01 06:00,431.649,1.843,35041.473,34781.018,964.395,50.559,22.363,435.218,1.414,1.4151478,55
0101121B,2023-07-01 07:00,509.556,1.996,33388.055,34154.545,964.245,40.16,25.178,427.913,1.305,1.3272942,55
0101121E,2023-07-01 07:00,474.487,1.708,33936.036,34690.764,964.535,39.913,25.105,427.913,1.305,1.3133013,55
1011222,2023-07-01 07:00,422.693,1.765,34898.036,34596.382,964.253,40.087,24.961,427.913,1.305,1.3080991,55
0101121B,2023-07-01 08:00,506.593,2.065,32842.345,33463.109,963.807,32.874,28.859,425.752,1.362,1.3537164,55
0101121E,2023-07-01 08:00,470.327,1.782,33614.691,34066.2,964.115,33.157,28.437,425.752,1.362,1.332419,55
1011222,2023-07-01 08:00,420.009,1.848,34492.091,33851.655,963.825,33.181,28.501,425.752,1.362,1.3385009,55
0101121B,2023-07-01 09:00,501.95,2.097,32400.673,32951.615,963.288,27.487,31.953,423.678,1.377,1.3518481,52
0101121E,2023-07-01 09:00,466.562,1.806,33302.269,33626.788,963.56,27.838,31.425,423.678,1.377,1.3286991,52
1011222,2023-07-01 09:00,417.99,1.881,34117.077,33334.154,963.333,27.902,31.525,423.678,1.377,1.3395175,52
0101121B,2023-07-01 10:00,494.018,2.029,32327.964,32937.927,962.736,24.651,33.119,420.237,1.329,1.2946861,55
0101121E,2023-07-01 10:00,460.944,1.74,33224.655,33623.618,962.987,24.849,32.75,420.237,1.329,1.2778079,55
1011222,2023-07-01 10:00,413.976,1.816,34030.964,33327.927,962.813,25.138,32.662,420.237,1.329,1.2864278,55
0101121B,2023-07-01 11:00,488.898,1.936,32224.893,32982.571,962.121,21.767,34.2,417.808,1.251,1.216605,56
0101121E,2023-07-01 11:00,457.029,1.647,33140.482,33697.857,962.336,21.863,33.893,417.808,1.251,1.2009833,56
1011222,2023-07-01 11:00,411.205,1.729,33932.964,33381.339,962.207,22.233,33.705,417.808,1.251,1.2087578,56
0101121B,2023-07-01 12:00,482.581,1.854,32263.056,33113,961.709,20.377,34.562,416.03,1.202,1.162429,54
0101121E,2023-07-01 12:00,452.839,1.57,33170.963,33853.056,961.893,20.556,34.205,416.03,1.202,1.1492875,54
1011222,2023-07-01 12:00,408.191,1.655,33955.315,33530.056,961.815,21,33.935,416.03,1.202,1.1567795,54
0101121B,2023-07-01 13:00,476.962,1.806,32809.865,33631.115,961.573,23.844,31.899,416.006,1.214,1.1703104,52
0101121E,2023-07-01 13:00,450.219,1.533,33569.231,34316.712,961.729,24.053,31.566,416.006,1.214,1.1584492,52
1011222,2023-07-01 13:00,405.125,1.594,34377.962,34079.019,961.685,24.433,31.378,416.006,1.214,1.1643857,52
0101121B,2023-07-01 14:00,476.965,1.801,33312.37,34094.667,961.735,28.812,28.924,417.103,1.24,1.1934743,54
0101121E,2023-07-01 14:00,450.965,1.531,33926.667,34718.333,961.857,28.958,28.668,417.103,1.24,1.1818693,54
1011222,2023-07-01 14:00,404.961,1.577,34774.352,34564.907,961.783,29.32,28.524,417.103,1.24,1.1866447,54
0101121B,2023-07-01 15:00,481.614,1.863,33554.98,34225.918,961.747,33.769,27,420.059,1.306,1.251678,49
0101121E,2023-07-01 15:00,454.52,1.587,34094.714,34814.633,961.884,33.886,26.779,420.059,1.306,1.2396042,49
1011222,2023-07-01 15:00,407.467,1.624,34960.959,34709.857,961.841,34.118,26.768,420.059,1.306,1.2474231,49
0101121B,2023-07-01 16:00,481.391,1.874,33623.25,34251.393,961.504,34.949,26.607,419.627,1.319,1.2661461,56
0101121E,2023-07-01 16:00,454.377,1.598,34146.339,34834.232,961.677,35.09,26.369,419.627,1.319,1.253404,56
1011222,2023-07-01 16:00,406.927,1.631,35017.821,34740.518,961.616,35.246,26.411,419.627,1.319,1.2621451,56
0101121B,2023-07-01 17:00,480.551,1.926,33604.175,34095.632,961.672,35.636,26.808,417.905,1.359,1.3062241,57
0101121E,2023-07-01 17:00,453.107,1.643,34135.123,34672.596,961.851,35.665,26.654,417.905,1.359,1.2952615,57
1011222,2023-07-01 17:00,405.791,1.682,35021.316,34581.386,961.796,35.986,26.552,417.905,1.359,1.2991083,57
0101121B,2023-07-01 18:00,483.815,2.008,33697.167,34026.278,962.076,39.557,25.903,420.186,1.443,1.3738091,54
0101121E,2023-07-01 18:00,456.217,1.717,34181.426,34584.056,962.27,39.543,25.789,420.186,1.443,1.3638112,54
1011222,2023-07-01 18:00,408.561,1.754,35077.333,34520.056,962.167,39.844,25.707,420.186,1.443,1.3676467,54
0101121B,2023-07-01 19:00,485.783,2.086,33851.37,34000.167,962.506,44.484,24.733,420.607,1.513,1.4368851,54
0101121E,2023-07-01 19:00,458.274,1.785,34276.593,34542.407,962.693,44.451,24.63,420.607,1.513,1.4266531,54
1011222,2023-07-01 19:00,410.372,1.825,35194.944,34508.519,962.654,44.843,24.493,420.607,1.513,1.4274724,54
0101121B,2023-07-01 20:00,499.092,2.404,34117.788,33684.673,963.354,62.329,21.589,424.897,1.791,1.665738,52
0101121E,2023-07-01 20:00,474.658,2.064,34328.615,34189.538,963.479,62.7,21.476,424.897,1.791,1.6637178,52
1011222,2023-07-01 20:00,424.794,2.109,35282.981,34231.615,963.452,62.719,21.432,424.897,1.791,1.6601537,52
0101121B,2023-07-01 21:00,511.221,2.416,33997.812,33725.062,963.727,64.844,21.056,432.945,1.777,1.6788225,48
0101121E,2023-07-01 21:00,485.821,2.072,34174.083,34213.812,963.919,65.008,21.069,432.945,1.777,1.6840963,48
1011222,2023-07-01 21:00,434.465,2.119,35148.5,34269.667,963.86,65.056,20.981,432.945,1.777,1.676309,48
0101121B,2023-07-01 22:00,520.162,2.423,33869.231,33728.712,963.719,65.502,20.923,439.722,1.776,1.6820855,52
0101121E,2023-07-01 22:00,494.542,2.08,34039.327,34213.788,963.9,65.776,20.893,439.722,1.776,1.6856982,52
1011222,2023-07-01 22:00,442.162,2.123,35014.692,34273.538,963.844,65.536,20.882,439.722,1.776,1.6784502,52
0101121B,2023-07-01 23:00,508.369,2.35,34020.873,33856.564,963.585,62.514,21.217,430.476,1.687,1.634578,55
0101121E,2023-07-01 23:00,482.649,2.009,34220.309,34367.327,963.82,62.434,21.165,430.476,1.687,1.6268902,55
1011222,2023-07-01 23:00,430.651,2.054,35198.545,34405.691,963.7,62.335,21.181,430.476,1.687,1.626243,55
0101121B,2023-07-02,507.159,2.361,33986.902,33781.922,963.629,61.46,21.572,429.221,1.702,1.6421054,51
0101121E,2023-07-02,481.259,2.024,34208.725,34284.863,963.867,61.449,21.515,429.221,1.702,1.6356394,51
1011222,2023-07-02,429.502,2.073,35191.608,34319.176,963.753,61.607,21.432,429.221,1.702,1.6316678,51
0101121B,2023-07-02 01:00,512.46,2.465,34053.113,33681.302,963.86,67.888,20.546,427.665,1.785,1.7030788,53
0101121E,2023-07-02 01:00,487.13,2.118,34211.849,34165.453,964.115,68.091,20.463,427.665,1.785,1.6990123,53
1011222,2023-07-02 01:00,434.287,2.169,35225.925,34241.528,963.94,68.392,20.328,427.665,1.785,1.6926461,53
0101121B,2023-07-02 02:00,511.075,2.386,34144.196,33916.255,964.018,67.508,20.089,426.472,1.7,1.6463021,51
0101121E,2023-07-02 02:00,486.002,2.046,34278.039,34398.961,964.286,67.724,19.999,426.472,1.7,1.64187,51
1011222,2023-07-02 02:00,432.586,2.094,35305.922,34487.569,964.092,67.889,19.901,426.472,1.7,1.6362854,51
0101121B,2023-07-02 03:00,511.36,2.314,34163.603,34103.362,964.369,65.96,19.925,427.782,1.63,1.5916746,58
0101121E,2023-07-02 03:00,485.874,1.981,34292.81,34584.879,964.607,65.981,19.873,427.782,1.63,1.5866792,58
1011222,2023-07-02 03:00,432.357,2.027,35323.224,34676.552,964.433,66.176,19.786,427.782,1.63,1.5830429,58
0101121B,2023-07-02 04:00,511.97,2.268,34133.815,34189.981,964.752,64.109,20.056,429.242,1.581,1.5589289,54
0101121E,2023-07-02 04:00,485.911,1.94,34272.907,34669.389,964.996,63.933,20.065,429.242,1.581,1.555156,54
1011222,2023-07-02 04:00,432.296,1.985,35301.389,34750.833,964.794,64.113,19.992,429.242,1.581,1.5528335,54
0101121B,2023-07-02 05:00,511.716,2.315,34021.706,33983.373,965.096,62.49,20.839,428.711,1.614,1.5939374,51
0101121E,2023-07-02 05:00,484.841,1.984,34218,34471.314,965.375,62.263,20.805,428.711,1.614,1.5843613,51
1011222,2023-07-02 05:00,431.2,2.03,35238.863,34531.608,965.133,62.431,20.739,428.711,1.614,1.5825766,51
0101121B,2023-07-02 06:00,510.406,2.316,33936.308,33888.269,965.51,59.822,21.552,428.401,1.629,1.5937873,52
0101121E,2023-07-02 06:00,483.281,1.989,34179.981,34383.231,965.802,59.828,21.447,428.401,1.629,1.5832626,52
1011222,2023-07-02 06:00,429.973,2.038,35188.596,34416.942,965.552,60.023,21.38,428.401,1.629,1.5823004,52
0101121B,2023-07-02 07:00,507.84,2.138,34001.472,34330.019,965.919,55.121,21.402,427.29,1.477,1.4541278,53
0101121E,2023-07-02 07:00,480.051,1.826,34258.453,34845.302,966.185,55.162,21.242,427.29,1.477,1.4408129,53
1011222,2023-07-02 07:00,427.083,1.871,35264.17,34877.34,965.955,55.325,21.214,427.29,1.477,1.4428977,53
0101121B,2023-07-02 08:00,505.291,2.091,33856.291,34275.127,965.969,49.625,22.627,424.656,1.427,1.4106502,55
0101121E,2023-07-02 08:00,474.935,1.782,34217.455,34810.909,966.278,49.633,22.491,424.656,1.427,1.3987477,55
1011222,2023-07-02 08:00,423.102,1.832,35204.2,34801.764,966.058,49.936,22.39,424.656,1.427,1.3990024,55
0101121B,2023-07-02 09:00,505.291,2.211,33200.491,33425.2,965.947,40.584,26.773,421.46,1.474,1.4688456,55
0101121E,2023-07-02 09:00,469.729,1.897,33829.836,33991.364,966.249,40.431,26.703,421.46,1.474,1.4561929,55
1011222,2023-07-02 09:00,419.453,1.969,34763.091,33848.509,966.011,40.827,26.494,421.46,1.474,1.4530234,55
0101121B,2023-07-02 10:00,501.462,2.259,32685.708,32842.271,965.725,33.141,30.294,419.991,1.503,1.478785,48
0101121E,2023-07-02 10:00,465.419,1.938,33467.854,33455.312,966.027,32.843,30.282,419.991,1.503,1.4641882,48
1011222,2023-07-02 10:00,417.413,2.024,34322.667,33201.479,965.812,33.193,30.117,419.991,1.503,1.466344,48
0101121B,2023-07-02 11:00,500.363,2.328,32190.509,32270.105,965.507,28.221,33.336,418.93,1.532,1.4919577,57
0101121E,2023-07-02 11:00,464.375,2.002,33098.86,32932.035,965.758,28.034,33.236,418.93,1.532,1.4729218,57
1011222,2023-07-02 11:00,417.484,2.099,33910.877,32622.316,965.63,28.462,33.037,418.93,1.532,1.4793565,57
0101121B,2023-07-02 12:00,493.013,2.25,32179.321,32329.925,965.128,26.157,34.085,418.6,1.507,1.4486888,53
0101121E,2023-07-02 12:00,460.791,1.934,33081.849,33016.019,965.357,26.185,33.845,418.6,1.507,1.4305881,53
1011222,2023-07-02 12:00,415.381,2.026,33874.321,32712.151,965.238,26.703,33.579,418.6,1.507,1.4374533,53
0101121B,2023-07-02 13:00,489.929,2.252,32074.745,32203.8,964.916,24.685,34.978,416.869,1.504,1.4359539,55
0101121E,2023-07-02 13:00,457.796,1.922,33005.673,32926.291,965.135,24.752,34.786,416.869,1.504,1.424586,55
1011222,2023-07-02 13:00,413.585,2.029,33774.018,32580.764,965.075,25.249,34.497,416.869,1.504,1.4301779,55
0101121B,2023-07-02 14:00,483.418,2.152,32937.86,33047.018,964.898,31.894,30.521,417.281,1.516,1.4373172,57
0101121E,2023-07-02 14:00,455.135,1.842,33631.035,33678.088,965.068,31.886,30.4,417.281,1.516,1.4267837,57
1011222,2023-07-02 14:00,410.046,1.906,34450.561,33478.825,964.993,32.381,30.18,417.281,1.516,1.4315947,57
0101121B,2023-07-02 15:00,486.567,2.228,32793.473,32796.309,964.916,31.751,31.077,415.441,1.538,1.4801386,55
0101121E,2023-07-02 15:00,455.165,1.906,33578.182,33463.836,965.1,31.978,30.817,415.441,1.538,1.4691972,55
1011222,2023-07-02 15:00,409.311,1.977,34404.218,33240.055,965.04,32.448,30.62,415.441,1.538,1.4744444,55
0101121B,2023-07-02 16:00,481.902,2.174,32996,33020.696,964.857,32.8,30.331,416.098,1.537,1.4688423,56
0101121E,2023-07-02 16:00,454.073,1.862,33693.25,33664.179,965.043,32.949,30.084,416.098,1.537,1.4549248,56
1011222,2023-07-02 16:00,408.745,1.927,34510.661,33458.946,965.011,33.354,29.939,416.098,1.537,1.460351,56
0101121B,2023-07-02 17:00,483.914,2.132,33236.161,33349.446,965.034,35.461,28.699,418.203,1.514,1.4467953,56
0101121E,2023-07-02 17:00,456.529,1.828,33841.268,33947.268,965.202,35.454,28.56,418.203,1.514,1.4347448,56
1011222,2023-07-02 17:00,410.279,1.877,34685.286,33801.196,965.168,35.843,28.443,418.203,1.514,1.4406909,56
0101121B,2023-07-02 18:00,486.139,2.048,33413.574,33721.426,965.07,36.746,27.403,420.441,1.452,1.3897132,54
0101121E,2023-07-02 18:00,458.763,1.752,33952.685,34298.019,965.235,36.663,27.323,420.441,1.452,1.3799069,54
1011222,2023-07-02 18:00,411.993,1.794,34813.426,34187.278,965.137,36.996,27.234,420.441,1.452,1.3853856,54
0101121B,2023-07-02 19:00,491,1.985,33496.685,34015.463,965.352,37.633,26.399,424.508,1.395,1.3420825,54
0101121E,2023-07-02 19:00,463.228,1.694,33979.722,34566.981,965.524,37.351,26.43,424.508,1.395,1.3341909,54
1011222,2023-07-02 19:00,415.909,1.732,34860.185,34493,965.485,37.731,26.299,424.508,1.395,1.3374427,54
0101121B,2023-07-02 20:00,495.32,1.856,33543.091,34436.618,965.916,36.436,25.666,429.145,1.283,1.2430705,55
0101121E,2023-07-02 20:00,467.829,1.573,33985.527,34995.255,966.104,36.152,25.696,429.145,1.283,1.2353108,55
1011222,2023-07-02 20:00,420.027,1.607,34874.364,34941,966.013,36.47,25.57,429.145,1.283,1.237027,55
0101121B,2023-07-02 21:00,503.954,1.839,33525.807,34589.193,966.191,37.761,24.884,436.956,1.276,1.2292101,57
0101121E,2023-07-02 21:00,476.025,1.56,33932.754,35132.632,966.367,37.562,24.905,436.956,1.276,1.2240437,57
1011222,2023-07-02 21:00,427.472,1.593,34824.93,35091.912,966.288,37.837,24.82,436.956,1.276,1.2268651,57
0101121B,2023-07-02 22:00,522.045,1.916,33321.849,34470.811,966.374,40.978,24.32,453.975,1.359,1.289276,53
0101121E,2023-07-02 22:00,493.17,1.633,33697.547,34991.736,966.56,40.825,24.361,453.975,1.359,1.2873975,53
1011222,2023-07-02 22:00,443.336,1.664,34598.302,34979.396,966.43,41.037,24.243,453.975,1.359,1.2852146,53
0101121B,2023-07-02 23:00,532.792,1.932,33228.25,34505.885,966.217,42.537,23.818,461.257,1.345,1.2992452,52
0101121E,2023-07-02 23:00,502.779,1.642,33588.75,35033.788,966.373,42.229,23.865,461.257,1.345,1.2932746,52
1011222,2023-07-02 23:00,452.121,1.674,34494.173,35031.115,966.29,42.526,23.75,461.257,1.345,1.2934731,52
0101121B,2023-07-03,498.168,1.727,33795.088,35043.474,966.261,37.312,23.778,429.271,1.159,1.1368545,57
0101121E,2023-07-03,469.423,1.453,34179.684,35605.368,966.46,37.119,23.728,429.271,1.159,1.1273957,57
1011222,2023-07-03,420.591,1.485,35101.386,35588.281,966.3,37.388,23.65,429.271,1.159,1.1304103,57
0101121B,2023-07-03 01:00,495.382,1.722,33892.291,35103.673,966.344,37.916,23.449,427.002,1.168,1.132366,55
0101121E,2023-07-03 01:00,467.038,1.449,34252.236,35651.855,966.535,37.699,23.448,427.002,1.168,1.1256279,55
1011222,2023-07-03 01:00,418.302,1.481,35182.418,35647.018,966.415,38.001,23.35,427.002,1.168,1.1280507,55
0101121B,2023-07-03 02:00,495.506,1.736,33974.889,35142.685,966.339,39.529,22.907,426.474,1.184,1.1424821,54
0101121E,2023-07-03 02:00,466.822,1.46,34311.648,35683.352,966.5,39.284,22.94,426.474,1.184,1.1374571,54
1011222,2023-07-03 02:00,417.922,1.493,35253.407,35695.759,966.439,39.604,22.823,426.474,1.184,1.1387253,54
0101121B,2023-07-03 03:00,503.12,1.772,33913.712,35104.356,966.403,41.575,22.487,434.243,1.236,1.1713646,59
0101121E,2023-07-03 03:00,474.392,1.497,34222.186,35621.475,966.59,41.476,22.536,434.243,1.236,1.1717848,59
1011222,2023-07-03 03:00,424.722,1.529,35172.373,35652.661,966.527,41.692,22.399,434.243,1.236,1.1682186,59
0101121B,2023-07-03 04:00,509.553,1.835,33796.345,34926.127,966.558,43.051,22.562,437.081,1.261,1.2181637,55
0101121E,2023-07-03 04:00,479.595,1.551,34127.836,35457.709,966.758,42.865,22.565,437.081,1.261,1.2128606,55
1011222,2023-07-03 04:00,429.631,1.584,35069.345,35479.382,966.66,43.116,22.472,437.081,1.261,1.2132646,55
0101121B,2023-07-03 05:00,498.518,1.83,33825.118,34802.216,966.753,40.214,23.543,426.567,1.244,1.2071701,51
0101121E,2023-07-03 05:00,468.357,1.546,34227.02,35356.157,966.955,40.099,23.466,426.567,1.244,1.1979087,51
1011222,2023-07-03 05:00,418.81,1.583,35171.608,35345.608,966.876,40.43,23.358,426.567,1.244,1.2000661,51
0101121B,2023-07-03 06:00,496.065,1.816,33699.042,34686.375,967.079,37.158,24.602,423.023,1.216,1.1877227,48
0101121E,2023-07-03 06:00,465.227,1.534,34172.979,35263.083,967.279,37.158,24.442,423.023,1.216,1.1761842,48
1011222,2023-07-03 06:00,415.946,1.575,35104.854,35213.333,967.158,37.483,24.35,423.023,1.216,1.1801178,48
0101121B,2023-07-03 07:00,494.617,1.766,33578.981,34685.377,967.087,33.673,25.514,420.991,1.158,1.1368212,53
0101121E,2023-07-03 07:00,462.938,1.486,34102.811,35278.491,967.292,33.585,25.419,420.991,1.158,1.1271526,53
1011222,2023-07-03 07:00,414.151,1.533,35024.358,35192.283,967.189,33.947,25.279,420.991,1.158,1.1299978,53
0101121B,2023-07-03 08:00,495.118,1.832,33015.9,34010.56,966.902,28.104,28.91,417.952,1.168,1.1543605,50
0101121E,2023-07-03 08:00,461.07,1.546,33739.3,34660.86,967.136,28.064,28.715,417.952,1.168,1.139891,50
1011222,2023-07-03 08:00,413.24,1.618,34602.7,34433.1,967.028,28.309,28.628,417.952,1.168,1.1442972,50
0101121B,2023-07-03 09:00,488.979,1.857,32878.462,33745.923,966.856,26.417,30.344,417.817,1.218,1.1809208,52
0101121E,2023-07-03 09:00,458.552,1.568,33606.923,34415.596,967.06,26.454,30.138,417.817,1.218,1.1687751,52
1011222,2023-07-03 09:00,412.346,1.639,34450.269,34189.135,967,26.919,29.885,417.817,1.218,1.1722068,52
0101121B,2023-07-03 10:00,489.844,1.917,32840.865,33576.173,966.808,27.15,30.483,417.446,1.258,1.224621,52
0101121E,2023-07-03 10:00,458.458,1.623,33579.673,34234.904,967.012,27.087,30.364,417.446,1.258,1.2132672,52
1011222,2023-07-03 10:00,412.113,1.696,34415.5,33991.308,966.975,27.494,30.17,417.446,1.258,1.2179449,52
0101121B,2023-07-03 11:00,493.074,2.021,32503.604,33088.811,966.509,25.671,32.176,418.244,1.323,1.2751549,53
0101121E,2023-07-03 11:00,460.125,1.713,33338.66,33782.981,966.708,25.662,31.996,418.244,1.323,1.2614461,53
1011222,2023-07-03 11:00,414.208,1.802,34143.453,33477.472,966.696,26.038,31.84,418.244,1.323,1.2688466,53
0101121B,2023-07-03 12:00,494.192,2.084,32009.49,32547.686,966.486,22.029,34.965,418.383,1.342,1.2785942,51
0101121E,2023-07-03 12:00,460.869,1.769,32945.804,33273.569,966.673,21.964,34.835,418.383,1.342,1.2655419,51
1011222,2023-07-03 12:00,417.343,1.874,33701.392,32920.078,966.684,22.456,34.523,418.383,1.342,1.2715451,51
0101121B,2023-07-03 13:00,487.452,2.005,32212.111,32802.537,966.385,22.17,34.408,416.754,1.311,1.2473445,54
0101121E,2023-07-03 13:00,456.896,1.695,33100.296,33540.019,966.539,22.222,34.204,416.754,1.311,1.2361997,54
1011222,2023-07-03 13:00,416.122,1.789,33804.37,33203.389,966.548,22.638,33.966,416.754,1.311,1.2427079,54
0101121B,2023-07-03 14:00,487.612,1.977,32373.24,32998.62,966.174,23.283,33.452,417.653,1.299,1.2410237,50
0101121E,2023-07-03 14:00,456.898,1.666,33252.7,33760.36,966.302,23.612,33.072,417.653,1.299,1.2325528,50
1011222,2023-07-03 14:00,415.756,1.749,33986.1,33474.3,966.356,24.139,32.747,417.653,1.299,1.2373821,50
0101121B,2023-07-03 15:00,482.691,1.92,32761.056,33408.648,965.981,25.597,31.641,417.477,1.292,1.2321602,54
0101121E,2023-07-03 15:00,455.089,1.623,33511.667,34111.056,966.089,25.813,31.346,417.477,1.292,1.2221705,54
1011222,2023-07-03 15:00,413.539,1.685,34258.963,33892.5,966.157,26.31,31.101,417.477,1.292,1.2285595,54
0101121B,2023-07-03 16:00,480.02,1.895,33012.722,33641.704,965.961,27.644,30.414,417.077,1.294,1.2431269,54
0101121E,2023-07-03 16:00,453.994,1.602,33671.407,34306.833,966.057,27.693,30.267,417.077,1.294,1.2348626,54
1011222,2023-07-03 16:00,412.535,1.659,34418.13,34102.574,966.122,28.068,30.095,417.077,1.294,1.2393064,54
0101121B,2023-07-03 17:00,480.944,1.882,33325.148,33963.889,965.93,31.066,28.458,418.286,1.307,1.247589,54
0101121E,2023-07-03 17:00,455.111,1.592,33881.389,34581.352,966.039,30.883,28.44,418.286,1.307,1.2387606,54
1011222,2023-07-03 17:00,412.998,1.638,34655.481,34438.407,966.054,31.268,28.279,418.286,1.307,1.2425761,54
0101121B,2023-07-03 18:00,483.269,1.834,33540.907,34311.481,965.822,33.059,26.917,419.282,1.268,1.2148446,54
0101121E,2023-07-03 18:00,456.709,1.548,34039.556,34906.167,965.957,32.867,26.909,419.282,1.268,1.2070369,54
1011222,2023-07-03 18:00,413.891,1.588,34838.333,34809.13,966.011,33.242,26.765,419.282,1.268,1.2104788,54
0101121B,2023-07-03 19:00,490.277,1.8,33633.038,34582.923,966.354,35.12,25.629,426.205,1.256,1.1940439,52
0101121E,2023-07-03 19:00,463.846,1.519,34057.212,35150.096,966.475,34.881,25.678,426.205,1.256,1.1892443,52
1011222,2023-07-03 19:00,420.277,1.553,34871.038,35092.038,966.5,35.244,25.557,426.205,1.256,1.1930065,52
0101121B,2023-07-03 20:00,510.789,1.864,33561.849,34659.396,967.064,40.549,23.941,443.109,1.339,1.2442644,53
0101121E,2023-07-03 20:00,483.204,1.575,33906.83,35203.717,967.179,40.388,24.008,443.109,1.339,1.2441974,53
1011222,2023-07-03 20:00,438.521,1.611,34730.981,35183.774,967.174,40.708,23.883,443.109,1.339,1.2447329,53
0101121B,2023-07-03 21:00,538.967,1.924,33428.038,34798.192,967.067,47.71,21.843,468.342,1.407,1.2908256,52
0101121E,2023-07-03 21:00,510.338,1.628,33666.115,35318.558,967.177,47.548,21.904,468.342,1.407,1.2911673,52
1011222,2023-07-03 21:00,463.177,1.662,34521.423,35365.115,967.198,47.868,21.778,468.342,1.407,1.2898584,52
0101121B,2023-07-03 22:00,552.721,1.963,33372.607,34848.893,967.214,52.124,20.739,479.777,1.418,1.3184437,56
0101121E,2023-07-03 22:00,524.057,1.66,33545.071,35359.107,967.359,51.905,20.801,479.777,1.418,1.3176546,56
1011222,2023-07-03 22:00,475.864,1.697,34412.036,35428.661,967.307,52.259,20.698,479.777,1.418,1.318448,56
0101121B,2023-07-03 23:00,554.878,2.043,33246.873,34560.818,967.32,52.321,21.372,479.911,1.448,1.3758088,55
0101121E,2023-07-03 23:00,524.744,1.736,33476.709,35071.073,967.455,52.056,21.391,479.911,1.448,1.3702087,55
1011222,2023-07-03 23:00,475.278,1.772,34355.673,35126.127,967.4,52.328,21.302,479.911,1.448,1.369972,55
0101121B,2023-07-04,559.036,2.063,33109.069,34446.276,967.372,51.305,21.862,484.751,1.465,1.3902422,58
0101121E,2023-07-04,528.795,1.755,33358.224,34959.569,967.529,51.1,21.89,484.751,1.465,1.3869147,58
1011222,2023-07-04,479.459,1.795,34227.655,34994.362,967.472,51.429,21.772,484.751,1.465,1.3858886,58
0101121B,2023-07-04 01:00,575.024,2.14,32845.815,34243.481,967.485,52.878,21.989,499.22,1.531,1.443895,54
0101121E,2023-07-04 01:00,543.881,1.825,33096.907,34747.389,967.6,52.597,22.049,499.22,1.531,1.4412722,54
1011222,2023-07-04 01:00,493.539,1.865,33960.667,34784.333,967.585,52.834,21.921,499.22,1.531,1.4364993,54
0101121B,2023-07-04 02:00,559.169,2.156,33070.086,34188.586,967.5,53.014,22.112,481.062,1.531,1.458383,58
0101121E,2023-07-04 02:00,528.733,1.841,33333.052,34693.552,967.662,52.794,22.149,481.062,1.531,1.4553932,58
1011222,2023-07-04 02:00,478.924,1.882,34209.966,34725.948,967.593,53.113,22.013,481.062,1.531,1.4522056,58
0101121B,2023-07-04 03:00,561.857,2.151,33040.824,34212.549,967.455,53.131,22.033,485.468,1.539,1.4547518,51
0101121E,2023-07-04 03:00,531.625,1.836,33294.255,34715.176,967.627,52.987,22.066,485.468,1.539,1.4534635,51
1011222,2023-07-04 03:00,481.614,1.878,34169.647,34747.235,967.553,53.262,21.944,485.468,1.539,1.4502731,51
0101121B,2023-07-04 04:00,569.911,2.211,32910.327,34061.382,967.665,54.502,22.083,491.797,1.578,1.4964015,55
0101121E,2023-07-04 04:00,538.851,1.891,33172.436,34562.945,967.818,54.26,22.111,491.797,1.578,1.4920311,55
1011222,2023-07-04 04:00,488.436,1.935,34044.618,34592.491,967.735,54.597,21.976,491.797,1.578,1.4891803,55
0101121B,2023-07-04 05:00,526.644,2.228,33359.911,33823.378,968.093,50.075,23.589,447.69,1.559,1.5053903,45
0101121E,2023-07-04 05:00,495.407,1.902,33746.622,34365.4,968.284,49.828,23.55,447.69,1.559,1.4941244,45
1011222,2023-07-04 05:00,447.271,1.953,34623.022,34335.489,968.251,50.256,23.425,447.69,1.559,1.4956439,45
0101121B,2023-07-04 06:00,523.383,2.265,33123.673,33491.923,968.063,45.439,25.441,443.023,1.566,1.5227072,52
0101121E,2023-07-04 06:00,490.029,1.93,33649.865,34091.269,968.265,45.519,25.248,443.023,1.566,1.5074246,52
1011222,2023-07-04 06:00,442.846,1.994,34487.288,33976.558,968.208,45.711,25.206,443.023,1.566,1.510517,52
0101121B,2023-07-04 07:00,510.206,2.284,33011.902,33178.294,967.906,40.027,27.471,429.469,1.566,1.5155912,51
0101121E,2023-07-04 07:00,475.359,1.947,33644.588,33780.588,968.106,39.706,27.485,429.469,1.566,1.5043286,51
1011222,2023-07-04 07:00,429.941,2.025,34462.588,33602.255,968.029,40.143,27.305,429.469,1.566,1.5050721,51
0101121B,2023-07-04 08:00,519.269,2.343,32352.542,32616,967.619,33.728,30.611,435.93,1.566,1.5203284,48
0101121E,2023-07-04 08:00,482.302,2.012,33153.271,33248.5,967.819,33.581,30.485,435.93,1.566,1.5033119,48
1011222,2023-07-04 08:00,437.035,2.103,33922.979,32984.854,967.765,33.891,30.352,435.93,1.566,1.5049993,48
0101121B,2023-07-04 09:00,509.606,2.311,31663.431,31993.078,967.284,23.95,35.602,429.223,1.51,1.4359737,51
0101121E,2023-07-04 09:00,475.071,1.979,32616.49,32702.294,967.48,23.829,35.502,429.223,1.51,1.4197719,51
1011222,2023-07-04 09:00,432.737,2.093,33305.765,32327.039,967.422,24.152,35.309,429.223,1.51,1.4244565,51
0101121B,2023-07-04 10:00,499.583,2.193,31960.069,32342.69,966.955,23.994,34.764,423.336,1.439,1.3748994,58
0101121E,2023-07-04 10:00,466.957,1.87,32862.345,33051.034,967.093,23.829,34.69,423.336,1.439,1.3599994,58
1011222,2023-07-04 10:00,425.531,1.973,33561.931,32702.69,967.088,24.236,34.443,423.336,1.439,1.3643214,58
0101121B,2023-07-04 11:00,495.974,2.297,32150.02,32247.72,966.804,26.548,33.983,421.076,1.547,1.4574124,50
0101121E,2023-07-04 11:00,463.37,1.968,33028.82,32928.7,966.926,26.437,33.907,421.076,1.547,1.4450208,50
1011222,2023-07-04 11:00,422.122,2.067,33760.38,32628.74,966.952,27.068,33.504,421.076,1.547,1.4465671,50
0101121B,2023-07-04 12:00,495.333,2.199,31922.712,32246.808,966.315,23.167,35.367,420.856,1.445,1.3760964,52
0101121E,2023-07-04 12:00,463.017,1.865,32861.115,32997,966.438,23.128,35.187,420.856,1.445,1.3600811,52
1011222,2023-07-04 12:00,422.554,1.976,33540.769,32622.346,966.496,23.557,34.972,420.856,1.445,1.368825,52
0101121B,2023-07-04 13:00,494.285,2.138,31615.453,32090.245,965.747,19.947,37.238,420.368,1.374,1.3102778,53
0101121E,2023-07-04 13:00,462.125,1.801,32639.377,32913.811,965.911,20.122,36.892,420.368,1.374,1.2969939,53
1011222,2023-07-04 13:00,422.674,1.927,33290.113,32484.094,965.945,20.504,36.658,420.368,1.374,1.3050434,53
0101121B,2023-07-04 14:00,488.75,2.137,31784.286,32164.268,965.232,20.722,36.765,418.33,1.413,1.3302963,56
0101121E,2023-07-04 14:00,457.905,1.798,32772.536,32980.411,965.364,20.939,36.462,418.33,1.413,1.322099,56
1011222,2023-07-04 14:00,418.755,1.912,33446.357,32598.196,965.421,21.467,36.087,418.33,1.413,1.3277953,56
0101121B,2023-07-04 15:00,481.125,2.078,32320.317,32647.05,964.687,23.872,34.365,417.061,1.413,1.3415163,60
0101121E,2023-07-04 15:00,454.04,1.758,33153.45,33384.817,964.768,23.933,34.18,417.061,1.413,1.3317187,60
1011222,2023-07-04 15:00,414.272,1.84,33847.15,33086.85,964.872,24.411,33.908,417.061,1.413,1.3378258,60
0101121B,2023-07-04 16:00,479.581,2.075,32573.153,32845.441,964.398,26.169,33.039,417.471,1.436,1.3682044,59
0101121E,2023-07-04 16:00,453.742,1.761,33327.322,33541.949,964.507,26.116,32.931,417.471,1.436,1.357085,59
1011222,2023-07-04 16:00,413.447,1.833,34025.407,33265.508,964.571,26.472,32.777,417.471,1.436,1.3635448,59
0101121B,2023-07-04 17:00,478.652,2.083,32643.833,32880.167,964.319,26.777,32.71,416.386,1.445,1.3723856,54
0101121E,2023-07-04 17:00,452.706,1.767,33376.296,33561.815,964.433,26.628,32.693,416.386,1.445,1.3634508,54
1011222,2023-07-04 17:00,412.439,1.841,34085.13,33294.833,964.491,27.024,32.481,416.386,1.445,1.3670083,54
0101121B,2023-07-04 18:00,479.817,2.046,33173.596,33430.635,964.558,32.13,29.475,417.253,1.452,1.3700461,52
0101121E,2023-07-04 18:00,453.952,1.742,33770.154,34044.923,964.65,31.913,29.493,417.253,1.452,1.3621524,52
1011222,2023-07-04 18:00,412.404,1.793,34531.115,33886.596,964.737,32.383,29.283,417.253,1.452,1.3654783,52
0101121B,2023-07-04 19:00,486.873,2.012,33381.232,33788.732,964.83,35.628,27.526,423.676,1.438,1.3574465,56
0101121E,2023-07-04 19:00,460.627,1.713,33888.571,34368.339,964.912,35.337,27.579,423.676,1.438,1.3504443,56
1011222,2023-07-04 19:00,418.05,1.753,34670.714,34262.268,964.989,35.737,27.441,423.676,1.438,1.3546492,56
0101121B,2023-07-04 20:00,502.344,2.003,33381.855,34029.673,965.113,39.095,25.96,438.123,1.453,1.3569359,55
0101121E,2023-07-04 20:00,475.684,1.705,33812.345,34585.8,965.195,38.892,26.014,438.123,1.453,1.3539935,55
1011222,2023-07-04 20:00,431.878,1.743,34609.309,34520.436,965.291,39.282,25.884,438.123,1.453,1.3569852,55
0101121B,2023-07-04 21:00,531.676,2.057,33243.328,34197.448,965.253,45.751,23.823,463.447,1.512,1.3985307,58
0101121E,2023-07-04 21:00,503.378,1.751,33574.914,34727.431,965.355,45.493,23.889,463.447,1.512,1.3960926,58
1011222,2023-07-04 21:00,457.429,1.786,34393.034,34722.81,965.36,45.889,23.767,463.447,1.512,1.3979473,58
0101121B,2023-07-04 22:00,541.584,2.094,33226.255,34230.655,965.309,49.283,22.913,471.272,1.524,1.4261987,55
0101121E,2023-07-04 22:00,512.924,1.782,33514.018,34757.6,965.405,49.03,22.954,471.272,1.524,1.4221934,55
1011222,2023-07-04 22:00,466.091,1.82,34345.109,34767.818,965.431,49.412,22.85,471.272,1.524,1.4242843,55
0101121B,2023-07-04 23:00,557.441,2.146,33168.647,34279.882,965.082,54.648,21.623,486.374,1.585,1.4622484,51
0101121E,2023-07-04 23:00,529.088,1.822,33372.843,34800.333,965.21,54.358,21.696,486.374,1.585,1.4609731,51
1011222,2023-07-04 23:00,481.037,1.866,34223.275,34839.647,965.235,54.782,21.554,486.374,1.585,1.4595535,51
0101121B,2023-07-05,564.897,2.179,33124.441,34261.068,964.681,57.122,21.135,491.041,1.586,1.4846092,59
0101121E,2023-07-05,536.151,1.855,33308.559,34767.746,964.814,56.813,21.184,491.041,1.586,1.4808544,59
1011222,2023-07-05,486.797,1.898,34174.492,34824.475,964.81,57.216,21.062,491.041,1.586,1.4801975,59
0101121B,2023-07-05 01:00,544.052,2.284,33379.444,33952.13,964.644,58.322,21.629,467.897,1.646,1.5627265,54
0101121E,2023-07-05 01:00,515.659,1.95,33602.815,34461.241,964.815,58.041,21.653,467.897,1.646,1.5570866,54
1011222,2023-07-05 01:00,467.109,1.997,34479.963,34499.963,964.8,58.469,21.519,467.897,1.646,1.5557912,54
0101121B,2023-07-05 02:00,539.692,2.408,33526.226,33739.245,965.417,63.496,21.105,458.32,1.757,1.6456829,53
0101121E,2023-07-05 02:00,512.643,2.063,33705.208,34229.811,965.613,63.412,21.134,458.32,1.757,1.6460653,53
1011222,2023-07-05 02:00,464.419,2.112,34583.792,34283.566,965.562,63.789,21.016,458.32,1.757,1.6440054,53
0101121B,2023-07-05 03:00,540.1,2.467,33550.036,33631.164,965.656,66.021,20.902,454.057,1.788,1.6898513,55
0101121E,2023-07-05 03:00,513.189,2.117,33723.055,34123.527,965.875,66.063,20.861,454.057,1.788,1.6862734,55
1011222,2023-07-05 03:00,464.62,2.166,34603.291,34178.255,965.793,66.234,20.816,454.057,1.788,1.6861319,55
0101121B,2023-07-05 04:00,542.082,2.51,33493.946,33516.696,965.895,66.661,21.067,454.86,1.808,1.7232656,56
0101121E,2023-07-05 04:00,516.907,2.189,33658.232,33941.036,966.123,68.182,20.882,454.86,1.808,1.7415473,56
1011222,2023-07-05 04:00,465.612,2.208,34572.589,34058.321,966.025,66.947,20.932,454.86,1.808,1.716123,56
0101121B,2023-07-05 05:00,524.643,2.479,33727.653,33543.918,966.084,64.827,21.372,436.618,1.735,1.7064445,49
0101121E,2023-07-05 05:00,504.082,2.203,33902.898,33932.959,966.341,70.008,20.614,436.618,1.735,1.7590168,49
1011222,2023-07-05 05:00,447.055,2.174,34883.286,34097.51,966.186,64.826,21.223,436.618,1.735,1.6908414,49
0101121B,2023-07-05 06:00,516,2.526,33397.235,33059,966.155,54.787,24.454,430.087,1.735,1.7342356,51
0101121E,2023-07-05 06:00,489.259,2.299,33847.784,33391.608,966.388,60.716,23.574,430.087,1.735,1.8230404,51
1011222,2023-07-05 06:00,436.169,2.234,34735.882,33547.098,966.255,55.008,24.194,430.087,1.735,1.7140585,51
0101121B,2023-07-05 07:00,509.5,2.37,33353.6,33272.909,966.409,48.108,25.404,429.602,1.617,1.6123237,55
0101121E,2023-07-05 07:00,482.707,2.131,33837.8,33668.473,966.68,53.033,24.712,429.602,1.617,1.7065816,55
1011222,2023-07-05 07:00,433.627,2.08,34673.782,33793.345,966.553,48.034,25.087,429.602,1.617,1.5795999,55
0101121B,2023-07-05 08:00,515.808,2.435,33707.442,33503.615,967.398,59.013,22.468,432.426,1.709,1.6577691,52
0101121E,2023-07-05 08:00,491.992,2.126,33958.365,33963.596,967.658,61.455,22.104,432.426,1.709,1.6887316,52
1011222,2023-07-05 08:00,440.74,2.145,34883.865,34025.077,967.498,59.205,22.244,432.426,1.709,1.6404196,52
0101121B,2023-07-05 09:00,511.78,2.429,33196.673,33040.873,967.484,46.843,26.14,424.435,1.627,1.6245703,55
0101121E,2023-07-05 09:00,476.867,2.042,33811.618,33749.564,967.769,47.667,25.782,424.435,1.627,1.6183128,55
1011222,2023-07-05 09:00,431.029,2.162,34630.473,33491.509,967.618,47.213,25.78,424.435,1.627,1.6026266,55
0101121B,2023-07-05 10:00,502.377,2.363,32855.226,32780.585,967.694,37.683,29.18,422.571,1.61,1.5629565,53
0101121E,2023-07-05 10:00,467.321,1.967,33617.472,33571.283,967.955,38.221,28.803,422.571,1.61,1.5513833,53
1011222,2023-07-05 10:00,426.049,2.103,34334.264,33216.981,967.834,38.119,28.805,422.571,1.61,1.5468367,53
0101121B,2023-07-05 11:00,499.9,2.323,33327.8,33223.9,968.142,43.822,26.535,421.757,1.627,1.5662601,50
0101121E,2023-07-05 11:00,471.516,2.023,33837.64,33726.58,968.386,43.938,26.405,421.757,1.627,1.5581553,50
1011222,2023-07-05 11:00,425.504,2.058,34684.48,33679.72,968.246,44.356,26.228,421.757,1.627,1.5570308,50
0101121B,2023-07-05 12:00,499.958,2.425,33533.292,33170.188,968.217,49.912,25.233,419.719,1.704,1.6478212,48
0101121E,2023-07-05 12:00,472.16,2.118,33974.229,33647.562,968.419,49.965,25.103,419.719,1.704,1.6361659,48
1011222,2023-07-05 12:00,425.404,2.156,34842.604,33621.104,968.306,50.39,24.97,419.719,1.704,1.6373418,48
0101121B,2023-07-05 13:00,499.029,2.348,32912.922,32813.843,967.857,37.57,29.155,420.497,1.6,1.5624306,51
0101121E,2023-07-05 13:00,467.629,2.033,33596.784,33399.627,968.096,37.692,28.946,420.497,1.6,1.5490686,51
1011222,2023-07-05 13:00,422.796,2.098,34423.039,33247.137,967.967,38.38,28.618,420.497,1.6,1.5479513,51
0101121B,2023-07-05 14:00,493.711,2.289,33163.264,33073.868,967.645,39.159,28.163,417.785,1.606,1.5428153,53
0101121E,2023-07-05 14:00,464.681,1.98,33761.34,33634,967.874,39.193,28.028,417.785,1.606,1.5314335,53
1011222,2023-07-05 14:00,420.587,2.033,34569.377,33505.717,967.758,39.677,27.842,417.785,1.606,1.5340492,53
0101121B,2023-07-05 15:00,494.755,2.287,33242.836,33160.855,967.522,40.53,27.574,419.154,1.614,1.5430725,55
0101121E,2023-07-05 15:00,466.036,1.978,33826.2,33728.564,967.705,40.819,27.301,419.154,1.614,1.5295338,55
1011222,2023-07-05 15:00,421.391,2.023,34635.982,33623.691,967.62,41.178,27.215,419.154,1.614,1.5352685,55
0101121B,2023-07-05 16:00,496.62,2.367,33607.491,33313.4,967.656,49.069,25.122,420.55,1.695,1.6177363,55
0101121E,2023-07-05 16:00,469.889,2.056,34017.873,33801.145,967.856,48.967,25.097,420.55,1.695,1.6116445,55
1011222,2023-07-05 16:00,424.135,2.094,34876.582,33776.927,967.705,49.545,24.919,420.55,1.695,1.6137262,55
0101121B,2023-07-05 17:00,493.037,2.226,33471.111,33465.148,967.678,42.458,26.349,416.668,1.548,1.5054808,54
0101121E,2023-07-05 17:00,464.531,1.917,33978.667,34013.963,967.869,42.348,26.242,416.668,1.548,1.4919121,54
1011222,2023-07-05 17:00,419.435,1.958,34813.315,33937.722,967.757,42.719,26.14,416.668,1.548,1.4960207,54
0101121B,2023-07-05 18:00,495.321,2.141,33548.464,33751.839,967.766,42.471,25.632,419.591,1.49,1.4431416,56
0101121E,2023-07-05 18:00,467.405,1.843,34012.411,34284.018,967.984,42.449,25.525,419.591,1.49,1.4330354,56
1011222,2023-07-05 18:00,422.089,1.878,34848.625,34233.786,967.832,42.708,25.461,419.591,1.49,1.4364501,56
0101121B,2023-07-05 19:00,510.739,2.238,33513.627,33715.588,968.1,48.735,24.253,435.532,1.643,1.5188236,51
0101121E,2023-07-05 19:00,483.902,1.936,33863.51,34189.275,968.294,48.588,24.305,435.532,1.643,1.5187061,51
1011222,2023-07-05 19:00,437.284,1.963,34722.412,34207.314,968.147,48.921,24.148,435.532,1.643,1.5149807,51
0101121B,2023-07-05 20:00,525.437,2.239,33826.704,34193.222,968.909,60.086,20.626,443.068,1.647,1.5045763,54
0101121E,2023-07-05 20:00,500.017,1.927,33970.037,34645.37,969.083,60.468,20.633,443.068,1.647,1.5141395,54
1011222,2023-07-05 20:00,452.131,1.963,34863.87,34731.407,968.93,60.524,20.55,443.068,1.647,1.5083454,54
0101121B,2023-07-05 21:00,547.736,2.304,33640.377,34187,969.285,66.292,19.433,456.178,1.691,1.5436411,53
0101121E,2023-07-05 21:00,521.292,1.983,33720.547,34622.057,969.481,66.759,19.454,456.178,1.691,1.5562824,53
1011222,2023-07-05 21:00,472.326,2.032,34621.604,34722.604,969.291,66.984,19.359,456.178,1.691,1.5525583,53
0101121B,2023-07-05 22:00,544.685,2.267,33733.564,34315.455,969.315,66.518,19.124,453.191,1.593,1.5195216,55
0101121E,2023-07-05 22:00,517.813,1.94,33810.527,34776.127,969.531,66.521,19.142,453.191,1.593,1.5209731,55
1011222,2023-07-05 22:00,468.444,1.988,34729,34889.927,969.318,66.856,19.015,453.191,1.593,1.5169015,55
0101121B,2023-07-05 23:00,546.964,2.248,33715.431,34372.948,969.441,66.37,18.995,455.424,1.58,1.5036536,58
0101121E,2023-07-05 23:00,520.029,1.927,33787.328,34824.362,969.672,66.492,18.982,455.424,1.58,1.5048644,58
1011222,2023-07-05 23:00,470.369,1.972,34703.276,34942.052,969.493,66.564,18.927,455.424,1.58,1.5015833,58
0101121B,2023-07-06,561.182,2.184,33595.857,34631.464,969.382,67.075,18.223,468.102,1.558,1.4483534,56
0101121E,2023-07-06,533.839,1.865,33618.661,35076.839,969.593,67.272,18.288,468.102,1.558,1.4581235,56
1011222,2023-07-06,483.323,1.913,34549.143,35218.893,969.379,67.257,18.144,468.102,1.558,1.4450876,56
0101121B,2023-07-06 01:00,562.692,2.158,33642.615,34760.885,969.325,68.133,17.703,467.9,1.499,1.423909,52
0101121E,2023-07-06 01:00,535.142,1.835,33641.635,35218.462,969.567,67.856,17.792,467.9,1.499,1.4257371,52
1011222,2023-07-06 01:00,483.894,1.885,34588.712,35367.654,969.281,68.041,17.649,467.9,1.499,1.4172451,52
0101121B,2023-07-06 02:00,574.33,2.129,33518.537,34881.981,969.244,68.781,17.278,477.029,1.472,1.3994451,54
0101121E,2023-07-06 02:00,546.209,1.81,33497.593,35332.204,969.47,68.63,17.34,477.029,1.472,1.4014988,54
1011222,2023-07-06 02:00,494.146,1.861,34448.037,35491.648,969.174,68.747,17.221,477.029,1.472,1.3938504,54
0101121B,2023-07-06 03:00,557.736,2.122,33728.962,34854.189,969.008,67.144,17.655,462.888,1.428,1.3992327,53
0101121E,2023-07-06 03:00,529.611,1.802,33742.962,35320.925,969.24,66.785,17.686,462.888,1.428,1.3940989,53
1011222,2023-07-06 03:00,478.268,1.855,34696.792,35454.057,968.955,67.185,17.6,462.888,1.428,1.3953647,53
0101121B,2023-07-06 04:00,546.824,2.127,33827.746,34769.695,968.91,65.233,18.21,453.927,1.428,1.4077398,59
0101121E,2023-07-06 04:00,518.407,1.804,33881.373,35248.508,969.171,64.881,18.25,453.927,1.428,1.4032402,59
1011222,2023-07-06 04:00,467.669,1.861,34840.983,35365.593,968.883,65.459,18.081,453.927,1.428,1.4012249,59
0101121B,2023-07-06 05:00,549.656,2.171,33575.836,34470.2,968.969,61.163,19.669,458.447,1.458,1.4452559,55
0101121E,2023-07-06 05:00,519.689,1.845,33725.655,34967.291,969.211,60.728,19.689,458.447,1.458,1.4363864,55
1011222,2023-07-06 05:00,468.498,1.903,34670.909,35031.291,968.947,61.194,19.546,458.447,1.458,1.4349579,55
0101121B,2023-07-06 06:00,535.435,2.202,33465.315,34098.926,969.081,53.888,21.965,444.47,1.469,1.4657629,54
0101121E,2023-07-06 06:00,503.285,1.878,33777.926,34613.296,969.367,53.458,21.979,444.47,1.469,1.4546916,54
1011222,2023-07-06 06:00,453.17,1.941,34698.963,34597.833,969.093,53.869,21.829,444.47,1.469,1.4531229,54
0101121B,2023-07-06 07:00,530.293,2.239,33036.729,33566.746,968.988,44.108,25.288,437.297,1.456,1.4613424,59
0101121E,2023-07-06 07:00,493.154,1.925,33592.424,34096.627,969.288,43.703,25.279,437.297,1.456,1.4468471,59
1011222,2023-07-06 07:00,444.822,1.996,34457.458,33974.78,969.034,43.946,25.151,437.297,1.456,1.4443265,59
0101121B,2023-07-06 08:00,517.743,2.129,32583.51,33255.529,969.063,31.971,29.36,426.856,1.337,1.3440832,51
0101121E,2023-07-06 08:00,479.861,1.832,33328.745,33820.843,969.343,31.555,29.429,426.856,1.337,1.3314277,51
1011222,2023-07-06 08:00,433.802,1.914,34136.039,33594.255,969.129,31.825,29.223,426.856,1.337,1.3272952,51
0101121B,2023-07-06 09:00,505.745,2.009,32180.621,33006.828,969.026,23.824,32.908,419.474,1.218,1.2283363,58
0101121E,2023-07-06 09:00,470.614,1.713,33043.862,33666.448,969.259,23.54,32.88,419.474,1.218,1.2118063,58
1011222,2023-07-06 09:00,427.131,1.802,33776.759,33343.966,969.076,23.774,32.736,419.474,1.218,1.2140948,58
0101121B,2023-07-06 10:00,499.144,1.956,31957.441,32839.915,968.895,20.512,34.82,418.308,1.198,1.1776766,59
0101121E,2023-07-06 10:00,466.968,1.662,32857.085,33541.051,969.115,20.377,34.728,418.308,1.198,1.1637569,59
1011222,2023-07-06 10:00,425.388,1.753,33565.051,33206,968.993,20.761,34.444,418.308,1.198,1.1673309,59
0101121B,2023-07-06 11:00,502.237,2.011,31687.667,32523.222,968.667,19.202,36.115,418.811,1.22,1.1840631,54
0101121E,2023-07-06 11:00,468.25,1.707,32649.074,33246.019,968.872,19.01,36.09,418.811,1.22,1.1703163,54
1011222,2023-07-06 11:00,427.083,1.814,33344.87,32870.815,968.769,19.443,35.742,418.811,1.22,1.1746875,54
0101121B,2023-07-06 12:00,496.073,1.916,31812.039,32762.451,968.378,18.66,35.943,419.324,1.178,1.1399324,51
0101121E,2023-07-06 12:00,465.012,1.617,32734.157,33501.471,968.533,18.556,35.861,419.324,1.178,1.1282242,51
1011222,2023-07-06 12:00,425.061,1.718,33416.02,33134.804,968.496,19.013,35.51,419.324,1.178,1.1339789,51
0101121B,2023-07-06 13:00,492.947,1.9,31642.618,32604.364,967.955,17.273,37.21,419.126,1.179,1.1264223,55
0101121E,2023-07-06 13:00,463.316,1.594,32609,33407.073,968.104,17.327,36.963,419.126,1.179,1.1148177,55
1011222,2023-07-06 13:00,424.516,1.704,33237.709,32980.182,968.107,17.681,36.779,419.126,1.179,1.1262329,55
0101121B,2023-07-06 14:00,486.809,1.821,32277.035,33262.316,967.782,20.526,34.09,419.711,1.192,1.1331164,57
0101121E,2023-07-06 14:00,460.116,1.529,33112.895,34030.088,967.889,20.769,33.698,419.711,1.192,1.1213991,57
1011222,2023-07-06 14:00,420.577,1.603,33778.895,33714.561,967.907,21.091,33.574,419.711,1.192,1.1309168,57
0101121B,2023-07-06 15:00,487.172,1.749,32324.113,33480.83,967.564,19.729,33.783,418.756,1.11,1.0711159,53
0101121E,2023-07-06 15:00,459.194,1.458,33156.358,34247.321,967.689,19.949,33.497,418.756,1.11,1.0658517,53
1011222,2023-07-06 15:00,419.185,1.529,33862.642,33967.491,967.709,20.426,33.171,418.756,1.11,1.0715425,53
0101121B,2023-07-06 16:00,482.44,1.718,32562.19,33704.414,967.421,21.019,32.834,419.849,1.116,1.08284,58
0101121E,2023-07-06 16:00,457.864,1.433,33292.397,34436.069,967.543,21.083,32.65,419.849,1.116,1.0748516,58
1011222,2023-07-06 16:00,418.383,1.5,33968.397,34145.448,967.605,21.378,32.532,419.849,1.116,1.082725,58
0101121B,2023-07-06 17:00,482.856,1.753,32800.618,33837.382,967.691,23.79,31.395,421.304,1.163,1.1289016,55
0101121E,2023-07-06 17:00,459.142,1.47,33446.127,34521.782,967.805,23.755,31.308,421.304,1.163,1.1216497,55
1011222,2023-07-06 17:00,419.138,1.528,34141.164,34280.855,967.829,23.997,31.2,421.304,1.163,1.1261192,55
0101121B,2023-07-06 18:00,486.987,1.768,33135.455,34164.636,967.958,27.963,28.997,425.471,1.214,1.1543605,55
0101121E,2023-07-06 18:00,463.327,1.488,33663.255,34788,968.065,27.814,29.022,425.471,1.214,1.1497826,55
1011222,2023-07-06 18:00,422.367,1.534,34392.691,34622.291,968.116,28.114,28.913,425.471,1.214,1.1547564,55
0101121B,2023-07-06 19:00,504.876,1.876,33334.31,34336.672,968.403,36.019,25.996,439.981,1.342,1.2464628,58
0101121E,2023-07-06 19:00,480.172,1.589,33725.466,34897.5,968.5,35.843,26.081,439.981,1.342,1.2464744,58
1011222,2023-07-06 19:00,437.603,1.63,34494.793,34818.517,968.538,36.229,25.935,439.981,1.342,1.2490627,58
0101121B,2023-07-06 20:00,534.029,1.984,33251.927,34414.473,968.904,44.584,23.525,465.434,1.446,1.3327739,55
0101121E,2023-07-06 20:00,508.087,1.688,33526.382,34936.164,968.993,44.287,23.601,465.434,1.446,1.3298736,55
1011222,2023-07-06 20:00,462.776,1.726,34329.782,34927.4,969.04,44.795,23.483,465.434,1.446,1.3355434,55
0101121B,2023-07-06 21:00,551.865,2.043,33170.118,34448.706,969.206,49.813,22.222,481.212,1.489,1.3764477,51
0101121E,2023-07-06 21:00,525.851,1.739,33368.333,34954.059,969.329,49.532,22.296,481.212,1.489,1.3746988,51
1011222,2023-07-06 21:00,478.882,1.777,34195.039,34988.824,969.312,49.988,22.164,481.212,1.489,1.3762772,51
0101121B,2023-07-06 22:00,576.746,2.056,33000.173,34618.346,969.358,54.653,20.736,503.276,1.503,1.3789169,52
0101121E,2023-07-06 22:00,550.05,1.747,33118.731,35114.808,969.463,54.526,20.799,503.276,1.503,1.3808489,52
1011222,2023-07-06 22:00,501.554,1.782,33957.269,35195.096,969.494,54.73,20.686,503.276,1.503,1.3763214,52
0101121B,2023-07-06 23:00,584.774,2.053,33064.431,34800.052,969.45,58.836,19.408,503.94,1.485,1.3674203,58
0101121E,2023-07-06 23:00,557.11,1.735,33128.224,35303.586,969.593,58.645,19.486,503.94,1.485,1.3695108,58
1011222,2023-07-06 23:00,507.752,1.778,33990.948,35405.897,969.56,58.911,19.357,503.94,1.485,1.3647575,58
0101121B,2023-07-07,593.914,2.041,33050.946,34951.857,969.618,61.503,18.489,508.783,1.468,1.3496822,56
0101121E,2023-07-07,566.007,1.72,33071.679,35455.804,969.782,61.463,18.549,508.783,1.468,1.3535978,56
1011222,2023-07-07,515.804,1.77,33947.214,35571.196,969.693,61.731,18.419,508.783,1.468,1.3486533,56
0101121B,2023-07-07 01:00,612.893,2.029,32885.158,35097.579,969.891,64.134,17.606,525.923,1.453,1.3311079,57
0101121E,2023-07-07 01:00,584.223,1.706,32858.719,35597.035,970.072,64.171,17.682,525.923,1.453,1.3379996,57
1011222,2023-07-07 01:00,532.656,1.755,33747.246,35743.298,969.949,64.092,17.548,525.923,1.453,1.325356,57
0101121B,2023-07-07 02:00,614.986,1.999,32951.754,35271.263,970.011,65.759,16.86,521.72,1.418,1.3017827,57
0101121E,2023-07-07 02:00,585.416,1.677,32901.895,35769.14,970.17,65.77,16.938,521.72,1.418,1.308273,57
1011222,2023-07-07 02:00,533.572,1.729,33802.596,35928.175,970.086,65.653,16.818,521.72,1.418,1.2961539,57
0101121B,2023-07-07 03:00,622.391,1.983,32892.421,35362.439,970.204,66.659,16.461,530.035,1.394,1.2863961,57
0101121E,2023-07-07 03:00,593.068,1.664,32815.07,35856.228,970.367,66.694,16.541,530.035,1.394,1.2934344,57
1011222,2023-07-07 03:00,540.146,1.715,33729.807,36029.912,970.267,66.457,16.416,530.035,1.394,1.2787775,57
0101121B,2023-07-07 04:00,638.607,2.057,32567.382,35081.4,970.364,66.755,17.138,545.443,1.399,1.3449125,55
0101121E,2023-07-07 04:00,607.509,1.725,32543.418,35600.364,970.564,66.644,17.154,545.443,1.399,1.3437615,55
1011222,2023-07-07 04:00,554.033,1.782,33438.582,35741.982,970.447,66.82,17.033,545.443,1.399,1.337349,55
0101121B,2023-07-07 05:00,589.562,2.142,32807.354,34404.438,970.692,56.836,20.714,501.708,1.409,1.4280659,48
0101121E,2023-07-07 05:00,557.927,1.802,33008.083,34974.396,970.933,56.994,20.631,501.708,1.409,1.4242444,48
1011222,2023-07-07 05:00,506.933,1.866,33880.271,34985.854,970.804,57.435,20.524,501.708,1.409,1.4259957,48
0101121B,2023-07-07 06:00,538.907,2.035,33100.636,34221.8,970.702,43.327,24.011,453.522,1.333,1.3308296,55
0101121E,2023-07-07 06:00,505.193,1.714,33536.073,34817.436,970.98,43.156,23.959,453.522,1.333,1.3209473,55
1011222,2023-07-07 06:00,457.549,1.785,34374.109,34701.164,970.835,43.283,23.908,453.522,1.333,1.3209249,55
0101121B,2023-07-07 07:00,535.256,2.165,32526.923,33359.058,970.792,35.721,28.025,447.25,1.392,1.3870267,52
0101121E,2023-07-07 07:00,498.802,1.851,33186.115,33956.115,971.06,35.486,27.966,447.25,1.392,1.3732578,52
1011222,2023-07-07 07:00,452.273,1.934,33968.077,33726.577,970.954,35.579,27.937,447.25,1.392,1.3744152,52
0101121B,2023-07-07 08:00,525.784,2.191,31942.75,32674.196,970.641,27.285,32.476,440.19,1.402,1.3705387,56
0101121E,2023-07-07 08:00,490.716,1.875,32787.25,33353.286,970.877,27.258,32.253,440.19,1.402,1.3516877,56
1011222,2023-07-07 08:00,446.443,1.971,33489.786,33014.839,970.8,27.338,32.294,440.19,1.402,1.3587513,56
0101121B,2023-07-07 09:00,520.844,2.26,31329.327,31948.564,970.42,21.681,36.562,435.898,1.414,1.367509,55
0101121E,2023-07-07 09:00,485.815,1.922,32306.236,32697.855,970.633,21.507,36.478,435.898,1.414,1.3497888,55
1011222,2023-07-07 09:00,444.585,2.048,32945.636,32266.509,970.575,21.699,36.356,435.898,1.414,1.3531404,55
0101121B,2023-07-07 10:00,519.15,2.295,30958.839,31541.696,970.139,18.986,38.873,434.445,1.427,1.3576189,56
0101121E,2023-07-07 10:00,484.116,1.944,32006.107,32336.125,970.307,18.776,38.833,434.445,1.427,1.3399785,56
1011222,2023-07-07 10:00,444.566,2.09,32592.071,31840.393,970.316,18.971,38.755,434.445,1.427,1.3476343,56
0101121B,2023-07-07 11:00,510.249,2.188,30672.962,31386.17,969.74,15.238,41.29,426.071,1.323,1.2408794,53
0101121E,2023-07-07 11:00,476.23,1.836,31771.075,32225.547,969.889,14.989,41.359,426.071,1.323,1.2250235,53
1011222,2023-07-07 11:00,438.564,2.001,32343.887,31688.925,969.955,15.313,41.08,426.071,1.323,1.2331513,53
0101121B,2023-07-07 12:00,505.634,2.009,30458.604,31489.245,969.33,12.244,42.909,422.744,1.19,1.0839927,53
0101121E,2023-07-07 12:00,472.5,1.666,31628.208,32416.943,969.432,12.174,42.744,422.744,1.19,1.0692999,53
1011222,2023-07-07 12:00,436.345,1.837,32159.849,31821.642,969.54,12.456,42.52,422.744,1.19,1.0809475,53
0101121B,2023-07-07 13:00,501.031,1.899,30375.537,31573.704,968.817,10.809,43.767,421.996,1.137,1.0044061,54
0101121E,2023-07-07 13:00,469.23,1.562,31578.148,32550.463,968.919,10.907,43.434,421.996,1.137,0.9960141,54
1011222,2023-07-07 13:00,434.594,1.738,32096.37,31936.963,969.017,11.232,43.121,421.996,1.137,1.0089528,54
0101121B,2023-07-07 14:00,496.595,1.888,30596.14,31735.667,968.407,11.583,42.879,421.418,1.158,1.0271382,57
0101121E,2023-07-07 14:00,464.895,1.546,31797.877,32736.123,968.47,11.848,42.418,421.418,1.158,1.0255128,57
1011222,2023-07-07 14:00,430.351,1.703,32333.772,32176.298,968.635,12.203,42.056,421.418,1.158,1.0359255,57
0101121B,2023-07-07 15:00,488.913,1.838,31156.463,32243.019,967.993,13.639,40.35,420.51,1.159,1.0584461,54
0101121E,2023-07-07 15:00,460.261,1.521,32235.667,33156.111,968.044,13.906,39.951,420.51,1.159,1.0566857,54
1011222,2023-07-07 15:00,424.294,1.636,32828.796,32712.019,968.224,14.364,39.533,420.51,1.159,1.0673242,54
0101121B,2023-07-07 16:00,480.726,1.785,31800.7,32825.7,967.604,16.589,37.392,419.898,1.172,1.0969712,50
0101121E,2023-07-07 16:00,456.104,1.486,32685.96,33626.16,967.69,16.583,37.296,419.898,1.172,1.0911838,50
1011222,2023-07-07 16:00,419.89,1.585,33289.66,33223.42,967.87,16.932,37.002,419.898,1.172,1.0964217,50
0101121B,2023-07-07 17:00,479.51,1.819,32135.612,33034.755,967.618,19.134,35.579,419.308,1.214,1.1470182,49
0101121E,2023-07-07 17:00,455.569,1.524,32934.224,33775.612,967.678,19,35.585,419.308,1.214,1.13933,49
1011222,2023-07-07 17:00,418.22,1.608,33562.163,33424.265,967.863,19.325,35.366,419.308,1.214,1.1446451,49
0101121B,2023-07-07 18:00,479.216,1.796,32515.02,33425.673,967.69,21.755,33.41,420.379,1.224,1.1570457,49
0101121E,2023-07-07 18:00,456.392,1.509,33212.408,34118.184,967.737,21.585,33.443,420.379,1.224,1.1501606,49
1011222,2023-07-07 18:00,417.888,1.573,33873.429,33840.429,967.918,21.909,33.262,420.379,1.224,1.1554331,49
0101121B,2023-07-07 19:00,491.751,1.835,32707.547,33683.472,968.004,25.961,31.094,434.186,1.297,1.2087861,53
0101121E,2023-07-07 19:00,469.283,1.552,33289.472,34318.283,968.072,25.766,31.167,434.186,1.297,1.2046254,53
1011222,2023-07-07 19:00,429.281,1.601,33973.698,34107.868,968.247,26.077,31.046,434.186,1.297,1.2105408,53
0101121B,2023-07-07 20:00,518.652,1.944,32628.538,33733.481,968.023,31.421,29.003,457.225,1.389,1.2998738,52
0101121E,2023-07-07 20:00,494.427,1.656,33131.058,34324.558,968.098,31.254,29.045,457.225,1.389,1.2959215,52
1011222,2023-07-07 20:00,452.263,1.697,33840.154,34181.058,968.262,31.586,28.936,457.225,1.389,1.301319,52
0101121B,2023-07-07 21:00,553.676,2.038,32434.52,33825.94,968.154,37.803,26.842,489.184,1.501,1.3783509,50
0101121E,2023-07-07 21:00,527.114,1.74,32843.1,34379.12,968.232,37.546,26.927,489.184,1.501,1.3757434,50
1011222,2023-07-07 21:00,482.842,1.775,33572.38,34303.62,968.404,37.923,26.792,489.184,1.501,1.3784304,50
0101121B,2023-07-07 22:00,581.562,2.053,32281.849,34026.604,968.168,42.31,25.119,515.865,1.507,1.3935854,53
0101121E,2023-07-07 22:00,553.347,1.754,32617.887,34557.566,968.247,42.054,25.187,515.865,1.507,1.3907206,53
1011222,2023-07-07 22:00,507.206,1.785,33362.604,34528.491,968.364,42.433,25.072,515.865,1.507,1.3935058,53
0101121B,2023-07-07 23:00,598.273,2.098,32134.941,34011.706,968.449,45.043,24.454,526.833,1.527,1.4258973,51
0101121E,2023-07-07 23:00,568.786,1.793,32450,34537,968.524,44.72,24.509,526.833,1.527,1.4202488,51
1011222,2023-07-07 23:00,521.237,1.826,33204.176,34522.667,968.712,45.089,24.399,526.833,1.527,1.4222723,51
0101121B,2023-07-08,532.337,2.061,33129.519,34093.135,968.896,44.091,24.497,464.261,1.453,1.3971298,52
0101121E,2023-07-08,505.158,1.757,33486.942,34644.712,969.029,43.902,24.426,464.261,1.453,1.3848492,52
1011222,2023-07-08,460.023,1.794,34276.731,34611.077,969.144,44.275,24.354,464.261,1.453,1.3906097,52
0101121B,2023-07-08 01:00,533.542,2.294,33240.018,33663.055,968.9,52.38,23.653,460.702,1.681,1.5777979,55
0101121E,2023-07-08 01:00,507.8,1.969,33525.164,34178.764,969.031,52.277,23.658,460.702,1.681,1.5749876,55
1011222,2023-07-08 01:00,462.095,2.006,34334.836,34184.018,969.118,52.627,23.543,460.702,1.681,1.5744978,55
0101121B,2023-07-08 02:00,548.66,2.392,33116.491,33542.717,968.955,57.156,22.906,470.897,1.75,1.6476224,53
0101121E,2023-07-08 02:00,522.149,2.054,33356.151,34046.151,969.094,56.878,22.977,470.897,1.75,1.6463679,53
1011222,2023-07-08 02:00,475.36,2.096,34179.358,34062.491,969.17,57.274,22.837,470.897,1.75,1.6437696,53
0101121B,2023-07-08 03:00,543.412,2.473,33234.192,33396.865,970.044,59.875,22.671,462.666,1.807,1.6994228,52
0101121E,2023-07-08 03:00,517.296,2.126,33468.038,33898.269,970.173,59.672,22.69,462.666,1.807,1.6953949,52
1011222,2023-07-08 03:00,470.154,2.168,34302.558,33923.308,970.208,60.093,22.582,462.666,1.807,1.6960912,52
0101121B,2023-07-08 04:00,531.819,2.414,33505.288,33604.808,970.298,60.39,22.104,451.254,1.748,1.6559497,52
0101121E,2023-07-08 04:00,506.733,2.073,33710.404,34102.981,970.442,60.26,22.085,451.254,1.748,1.6503276,52
1011222,2023-07-08 04:00,459.769,2.115,34563.538,34145.327,970.417,60.69,21.974,451.254,1.748,1.6509179,52
0101121B,2023-07-08 05:00,522.498,2.427,33723.167,33627.093,971.517,62.372,21.64,436.41,1.734,1.6602584,54
0101121E,2023-07-08 05:00,497.815,2.087,33910.185,34118.5,971.672,62.423,21.605,436.41,1.734,1.6577521,54
1011222,2023-07-08 05:00,451.08,2.131,34776.463,34168.87,971.706,62.772,21.501,436.41,1.734,1.6563742,54
0101121B,2023-07-08 06:00,513.13,2.473,33564.537,33263.037,972.146,56.488,23.676,427.392,1.705,1.6951578,54
0101121E,2023-07-08 06:00,486.172,2.132,33904.296,33784.222,972.356,56.502,23.556,427.392,1.705,1.6832944,54
1011222,2023-07-08 06:00,439.461,2.185,34764.796,33760.574,972.35,56.946,23.447,427.392,1.705,1.6852621,54
0101121B,2023-07-08 07:00,506.312,2.385,33337.288,33180.404,971.985,47.143,25.837,423.015,1.631,1.6139368,52
0101121E,2023-07-08 07:00,477.465,2.05,33816.25,33742.038,972.204,47.054,25.716,423.015,1.631,1.5989666,52
1011222,2023-07-08 07:00,432.031,2.113,34640.538,33635.808,972.179,47.429,25.599,423.015,1.631,1.6007121,52
0101121B,2023-07-08 08:00,505.081,2.363,33106.293,33015.776,971.255,42.144,27.388,421.15,1.621,1.5794637,58
0101121E,2023-07-08 08:00,474.398,2.039,33723.655,33619.379,971.464,42.597,26.947,421.15,1.621,1.5555281,58
1011222,2023-07-08 08:00,429.055,2.104,34496.034,33432.466,971.429,42.505,27.161,421.15,1.621,1.571798,58
0101121B,2023-07-08 09:00,500.595,2.379,32379.018,32326.564,970.845,31.431,32.198,417.783,1.599,1.548491,55
0101121E,2023-07-08 09:00,468.091,2.041,33216.145,33017.2,971.093,31.594,31.873,417.783,1.599,1.5274653,55
1011222,2023-07-08 09:00,425.46,2.138,33932.345,32707.055,971.084,31.845,31.838,417.783,1.599,1.5368676,55
0101121B,2023-07-08 10:00,494.132,2.257,32121.232,32283.5,970.9,25.988,34.319,416.848,1.505,1.4496684,56
0101121E,2023-07-08 10:00,463.984,1.921,32979.036,33002.143,971.125,25.892,34.197,416.848,1.505,1.4343111,56
1011222,2023-07-08 10:00,424.03,2.03,33675.446,32665.571,971.129,26.424,33.852,416.848,1.505,1.435852,56
0101121B,2023-07-08 11:00,495.539,2.435,32350.375,32130.982,970.92,31.168,32.845,419.424,1.693,1.5995838,56
0101121E,2023-07-08 11:00,465.793,2.094,33136.054,32785.786,971.079,31.037,32.798,419.424,1.693,1.5887945,56
1011222,2023-07-08 11:00,425.42,2.191,33844.286,32500.732,971.091,31.613,32.486,419.424,1.693,1.5900615,56
0101121B,2023-07-08 12:00,502.444,2.606,31650.561,31322.965,970.709,26.7,36.31,419.401,1.726,1.6542814,57
0101121E,2023-07-08 12:00,468.747,2.237,32620.632,32048.228,970.904,26.564,36.225,419.401,1.726,1.6379953,57
1011222,2023-07-08 12:00,428.791,2.378,33278.07,31644.596,970.921,26.99,35.978,419.401,1.726,1.6419871,57
0101121B,2023-07-08 13:00,502.74,2.593,30988.175,30828.579,970.332,20.56,40.114,418.778,1.691,1.5716179,57
0101121E,2023-07-08 13:00,468.663,2.209,32115.982,31664.368,970.521,20.659,39.822,418.778,1.691,1.5551554,57
1011222,2023-07-08 13:00,430.8,2.385,32709.702,31164.491,970.56,21.114,39.553,418.778,1.691,1.566322,57
0101121B,2023-07-08 14:00,502.132,2.319,30840.547,31199.434,970.042,17.008,41.014,421.689,1.485,1.3680538,53
0101121E,2023-07-08 14:00,468.909,1.945,32001.038,32114.377,970.179,17.324,40.589,421.689,1.485,1.3622603,53
1011222,2023-07-08 14:00,432.198,2.108,32588.132,31621.189,970.287,17.823,40.195,421.689,1.485,1.3721449,53
0101121B,2023-07-08 15:00,497.604,2.074,30939.611,31680.148,969.772,15.166,40.831,420.939,1.315,1.2065617,54
0101121E,2023-07-08 15:00,466.144,1.725,32092.981,32630.37,969.883,15.609,40.263,420.939,1.315,1.2047575,54
1011222,2023-07-08 15:00,429.402,1.86,32678.259,32155.889,970.03,16.08,39.925,420.939,1.315,1.2187579,54
0101121B,2023-07-08 16:00,486.002,2.003,31576.321,32224.518,969.63,18.203,38.206,421.314,1.334,1.2547164,56
0101121E,2023-07-08 16:00,460.964,1.678,32487.482,33036.179,969.709,18.194,38.109,421.314,1.334,1.2479519,56
1011222,2023-07-08 16:00,425.245,1.798,33069.589,32598.857,969.879,18.569,37.826,421.314,1.334,1.2542966,56
0101121B,2023-07-08 17:00,484.256,2.076,32042.62,32455.44,969.64,22.414,35.682,421.755,1.438,1.3474228,50
0101121E,2023-07-08 17:00,460.434,1.756,32825.76,33178.46,969.688,22.19,35.761,421.755,1.438,1.3396376,50
1011222,2023-07-08 17:00,423.484,1.852,33440.22,32819.66,969.862,22.545,35.539,421.755,1.438,1.3442636,50
0101121B,2023-07-08 18:00,489.965,2.162,32420.055,32669.982,969.878,27.872,32.959,427.356,1.545,1.4407893,55
0101121E,2023-07-08 18:00,466.658,1.85,33092.655,33315.618,969.929,27.649,33.017,427.356,1.545,1.433828,55
1011222,2023-07-08 18:00,427.495,1.916,33754.473,33062.145,970.115,27.994,32.851,427.356,1.545,1.4380691,55
0101121B,2023-07-08 19:00,513.477,2.259,32491.509,32838.755,970.434,34.437,30.328,447.761,1.665,1.5316595,53
0101121E,2023-07-08 19:00,488.862,1.942,33054.453,33428.623,970.511,34.222,30.419,447.761,1.665,1.5299751,53
1011222,2023-07-08 19:00,447.821,1.999,33743.283,33241.019,970.679,34.618,30.264,447.761,1.665,1.5336202,53
0101121B,2023-07-08 20:00,540.145,2.326,32428.491,32993.036,971.031,40.485,28.184,469.919,1.717,1.5922906,55
0101121E,2023-07-08 20:00,513.996,2.005,32902.455,33548.818,971.124,40.237,28.256,469.919,1.717,1.5890246,55
1011222,2023-07-08 20:00,470.609,2.051,33620.273,33428.582,971.249,40.599,28.116,469.919,1.717,1.5900752,55
0101121B,2023-07-08 21:00,573.892,2.383,32230.096,33133.404,971.387,46.788,26.209,502.353,1.819,1.6375889,52
0101121E,2023-07-08 21:00,546.808,2.059,32602.596,33652.596,971.519,46.61,26.282,502.353,1.819,1.6381027,52
1011222,2023-07-08 21:00,501.227,2.095,33336.058,33598.615,971.615,46.975,26.147,502.353,1.819,1.6376601,52
0101121B,2023-07-08 22:00,585.566,2.414,32238.151,33225.472,971.547,50.967,25.015,512.535,1.807,1.6630528,53
0101121E,2023-07-08 22:00,558.304,2.081,32552.679,33741.585,971.672,50.67,25.074,512.535,1.807,1.658877,53
1011222,2023-07-08 22:00,511.338,2.122,33306.679,33705.057,971.747,51.143,24.95,512.535,1.807,1.6619779,53
0101121B,2023-07-08 23:00,614.782,2.404,32000.382,33408.491,971.7,54.549,23.753,537.858,1.81,1.6496859,55
0101121E,2023-07-08 23:00,586.911,2.07,32244.345,33909.891,971.8,54.319,23.817,537.858,1.81,1.6488312,55
1011222,2023-07-08 23:00,537.553,2.102,33013.818,33928.327,971.864,54.485,23.704,537.858,1.81,1.6426763,55
0101121B,2023-07-09,645.736,2.415,31708.245,33516.094,971.675,57.981,22.747,560.631,1.795,1.6506299,53
0101121E,2023-07-09,616.023,2.076,31908.736,34011.792,971.826,57.767,22.805,560.631,1.795,1.6500947,53
1011222,2023-07-09,565.209,2.11,32678.698,34048.698,971.862,57.945,22.704,560.631,1.795,1.6449591,53
0101121B,2023-07-09 01:00,620.237,2.36,32175.679,33730.839,971.87,59.045,22.018,534.352,1.714,1.6079087,56
0101121E,2023-07-09 01:00,591.132,2.019,32355.625,34236.411,972.03,58.704,22.085,534.352,1.714,1.6049215,56
1011222,2023-07-09 01:00,540.771,2.06,33158.929,34280.125,972.043,59.042,21.953,534.352,1.714,1.601155,56
0101121B,2023-07-09 02:00,619.602,2.346,32285.362,33857.069,972.014,61.084,21.279,529.682,1.704,1.5894825,58
0101121E,2023-07-09 02:00,590.671,2.004,32429.431,34357.776,972.157,60.845,21.35,529.682,1.704,1.5898535,58
1011222,2023-07-09 02:00,539.912,2.048,33248.793,34413.759,972.117,61.125,21.219,529.682,1.704,1.584523,58
0101121B,2023-07-09 03:00,636.138,2.318,32143.154,34008.865,972.279,62.655,20.593,545.189,1.673,1.5627039,52
0101121E,2023-07-09 03:00,606.504,1.976,32253.558,34505.442,972.46,62.426,20.675,545.189,1.673,1.5646009,52
1011222,2023-07-09 03:00,554.752,2.023,33078.135,34577.654,972.423,62.703,20.521,545.189,1.673,1.556818,52
0101121B,2023-07-09 04:00,635.954,2.353,32095.846,33878.962,972.527,62.348,20.953,545.311,1.666,1.5891753,52
0101121E,2023-07-09 04:00,605.338,2.004,32241.25,34394.5,972.733,62.092,20.989,545.311,1.666,1.5859119,52
1011222,2023-07-09 04:00,553.215,2.052,33067.635,34451.75,972.654,62.428,20.864,545.311,1.666,1.5824894,52
0101121B,2023-07-09 05:00,608.406,2.44,32026.686,33268.373,972.578,53.501,24.19,520.156,1.68,1.6572405,51
0101121E,2023-07-09 05:00,576.229,2.085,32378.824,33840.255,972.831,53.588,24.078,520.156,1.68,1.6484423,51
1011222,2023-07-09 05:00,525.867,2.146,33171.353,33774.882,972.745,54.033,24.001,520.156,1.68,1.6546091,51
0101121B,2023-07-09 06:00,580.229,2.487,31924.636,32729.945,972.493,44.141,27.566,493.727,1.693,1.6676256,55
0101121E,2023-07-09 06:00,544.675,2.124,32492.764,33345.418,972.713,43.911,27.532,493.727,1.693,1.6555551,55
1011222,2023-07-09 06:00,497.771,2.213,33231.927,33138.127,972.685,44.119,27.463,493.727,1.693,1.6563131,55
0101121B,2023-07-09 07:00,540.693,2.477,31790.167,32147.241,972.18,32.796,32.049,453.051,1.649,1.604501,54
0101121E,2023-07-09 07:00,504.859,2.136,32614.926,32806.685,972.398,32.848,31.795,453.051,1.649,1.5838317,54
1011222,2023-07-09 07:00,460.422,2.239,33293.352,32470.889,972.369,32.846,31.914,453.051,1.649,1.5944622,54
0101121B,2023-07-09 08:00,531.604,2.619,31158.135,31255.981,971.856,26.06,36.622,443.881,1.704,1.6435773,52
0101121E,2023-07-09 08:00,495.733,2.255,32133.692,31971.481,972.133,25.869,36.551,443.881,1.704,1.6246772,52
1011222,2023-07-09 08:00,454.463,2.399,32752.519,31534.192,972.094,26.024,36.487,443.881,1.704,1.6288736,52
0101121B,2023-07-09 09:00,524.815,2.698,30477.473,30494.655,971.836,20.057,41.179,436.615,1.735,1.6170363,55
0101121E,2023-07-09 09:00,489.787,2.306,31570.418,31289.691,972.024,19.715,41.24,436.615,1.735,1.5944416,55
1011222,2023-07-09 09:00,451.889,2.501,32120.6,30753.618,972.053,19.933,41.053,436.615,1.735,1.5960598,55
0101121B,2023-07-09 10:00,518.955,2.617,30211.604,30344.132,971.536,16.834,43.215,430.533,1.647,1.5132022,53
0101121E,2023-07-09 10:00,483.836,2.221,31385.302,31204.358,971.721,16.634,43.166,430.533,1.647,1.4914284,53
1011222,2023-07-09 10:00,447.838,2.435,31874.132,30601.321,971.792,16.8,43.115,430.533,1.647,1.5015921,53
0101121B,2023-07-09 11:00,517.657,2.482,29879.69,30281.31,971.133,13.747,45.234,429.013,1.544,1.374732,58
0101121E,2023-07-09 11:00,482.981,2.089,31088.931,31183.914,971.257,13.516,45.257,429.013,1.544,1.3530087,58
1011222,2023-07-09 11:00,448.974,2.322,31556.776,30545,971.355,13.792,45.039,429.013,1.544,1.3652276,58
0101121B,2023-07-09 12:00,516.249,2.309,29662.019,30365.943,970.83,11.476,46.602,428.378,1.423,1.2288744,53
0101121E,2023-07-09 12:00,482.262,1.927,30916.962,31331.132,970.938,11.374,46.476,428.378,1.423,1.2098111,53
1011222,2023-07-09 12:00,449.425,2.164,31372.34,30661.811,971.104,11.693,46.168,428.378,1.423,1.2246152,53
0101121B,2023-07-09 13:00,512.164,2.086,29469.804,30538.929,970.395,9.008,48.041,425.633,1.259,1.0391285,56
0101121E,2023-07-09 13:00,478.495,1.722,30802.589,31591.893,970.445,9.116,47.62,425.633,1.259,1.0295162,56
1011222,2023-07-09 13:00,447.298,1.952,31220.911,30885.107,970.673,9.387,47.349,425.633,1.259,1.0455983,56
0101121B,2023-07-09 14:00,503.491,1.925,29870.333,31094.519,969.83,9.299,46.454,425.173,1.193,0.9900286,54
0101121E,2023-07-09 14:00,471.817,1.58,31158.407,32140.407,969.854,9.52,45.961,425.173,1.193,0.9881925,54
1011222,2023-07-09 14:00,440.574,1.768,31598.315,31495.852,970.111,9.822,45.663,425.173,1.193,1.004068,54
0101121B,2023-07-09 15:00,499.87,1.864,30057.679,31330.415,969.404,9.482,45.678,423.891,1.143,0.9714589,53
0101121E,2023-07-09 15:00,468.881,1.528,31334.472,32378.66,969.438,9.783,45.099,423.891,1.143,0.9730558,53
1011222,2023-07-09 15:00,436.468,1.692,31802.208,31775.943,969.687,10.11,44.798,423.891,1.143,0.9898859,53
0101121B,2023-07-09 16:00,487.676,1.73,30815.74,32146.22,969.206,11.451,42.397,423.963,1.112,0.9865392,50
0101121E,2023-07-09 16:00,462.818,1.429,31874.84,33060.78,969.238,11.515,42.119,423.963,1.112,0.9776959,50
1011222,2023-07-09 16:00,429.878,1.555,32344.62,32510.38,969.5,11.712,42.036,423.963,1.112,0.9902325,50
0101121B,2023-07-09 17:00,485.479,1.879,31337.036,32270.661,969.321,15.603,39.621,425.849,1.267,1.1637403,56
0101121E,2023-07-09 17:00,462.602,1.575,32248.393,33076.018,969.338,15.503,39.589,425.849,1.267,1.1543738,56
1011222,2023-07-09 17:00,428,1.679,32776.446,32627.893,969.568,15.732,39.442,425.849,1.267,1.1620609,56
0101121B,2023-07-09 18:00,485.678,1.886,31745.412,32620.843,969.435,18.463,37.263,426.599,1.282,1.207884,51
0101121E,2023-07-09 18:00,464.131,1.591,32543.843,33358.667,969.465,18.324,37.334,426.599,1.282,1.203503,51
1011222,2023-07-09 18:00,428.471,1.678,33107.824,32974.431,969.724,18.612,37.178,426.599,1.282,1.2117033,51
0101121B,2023-07-09 19:00,511.398,2.118,32058.653,32746.776,969.692,27.415,33.108,454.115,1.582,1.4269812,49
0101121E,2023-07-09 19:00,489.224,1.813,32685.327,33381.408,969.682,27.186,33.231,454.115,1.582,1.4250873,49
1011222,2023-07-09 19:00,450.576,1.879,33310.939,33125.51,969.967,27.591,33.048,454.115,1.582,1.4311285,49
0101121B,2023-07-09 20:00,543.769,2.241,32082.956,32922.2,970.151,35.396,29.982,480.508,1.719,1.5427652,45
0101121E,2023-07-09 20:00,519.9,1.936,32586.489,33484.622,970.191,35.222,30.075,480.508,1.719,1.5433123,45
1011222,2023-07-09 20:00,478.244,1.982,33252.111,33330.2,970.427,35.71,29.922,480.508,1.719,1.5507303,45
0101121B,2023-07-09 21:00,570.907,2.397,31971.978,32844.711,970.422,42.464,28.149,505.64,1.839,1.6678696,45
0101121E,2023-07-09 21:00,544.671,2.075,32416.933,33384.089,970.46,42.214,28.206,505.64,1.839,1.6634102,45
1011222,2023-07-09 21:00,500.709,2.109,33105.267,33293.644,970.691,42.654,28.084,505.64,1.839,1.6685543,45
0101121B,2023-07-09 22:00,598.948,2.484,31733.478,32809.761,970.87,47.071,27.057,528.783,1.911,1.733963,46
0101121E,2023-07-09 22:00,571.376,2.155,32128.283,33328.957,970.924,46.85,27.112,528.783,1.911,1.7312711,46
1011222,2023-07-09 22:00,525.785,2.189,32822.37,33265.674,971.115,47.335,26.99,528.783,1.911,1.7364223,46
0101121B,2023-07-09 23:00,603.284,2.406,31863.367,33141.837,971.1,48.987,25.794,532.38,1.805,1.6749559,49
0101121E,2023-07-09 23:00,575.518,2.076,32203.265,33664.041,971.167,48.606,25.857,532.38,1.805,1.6680603,49
1011222,2023-07-09 23:00,529.053,2.11,32919.796,33625.306,971.371,49.108,25.729,532.38,1.805,1.6722673,49
0101121B,2023-07-10,619.14,2.372,31776.075,33335.434,970.957,50.895,24.86,542.325,1.768,1.6464669,53
0101121E,2023-07-10,590.628,2.043,32071.943,33851.208,971.032,50.489,24.93,542.325,1.768,1.6401054,53
1011222,2023-07-10,542.634,2.074,32805.849,33841.604,971.202,50.92,24.799,542.325,1.768,1.6409945,53
0101121B,2023-07-10 01:00,627.307,2.363,31769.667,33451.519,971.45,52.939,24.107,548.739,1.76,1.6362374,54
0101121E,2023-07-10 01:00,598.778,2.036,32029.833,33954.426,971.554,52.644,24.157,548.739,1.76,1.6318783,54
1011222,2023-07-10 01:00,550.17,2.064,32767.796,33969.537,971.667,52.955,24.054,548.739,1.76,1.6311951,54
0101121B,2023-07-10 02:00,618.479,2.306,31962.528,33641.585,971.551,52.889,23.65,541.845,1.685,1.5904928,53
0101121E,2023-07-10 02:00,589.796,1.978,32208.774,34153.208,971.655,52.436,23.722,541.845,1.685,1.5834407,53
1011222,2023-07-10 02:00,541.209,2.01,32965.755,34171.415,971.758,52.827,23.598,541.845,1.685,1.5833065,53
0101121B,2023-07-10 03:00,635.112,2.291,31790.929,33729.875,971.698,53.842,23.207,557.643,1.681,1.5760085,56
0101121E,2023-07-10 03:00,606.052,1.964,32011.571,34237.768,971.809,53.511,23.274,557.643,1.681,1.5724221,56
1011222,2023-07-10 03:00,556.357,2,32772.982,34260.179,971.838,53.927,23.128,557.643,1.681,1.5707213,56
0101121B,2023-07-10 04:00,655.239,2.312,31494.765,33667.255,972.167,53.825,23.323,575.043,1.664,1.5849788,51
0101121E,2023-07-10 04:00,623.722,1.984,31741.471,34176.51,972.28,53.382,23.371,575.043,1.664,1.576254,51
1011222,2023-07-10 04:00,572.951,2.017,32496.569,34197.961,972.302,53.756,23.253,575.043,1.664,1.5759814,51
0101121B,2023-07-10 05:00,598.891,2.509,32100.315,33069.87,973.587,54.035,24.661,515.719,1.8,1.7193594,54
0101121E,2023-07-10 05:00,568.974,2.168,32433.111,33578.315,973.719,53.869,24.664,515.719,1.8,1.7137224,54
1011222,2023-07-10 05:00,520.859,2.215,33196.5,33542.204,973.75,54.295,24.552,515.719,1.8,1.7156686,54
0101121B,2023-07-10 06:00,587.526,2.919,32359.755,32320.925,973.87,65.774,24.004,493.827,2.147,2.0153454,53
0101121E,2023-07-10 06:00,560.477,2.545,32641.623,32803.528,974.03,65.999,23.91,493.827,2.147,2.0105105,53
1011222,2023-07-10 06:00,511.557,2.594,33425.358,32782.566,974.079,66.121,23.897,493.827,2.147,2.0124712,53
0101121B,2023-07-10 07:00,546.695,2.967,32525.561,31881.281,974.091,56.138,26.941,455.982,2.094,2.0457766,57
0101121E,2023-07-10 07:00,516.914,2.593,33021.228,32401.491,974.289,56.093,26.823,455.982,2.094,2.0292507,57
1011222,2023-07-10 07:00,469.939,2.662,33801.333,32277.474,974.293,56.378,26.772,455.982,2.094,2.0333545,57
0101121B,2023-07-10 08:00,541.872,3.139,31545.704,30787.37,973.8,39.721,33.411,449.29,2.097,2.0771333,54
0101121E,2023-07-10 08:00,505.707,2.749,32409.981,31405.074,974.033,39.444,33.261,449.29,2.097,2.0465891,54
1011222,2023-07-10 08:00,461.835,2.867,33082.926,31087.278,974.07,39.581,33.244,449.29,2.097,2.0511082,54
0101121B,2023-07-10 09:00,532.475,3.042,30954.075,30398.132,973.562,29.045,37.754,444.504,2.041,1.9456704,53
0101121E,2023-07-10 09:00,497.158,2.646,31956.208,31096.547,973.755,28.832,37.679,444.504,2.041,1.922583,53
1011222,2023-07-10 09:00,456.985,2.805,32560.057,30681.245,973.779,29.141,37.515,444.504,2.041,1.9259384,53
0101121B,2023-07-10 10:00,525.078,2.979,30878.909,30360.964,973.347,26.739,38.826,441.787,2.045,1.9004867,55
0101121E,2023-07-10 10:00,492.075,2.583,31889.236,31087.2,973.471,26.512,38.747,441.787,2.045,1.876143,55
1011222,2023-07-10 10:00,453.442,2.744,32462.964,30651.364,973.518,26.871,38.594,441.787,2.045,1.8857843,55
0101121B,2023-07-10 11:00,523.492,2.909,30535.491,30186.358,972.936,22.476,40.958,437.036,1.945,1.7896199,53
0101121E,2023-07-10 11:00,489.192,2.51,31639.811,30969.189,973.049,22.31,40.826,437.036,1.945,1.7637497,53
1011222,2023-07-10 11:00,451.521,2.699,32191.943,30475.264,973.123,22.73,40.624,437.036,1.945,1.777408,53
0101121B,2023-07-10 12:00,517.457,2.73,30345.214,30250.071,972.234,18.903,42.571,433.588,1.794,1.6440434,56
0101121E,2023-07-10 12:00,484.152,2.336,31487.304,31083.375,972.343,18.818,42.437,433.588,1.794,1.6248094,56
1011222,2023-07-10 12:00,448.448,2.54,32009.464,30544.714,972.454,19.212,42.172,433.588,1.794,1.6358138,56
0101121B,2023-07-10 13:00,511.82,2.729,30341.8,30187.509,971.731,18.303,43.062,429.559,1.809,1.633959,55
0101121E,2023-07-10 13:00,478.898,2.325,31511.236,31055.273,971.805,18.342,42.846,429.559,1.809,1.6190495,55
1011222,2023-07-10 13:00,444.038,2.538,32033.636,30507.291,971.947,18.795,42.498,429.559,1.809,1.6287935,55
0101121B,2023-07-10 14:00,502.848,2.712,30572.037,30292.241,971.361,19.012,42.493,424.646,1.831,1.6486243,54
0101121E,2023-07-10 14:00,470.787,2.304,31744.019,31181.722,971.406,19.252,42.144,424.646,1.831,1.6390265,54
1011222,2023-07-10 14:00,436.098,2.499,32281.222,30672.537,971.587,19.759,41.764,424.646,1.831,1.6484645,54
0101121B,2023-07-10 15:00,493.951,2.568,31039.868,30809.962,971.002,20.478,40.574,420.516,1.784,1.6043129,53
0101121E,2023-07-10 15:00,464.977,2.192,32105.264,31635.981,971.04,20.683,40.307,420.516,1.784,1.597686,53
1011222,2023-07-10 15:00,429.538,2.341,32682.736,31205.509,971.217,21.276,39.878,420.516,1.784,1.606233,53
0101121B,2023-07-10 16:00,486.835,2.523,31536.961,31197.118,970.704,23.607,38.358,419.657,1.774,1.6410353,51
0101121E,2023-07-10 16:00,461.551,2.165,32451.373,31945.529,970.72,23.543,38.294,419.657,1.774,1.6313061,51
1011222,2023-07-10 16:00,425.804,2.292,33030.647,31546.529,970.945,24,38.018,419.657,1.774,1.6380575,51
0101121B,2023-07-10 17:00,485.195,2.589,31948.691,31384.455,970.609,28.076,36.139,420.322,1.861,1.7296883,55
0101121E,2023-07-10 17:00,461.265,2.236,32752.236,32061.273,970.642,27.832,36.19,420.322,1.861,1.7194766,55
1011222,2023-07-10 17:00,424.189,2.336,33368.764,31735.727,970.862,28.304,35.939,420.322,1.861,1.7244577,55
0101121B,2023-07-10 18:00,487.587,2.6,32294.558,31668.673,970.669,32.373,33.914,421.273,1.917,1.7655131,52
0101121E,2023-07-10 18:00,463.935,2.254,33010.231,32297.288,970.687,32.06,33.973,421.273,1.917,1.7542028,52
1011222,2023-07-10 18:00,425.462,2.332,33657.423,32032.942,970.896,32.508,33.793,421.273,1.917,1.7605106,52
0101121B,2023-07-10 19:00,505.732,2.624,32340.661,31885.839,970.825,37.033,31.959,440.062,1.998,1.8077225,56
0101121E,2023-07-10 19:00,482.555,2.286,32954.857,32461.875,970.88,36.786,32.036,440.062,1.998,1.8032906,56
1011222,2023-07-10 19:00,442.077,2.344,33623.893,32259.643,971.055,37.186,31.898,440.062,1.998,1.8084724,56
0101121B,2023-07-10 20:00,541.733,2.72,32173.944,32008.37,971,44.348,29.613,463.684,2.072,1.8938905,54
0101121E,2023-07-10 20:00,516.869,2.379,32684.63,32539.407,971.1,44.121,29.677,463.684,2.072,1.8910286,54
1011222,2023-07-10 20:00,474.128,2.422,33372.63,32409.685,971.233,44.572,29.552,463.684,2.072,1.8964441,54
0101121B,2023-07-10 21:00,560.653,2.74,32129.517,32164.724,970.924,48.928,28.11,487.673,2.114,1.9168244,58
0101121E,2023-07-10 21:00,535.253,2.394,32570.362,32677.017,971.064,48.625,28.165,487.673,2.114,1.9108214,58
1011222,2023-07-10 21:00,490.533,2.431,33282.776,32591.103,971.191,49.094,28.045,487.673,2.114,1.9155442,58
0101121B,2023-07-10 22:00,578.194,2.74,32040.056,32300.241,970.944,52.162,27.028,503.879,2.084,1.9180277,54
0101121E,2023-07-10 22:00,552.324,2.389,32422.815,32804.963,971.05,51.797,27.097,503.879,2.084,1.9122556,54
1011222,2023-07-10 22:00,506.235,2.43,33150.704,32733.574,971.106,52.339,26.969,503.879,2.084,1.9177373,54
0101121B,2023-07-10 23:00,588.7,2.723,32054,32471.192,970.808,55.187,25.929,511.191,2.064,1.9021251,52
0101121E,2023-07-10 23:00,562.487,2.37,32388.212,32968.712,970.902,54.842,25.996,511.191,2.064,1.8974831,52
1011222,2023-07-10 23:00,515.162,2.402,33133.173,32940.038,970.985,55.136,25.875,511.191,2.064,1.8939816,52
0101121B,2023-07-11,619.669,2.752,31779.855,32553.218,970.658,59.441,24.791,535.427,2.097,1.9154734,55
0101121E,2023-07-11,592.307,2.392,32055.745,33042.218,970.765,59.163,24.856,535.427,2.097,1.9136478,55
1011222,2023-07-11,543.018,2.424,32807.273,33040.855,970.844,59.386,24.746,535.427,2.097,1.9080536,55
0101121B,2023-07-11 01:00,634.23,2.741,31693.319,32678.638,970.279,62.038,23.968,550.676,2.071,1.9038161,47
0101121E,2023-07-11 01:00,606.291,2.376,31932.064,33166.894,970.423,61.757,24.023,550.676,2.071,1.9012483,47
1011222,2023-07-11 01:00,555.791,2.411,32693.915,33181,970.436,61.952,23.917,550.676,2.071,1.8950365,47
0101121B,2023-07-11 02:00,647.21,2.718,31602.196,32799.216,969.763,63.67,23.352,556.225,2.027,1.8837159,51
0101121E,2023-07-11 02:00,618.951,2.352,31805.392,33284.549,969.888,63.367,23.43,556.225,2.027,1.883401,51
1011222,2023-07-11 02:00,567.435,2.393,32578.196,33304.216,969.886,63.625,23.299,556.225,2.027,1.8761908,51
0101121B,2023-07-11 03:00,659.782,2.684,31510.94,32941.32,969.538,64.978,22.767,566.352,1.991,1.8561344,50
0101121E,2023-07-11 03:00,631.206,2.321,31684.56,33418.96,969.668,64.761,22.834,566.352,1.991,1.8572544,50
1011222,2023-07-11 03:00,578.896,2.363,32461.46,33450.78,969.668,64.967,22.711,566.352,1.991,1.8493353,50
0101121B,2023-07-11 04:00,669.683,2.736,31314.154,32779.288,969.285,64.698,23.2,580.165,1.996,1.8977042,52
0101121E,2023-07-11 04:00,639.463,2.366,31529.615,33273.462,969.458,64.488,23.217,580.165,1.996,1.8930764,52
1011222,2023-07-11 04:00,586.513,2.41,32299.558,33287.788,969.44,64.788,23.107,580.165,1.996,1.8893346,52
0101121B,2023-07-11 05:00,634.104,2.816,31404.426,32284.064,969.138,56.616,25.952,543.532,1.999,1.9552148,47
0101121E,2023-07-11 05:00,601.581,2.432,31806.66,32839.979,969.33,56.464,25.889,543.532,1.999,1.9423186,47
1011222,2023-07-11 05:00,550.8,2.494,32562.872,32751.979,969.283,56.907,25.762,543.532,1.999,1.9430161,47
0101121B,2023-07-11 06:00,605.538,2.908,31344.345,31738.793,968.8,48.408,28.966,518.443,2.047,1.9941575,58
0101121E,2023-07-11 06:00,570.833,2.516,31925.328,32328.379,969.022,48.061,28.958,518.443,2.047,1.978333,58
1011222,2023-07-11 06:00,522.983,2.61,32640.224,32115.655,968.967,48.38,28.834,518.443,2.047,1.9771374,58
0101121B,2023-07-11 07:00,573.664,3.013,31158.089,31052.571,968.648,38.648,32.967,483.748,2.074,1.9987468,56
0101121E,2023-07-11 07:00,536.33,2.625,31960.554,31663.875,968.85,38.251,33.004,483.748,2.074,1.9818897,56
1011222,2023-07-11 07:00,491.491,2.749,32641.107,31351.732,968.764,38.575,32.801,483.748,2.074,1.9764711,56
0101121B,2023-07-11 08:00,555.693,3.042,30739.491,30486.727,968.238,30.235,37.041,469.614,2.071,1.9581919,55
0101121E,2023-07-11 08:00,519.378,2.644,31703.909,31181.218,968.445,29.997,36.961,469.614,2.071,1.9340437,55
1011222,2023-07-11 08:00,477.722,2.803,32304.909,30759.527,968.415,30.222,36.866,469.614,2.071,1.9380986,55
0101121B,2023-07-11 09:00,542.6,3.07,30227.909,29909.273,967.604,23.419,41.16,456.7,2.051,1.8963903,55
0101121E,2023-07-11 09:00,506.822,2.651,31322.073,30683.091,967.795,23.182,41.113,456.7,2.051,1.8717735,55
1011222,2023-07-11 09:00,468.562,2.864,31853.327,30158.909,967.804,23.428,40.985,456.7,2.051,1.8793456,55
0101121B,2023-07-11 10:00,528.904,2.982,29815.216,29574.549,966.994,17.973,44.676,440.663,1.94,1.7501867,51
0101121E,2023-07-11 10:00,493.222,2.549,31012.961,30429.353,967.147,17.685,44.684,440.663,1.94,1.7226685,51
1011222,2023-07-11 10:00,458.408,2.808,31476.176,29815.882,967.22,17.922,44.547,440.663,1.94,1.7334773,51
0101121B,2023-07-11 11:00,519.102,2.782,29721.12,29687.68,966.176,15.109,46.027,435.696,1.866,1.5803559,50
0101121E,2023-07-11 11:00,483.85,2.363,30973.44,30592.38,966.294,14.941,45.936,435.696,1.866,1.5555244,50
1011222,2023-07-11 11:00,450.682,2.623,31406.68,29944.64,966.372,15.224,45.816,435.696,1.866,1.5749941,50
0101121B,2023-07-11 12:00,512.761,2.723,29698.286,29687.393,965.416,14.197,46.68,427.031,1.757,1.5367164,56
0101121E,2023-07-11 12:00,478.7,2.306,30969.446,30619.714,965.514,14.124,46.498,427.031,1.757,1.5148202,56
1011222,2023-07-11 12:00,446.332,2.573,31413.196,29969.411,965.648,14.49,46.231,427.031,1.757,1.5328959,56
0101121B,2023-07-11 13:00,508.568,2.682,29619.07,29634.474,964.802,13.338,47.476,424.952,1.745,1.5052812,57
0101121E,2023-07-11 13:00,475.133,2.261,30945.14,30627.035,964.87,13.505,47.027,424.952,1.745,1.4898573,57
1011222,2023-07-11 13:00,443.825,2.534,31368.895,29959.123,965.058,13.859,46.774,424.952,1.745,1.5089136,57
0101121B,2023-07-11 14:00,507.102,2.651,29588.566,29647.057,964.291,12.906,47.77,425.09,1.735,1.4795398,53
0101121E,2023-07-11 14:00,473.281,2.22,30941.906,30681.736,964.34,13.205,47.238,425.09,1.735,1.4734168,53
1011222,2023-07-11 14:00,442.377,2.485,31382.585,30036.415,964.549,13.646,46.838,425.09,1.735,1.4917208,53
0101121B,2023-07-11 15:00,497.155,2.326,30012.364,30415.6,963.536,12.483,46.165,423.373,1.532,1.3191707,55
0101121E,2023-07-11 15:00,466.827,1.943,31291.4,31429.164,963.584,12.82,45.6,423.373,1.532,1.3163899,55
1011222,2023-07-11 15:00,435.175,2.142,31750.182,30837.909,963.84,13.234,45.265,423.373,1.532,1.3353448,55
0101121B,2023-07-11 16:00,487.578,2.216,30804.6,31157.164,962.447,15.764,42.469,426.075,1.53,1.3768676,55
0101121E,2023-07-11 16:00,462.444,1.866,31846.364,32025.055,962.493,15.739,42.361,426.075,1.53,1.3671072,55
1011222,2023-07-11 16:00,430.204,2.024,32318.364,31487.709,962.74,16.039,42.173,426.075,1.53,1.3790422,55
0101121B,2023-07-11 17:00,483.018,2.212,31071.298,31335.877,961.214,17.073,41.348,424.367,1.545,1.403093,57
0101121E,2023-07-11 17:00,459.249,1.868,32037.281,32153.456,961.254,16.87,41.422,424.367,1.545,1.3917493,57
1011222,2023-07-11 17:00,426.43,2.012,32534.842,31656.667,961.509,17.172,41.2,424.367,1.545,1.399691,57
0101121B,2023-07-11 18:00,487.97,2.426,31608.123,31443.175,960.281,23.741,37.847,431.984,1.785,1.6221977,57
0101121E,2023-07-11 18:00,464.877,2.087,32451.667,32152.526,960.33,23.535,37.899,431.984,1.785,1.6123722,57
1011222,2023-07-11 18:00,429.458,2.194,33003.614,31769.368,960.549,23.869,37.759,431.984,1.785,1.6228838,57
0101121B,2023-07-11 19:00,494.192,2.542,32502.208,32058.868,963.564,36.055,32.045,435.86,1.88,1.7512589,53
0101121E,2023-07-11 19:00,471.481,2.193,33127.434,32688.547,963.564,35.791,32.02,435.86,1.88,1.7364233,53
1011222,2023-07-11 19:00,434.251,2.278,33759.528,32450.698,963.821,36.155,31.849,435.86,1.88,1.7376338,53
0101121B,2023-07-11 20:00,500.372,2.539,33702.315,33067.889,968.506,56.959,24.137,426.362,1.856,1.7655654,54
0101121E,2023-07-11 20:00,478.548,2.164,33977.593,33644.111,968.476,56.846,24.109,426.362,1.856,1.7581705,54
1011222,2023-07-11 20:00,436.172,2.224,34751.185,33582.889,968.709,56.805,24.076,426.362,1.856,1.7534432,54
0101121B,2023-07-11 21:00,520.337,2.843,33495.759,32547.148,966.669,66.938,23.368,434.599,2.089,1.9888699,54
0101121E,2023-07-11 21:00,502.37,2.449,33672.241,33096.519,966.681,68.547,23.143,434.599,2.089,2.0091969,54
1011222,2023-07-11 21:00,453.111,2.494,34534.241,33085.833,966.898,67.1,23.256,434.599,2.089,1.9797873,54
0101121B,2023-07-11 22:00,528.798,2.845,33374.709,32556.673,966.356,67.686,23.265,441.02,2.066,1.9993256,55
0101121E,2023-07-11 22:00,510.975,2.457,33534.436,33084.364,966.405,69.192,23.072,441.02,2.066,2.01998,55
1011222,2023-07-11 22:00,459.802,2.492,34419.709,33099.127,966.567,67.558,23.18,441.02,2.066,1.9848429,55
0101121B,2023-07-11 23:00,541.35,2.877,33140.352,32464.426,966.261,67.534,23.507,451.602,2.077,2.0242824,54
0101121E,2023-07-11 23:00,520.954,2.471,33330.704,33017.426,966.359,68.154,23.414,451.602,2.077,2.0312365,54
1011222,2023-07-11 23:00,470.639,2.528,34196.185,32988.37,966.452,67.446,23.421,451.602,2.077,2.0108286,54
0101121B,2023-07-12,555.309,2.904,32937.768,32426.232,966.123,68.443,23.401,462.566,2.115,2.0388088,56
0101121E,2023-07-12,533.693,2.502,33127.607,32957.482,966.241,68.608,23.357,462.566,2.115,2.0381361,56
1011222,2023-07-12,482.72,2.553,33989.25,32946.786,966.314,68.285,23.341,462.566,2.115,2.0263179,56
0101121B,2023-07-12 01:00,578.646,2.89,32643.556,32502.519,965.23,69.679,22.992,483.584,2.125,2.026784,54
0101121E,2023-07-12 01:00,556.383,2.496,32801.889,33007.944,965.378,69.835,22.996,483.584,2.125,2.0315808,54
1011222,2023-07-12 01:00,503.237,2.542,33681.222,33025.519,965.415,69.551,22.913,483.584,2.125,2.013049,54
0101121B,2023-07-12 02:00,592.694,2.863,32459.98,32577.039,964.892,69.727,22.806,496.703,2.095,2.0063277,51
0101121E,2023-07-12 02:00,569.447,2.469,32613.98,33085.392,965.086,69.759,22.82,496.703,2.095,2.00842,51
1011222,2023-07-12 02:00,515.482,2.515,33491.314,33108.706,965.024,69.545,22.733,496.703,2.095,1.9919284,51
0101121B,2023-07-12 03:00,602.618,2.919,32305.035,32458.754,965.068,70.686,22.87,502.515,2.116,2.0414113,57
0101121E,2023-07-12 03:00,577.911,2.524,32475.246,32953.702,965.237,70.671,22.892,502.515,2.116,2.0433044,57
1011222,2023-07-12 03:00,523.611,2.574,33344.175,32968.175,965.179,70.541,22.823,502.515,2.116,2.0311917,57
0101121B,2023-07-12 04:00,551.125,2.887,33027.904,32478.096,966.65,68.457,23.267,452.964,2.069,2.0218732,52
0101121E,2023-07-12 04:00,526.9,2.495,33273.904,33005.481,966.852,68.858,23.076,452.964,2.069,2.0099656,52
1011222,2023-07-12 04:00,475.173,2.548,34160.385,32996.981,966.829,68.654,23.065,452.964,2.069,2.0028169,52
0101121B,2023-07-12 05:00,546.31,2.882,33113.833,32492.375,966.281,68.694,23.168,446.982,2.068,2.0174493,48
0101121E,2023-07-12 05:00,521.046,2.499,33362.646,32988.604,966.46,68.893,23.089,446.982,2.068,2.0132692,48
1011222,2023-07-12 05:00,470.119,2.547,34251.479,32997.396,966.41,68.842,23.026,446.982,2.068,2.0042694,48
0101121B,2023-07-12 06:00,541.602,3,32937,32074.735,966.155,65.181,24.806,444.99,2.107,2.1112612,49
0101121E,2023-07-12 06:00,514.002,2.615,33301.041,32565.816,966.382,64.913,24.762,444.99,2.107,2.0967116,49
1011222,2023-07-12 06:00,464.731,2.659,34155.061,32549.347,966.312,65.196,24.649,444.99,2.107,2.0918054,49
0101121B,2023-07-12 07:00,527.586,3.055,32614.941,31567.471,966.235,53.642,28.214,436.117,2.097,2.1169373,51
0101121E,2023-07-12 07:00,498.88,2.685,33186.922,32094.745,966.484,53.775,27.948,436.117,2.097,2.0894941,51
1011222,2023-07-12 07:00,451.065,2.755,33981.255,31934.725,966.392,53.687,28.007,436.117,2.097,2.0932251,51
0101121B,2023-07-12 08:00,517.787,3.021,32449.6,31386.745,966.587,46.873,30.178,433.614,2.114,2.0789324,55
0101121E,2023-07-12 08:00,491.105,2.638,33086.018,31986.855,966.824,47.077,29.857,433.614,2.114,2.0493403,55
1011222,2023-07-12 08:00,446.451,2.719,33824.764,31773.964,966.736,47.243,29.847,433.614,2.114,2.0556207,55
0101121B,2023-07-12 09:00,516.385,2.998,32486.127,31447.018,966.535,46.802,30.087,434.998,2.134,2.0614273,55
0101121E,2023-07-12 09:00,490.809,2.611,33078.909,32035.709,966.744,46.672,29.948,434.998,2.134,2.0383724,55
1011222,2023-07-12 09:00,447.195,2.693,33810.727,31833.273,966.64,47.055,29.845,434.998,2.134,2.0435488,55
0101121B,2023-07-12 10:00,515.37,3.044,32634.074,31460.407,966.513,50.341,29.281,432.488,2.184,2.1140043,54
0101121E,2023-07-12 10:00,490.33,2.662,33209.333,32039.333,966.7,50.7,28.949,432.488,2.184,2.087984,54
1011222,2023-07-12 10:00,445.933,2.738,33945.019,31847.981,966.6,50.806,29.002,432.488,2.184,2.0989583,54
0101121B,2023-07-12 11:00,511.491,3.06,32217.407,31075.667,966.115,42.064,32.16,430.778,2.172,2.0839865,54
0101121E,2023-07-12 11:00,485.569,2.671,32929.259,31708.463,966.32,42.255,31.823,430.778,2.172,2.0531624,54
1011222,2023-07-12 11:00,442.515,2.773,33615.944,31421.685,966.269,42.385,31.891,430.778,2.172,2.0681063,54
0101121B,2023-07-12 12:00,506.644,3.03,32303.167,31140.481,965.941,41.579,32.098,428.635,2.179,2.0547762,54
0101121E,2023-07-12 12:00,482.096,2.656,32997.593,31749.5,966.139,41.829,31.753,428.635,2.179,2.0267114,54
1011222,2023-07-12 12:00,438.948,2.739,33692.204,31500.333,966.039,42.106,31.806,428.635,2.179,2.0466479,54
0101121B,2023-07-12 13:00,506.658,2.944,32760.075,31635.264,965.864,48.372,29.33,429.494,2.167,2.0217595,53
0101121E,2023-07-12 13:00,483.951,2.576,33284.849,32186.283,966.034,48.296,29.189,429.494,2.167,2.0043923,53
1011222,2023-07-12 13:00,440.568,2.637,34032.302,32046.321,965.942,48.828,29.047,429.494,2.167,2.0095142,53
0101121B,2023-07-12 14:00,529.427,2.986,33252.786,32201.071,966.098,67.179,23.993,434.573,2.195,2.0729346,56
0101121E,2023-07-12 14:00,505.675,2.615,33537.214,32659.25,966.291,67.785,23.879,434.573,2.195,2.0764582,56
1011222,2023-07-12 14:00,457.993,2.651,34371.696,32672.482,966.145,67.552,23.861,434.573,2.195,2.0679213,56
0101121B,2023-07-12 15:00,533.49,2.476,32998.062,31635.896,966.129,69.436,25.195,432.909,2.283,2.2412117,48
0101121E,2023-07-12 15:00,504.724,2.844,33389.655,32041.491,966.316,67.528,25.356,432.909,2.283,2.2594226,55
1011222,2023-07-12 15:00,455.809,2.879,34227.473,32018.964,966.193,66.851,25.375,432.909,2.283,2.2394994,55
0101121B,2023-07-12 16:00,541.214,2.139,32845.38,31493.52,965.69,70.305,25.368,438.604,2.353,2.2821311,50
0101121E,2023-07-12 16:00,509.388,2.871,33270.617,31959.133,965.887,66.614,25.736,438.604,2.353,2.2816175,60
1011222,2023-07-12 16:00,461.133,2.917,34085.2,31905.133,965.757,66.231,25.758,438.604,2.353,2.2717269,60
0101121B,2023-07-12 17:00,546.763,2.765,32941,31752.188,966.027,71.914,24.328,436.582,2.305,2.2201727,48
0101121E,2023-07-12 17:00,517.681,2.795,33284.245,32244.472,966.243,70.714,24.352,436.582,2.305,2.2296538,53
1011222,2023-07-12 17:00,464.14,2.838,34187.642,32218.491,966.043,69.489,24.47,436.582,2.305,2.2075219,53
0101121B,2023-07-12 18:00,538.58,2.98,33239.393,32319.018,966.6,70.453,23.139,432.035,2.099,2.0656171,56
0101121E,2023-07-12 18:00,525.936,2.685,33334.179,32643.482,966.809,75.397,22.589,432.035,2.099,2.1363069,56
1011222,2023-07-12 18:00,460.286,2.624,34427.071,32842.929,966.612,69.905,23.042,432.035,2.099,2.0378367,56
0101121B,2023-07-12 19:00,550.266,2.923,33172.868,32510.566,966.685,72.256,22.361,438.651,2.058,2.0197445,53
0101121E,2023-07-12 19:00,549.892,2.711,33034.189,32669.377,966.936,81.183,21.712,438.651,2.058,2.1808293,53
1011222,2023-07-12 19:00,469.67,2.572,34350.528,33049.358,966.67,71.818,22.239,438.651,2.058,1.9927959,53
0101121B,2023-07-12 20:00,556.402,2.919,33097.902,32537.804,967.124,72.657,22.217,442.623,2.045,2.01249,51
0101121E,2023-07-12 20:00,579.427,2.964,32582.176,32168.745,967.378,82.176,21.565,442.623,2.045,2.1868917,51
1011222,2023-07-12 20:00,474.122,2.57,34280.412,33066.098,967.118,72.084,22.155,442.623,2.045,1.9890543,51
0101121B,2023-07-12 21:00,558.775,2.918,33073.055,32548.855,968.271,72.92,22.132,442.404,2.037,2.0068606,55
0101121E,2023-07-12 21:00,562.222,2.82,32850.018,32457.818,968.555,79.702,21.572,442.404,2.037,2.1190921,55
1011222,2023-07-12 21:00,475.622,2.572,34263.527,33071.964,968.24,72.424,22.063,442.404,2.037,1.9849262,55
0101121B,2023-07-12 22:00,551.23,2.847,33217.304,32712.518,968.602,71.784,21.959,437.983,1.968,1.9548524,56
0101121E,2023-07-12 22:00,545.304,2.697,33122.786,32721.804,968.864,75.682,21.555,437.983,1.968,2.0102281,56
1011222,2023-07-12 22:00,469.671,2.505,34392.179,33250.679,968.543,71.291,21.875,437.983,1.968,1.9316256,56
0101121B,2023-07-12 23:00,552.305,2.733,33309.544,33028.579,968.67,71.84,21.219,440.032,1.897,1.8691067,57
0101121E,2023-07-12 23:00,543.174,2.564,33216.035,33061.421,968.914,74.749,20.96,440.032,1.897,1.9136422,57
1011222,2023-07-12 23:00,471.525,2.405,34442.526,33568.105,968.551,71.499,21.132,440.032,1.897,1.8505692,57
0101121B,2023-07-13,558.539,2.67,33256.375,33196.107,968.37,71.376,20.905,447.03,1.842,1.8222483,56
0101121E,2023-07-13,537.816,2.441,33325.946,33364.25,968.611,73.571,20.729,447.03,1.842,1.8576419,56
1011222,2023-07-13,477.505,2.35,34369.982,33741.321,968.27,71.109,20.811,447.03,1.842,1.8051013,56
0101121B,2023-07-13 01:00,569.882,2.621,33142.449,33350.51,968.218,71.672,20.481,457.333,1.82,1.7828306,49
0101121E,2023-07-13 01:00,541.19,2.356,33306.898,33597.245,968.455,73.426,20.352,457.333,1.82,1.811567,49
1011222,2023-07-13 01:00,487.702,2.309,34231.714,33890.122,968.141,71.436,20.405,457.333,1.82,1.7687362,49
0101121B,2023-07-13 02:00,579.079,2.672,32981.283,33225.283,968.353,72.311,20.621,463.061,1.84,1.8140445,53
0101121E,2023-07-13 02:00,546.928,2.391,33199.057,33501.434,968.626,73.759,20.498,463.061,1.84,1.8359602,53
1011222,2023-07-13 02:00,494.683,2.356,34092.66,33761.623,968.281,72.088,20.545,463.061,1.84,1.8001244,53
0101121B,2023-07-13 03:00,578.602,2.66,33003.981,33264.852,968.328,72.355,20.513,462.074,1.833,1.8031317,54
0101121E,2023-07-13 03:00,545.522,2.376,33233.185,33545.667,968.607,73.787,20.383,462.074,1.833,1.8235903,54
1011222,2023-07-13 03:00,494.1,2.346,34114.815,33800.296,968.283,72.184,20.432,462.074,1.833,1.7899974,54
0101121B,2023-07-13 04:00,586.866,2.709,32845.717,33133.34,968.619,72.753,20.736,468.597,1.854,1.8376529,53
0101121E,2023-07-13 04:00,551.455,2.412,33110.151,33433.698,968.902,73.851,20.652,468.597,1.854,1.8552498,53
1011222,2023-07-13 04:00,500.681,2.395,33976.453,33654.491,968.566,72.636,20.653,468.597,1.854,1.8254828,53
0101121B,2023-07-13 05:00,587.47,2.767,32769.477,32957.705,969.211,72.382,21.205,467.919,1.875,1.8805435,44
0101121E,2023-07-13 05:00,548.934,2.438,33103.705,33325.205,969.498,72.751,21.148,467.919,1.875,1.8829881,44
1011222,2023-07-13 05:00,500.945,2.445,33923.568,33480.295,969.116,72.216,21.096,467.919,1.875,1.8639705,44
0101121B,2023-07-13 06:00,587.183,2.823,32728.396,32807.811,969.774,72.448,21.522,466.077,1.911,1.918185,53
0101121E,2023-07-13 06:00,548.111,2.485,33091.358,33192.887,970.055,72.915,21.41,466.077,1.911,1.916826,53
1011222,2023-07-13 06:00,499.972,2.497,33908.208,33326.302,969.721,72.455,21.388,466.077,1.911,1.9029231,53
0101121B,2023-07-13 07:00,561.294,2.846,32991.319,32656.255,970.074,69.537,22.43,446.752,1.888,1.9446086,47
0101121E,2023-07-13 07:00,522.917,2.502,33426.511,33078.383,970.364,70.42,22.186,446.752,1.888,1.9400114,47
1011222,2023-07-13 07:00,478.091,2.532,34199.106,33137.213,969.966,70.059,22.24,446.752,1.888,1.9370277,47
0101121B,2023-07-13 08:00,529.413,2.769,32877.5,32323.065,970.137,53.01,26.378,424.889,1.707,1.86135,46
0101121E,2023-07-13 08:00,484.415,2.348,33647.739,33006.152,970.439,53.553,26.089,424.889,1.707,1.8503583,46
1011222,2023-07-13 08:00,447.246,2.458,34297.5,32793.5,970.046,52.513,26.052,424.889,1.707,1.8098885,46
0101121B,2023-07-13 09:00,522.544,2.662,32527.018,32163.273,970.071,42.371,29.248,427.187,1.654,1.7741,55
0101121E,2023-07-13 09:00,479.218,2.229,33403.527,32944.091,970.418,42.649,28.924,427.187,1.654,1.7519162,55
1011222,2023-07-13 09:00,445.104,2.368,33968.091,32602.055,970.06,41.91,28.952,427.187,1.654,1.7249528,55
0101121B,2023-07-13 10:00,514.712,2.618,32743.179,32325.518,970.268,43.267,28.683,423.654,1.718,1.7531366,56
0101121E,2023-07-13 10:00,474.818,2.215,33571.214,33063.625,970.58,44.18,28.17,423.654,1.718,1.7372826,56
1011222,2023-07-13 10:00,440.371,2.338,34130.25,32740.179,970.229,43.474,28.374,423.654,1.718,1.7303315,56
0101121B,2023-07-13 11:00,515.125,2.658,32324.17,31920.868,970.043,37.459,31.183,422.406,1.7,1.7487121,53
0101121E,2023-07-13 11:00,469.957,2.198,33351.189,32817.849,970.349,38.292,30.596,422.406,1.7,1.7293581,53
1011222,2023-07-13 11:00,438.909,2.378,33826.264,32325.887,970.026,37.604,30.837,422.406,1.7,1.721455,53
0101121B,2023-07-13 12:00,511.422,2.556,31982.782,31800.491,969.722,30.89,33.558,420.06,1.657,1.6440199,55
0101121E,2023-07-13 12:00,469.256,2.165,33022.273,32581.836,970.015,31.279,33.198,420.06,1.657,1.6291209,55
1011222,2023-07-13 12:00,436.445,2.302,33548.982,32183.091,969.729,31.293,33.14,420.06,1.657,1.6264134,55
0101121B,2023-07-13 13:00,500.829,2.338,32460.065,32489.677,969.69,31.955,31.701,420.409,1.603,1.5372513,31
0101121E,2023-07-13 13:00,467.994,2.067,33255.774,32999.548,969.929,31.85,31.593,420.409,1.603,1.5221724,31
1011222,2023-07-13 13:00,432.99,2.086,33858.065,32892.161,969.658,32.334,31.378,420.409,1.603,1.5272274,31
0101121B,2023-07-13 14:00,500.223,2.308,32081.182,32236.932,969.616,26.865,33.996,417.44,1.535,1.4708689,44
0101121E,2023-07-13 14:00,464.918,2.012,33038.818,32876.045,969.836,27.176,33.627,417.44,1.535,1.4581923,44
1011222,2023-07-13 14:00,431.005,2.069,33627.886,32672.409,969.632,27.803,33.278,417.44,1.535,1.4634588,44
0101121B,2023-07-13 15:00,498.263,2.108,32159.746,32684.525,969.566,24.378,33.714,414.533,1.354,1.3152829,59
0101121E,2023-07-13 15:00,461.297,1.822,33146.932,33357.644,969.749,24.801,33.293,414.533,1.354,1.306913,59
1011222,2023-07-13 15:00,427.586,1.871,33734.051,33157.407,969.612,25.384,32.982,414.533,1.354,1.3145092,59
0101121B,2023-07-13 16:00,490.718,1.853,32519.544,33466.228,969.551,23.364,32.303,415.069,1.194,1.1653604,57
0101121E,2023-07-13 16:00,457.537,1.59,33370.754,34097.105,969.751,23.479,32.101,415.069,1.194,1.1577538,57
1011222,2023-07-13 16:00,425.447,1.629,33926.649,33914.281,969.586,23.875,31.894,415.069,1.194,1.1638385,57
0101121B,2023-07-13 17:00,488.612,1.661,33035.627,34375.373,969.631,24.546,29.438,415.979,1.058,1.0403437,51
0101121E,2023-07-13 17:00,457.324,1.421,33709.02,34918.588,969.79,24.334,29.498,415.979,1.058,1.0347359,51
1011222,2023-07-13 17:00,424.447,1.439,34299.039,34831.039,969.651,24.68,29.315,415.979,1.058,1.038619,51
0101121B,2023-07-13 18:00,493.026,1.62,33307.296,34796.444,969.756,27.222,27.355,420.376,1.038,1.0208965,54
0101121E,2023-07-13 18:00,462.224,1.385,33883.833,35312.296,969.92,27.045,27.38,420.376,1.038,1.0155802,54
1011222,2023-07-13 18:00,428.006,1.393,34502.037,35283.019,969.789,27.347,27.279,420.376,1.038,1.0209648,54
0101121B,2023-07-13 19:00,523.669,1.823,33231.962,34648.5,970.187,36.948,24.743,448.694,1.306,1.1817522,52
0101121E,2023-07-13 19:00,491.3,1.572,33680.442,35108.942,970.315,36.963,24.82,448.694,1.306,1.1874554,52
1011222,2023-07-13 19:00,454.929,1.583,34332.673,35143.115,970.21,37.263,24.681,448.694,1.306,1.1872228,52
0101121B,2023-07-13 20:00,575.976,2.007,32775.891,34520.127,970.796,47.547,22.365,491.726,1.431,1.3224165,55
0101121E,2023-07-13 20:00,540.656,1.734,33109.818,34953.709,970.92,47.402,22.435,491.726,1.431,1.3238781,55
1011222,2023-07-13 20:00,500.287,1.736,33797.8,35076.727,970.798,47.593,22.332,491.726,1.431,1.3210605,55
0101121B,2023-07-13 21:00,592.184,2.053,32775.375,34633.036,970.821,54.067,20.671,505.969,1.481,1.3566095,56
0101121E,2023-07-13 21:00,556.943,1.768,33014.821,35062.071,970.957,53.922,20.74,505.969,1.481,1.3585665,56
1011222,2023-07-13 21:00,514.164,1.778,33745.893,35216.339,970.871,54.173,20.62,505.969,1.481,1.354964,56
0101121B,2023-07-13 22:00,591.362,2.043,32946.189,34808.906,970.998,57.446,19.532,501.594,1.422,1.3434713,53
0101121E,2023-07-13 22:00,556.57,1.751,33126.906,35244.17,971.14,57.063,19.598,501.594,1.422,1.3397616,53
1011222,2023-07-13 22:00,512.789,1.767,33888.717,35416.358,970.991,57.501,19.495,501.594,1.422,1.3417049,53
0101121B,2023-07-13 23:00,601.538,2.06,32896.288,34864.192,970.996,60.376,18.791,508.487,1.447,1.3481105,52
0101121E,2023-07-13 23:00,566.831,1.764,33033.519,35295.231,971.142,60.279,18.846,508.487,1.447,1.3503831,52
1011222,2023-07-13 23:00,522.096,1.783,33807.635,35482.808,970.998,60.427,18.746,508.487,1.447,1.3454887,52
0101121B,2023-07-14,643.475,2.101,32386.885,34862.058,970.627,64.358,17.999,542.358,1.49,1.3681787,52
0101121E,2023-07-14,606.125,1.799,32488.173,35281.558,970.769,64.422,18.083,542.358,1.49,1.3765785,52
1011222,2023-07-14,559.098,1.822,33267.827,35494.615,970.602,64.277,17.951,542.358,1.49,1.3623391,52
0101121B,2023-07-14 01:00,656.546,2.085,32287.875,34990.036,970.112,66.325,17.316,553.079,1.481,1.3513707,56
0101121E,2023-07-14 01:00,619.038,1.785,32348.929,35400.839,970.27,66.515,17.399,553.079,1.481,1.3620836,56
1011222,2023-07-14 01:00,570.705,1.807,33145.732,35637.625,970.088,66.094,17.274,553.079,1.481,1.3430982,56
0101121B,2023-07-14 02:00,657.804,2.059,32332.947,35119.789,969.788,67.35,16.818,553.815,1.456,1.3300948,57
0101121E,2023-07-14 02:00,620.574,1.763,32365.526,35520.526,969.928,67.6,16.898,553.815,1.456,1.3416541,57
1011222,2023-07-14 02:00,571.774,1.788,33176.088,35769.912,969.77,67.074,16.77,553.815,1.456,1.3206361,57
0101121B,2023-07-14 03:00,659.209,2.022,32368.111,35270.926,969.524,67.687,16.376,554.619,1.431,1.3001246,54
0101121E,2023-07-14 03:00,622.285,1.731,32374.463,35664.093,969.72,68.083,16.456,554.619,1.431,1.3140666,54
1011222,2023-07-14 03:00,572.83,1.757,33201.759,35923.944,969.531,67.526,16.313,554.619,1.431,1.2917548,54
0101121B,2023-07-14 04:00,667.902,2.092,32216.154,35059.327,969.221,69.141,16.6,559.586,1.441,1.3480578,52
0101121E,2023-07-14 04:00,629.594,1.781,32251.942,35496.308,969.419,69.071,16.635,559.586,1.441,1.3492494,52
1011222,2023-07-14 04:00,579.425,1.809,33075.308,35742.481,969.206,68.778,16.526,559.586,1.441,1.3347423,52
0101121B,2023-07-14 05:00,624.627,2.243,32446.731,34307.462,968.952,63.219,19.605,521.266,1.45,1.4863165,52
0101121E,2023-07-14 05:00,586.483,1.918,32660.942,34781.942,969.196,63.262,19.581,521.266,1.45,1.4847194,52
1011222,2023-07-14 05:00,539.202,1.966,33445.462,34873.577,968.962,64.02,19.486,521.266,1.45,1.4942989,52
0101121B,2023-07-14 06:00,554.711,2.154,33057.741,34118.519,968.73,50.088,22.66,456.308,1.394,1.4188717,54
0101121E,2023-07-14 06:00,514.324,1.844,33518.407,34620.63,968.981,49.761,22.677,456.308,1.394,1.4106209,54
1011222,2023-07-14 06:00,470.972,1.897,34283.944,34598.759,968.743,49.987,22.599,456.308,1.394,1.4104314,54
0101121B,2023-07-14 07:00,538.759,2.2,32654.922,33439.51,968.1,38.845,26.884,441.773,1.399,1.4146526,51
0101121E,2023-07-14 07:00,495.986,1.904,33355.078,33950.647,968.378,38.41,26.929,441.773,1.399,1.4021475,51
1011222,2023-07-14 07:00,454.902,1.964,34064.255,33818.471,968.149,38.557,26.808,441.773,1.399,1.3981108,51
0101121B,2023-07-14 08:00,526.552,2.259,32170.889,32733.167,967.683,30.711,31.032,433.381,1.441,1.4274132,54
0101121E,2023-07-14 08:00,485.359,1.959,33034.796,33306.87,967.961,30.388,31.033,433.381,1.441,1.4121791,54
1011222,2023-07-14 08:00,446.8,2.034,33671.741,33061.185,967.767,30.607,30.929,433.381,1.441,1.4141914,54
0101121B,2023-07-14 09:00,532.126,2.472,31529.62,31841.52,967.25,27.438,34.38,439.823,1.592,1.5414692,50
0101121E,2023-07-14 09:00,490.828,2.148,32509.94,32469.62,967.484,27.132,34.364,439.823,1.592,1.522541,50
1011222,2023-07-14 09:00,453.73,2.245,33084.12,32141.28,967.306,27.349,34.274,439.823,1.592,1.5273405,50
0101121B,2023-07-14 10:00,530.531,2.575,31208.362,31367.19,966.702,25.217,36.422,438.665,1.662,1.5846225,58
0101121E,2023-07-14 10:00,489.403,2.234,32245.862,32024.224,966.919,24.865,36.488,438.665,1.662,1.5678208,58
1011222,2023-07-14 10:00,453.336,2.349,32798.466,31655.707,966.828,25.175,36.315,438.665,1.662,1.5723618,58
0101121B,2023-07-14 11:00,519.678,2.471,30988.204,31246.815,966.15,20.949,38.657,430.261,1.568,1.4884983,54
0101121E,2023-07-14 11:00,480.724,2.126,32085.87,31976.111,966.315,20.658,38.661,430.261,1.568,1.4678489,54
1011222,2023-07-14 11:00,446.263,2.258,32606.111,31547.444,966.298,21.026,38.466,430.261,1.568,1.4785935,54
0101121B,2023-07-14 12:00,514.661,2.39,30819.463,31192.056,965.657,18.45,40.069,426.251,1.507,1.4151371,54
0101121E,2023-07-14 12:00,475.785,2.048,32005.444,31991.019,965.822,18.448,39.788,426.251,1.507,1.3938065,54
1011222,2023-07-14 12:00,442.489,2.191,32496.333,31517.667,965.85,18.825,39.634,426.251,1.507,1.4106978,54
0101121B,2023-07-14 13:00,511.133,2.318,30703.333,31182.667,965.055,16.78,41.039,424.938,1.461,1.3563083,51
0101121E,2023-07-14 13:00,472.529,1.97,31928.49,32034.686,965.192,16.919,40.688,424.938,1.461,1.342128,51
1011222,2023-07-14 13:00,440.698,2.125,32407.941,31539.667,965.218,17.316,40.423,424.938,1.461,1.3543008,51
0101121B,2023-07-14 14:00,508.019,2.345,30701.481,31091.074,964.289,16.74,41.315,423.263,1.493,1.3741571,54
0101121E,2023-07-14 14:00,468.493,1.978,31987.87,32010.278,964.419,17.18,40.728,423.263,1.493,1.3670598,54
1011222,2023-07-14 14:00,436.915,2.128,32464.185,31525.056,964.485,17.614,40.478,423.263,1.493,1.3827115,54
0101121B,2023-07-14 15:00,501.536,2.289,31032.766,31395.553,963.83,18.035,39.961,422.047,1.488,1.37765,47
0101121E,2023-07-14 15:00,464.283,1.942,32227.149,32246.553,963.923,18.401,39.541,422.047,1.488,1.3741912,47
1011222,2023-07-14 15:00,432.434,2.059,32735.149,31844.362,964.017,18.922,39.197,422.047,1.488,1.3873086,47
0101121B,2023-07-14 16:00,492.63,2.246,31530.52,31785.02,963.522,21.003,37.877,422.826,1.53,1.4326494,50
0101121E,2023-07-14 16:00,460.794,1.918,32542.42,32539.2,963.602,21.049,37.741,422.826,1.53,1.4257455,50
1011222,2023-07-14 16:00,429.606,2.019,33033.78,32163.3,963.718,21.427,37.538,422.826,1.53,1.4353485,50
0101121B,2023-07-14 17:00,494.027,2.243,32037.309,32234.018,963.258,25.671,34.814,426.065,1.575,1.4801223,55
0101121E,2023-07-14 17:00,462.889,1.934,32922.364,32893.655,963.282,25.561,34.747,426.065,1.575,1.4678871,55
1011222,2023-07-14 17:00,430.102,2,33440.236,32604.982,963.438,25.813,34.704,426.065,1.575,1.4790182,55
0101121B,2023-07-14 18:00,503.612,2.352,32348.719,32397.649,963.2,32.015,32.108,432.992,1.695,1.5886091,57
0101121E,2023-07-14 18:00,470.947,2.041,33144.088,32993.351,963.286,31.846,32.075,432.992,1.695,1.5775179,57
1011222,2023-07-14 18:00,436.27,2.088,33712.684,32793.088,963.4,32.139,32.009,432.992,1.695,1.5856346,57
0101121B,2023-07-14 19:00,521.246,2.352,32506.074,32757.278,963.441,37.591,29.505,447.069,1.726,1.6074735,54
0101121E,2023-07-14 19:00,486.989,2.046,33191.889,33291.278,963.511,37.319,29.571,447.069,1.726,1.6017717,54
1011222,2023-07-14 19:00,450.6,2.078,33801,33175.296,963.619,37.71,29.459,447.069,1.726,1.6078509,54
0101121B,2023-07-14 20:00,546.03,2.448,32482.377,32853.774,964.142,44.909,27.282,466.63,1.83,1.6867368,53
0101121E,2023-07-14 20:00,509.7,2.134,33082.189,33349,964.204,44.647,27.332,466.63,1.83,1.6816143,53
1011222,2023-07-14 20:00,471.068,2.16,33724.566,33294.698,964.277,45.104,27.232,466.63,1.83,1.6889261,53
0101121B,2023-07-14 21:00,564.429,2.516,32424.562,32897.375,964.435,50.364,25.867,482.846,1.883,1.7411041,48
0101121E,2023-07-14 21:00,526.867,2.194,32961.75,33374.604,964.531,50.025,25.925,482.846,1.883,1.7352192,48
1011222,2023-07-14 21:00,486.471,2.214,33630.104,33369.083,964.638,50.469,25.82,482.846,1.883,1.739499,48
0101121B,2023-07-14 22:00,569.95,2.586,32494.259,32880.852,964.526,55.04,24.861,483.556,1.929,1.7924335,54
0101121E,2023-07-14 22:00,532.107,2.252,32985.685,33350.944,964.685,54.659,24.927,483.556,1.929,1.7867188,54
1011222,2023-07-14 22:00,490.346,2.276,33681.778,33362.204,964.7,55.182,24.811,483.556,1.929,1.7914431,54
0101121B,2023-07-14 23:00,579.711,2.567,32470.667,33022.13,964.628,57.147,24.056,490.374,1.913,1.7731741,54
0101121E,2023-07-14 23:00,541.617,2.232,32919.963,33487.241,964.746,56.878,24.129,490.374,1.913,1.7722249,54
1011222,2023-07-14 23:00,500.104,2.251,33610.87,33532.37,964.761,57.188,23.997,490.374,1.913,1.7678766,54
0101121B,2023-07-15,620.744,2.563,32073.945,33208.036,964.605,61.576,22.654,520.969,1.93,1.7554672,55
0101121E,2023-07-15,579.235,2.224,32472.509,33662.945,964.74,61.524,22.713,520.969,1.93,1.7601433,55
1011222,2023-07-15,536.053,2.245,33163.6,33742.2,964.722,61.724,22.589,520.969,1.93,1.7526068,55
0101121B,2023-07-15 01:00,638.063,2.559,31929.278,33304.185,964.511,64.058,21.944,531.714,1.877,1.7496162,54
0101121E,2023-07-15 01:00,595.302,2.216,32298.796,33758,964.628,63.945,21.991,531.714,1.877,1.7513474,54
1011222,2023-07-15 01:00,551.069,2.244,32996.056,33842.056,964.615,64.28,21.873,531.714,1.877,1.7479242,54
0101121B,2023-07-15 02:00,640.906,2.537,31932.302,33387.302,964.223,64.615,21.641,535.273,1.831,1.733104,53
0101121E,2023-07-15 02:00,597.764,2.192,32287.868,33845.302,964.417,64.26,21.72,535.273,1.831,1.7315941,53
1011222,2023-07-15 02:00,553.332,2.221,32991.415,33938.226,964.334,64.606,21.581,535.273,1.831,1.7263512,53
0101121B,2023-07-15 03:00,651.657,2.501,31845.696,33524.554,964.116,65.295,21.171,545.349,1.812,1.7017808,56
0101121E,2023-07-15 03:00,608.191,2.163,32176,33969.732,964.312,65.147,21.239,545.349,1.812,1.7046518,56
1011222,2023-07-15 03:00,562.784,2.192,32890.518,34075.911,964.239,65.424,21.097,545.349,1.812,1.6971491,56
0101121B,2023-07-15 04:00,667.683,2.577,31584.077,33323.115,963.938,66.291,21.449,559.664,1.848,1.7582291,52
0101121E,2023-07-15 04:00,623.492,2.23,31925.731,33779.788,964.154,66.216,21.461,559.664,1.848,1.7570412,52
1011222,2023-07-15 04:00,576.883,2.258,32636.942,33878.288,964.077,66.404,21.359,559.664,1.848,1.7513029,52
0101121B,2023-07-15 05:00,620.418,2.684,31762.93,32681.053,963.561,57.014,24.828,518.788,1.862,1.8505841,57
0101121E,2023-07-15 05:00,574.728,2.319,32331,33211.982,963.779,57.039,24.766,518.788,1.862,1.8438221,57
1011222,2023-07-15 05:00,530.986,2.367,33011.105,33173.263,963.684,57.41,24.667,518.788,1.862,1.8452938,57
0101121B,2023-07-15 06:00,543.851,2.484,32244.036,32553.4,962.824,40.401,29.006,448.5,1.67,1.6668799,55
0101121E,2023-07-15 06:00,498.733,2.143,33084.345,33150.782,963.069,40.264,28.886,448.5,1.67,1.6500887,55
1011222,2023-07-15 06:00,460.022,2.215,33703.073,32934.891,962.962,40.277,28.965,448.5,1.67,1.6574015,55
0101121B,2023-07-15 07:00,517.3,2.428,31845.019,32000.759,962.915,28.475,33.839,425.908,1.591,1.5550893,54
0101121E,2023-07-15 07:00,474.357,2.104,32886.648,32661.593,963.135,28.541,33.581,425.908,1.591,1.5359699,54
1011222,2023-07-15 07:00,438.385,2.2,33428.944,32304.556,963.044,28.504,33.75,425.908,1.591,1.5488362,54
0101121B,2023-07-15 08:00,512.802,2.472,31347.1,31450.24,962.65,23.386,37.168,424.06,1.622,1.5375807,50
0101121E,2023-07-15 08:00,471.904,2.134,32486.88,32187.16,962.872,23.478,36.827,424.06,1.622,1.5150949,50
1011222,2023-07-15 08:00,437.564,2.256,32971.84,31745.56,962.826,23.513,37.014,424.06,1.622,1.5326404,50
0101121B,2023-07-15 09:00,510.896,2.447,30819.268,31038.786,962.211,18.679,40.391,420.734,1.56,1.4597453,56
0101121E,2023-07-15 09:00,469.584,2.096,32065.75,31852.804,962.414,18.747,40.064,420.734,1.56,1.4393031,56
1011222,2023-07-15 09:00,437.062,2.252,32499.232,31316.643,962.384,18.82,40.227,420.734,1.56,1.4575916,56
0101121B,2023-07-15 10:00,512.033,2.495,30307.444,30544.963,961.822,15.761,43.242,418.731,1.569,1.4334851,54
0101121E,2023-07-15 10:00,469.57,2.123,31653.889,31429.63,961.972,15.801,42.884,418.731,1.569,1.4101088,54
1011222,2023-07-15 10:00,438.394,2.316,32040.778,30816.833,962.007,15.883,43.064,418.731,1.569,1.4309066,54
0101121B,2023-07-15 11:00,514.683,2.485,29810.983,30177.603,961.269,12.994,45.875,417.567,1.526,1.3552295,58
0101121E,2023-07-15 11:00,471.574,2.099,31193.052,31094.914,961.371,12.871,45.757,417.567,1.526,1.3342963,58
1011222,2023-07-15 11:00,441.393,2.332,31570.448,30428.638,961.493,13.076,45.752,417.567,1.526,1.3551166,58
0101121B,2023-07-15 12:00,513.036,2.403,29594.491,30122,960.509,11.319,47.253,416.635,1.496,1.268873,55
0101121E,2023-07-15 12:00,469.865,2.017,31057.527,31117.436,960.576,11.403,46.829,416.635,1.496,1.2511356,55
1011222,2023-07-15 12:00,440.765,2.256,31403.8,30414.255,960.689,11.606,46.871,416.635,1.496,1.2759055,55
0101121B,2023-07-15 13:00,498.721,2.254,30492.075,30963.34,960.375,14.94,43.296,420.121,1.503,1.3356209,53
0101121E,2023-07-15 13:00,461.955,1.9,31732.208,31842.075,960.408,14.882,43.162,420.121,1.503,1.3221583,53
1011222,2023-07-15 13:00,432.76,2.068,32153.623,31301.679,960.604,15.203,42.93,420.121,1.503,1.3334484,53
0101121B,2023-07-15 14:00,506.471,2.364,31155.962,31414.481,961.106,20.847,38.829,427.526,1.62,1.4908908,52
0101121E,2023-07-15 14:00,467.502,2.017,32312.173,32212.25,961.142,20.928,38.571,427.526,1.62,1.4779372,52
1011222,2023-07-15 14:00,434.833,2.135,32817.5,31803.212,961.352,21.308,38.366,427.526,1.62,1.488377,52
0101121B,2023-07-15 15:00,507.133,2.343,30615.852,31009.648,960.95,16.493,41.882,422.539,1.539,1.4000628,54
0101121E,2023-07-15 15:00,464.941,1.972,31956.352,31939.037,961.002,16.879,41.335,422.539,1.539,1.3920691,54
1011222,2023-07-15 15:00,433.33,2.129,32433.944,31438.463,961.226,17.302,41.074,422.539,1.539,1.4070767,54
0101121B,2023-07-15 16:00,500.026,2.259,30957.772,31372.14,960.475,17.829,40.519,424.124,1.532,1.4057218,57
0101121E,2023-07-15 16:00,462.6,1.905,32149.053,32229.684,960.5,17.941,40.275,424.124,1.532,1.3970982,57
1011222,2023-07-15 16:00,431.549,2.044,32615.649,31754.316,960.747,18.277,40.085,424.124,1.532,1.4085958,57
0101121B,2023-07-15 17:00,502.36,2.372,31353.709,31519.764,960.529,22.457,38.038,430.228,1.673,1.5484112,55
0101121E,2023-07-15 17:00,467.602,2.032,32385.345,32250.582,960.547,22.322,38.05,430.228,1.673,1.5403383,55
1011222,2023-07-15 17:00,434.984,2.137,32889.255,31869.055,960.798,22.649,37.872,430.228,1.673,1.5473736,55
0101121B,2023-07-15 18:00,508.129,2.354,31853.75,32045.75,960.7,27.555,34.616,437.536,1.711,1.5749455,56
0101121E,2023-07-15 18:00,474.434,2.029,32740,32696.643,960.741,27.353,34.672,437.536,1.711,1.5681398,56
1011222,2023-07-15 18:00,439.72,2.096,33294.339,32425.464,960.943,27.709,34.529,437.536,1.711,1.5756886,56
0101121B,2023-07-15 19:00,521.818,2.893,32384.582,31616.473,961.407,45.902,30.179,448.943,2.199,2.0204572,55
0101121E,2023-07-15 19:00,490.756,2.528,33044.345,32162.055,961.433,45.568,30.225,448.943,2.199,2.0113448,55
1011222,2023-07-15 19:00,453.465,2.568,33670.891,32050.182,961.656,46.309,30.029,448.943,2.199,2.0207278,55
0101121B,2023-07-15 20:00,530.99,3.009,32708.136,31764.881,962.583,55.915,27.346,449,2.274,2.1141013,59
0101121E,2023-07-15 20:00,498.259,2.634,33282.373,32277.881,962.636,55.782,27.285,449,2.274,2.1016935,59
1011222,2023-07-15 20:00,458.778,2.667,33964.356,32230.881,962.825,56.497,27.106,449,2.274,2.1060532,59
0101121B,2023-07-15 21:00,520.69,2.998,33160.948,32002.138,964.798,62.039,25.477,428.814,2.236,2.0919046,58
0101121E,2023-07-15 21:00,488.616,2.616,33654.862,32499.017,964.866,61.946,25.429,428.814,2.236,2.0828136,58
1011222,2023-07-15 21:00,448.759,2.653,34366.586,32481.293,965.031,62.589,25.307,428.814,2.236,2.089016,58
0101121B,2023-07-15 22:00,528.944,2.984,33135.556,32111.167,966.257,64.354,24.793,432.168,2.195,2.0837823,54
0101121E,2023-07-15 22:00,496.063,2.604,33605.741,32599.963,966.361,64.272,24.73,432.168,2.195,2.0730393,54
1011222,2023-07-15 22:00,454.843,2.639,34336.907,32600.259,966.481,64.758,24.629,432.168,2.195,2.0759798,54
0101121B,2023-07-15 23:00,531.415,2.794,33354.851,32689.532,967.972,65.64,23.117,430.342,2.019,1.9207428,47
0101121E,2023-07-15 23:00,498.543,2.426,33745.255,33170.106,968.091,65.556,23.058,430.342,2.019,1.9114812,47
1011222,2023-07-15 23:00,456.613,2.46,34505.426,33217.574,968.149,66.025,22.941,430.342,2.019,1.9114791,47
0101121B,2023-07-16,532.9,2.513,33634.222,33508.333,968.665,66.055,21.105,430.241,1.767,1.7065977,54
0101121E,2023-07-16,499.461,2.167,33942.574,33983.704,968.817,66.042,21.007,430.241,1.767,1.6957936,54
1011222,2023-07-16,456.937,2.199,34725.722,34074.889,968.787,66.354,20.975,430.241,1.767,1.7005099,54
0101121B,2023-07-16 01:00,540.153,2.517,33554.113,33527.698,969.009,67.108,20.867,435.141,1.764,1.7080398,53
0101121E,2023-07-16 01:00,506.223,2.172,33848.925,33994.925,969.174,67.101,20.793,435.141,1.764,1.6998599,53
1011222,2023-07-16 01:00,462.951,2.202,34636.34,34095.585,969.142,67.225,20.786,435.141,1.764,1.7023359,53
0101121B,2023-07-16 02:00,542.812,2.536,33560.982,33526.421,969.335,68.788,20.53,434.805,1.774,1.714039,57
0101121E,2023-07-16 02:00,511.814,2.186,33798.526,34006.807,969.47,69.731,20.332,434.805,1.774,1.715893,57
1011222,2023-07-16 02:00,465.175,2.217,34638,34109.965,969.467,68.951,20.405,434.805,1.774,1.7046278,57
0101121B,2023-07-16 03:00,547.883,2.566,33517.736,33494.038,969.423,70.56,20.271,436.178,1.781,1.7304021,53
0101121E,2023-07-16 03:00,523.128,2.262,33650.094,33869.321,969.577,73.634,19.875,436.178,1.781,1.7617037,53
1011222,2023-07-16 03:00,469.685,2.243,34581.509,34079.358,969.545,70.57,20.174,436.178,1.781,1.7200921,53
0101121B,2023-07-16 04:00,554.379,2.627,33390.245,33342.736,969.636,71.593,20.435,439.254,1.811,1.7733594,53
0101121E,2023-07-16 04:00,530.742,2.321,33506.642,33712.075,969.823,75.241,20.051,439.254,1.811,1.8195547,53
1011222,2023-07-16 04:00,480.157,2.301,34373.509,33918.283,969.745,71.607,20.341,439.254,1.811,1.7631929,53
0101121B,2023-07-16 05:00,553.558,2.717,33300.164,33067.509,969.765,71.162,21.147,437.607,1.849,1.8412001,55
0101121E,2023-07-16 05:00,527.845,2.403,33483.982,33441.8,970,74.709,20.779,437.607,1.849,1.8893522,55
1011222,2023-07-16 05:00,478.185,2.386,34332.382,33622.891,969.895,71.076,21.04,437.607,1.849,1.8266993,55
0101121B,2023-07-16 06:00,539.818,2.679,33230.843,32910.51,969.663,62.724,23.058,430.03,1.771,1.818297,51
0101121E,2023-07-16 06:00,506.363,2.364,33671.078,33353.98,969.892,67.332,22.496,430.03,1.771,1.8874746,51
1011222,2023-07-16 06:00,463.075,2.372,34401.412,33414.176,969.757,62.825,22.815,430.03,1.771,1.7943824,51
0101121B,2023-07-16 07:00,526.133,2.448,33160.538,33164.5,969.588,50.351,24.927,422.948,1.547,1.6377177,52
0101121E,2023-07-16 07:00,486.019,2.089,33820.558,33808.192,969.856,54.429,24.356,422.948,1.547,1.710215,52
1011222,2023-07-16 07:00,449.46,2.171,34425.173,33621.827,969.708,50.634,24.726,422.948,1.547,1.627135,52
0101121B,2023-07-16 08:00,522.496,2.459,32945.111,32910.796,969.457,45.056,26.662,420.785,1.565,1.6225261,54
0101121E,2023-07-16 08:00,479.344,2.043,33721.667,33691.519,969.713,47.224,26.246,420.785,1.565,1.6589746,54
1011222,2023-07-16 08:00,446.163,2.188,34270.019,33332.778,969.546,44.989,26.466,420.785,1.565,1.6013233,54
0101121B,2023-07-16 09:00,517.835,2.43,32912.965,32884.772,969.656,42.569,27.327,418.62,1.568,1.5945956,57
0101121E,2023-07-16 09:00,476.389,2.027,33675.14,33638.123,969.911,43.414,27.072,418.62,1.568,1.6010764,57
1011222,2023-07-16 09:00,443.212,2.161,34246.211,33315.789,969.735,42.637,27.077,418.62,1.568,1.5736319,57
0101121B,2023-07-16 10:00,512.225,2.419,32849.518,32783.054,969.627,39.994,28.273,416.041,1.582,1.5838943,56
0101121E,2023-07-16 10:00,471.83,2.006,33633.304,33566.411,969.848,40.284,28.08,416.041,1.582,1.5772292,56
1011222,2023-07-16 10:00,439.682,2.15,34181.821,33201.893,969.739,39.994,28.078,416.041,1.582,1.5658579,56
0101121B,2023-07-16 11:00,514.002,2.472,32271.525,32220.576,969.347,33.097,31.602,417.018,1.593,1.5820983,59
0101121E,2023-07-16 11:00,474.647,2.118,33156.39,32890.017,969.564,33.122,31.487,417.018,1.593,1.5716978,59
1011222,2023-07-16 11:00,440.78,2.222,33726.424,32593.458,969.473,33.291,31.313,417.018,1.593,1.5654327,59
0101121B,2023-07-16 12:00,507.375,2.451,32397.518,32289.857,969.075,33.398,31.47,417.305,1.655,1.5888682,56
0101121E,2023-07-16 12:00,473.234,2.138,33192.054,32861.982,969.28,33.236,31.409,417.305,1.655,1.5754064,56
1011222,2023-07-16 12:00,438.816,2.192,33779.464,32680.643,969.182,33.694,31.194,417.305,1.655,1.5779518,56
0101121B,2023-07-16 13:00,512.232,2.579,31714.943,31546.132,968.817,28.05,35.06,416.724,1.675,1.6221479,53
0101121E,2023-07-16 13:00,474.225,2.235,32715.679,32224.528,969.002,28.1,34.857,416.724,1.675,1.6074536,53
1011222,2023-07-16 13:00,440.885,2.333,33260.547,31917.264,968.968,28.564,34.609,416.724,1.675,1.6126172,53
0101121B,2023-07-16 14:00,508.709,2.576,31547.793,31377.828,968.272,25.627,36.36,416.781,1.697,1.603847,58
0101121E,2023-07-16 14:00,471.06,2.219,32621.034,32125.569,968.416,26.022,35.96,416.781,1.697,1.5927384,58
1011222,2023-07-16 14:00,439.386,2.321,33145.81,31813.052,968.4,26.629,35.608,416.781,1.697,1.5987688,58
0101121B,2023-07-16 15:00,503.035,2.535,31935.614,31698.965,968.105,28.538,34.598,416.033,1.72,1.6212317,57
0101121E,2023-07-16 15:00,468.307,2.194,32896.193,32389.737,968.247,28.904,34.278,416.033,1.72,1.6131025,57
1011222,2023-07-16 15:00,436.125,2.263,33445.825,32159.807,968.247,29.578,33.923,416.033,1.72,1.6183716,57
0101121B,2023-07-16 16:00,497.503,2.459,32383.729,32137.373,968.124,32.239,32.462,415.674,1.714,1.6225679,59
0101121E,2023-07-16 16:00,466.231,2.13,33181.78,32756.593,968.225,32.205,32.389,415.674,1.714,1.6144856,59
1011222,2023-07-16 16:00,436.046,2.183,33700.39,32569.475,968.285,32.718,32.124,415.674,1.714,1.6158909,59
0101121B,2023-07-16 17:00,497.453,2.453,32694.283,32396.208,968.123,36.076,30.623,414.715,1.723,1.6383332,53
0101121E,2023-07-16 17:00,466.221,2.131,33417.396,32973.962,968.24,35.922,30.576,414.715,1.723,1.6267119,53
1011222,2023-07-16 17:00,435.1,2.172,33953.604,32828.736,968.275,36.339,30.411,414.715,1.723,1.6301631,53
0101121B,2023-07-16 18:00,498.102,2.446,32907,32595.375,968.241,39.084,29.28,415.57,1.741,1.6408837,56
0101121E,2023-07-16 18:00,467.457,2.122,33552.607,33145.911,968.354,38.797,29.33,415.57,1.741,1.6334762,56
1011222,2023-07-16 18:00,435.973,2.156,34109.161,33046.464,968.382,39.261,29.132,415.57,1.741,1.6341734,56
0101121B,2023-07-16 19:00,504.587,2.394,33235.218,33053.455,968.691,44.797,26.644,419.631,1.712,1.614332,55
0101121E,2023-07-16 19:00,473.633,2.074,33767.709,33567.818,968.8,44.435,26.698,419.631,1.712,1.6060731,55
1011222,2023-07-16 19:00,440.804,2.098,34359.455,33538.564,968.785,44.903,26.54,419.631,1.712,1.6080787,55
0101121B,2023-07-16 20:00,507.195,2.295,33306,33365.929,969.384,44.489,25.945,420.465,1.613,1.5377768,56
0101121E,2023-07-16 20:00,475.666,1.984,33817.643,33877.625,969.507,44.123,25.973,420.465,1.613,1.5274878,56
1011222,2023-07-16 20:00,442.177,2.004,34424.339,33868.554,969.455,44.554,25.829,420.465,1.613,1.5294528,56
0101121B,2023-07-16 21:00,510.528,2.116,33309.434,33818.66,969.636,41.319,25.586,423.844,1.45,1.3975996,53
0101121E,2023-07-16 21:00,478.758,1.82,33804.434,34334.245,969.749,40.962,25.623,423.844,1.45,1.3884431,53
1011222,2023-07-16 21:00,445.215,1.839,34411.868,34333.377,969.698,41.355,25.48,423.844,1.45,1.389933,53
0101121B,2023-07-16 22:00,528.338,2.126,33191.732,33936.75,969.941,44.417,24.509,440.271,1.487,1.4081283,56
0101121E,2023-07-16 22:00,496.143,1.83,33625.5,34431.625,970.077,44.154,24.554,440.271,1.487,1.4033233,56
1011222,2023-07-16 22:00,461.389,1.846,34240.589,34461.179,970.057,44.449,24.45,440.271,1.487,1.404074,56
0101121B,2023-07-16 23:00,554.696,2.256,32815.855,33669.127,970.247,48.171,24.273,462.261,1.603,1.5055575,55
0101121E,2023-07-16 23:00,520.773,1.953,33239.455,34146.764,970.396,48,24.299,462.261,1.603,1.502352,55
1011222,2023-07-16 23:00,485.105,1.971,33847.673,34179.091,970.325,48.312,24.195,462.261,1.603,1.5028057,55
0101121B,2023-07-17,563.455,2.321,32704.845,33542.448,970.41,50.089,24.129,469.187,1.64,1.5519205,58
0101121E,2023-07-17,528.352,2.01,33132.655,34022.431,970.538,49.814,24.149,469.187,1.64,1.5450095,58
1011222,2023-07-17,491.231,2.027,33760.448,34063.19,970.512,50.084,24.038,469.187,1.64,1.5430991,58
0101121B,2023-07-17 01:00,544.42,2.395,33205.685,33557.259,970.822,56.276,22.75,447.586,1.7,1.5952819,54
0101121E,2023-07-17 01:00,511.433,2.071,33563.074,34036.704,970.965,56.309,22.703,447.586,1.7,1.5909132,54
1011222,2023-07-17 01:00,475.326,2.095,34201.019,34097,970.9,56.407,22.643,447.586,1.7,1.5886613,54
0101121B,2023-07-17 02:00,545.825,2.496,33504.175,33607.281,971.13,66.389,20.592,438.316,1.779,1.6578611,57
0101121E,2023-07-17 02:00,513.091,2.157,33753.035,34054.281,971.279,66.775,20.576,438.316,1.779,1.6656522,57
1011222,2023-07-17 02:00,475.458,2.192,34441.649,34159.246,971.195,66.8,20.497,438.316,1.779,1.6582882,57
0101121B,2023-07-17 03:00,559.669,2.58,33244.353,33389.333,971.345,67.823,20.871,449.323,1.831,1.7225812,51
0101121E,2023-07-17 03:00,526.622,2.236,33495.157,33826.412,971.539,68.097,20.879,449.323,1.831,1.7300797,51
1011222,2023-07-17 03:00,487.545,2.272,34192.314,33923.667,971.42,68.204,20.785,449.323,1.831,1.7230087,51
0101121B,2023-07-17 04:00,565.261,2.636,33090.246,33214.421,971.644,67.615,21.331,453.548,1.843,1.7658137,57
0101121E,2023-07-17 04:00,530.981,2.284,33377.842,33665.579,971.832,67.638,21.336,453.548,1.843,1.7666624,57
1011222,2023-07-17 04:00,491.388,2.32,34073.667,33749.456,971.73,67.787,21.241,453.548,1.843,1.7604761,57
0101121B,2023-07-17 05:00,573.975,2.738,32800.825,32871.579,971.935,66.059,22.404,462.053,1.898,1.8413712,57
0101121E,2023-07-17 05:00,538.1,2.376,33152.14,33332.298,972.128,65.861,22.429,462.053,1.898,1.838228,57
1011222,2023-07-17 05:00,498.689,2.417,33828.86,33380.07,972.012,66.159,22.3,462.053,1.898,1.8323947,57
0101121B,2023-07-17 06:00,563.553,2.865,32577.863,32315.098,972.022,59.478,24.937,452.849,1.932,1.9280093,51
0101121E,2023-07-17 06:00,524.767,2.488,33105.627,32824.392,972.267,59.237,24.91,452.849,1.932,1.9166107,51
1011222,2023-07-17 06:00,486.792,2.547,33744.333,32764.137,972.125,59.52,24.804,452.849,1.932,1.9137528,51
0101121B,2023-07-17 07:00,541.288,2.731,32491.471,32242.137,972.171,47.567,27.677,434.98,1.77,1.8106073,51
0101121E,2023-07-17 07:00,500.975,2.354,33195.294,32831.294,972.416,47.089,27.601,434.98,1.77,1.78475,51
1011222,2023-07-17 07:00,462.914,2.429,33833.314,32667.137,972.259,47.405,27.524,434.98,1.77,1.7885488,51
0101121B,2023-07-17 08:00,525.283,2.596,32229.746,32089.932,972.214,36.827,30.794,423.442,1.672,1.6779158,59
0101121E,2023-07-17 08:00,485.717,2.237,33077.271,32727.492,972.442,36.603,30.645,423.442,1.672,1.6528691,59
1011222,2023-07-17 08:00,447.747,2.326,33710.508,32478.051,972.329,37.005,30.513,423.442,1.672,1.6589785,59
0101121B,2023-07-17 09:00,521.212,2.442,31630.804,31846.464,972.02,26.34,34.754,419.07,1.509,1.4997011,56
0101121E,2023-07-17 09:00,480.745,2.102,32612.446,32506.393,972.234,25.929,34.843,419.07,1.509,1.4830487,56
1011222,2023-07-17 09:00,444.782,2.215,33195.214,32155.857,972.129,26.282,34.601,419.07,1.509,1.483427,56
0101121B,2023-07-17 10:00,515.474,2.48,31312.397,31442.241,971.697,22.882,37.136,416.083,1.553,1.4896667,58
0101121E,2023-07-17 10:00,476.114,2.126,32368.931,32163.328,971.878,22.562,37.182,416.083,1.553,1.4723167,58
1011222,2023-07-17 10:00,442.148,2.259,32891.879,31741.741,971.81,22.835,37.018,416.083,1.553,1.4769152,58
0101121B,2023-07-17 11:00,514.025,2.506,31228.145,31310.673,971.449,22.255,37.754,415.836,1.578,1.4977743,55
0101121E,2023-07-17 11:00,474.933,2.142,32292.855,32042.782,971.625,21.897,37.862,415.836,1.578,1.4821076,55
1011222,2023-07-17 11:00,441.633,2.284,32811.164,31609.491,971.584,22.289,37.626,415.836,1.578,1.4894616,55
0101121B,2023-07-17 12:00,509.817,2.465,30978.75,31131.462,971.171,19.581,39.564,413.774,1.55,1.4533095,52
0101121E,2023-07-17 12:00,472.029,2.096,32110.058,31934.635,971.313,19.419,39.482,413.774,1.55,1.4349182,52
1011222,2023-07-17 12:00,440.088,2.253,32603.827,31461.231,971.308,19.873,39.194,413.774,1.55,1.4460767,52
0101121B,2023-07-17 13:00,497.684,2.285,31714.18,31935.82,970.87,22.967,36.363,413.886,1.523,1.428078,50
0101121E,2023-07-17 13:00,465.854,1.946,32656.72,32670.7,970.982,22.834,36.31,413.886,1.523,1.41537,50
1011222,2023-07-17 13:00,433.614,2.051,33182.74,32315.54,971.028,23.302,36.042,413.886,1.523,1.4236845,50
0101121B,2023-07-17 14:00,498.59,2.356,32020.153,32048.61,970.607,26.62,34.503,413.037,1.588,1.4997733,59
0101121E,2023-07-17 14:00,465.325,2.019,32938.627,32756.475,970.703,26.657,34.329,413.037,1.588,1.4875463,59
1011222,2023-07-17 14:00,431.612,2.107,33498.932,32454.119,970.793,27.152,34.111,413.037,1.588,1.4967372,59
0101121B,2023-07-17 15:00,503.35,2.47,31483.944,31458.056,970.561,23.092,37.202,412.027,1.615,1.5098329,54
0101121E,2023-07-17 15:00,466.291,2.099,32581.296,32271.074,970.68,23.457,36.813,412.027,1.615,1.5014157,54
1011222,2023-07-17 15:00,433.281,2.222,33126.778,31893.63,970.761,24.052,36.472,412.027,1.615,1.5110075,54
0101121B,2023-07-17 16:00,493.37,2.277,32164.407,32270.556,970.72,26.337,34.135,411.331,1.551,1.451504,54
0101121E,2023-07-17 16:00,462.009,1.941,33035.093,32979.537,970.809,26.333,34.023,411.331,1.551,1.4425378,54
1011222,2023-07-17 16:00,429.007,2.026,33599.889,32695.185,970.902,26.857,33.731,411.331,1.551,1.4475771,54
0101121B,2023-07-17 17:00,493.456,2.135,32802.772,33103.842,971.149,31.016,30.361,411.893,1.466,1.3828796,57
0101121E,2023-07-17 17:00,462.967,1.823,33498.561,33725.439,971.209,30.778,30.375,411.893,1.466,1.3731957,57
1011222,2023-07-17 17:00,428.268,1.876,34114.386,33552.035,971.291,31.27,30.152,411.893,1.466,1.3773664,57
0101121B,2023-07-17 18:00,498.161,2.062,32984.571,33489.536,971.723,32.687,28.811,414.734,1.404,1.332819,56
0101121E,2023-07-17 18:00,467.209,1.76,33622.5,34084.714,971.775,32.442,28.813,414.734,1.404,1.3229807,56
1011222,2023-07-17 18:00,431.238,1.803,34263.821,33955.571,971.868,32.904,28.628,414.734,1.404,1.3273918,56
0101121B,2023-07-17 19:00,504.778,2.088,32939.276,33478.879,972.221,34.104,28.448,420.879,1.43,1.3609153,58
0101121E,2023-07-17 19:00,474.086,1.786,33549.207,34061.362,972.334,33.852,28.452,420.879,1.43,1.35106,58
1011222,2023-07-17 19:00,437.443,1.825,34186.793,33938.034,972.372,34.225,28.352,420.879,1.43,1.3579986,58
0101121B,2023-07-17 20:00,517.787,2.166,32781.782,33343.473,972.676,36.285,28.15,432.355,1.507,1.4220024,55
0101121E,2023-07-17 20:00,486.858,1.862,33366.418,33904.782,972.787,36.096,28.166,432.355,1.507,1.4158004,55
1011222,2023-07-17 20:00,449.775,1.9,33999.382,33794.182,972.798,36.439,28.068,432.355,1.507,1.421116,55
0101121B,2023-07-17 21:00,540.861,2.299,32540.87,33152.685,972.896,40.582,27.417,452.609,1.628,1.5233134,54
0101121E,2023-07-17 21:00,508.893,1.983,33082.481,33695.648,973.006,40.331,27.453,452.609,1.628,1.5169405,54
1011222,2023-07-17 21:00,470.139,2.015,33727.111,33620.87,973.052,40.601,27.352,452.609,1.628,1.5179552,54
0101121B,2023-07-17 22:00,552.274,2.322,32448.138,33173.621,973.119,42.299,26.903,463.477,1.644,1.5405191,58
0101121E,2023-07-17 22:00,519.74,2.002,32963.069,33711.983,973.241,42.034,26.947,463.477,1.644,1.534637,58
1011222,2023-07-17 22:00,480.271,2.034,33613.862,33646.862,973.31,42.335,26.836,463.477,1.644,1.5355119,58
0101121B,2023-07-17 23:00,597.278,2.455,31922.148,33008.852,973.076,47.584,25.982,505.423,1.8,1.6408633,54
0101121E,2023-07-17 23:00,563.37,2.126,32370.87,33519.296,973.2,47.481,26.033,505.423,1.8,1.6420815,54
1011222,2023-07-17 23:00,521.73,2.155,33021.63,33491.667,973.231,47.689,25.896,505.423,1.8,1.6360516,54
0101121B,2023-07-18,618.269,2.501,31826.655,33090.255,972.711,52.776,24.599,524.266,1.845,1.6776998,55
0101121E,2023-07-18,584.189,2.164,32199.4,33588.673,972.853,52.645,24.644,524.266,1.845,1.6777818,55
1011222,2023-07-18,541.033,2.191,32862.764,33596.982,972.855,52.777,24.532,524.266,1.845,1.670747,55
0101121B,2023-07-18 01:00,630.84,2.501,31763.914,33194.966,972.381,55.278,23.811,533.11,1.819,1.6763311,58
0101121E,2023-07-18 01:00,596.555,2.157,32092.345,33695.621,972.553,55.116,23.873,533.11,1.819,1.6774683,58
1011222,2023-07-18 01:00,552.636,2.192,32765.966,33710.69,972.526,55.396,23.729,533.11,1.819,1.6716262,58
0101121B,2023-07-18 02:00,643.078,2.449,31845.345,33530.172,972.3,59.792,22.038,538.818,1.776,1.6292802,58
0101121E,2023-07-18 02:00,607.695,2.102,32102.621,34026.672,972.4,59.718,22.088,538.818,1.776,1.6320077,58
1011222,2023-07-18 02:00,562.952,2.143,32796.379,34075.31,972.4,60.134,21.952,538.818,1.776,1.6297418,58
0101121B,2023-07-18 03:00,619.575,2.384,32276.404,33763.351,972.142,60.448,21.368,511.786,1.665,1.5816928,57
0101121E,2023-07-18 03:00,584.258,2.036,32523.684,34270.947,972.316,59.992,21.431,511.786,1.665,1.5755663,57
1011222,2023-07-18 03:00,540.395,2.075,33235.544,34341.632,972.272,60.51,21.297,511.786,1.665,1.5762043,57
0101121B,2023-07-18 04:00,599.213,2.336,32545.019,33842.887,971.881,58.485,21.561,496.002,1.612,1.5484892,53
0101121E,2023-07-18 04:00,564.296,1.993,32817.679,34358.17,972.025,58.199,21.585,496.002,1.612,1.5429825,53
1011222,2023-07-18 04:00,520.615,2.03,33545.34,34424.868,971.991,58.581,21.471,496.002,1.612,1.542334,53
0101121B,2023-07-18 05:00,551.249,2.217,32922.439,33804.93,971.549,47.692,23.922,453.213,1.467,1.4560874,57
0101121E,2023-07-18 05:00,514.886,1.88,33383.368,34384.754,971.705,47.435,23.869,453.213,1.467,1.4434548,57
1011222,2023-07-18 05:00,473.704,1.925,34099.947,34355.789,971.654,47.829,23.768,453.213,1.467,1.446692,57
0101121B,2023-07-18 06:00,549.817,2.322,32574.192,33246.885,971.162,42.817,26.329,450.171,1.543,1.5102779,52
0101121E,2023-07-18 06:00,510.787,1.978,33175.962,33838.096,971.333,42.46,26.36,450.171,1.543,1.5001121,52
1011222,2023-07-18 06:00,470.75,2.048,33855.519,33696.346,971.29,42.768,26.229,450.171,1.543,1.4995007,52
0101121B,2023-07-18 07:00,553.78,2.52,31940.367,32349.9,970.533,37.102,29.928,451.791,1.656,1.6117592,60
0101121E,2023-07-18 07:00,512.098,2.166,32734.317,32970.467,970.735,36.773,29.894,451.791,1.656,1.5943379,60
1011222,2023-07-18 07:00,472.885,2.26,33354.033,32707.733,970.677,36.957,29.847,451.791,1.656,1.5979624,60
0101121B,2023-07-18 08:00,539.947,2.615,31416.925,31574.585,969.942,29.121,34.368,439.152,1.695,1.6290373,53
0101121E,2023-07-18 08:00,498.425,2.248,32395.075,32265.453,970.138,28.847,34.299,439.152,1.695,1.6072765,53
1011222,2023-07-18 08:00,461.923,2.373,32945.434,31886.604,970.109,29.044,34.241,439.152,1.695,1.6131268,53
0101121B,2023-07-18 09:00,536.053,2.677,31151.678,31202.695,969.468,26.569,36.284,437.738,1.743,1.6538941,59
0101121E,2023-07-18 09:00,495.447,2.299,32171.983,31915.61,969.607,26.213,36.317,437.738,1.743,1.6345296,59
1011222,2023-07-18 09:00,460.564,2.438,32691.424,31501.508,969.631,26.493,36.194,437.738,1.743,1.6407584,59
0101121B,2023-07-18 10:00,527.559,2.701,31159.559,31071.288,969.454,25.673,36.972,431.026,1.769,1.6589242,59
0101121E,2023-07-18 10:00,487.939,2.316,32205.085,31806.169,969.592,25.409,36.963,431.026,1.769,1.6407637,59
1011222,2023-07-18 10:00,453.898,2.458,32726.458,31396.508,969.619,25.796,36.747,431.026,1.769,1.6462251,59
0101121B,2023-07-18 11:00,511.508,2.682,32559,32019.533,971.077,41.716,30.069,424.742,1.908,1.7683271,60
0101121E,2023-07-18 11:00,480.84,2.315,33221.75,32624.75,971.132,41.476,30.057,424.742,1.908,1.7557137,60
1011222,2023-07-18 11:00,445.302,2.386,33843.533,32460.05,971.198,42.248,29.777,424.742,1.908,1.761857,60
0101121B,2023-07-18 12:00,519.007,2.831,33165.949,32300.763,970.21,57.046,25.628,427.488,2.045,1.933256,59
0101121E,2023-07-18 12:00,490.753,2.46,33617.881,32833.712,970.251,57.199,25.435,427.488,2.045,1.916348,59
1011222,2023-07-18 12:00,451.876,2.502,34291.305,32780.203,970.332,57.422,25.459,427.488,2.045,1.9263523,59
0101121B,2023-07-18 13:00,515.712,2.789,33035.772,32233.947,968.735,52.426,26.774,423.702,1.97,1.9015497,57
0101121E,2023-07-18 13:00,485.121,2.422,33575.579,32781.93,968.837,52.385,26.64,423.702,1.97,1.8851494,57
1011222,2023-07-18 13:00,445.988,2.475,34254.596,32683.86,968.865,52.722,26.612,423.702,1.97,1.8939291,57
0101121B,2023-07-18 14:00,523.2,3.062,31679.017,30798.293,967.272,35.866,34.275,423.975,2.054,1.9741475,58
0101121E,2023-07-18 14:00,483.276,2.649,32703.397,31521.034,967.431,36.497,33.817,423.975,2.054,1.9603565,58
1011222,2023-07-18 14:00,447.167,2.775,33280.966,31192.569,967.472,37.013,33.675,423.975,2.054,1.9739115,58
0101121B,2023-07-18 15:00,516.244,2.912,31277.544,30675.86,966.696,27.775,37.272,421.889,1.946,1.8304878,57
0101121E,2023-07-18 15:00,477.721,2.494,32404.105,31489.825,966.832,28.403,36.738,421.889,1.946,1.8180591,57
1011222,2023-07-18 15:00,444.074,2.633,32935.772,31109.018,966.895,29.01,36.489,421.889,1.946,1.831611,57
0101121B,2023-07-18 16:00,503.525,2.817,31797.291,31087.236,965.678,31.141,35.363,419.487,1.971,1.8477434,55
0101121E,2023-07-18 16:00,471.078,2.423,32744.727,31827.709,965.789,31.388,35.055,419.487,1.971,1.8314585,55
1011222,2023-07-18 16:00,438.176,2.541,33266.127,31478.473,965.882,31.829,34.922,419.487,1.971,1.8433413,55
0101121B,2023-07-18 17:00,502.337,2.779,32221.907,31465.556,965.752,35.805,32.977,420.105,1.988,1.861872,54
0101121E,2023-07-18 17:00,471.822,2.405,33031.574,32122.204,965.861,35.842,32.823,420.105,1.988,1.8477785,54
1011222,2023-07-18 17:00,437.713,2.491,33580.278,31848.63,965.885,36.146,32.773,420.105,1.988,1.8579144,54
0101121B,2023-07-18 18:00,508.045,2.737,32425.642,31770.792,965.158,39.185,31.238,425.762,1.971,1.8488453,53
0101121E,2023-07-18 18:00,477.704,2.37,33145,32387.887,965.258,39.063,31.187,425.762,1.971,1.8375967,53
1011222,2023-07-18 18:00,442.442,2.438,33726.245,32175.057,965.345,39.376,31.106,425.762,1.971,1.8435826,53
0101121B,2023-07-18 19:00,527.291,2.708,32426.093,32058.963,965.472,43.234,29.417,441.772,1.967,1.8374607,54
0101121E,2023-07-18 19:00,496.259,2.351,33049.463,32623.889,965.581,42.966,29.461,441.772,1.967,1.8306567,54
1011222,2023-07-18 19:00,458.857,2.406,33670.833,32476.074,965.654,43.401,29.321,441.772,1.967,1.8341162,54
0101121B,2023-07-18 20:00,554.538,2.703,32264.255,32268.182,965.944,47.395,27.849,467.104,1.991,1.8372967,55
0101121E,2023-07-18 20:00,522.615,2.349,32804.945,32800.182,966.045,47.178,27.903,467.104,1.991,1.834533,55
1011222,2023-07-18 20:00,483.318,2.392,33441.709,32705.927,966.1,47.504,27.783,467.104,1.991,1.8341507,55
0101121B,2023-07-18 21:00,591.379,2.808,31915.263,32224.719,966.151,53.196,26.595,500.227,2.097,1.9160008,57
0101121E,2023-07-18 21:00,559.016,2.45,32372.088,32723.982,966.233,53.037,26.65,500.227,2.097,1.9162489,57
1011222,2023-07-18 21:00,517.291,2.487,33020.982,32668.895,966.296,53.342,26.527,500.227,2.097,1.9132647,57
0101121B,2023-07-18 22:00,618.989,2.837,31663.93,32286.684,966.268,56.893,25.635,523.421,2.105,1.9365608,57
0101121E,2023-07-18 22:00,585.558,2.474,32069.368,32775.737,966.37,56.685,25.68,523.421,2.105,1.9344163,57
1011222,2023-07-18 22:00,541.946,2.509,32728.404,32749.298,966.402,56.95,25.567,523.421,2.105,1.9303952,57
0101121B,2023-07-18 23:00,654.215,2.88,31258.898,32273,966.208,59.622,25.069,554.115,2.124,1.9623438,59
0101121E,2023-07-18 23:00,619.241,2.508,31627.966,32761.458,966.349,59.334,25.135,554.115,2.124,1.9603409,59
1011222,2023-07-18 23:00,574.395,2.543,32277.203,32750.373,966.366,59.595,25.013,554.115,2.124,1.9545676,59
0101121B,2023-07-19,682.353,2.898,30973.474,32312.789,966.153,62.184,24.43,579.465,2.134,1.9704551,57
0101121E,2023-07-19,646.323,2.525,31307.561,32787.912,966.284,62.03,24.484,579.465,2.134,1.9716217,57
1011222,2023-07-19,600.082,2.561,31956.298,32792.579,966.209,62.2,24.365,579.465,2.134,1.9631771,57
0101121B,2023-07-19 01:00,693.748,2.931,30819.724,32248.707,966.278,62.747,24.456,587.561,2.128,1.9911174,58
0101121E,2023-07-19 01:00,656.405,2.552,31162.345,32727.448,966.431,62.41,24.528,587.561,2.128,1.9886022,58
1011222,2023-07-19 01:00,609.95,2.593,31805.172,32723.655,966.309,62.738,24.393,587.561,2.128,1.9832921,58
0101121B,2023-07-19 02:00,719.092,2.927,30546.136,32301.169,966.275,64.008,24.078,607.917,2.12,1.9856124,59
0101121E,2023-07-19 02:00,680.737,2.549,30866.373,32771.881,966.451,63.701,24.142,607.917,2.12,1.9833944,59
1011222,2023-07-19 02:00,632.973,2.587,31507.695,32784.695,966.337,63.933,24.021,607.917,2.12,1.9764083,59
0101121B,2023-07-19 03:00,711.747,2.943,30625.424,32259.492,966.461,63.994,24.178,599.856,2.11,1.9967039,59
0101121E,2023-07-19 03:00,672.515,2.562,30967.949,32735.729,966.658,63.614,24.247,599.856,2.11,1.9927051,59
1011222,2023-07-19 03:00,624.637,2.606,31620.237,32734.576,966.537,64.026,24.099,599.856,2.11,1.9881264,59
0101121B,2023-07-19 04:00,722.805,2.978,30444.2,32156.727,966.782,63.711,24.473,609.687,2.132,2.0227776,55
0101121E,2023-07-19 04:00,681.74,2.59,30816.345,32646.364,966.971,63.393,24.513,609.687,2.132,2.0170741,55
1011222,2023-07-19 04:00,634.238,2.635,31451.436,32637.145,966.809,63.759,24.372,609.687,2.132,2.0120064,55
0101121B,2023-07-19 05:00,674.775,3.104,30794.203,31698.661,966.99,59.309,26.386,565.053,2.166,2.1067488,59
0101121E,2023-07-19 05:00,632.808,2.687,31309.881,32258.407,967.208,58.995,26.349,565.053,2.166,2.0905172,59
1011222,2023-07-19 05:00,587.839,2.757,31935.78,32156.407,967.092,59.578,26.217,565.053,2.166,2.0951259,59
0101121B,2023-07-19 06:00,575.675,3.08,31705.509,31378.018,967.398,48.65,29.443,467.009,2.116,2.062238,55
0101121E,2023-07-19 06:00,535.785,2.668,32423.982,31977.4,967.602,48.339,29.402,467.009,2.116,2.0438776,55
1011222,2023-07-19 06:00,495.605,2.764,33046.473,31758.109,967.473,48.658,29.291,467.009,2.116,2.0445791,55
0101121B,2023-07-19 07:00,531.1,2.918,31989.895,31374.754,967.172,39.279,31.718,424.622,1.973,1.8974976,57
0101121E,2023-07-19 07:00,491.435,2.525,32855.193,32010.228,967.374,39.035,31.651,424.622,1.973,1.8782751,57
1011222,2023-07-19 07:00,454.119,2.636,33465.246,31727.421,967.279,39.428,31.483,424.622,1.973,1.8794205,57
0101121B,2023-07-19 08:00,517.233,2.806,31705.782,31193.764,966.531,31.09,34.671,417.684,1.855,1.7735206,55
0101121E,2023-07-19 08:00,478.038,2.424,32697.491,31880.909,966.74,30.933,34.547,417.684,1.855,1.7519352,55
1011222,2023-07-19 08:00,442.705,2.553,33258.945,31519.182,966.64,31.229,34.413,417.684,1.855,1.7560121,55
0101121B,2023-07-19 09:00,510.7,2.692,31922.653,31489.143,966.343,31.233,33.984,416.907,1.813,1.7175827,49
0101121E,2023-07-19 09:00,474.349,2.323,32849.531,32164.449,966.516,31.082,33.875,416.907,1.813,1.6986018,49
1011222,2023-07-19 09:00,439.414,2.431,33420.571,31846.653,966.433,31.513,33.69,416.907,1.813,1.7047233,49
0101121B,2023-07-19 10:00,513.956,2.729,31521.492,31141.966,966.153,27.79,36.045,424.968,1.803,1.7068793,59
0101121E,2023-07-19 10:00,476.041,2.346,32544.915,31870.119,966.322,27.664,35.906,424.968,1.803,1.6863972,59
1011222,2023-07-19 10:00,441.688,2.477,33080.339,31481.525,966.271,28.035,35.773,424.968,1.803,1.6964062,59
0101121B,2023-07-19 11:00,511.29,2.649,30938.724,30792.483,965.691,20.943,39.67,412.672,1.685,1.5714692,58
0101121E,2023-07-19 11:00,472.509,2.266,32093.483,31584.948,965.833,20.817,39.545,412.672,1.685,1.5509471,58
1011222,2023-07-19 11:00,440.072,2.433,32589.948,31106.948,965.845,21.295,39.288,412.672,1.685,1.5650337,58
0101121B,2023-07-19 12:00,508.526,2.476,30907.534,31039.69,965.31,18.77,40.086,412.81,1.558,1.4420146,58
0101121E,2023-07-19 12:00,470.574,2.1,32059.138,31860.086,965.44,18.644,40.002,412.81,1.558,1.4257463,58
1011222,2023-07-19 12:00,439.357,2.271,32543.862,31363.741,965.483,19.117,39.676,412.81,1.558,1.4366301,58
0101121B,2023-07-19 13:00,501.238,2.404,31175.436,31297.2,964.896,19.687,39.167,412.391,1.548,1.4383687,55
0101121E,2023-07-19 13:00,466.269,2.036,32296.073,32139.218,964.976,19.815,38.835,412.391,1.548,1.4222277,55
1011222,2023-07-19 13:00,435.169,2.187,32779.273,31673.182,965.069,20.257,38.589,412.391,1.548,1.434645,55
0101121B,2023-07-19 14:00,503.177,2.381,31028.057,31244.132,964.587,18.428,39.848,413.089,1.513,1.3988018,53
0101121E,2023-07-19 14:00,466.572,1.999,32216.321,32150.66,964.64,18.793,39.359,413.089,1.513,1.3895883,53
1011222,2023-07-19 14:00,435.774,2.155,32700.302,31671.434,964.787,19.301,39.048,413.089,1.513,1.4032599,53
0101121B,2023-07-19 15:00,498.723,2.279,31421.654,31713.423,964.377,20.119,37.965,414.273,1.492,1.3796003,52
0101121E,2023-07-19 15:00,464.898,1.925,32516.365,32569,964.44,20.56,37.439,414.273,1.492,1.3701612,52
1011222,2023-07-19 15:00,433.175,2.044,33038.731,32179.019,964.55,21.142,37.08,414.273,1.492,1.3817441,52
0101121B,2023-07-19 16:00,493.677,2.129,31970.923,32410.769,964.321,22.645,35.236,415.347,1.421,1.3367117,52
0101121E,2023-07-19 16:00,463.515,1.801,32888.462,33183.769,964.383,22.854,34.921,415.347,1.421,1.326035,52
1011222,2023-07-19 16:00,431.212,1.894,33420.327,32844.942,964.508,23.288,34.707,415.347,1.421,1.3352415,52
0101121B,2023-07-19 17:00,493.524,2.157,32421.466,32733.759,964.466,27.231,32.615,416.545,1.475,1.3873786,58
0101121E,2023-07-19 17:00,464.466,1.835,33189.948,33414.5,964.507,27.101,32.553,416.545,1.475,1.3759441,58
1011222,2023-07-19 17:00,431.022,1.908,33750.379,33147.362,964.64,27.501,32.413,416.545,1.475,1.3849997,58
0101121B,2023-07-19 18:00,493.593,2.18,32810.382,33013.364,964.973,31.787,30.303,415.398,1.51,1.4218205,55
0101121E,2023-07-19 18:00,464.716,1.863,33485.8,33645.055,965.031,31.635,30.24,415.398,1.51,1.4098948,55
1011222,2023-07-19 18:00,429.945,1.919,34088.909,33454.218,965.176,32.057,30.108,415.398,1.51,1.4177305,55
0101121B,2023-07-19 19:00,496.796,2.143,33038.768,33334.125,965.62,34.668,28.613,418.263,1.49,1.4059049,56
0101121E,2023-07-19 19:00,468.354,1.828,33626.982,33938.393,965.679,34.396,28.615,418.263,1.49,1.3949423,56
1011222,2023-07-19 19:00,432.825,1.875,34251.911,33797.607,965.788,34.815,28.494,418.263,1.49,1.4018716,56
0101121B,2023-07-19 20:00,509.196,2.115,33082.691,33604.055,965.985,37.453,27.132,429.482,1.477,1.3924669,55
0101121E,2023-07-19 20:00,480.491,1.803,33594.636,34184.818,966.067,37.155,27.162,429.482,1.477,1.3837231,55
1011222,2023-07-19 20:00,444.029,1.844,34230.873,34081.164,966.18,37.522,27.083,429.482,1.477,1.3907734,55
0101121B,2023-07-19 21:00,509.845,2.106,33290.382,33812.764,966.242,40.447,25.774,429.101,1.47,1.3881569,55
0101121E,2023-07-19 21:00,481.169,1.795,33744.055,34376.109,966.347,40.147,25.784,429.101,1.47,1.3785334,55
1011222,2023-07-19 21:00,443.944,1.831,34401.418,34311.091,966.427,40.442,25.752,429.101,1.47,1.3859289,55
0101121B,2023-07-19 22:00,518.991,2.112,33232.632,33875.07,966.553,41.947,25.215,436.731,1.48,1.3916842,57
0101121E,2023-07-19 22:00,490.03,1.801,33651.614,34423.228,966.639,41.629,25.267,436.731,1.48,1.3853179,57
1011222,2023-07-19 22:00,452.167,1.836,34319.754,34377.982,966.747,41.918,25.198,436.731,1.48,1.389033,57
0101121B,2023-07-19 23:00,554.5,2.207,32914.273,33866.691,966.744,48.315,23.643,468.803,1.576,1.458901,55
0101121E,2023-07-19 23:00,524.438,1.885,33243.745,34395.964,966.849,48.059,23.691,468.803,1.576,1.4551295,55
1011222,2023-07-19 23:00,484.671,1.921,33929.4,34399.236,966.929,48.462,23.564,468.803,1.576,1.4560048,55
0101121B,2023-07-20,563.68,2.247,32832.041,33824.51,966.822,50.585,23.25,473.24,1.596,1.4921795,49
0101121E,2023-07-20,533.414,1.922,33140.735,34344.429,966.9,50.371,23.277,473.24,1.596,1.4881826,49
1011222,2023-07-20,492.549,1.958,33836.102,34358.02,967,50.729,23.174,473.24,1.596,1.4893573,49
0101121B,2023-07-20 01:00,576.533,2.295,32648.963,33726.111,966.774,51.986,23.172,487.277,1.629,1.5261849,54
0101121E,2023-07-20 01:00,545.843,1.965,32946.37,34243.389,966.876,51.723,23.215,487.277,1.629,1.5222396,54
1011222,2023-07-20 01:00,504.319,2.002,33642.019,34259.426,966.972,52.088,23.09,487.277,1.629,1.5213955,54
0101121B,2023-07-20 02:00,588.862,2.332,32418.415,33602.962,966.813,51.829,23.477,499.948,1.643,1.5498116,53
0101121E,2023-07-20 02:00,557.553,2.001,32729.019,34117.094,966.932,51.524,23.508,499.948,1.643,1.5433646,53
1011222,2023-07-20 02:00,514.96,2.038,33424.132,34124.679,966.945,51.9,23.405,499.948,1.643,1.5449891,53
0101121B,2023-07-20 03:00,551.191,2.208,32979.589,33880.25,966.9,48.425,23.571,459.825,1.498,1.4562246,56
0101121E,2023-07-20 03:00,519.53,1.878,33338.911,34429.589,967,47.826,23.602,459.825,1.498,1.4408697,56
1011222,2023-07-20 03:00,478.395,1.915,34051.768,34429.768,967.004,48.3,23.493,459.825,1.498,1.4455634,56
0101121B,2023-07-20 04:00,556.304,2.194,32899.089,33903.821,967.059,47.974,23.576,468.161,1.517,1.4428781,56
0101121E,2023-07-20 04:00,525.225,1.874,33242.768,34432.964,967.189,47.64,23.611,468.161,1.517,1.4356562,56
1011222,2023-07-20 04:00,483.973,1.91,33951.839,34435.179,967.204,48.029,23.498,468.161,1.517,1.4375716,56
0101121B,2023-07-20 05:00,553.867,2.222,32863.571,33778.49,967.184,47.077,24.041,463.113,1.515,1.4554177,49
0101121E,2023-07-20 05:00,521.233,1.898,33258.714,34319.224,967.339,46.702,24.039,463.113,1.515,1.4434439,49
1011222,2023-07-20 05:00,480.324,1.938,33966.592,34306.735,967.318,47.184,23.9,463.113,1.515,1.4462928,49
0101121B,2023-07-20 06:00,531.332,2.135,32999.868,33789.887,967.091,40.991,25.434,439.601,1.411,1.3767375,53
0101121E,2023-07-20 06:00,497.509,1.818,33504.509,34358.981,967.23,40.617,25.428,439.601,1.411,1.3635315,53
1011222,2023-07-20 06:00,457.781,1.864,34204.811,34292.925,967.211,41.062,25.283,439.601,1.411,1.3665795,53
0101121B,2023-07-20 07:00,521.22,2.134,32824.481,33497.685,967.046,35.441,27.541,426.45,1.377,1.3456336,54
0101121E,2023-07-20 07:00,484.596,1.816,33480.315,34101.481,967.193,35.167,27.519,426.45,1.377,1.333265,54
1011222,2023-07-20 07:00,446.161,1.882,34159.185,33943.037,967.194,35.585,27.331,426.45,1.377,1.334322,54
0101121B,2023-07-20 08:00,520.138,2.169,32235.48,32896.8,966.806,28.147,31.248,423,1.363,1.3249172,50
0101121E,2023-07-20 08:00,481.564,1.846,33087.76,33568.72,966.962,27.973,31.123,423,1.363,1.3072444,50
1011222,2023-07-20 08:00,444.526,1.937,33700.68,33273.68,966.992,28.237,31.016,423,1.363,1.3113916,50
0101121B,2023-07-20 09:00,519.911,2.217,31695.545,32331.636,966.422,23.315,34.491,422.772,1.37,1.3185481,55
0101121E,2023-07-20 09:00,481.456,1.882,32650.018,33046.345,966.578,23.02,34.481,422.772,1.37,1.3008701,55
1011222,2023-07-20 09:00,445.958,1.996,33218.055,32669.727,966.613,23.326,34.3,422.772,1.37,1.3050877,55
0101121B,2023-07-20 10:00,514.133,2.251,31536.782,32054.527,965.916,21.83,35.945,420.468,1.412,1.3389476,55
0101121E,2023-07-20 10:00,477.673,1.911,32525.873,32801.018,966.049,21.617,35.86,420.468,1.412,1.3196455,55
1011222,2023-07-20 10:00,443.287,2.025,33060.727,32406.927,966.115,21.939,35.725,420.468,1.412,1.3292176,55
0101121B,2023-07-20 11:00,511.248,2.26,31288.232,31790.75,965.364,19.629,37.645,416.784,1.4,1.3173074,56
0101121E,2023-07-20 11:00,474.62,1.912,32337.643,32575.161,965.455,19.419,37.568,416.784,1.4,1.297312,56
1011222,2023-07-20 11:00,441.171,2.044,32856.054,32133.857,965.561,19.838,37.371,416.784,1.4,1.3112739,56
0101121B,2023-07-20 12:00,505.52,2.153,31564.733,32165.483,964.827,20.221,36.542,417.815,1.355,1.2819161,60
0101121E,2023-07-20 12:00,472.03,1.818,32540.817,32940.6,964.898,20.112,36.424,417.815,1.355,1.2669797,60
1011222,2023-07-20 12:00,438.817,1.931,33070.333,32544.45,964.993,20.542,36.193,417.815,1.355,1.2776939,60
0101121B,2023-07-20 13:00,500.221,2.07,31738.017,32429.103,964.236,20.201,36,417.501,1.318,1.2390058,58
0101121E,2023-07-20 13:00,468.972,1.737,32673.552,33223.672,964.297,20.178,35.813,417.501,1.318,1.2250861,58
1011222,2023-07-20 13:00,436.14,1.84,33207.414,32854.034,964.419,20.624,35.565,417.501,1.318,1.2351748,58
0101121B,2023-07-20 14:00,500.619,2.089,31872.407,32499.983,963.71,21.385,35.183,416.286,1.328,1.2595705,59
0101121E,2023-07-20 14:00,467.99,1.755,32829.661,33307.424,963.763,21.624,34.805,416.286,1.328,1.2476083,59
1011222,2023-07-20 14:00,434.195,1.852,33382.898,32954.39,963.902,22.055,34.6,416.286,1.328,1.257895,59
0101121B,2023-07-20 15:00,496.045,2.055,32291.586,32875.534,963.367,24.348,33.142,417.136,1.354,1.2810084,58
0101121E,2023-07-20 15:00,466.488,1.735,33103.466,33603.586,963.402,24.404,32.954,417.136,1.354,1.2705419,58
1011222,2023-07-20 15:00,432.538,1.808,33685.569,33340.569,963.562,24.91,32.68,417.136,1.354,1.2768902,58
0101121B,2023-07-20 16:00,494.505,2.059,32350.424,32895.678,963.015,24.78,32.942,415.987,1.361,1.289389,59
0101121E,2023-07-20 16:00,464.956,1.735,33152.763,33627.051,963.086,24.831,32.774,415.987,1.361,1.2800274,59
1011222,2023-07-20 16:00,431.058,1.808,33735.966,33367.966,963.249,25.311,32.513,415.987,1.361,1.2855838,59
0101121B,2023-07-20 17:00,493.147,2.031,32716.897,33256.086,962.952,28.044,30.903,416.846,1.371,1.3006107,58
0101121E,2023-07-20 17:00,465.183,1.718,33393.103,33918.879,962.979,27.841,30.903,416.846,1.371,1.2911812,58
1011222,2023-07-20 17:00,430.578,1.771,33996.862,33727.328,963.114,28.27,30.695,416.846,1.371,1.2955037,58
0101121B,2023-07-20 18:00,497.289,2.056,32962.075,33471.792,962.936,32.024,29.032,421.004,1.416,1.3338715,53
0101121E,2023-07-20 18:00,469.702,1.745,33549.094,34094.057,962.962,31.762,29.059,421.004,1.416,1.324907,53
1011222,2023-07-20 18:00,434.179,1.788,34168.981,33951.245,963.109,32.141,28.935,421.004,1.416,1.330966,53
0101121B,2023-07-20 19:00,518.357,2.094,32937.815,33650.037,963.169,36.786,27.131,440.756,1.481,1.3716275,54
0101121E,2023-07-20 19:00,490.193,1.788,33428.63,34223.056,963.239,36.597,27.169,440.756,1.481,1.3674469,54
1011222,2023-07-20 19:00,453.343,1.824,34063.796,34132.426,963.35,37.001,27.067,440.756,1.481,1.3741718,54
0101121B,2023-07-20 20:00,547.808,2.205,32597.404,33502.442,963.381,40.765,26.385,465.272,1.554,1.4551026,52
0101121E,2023-07-20 20:00,517.987,1.891,33053.769,34054.135,963.427,40.576,26.404,465.272,1.554,1.4499766,52
1011222,2023-07-20 20:00,479.412,1.928,33696.904,33988.5,963.521,41.024,26.289,465.272,1.554,1.4559049,52
0101121B,2023-07-20 21:00,539.527,2.13,32843.309,33782.6,963.48,41.031,25.625,456.989,1.477,1.4001044,55
0101121E,2023-07-20 21:00,509.933,1.816,33270.327,34340.273,963.553,40.691,25.665,456.989,1.477,1.3917144,55
1011222,2023-07-20 21:00,471.251,1.849,33929.8,34297.927,963.655,41.124,25.559,456.989,1.477,1.3975651,55
0101121B,2023-07-20 22:00,556.54,2.093,32856.364,34113.873,963.524,44.882,23.815,471.368,1.469,1.3736746,55
0101121E,2023-07-20 22:00,525.949,1.776,33200.455,34665.218,963.551,44.651,23.865,471.368,1.469,1.3706499,55
1011222,2023-07-20 22:00,486.342,1.81,33879.964,34667.745,963.651,44.982,23.732,471.368,1.469,1.3697238,55
0101121B,2023-07-20 23:00,562.817,2.048,32996.831,34436.576,963.286,48.179,22.232,477.38,1.431,1.3409341,59
0101121E,2023-07-20 23:00,532.281,1.735,33261.949,34970.186,963.344,47.885,22.28,477.38,1.431,1.3366961,59
1011222,2023-07-20 23:00,491.949,1.769,33961.949,35011.847,963.342,48.286,22.165,477.38,1.431,1.3383857,59
0101121B,2023-07-21,560.411,2.055,33077.321,34456.321,963.2,49.233,21.936,475.265,1.423,1.345967,56
0101121E,2023-07-21,530.073,1.742,33329.393,34985.571,963.298,48.969,21.973,475.265,1.423,1.3415937,56
1011222,2023-07-21,489.218,1.776,34042.714,35030.964,963.287,49.32,21.872,475.265,1.423,1.3429971,56
0101121B,2023-07-21 01:00,569.824,2.048,33044.473,34579.964,962.958,51.183,21.179,483.08,1.43,1.3362575,55
0101121E,2023-07-21 01:00,538.735,1.733,33263.545,35103.727,963.027,50.951,21.229,483.08,1.43,1.3342928,55
1011222,2023-07-21 01:00,497.302,1.767,33989.164,35176.273,963.033,51.262,21.095,483.08,1.43,1.3313046,55
0101121B,2023-07-21 02:00,558.264,1.995,33259.732,34744.607,962.605,50.433,20.921,471.704,1.367,1.2957879,56
0101121E,2023-07-21 02:00,527.368,1.681,33476.196,35279.839,962.705,50.12,20.961,471.704,1.367,1.2908636,56
1011222,2023-07-21 02:00,486.211,1.717,34210.625,35351.286,962.691,50.462,20.846,471.704,1.367,1.2904193,56
0101121B,2023-07-21 03:00,585.507,2.023,33008.089,34830.339,962.573,54.901,19.738,498.374,1.429,1.3115631,56
0101121E,2023-07-21 03:00,554.345,1.709,33146.214,35340.768,962.679,54.843,19.797,498.374,1.429,1.3148048,56
1011222,2023-07-21 03:00,511.554,1.747,33893.643,35445.339,962.646,55.053,19.661,498.374,1.429,1.3088582,56
0101121B,2023-07-21 04:00,615.924,2.102,32519.828,34600.172,962.407,56.383,19.979,524.317,1.44,1.3672255,58
0101121E,2023-07-21 04:00,582.267,1.774,32685.172,35129.552,962.553,56.142,20.003,524.317,1.44,1.3631326,58
1011222,2023-07-21 04:00,538.086,1.82,33419.603,35209.017,962.51,56.584,19.888,524.317,1.44,1.364324,58
0101121B,2023-07-21 05:00,587.073,2.077,32667.692,34401.846,962.933,49.038,21.953,495.599,1.376,1.3419929,52
0101121E,2023-07-21 05:00,551.398,1.75,32984.25,34963.096,963.085,48.64,21.953,495.599,1.376,1.3308518,52
1011222,2023-07-21 05:00,509.171,1.797,33698.231,34978.731,963.008,49.036,21.847,495.599,1.376,1.3331702,52
0101121B,2023-07-21 06:00,575.025,2.143,32869.2,34258.145,963.124,51.334,21.827,484.377,1.461,1.3941763,55
0101121E,2023-07-21 06:00,541.089,1.811,33172.091,34821.109,963.28,51.205,21.749,484.377,1.461,1.3838467,55
1011222,2023-07-21 06:00,499.347,1.859,33884.218,34833.491,963.189,51.512,21.702,484.377,1.461,1.3882605,55
0101121B,2023-07-21 07:00,540.813,2.248,32996.455,33656.109,963.055,45.663,24.494,447.493,1.504,1.4554206,55
0101121E,2023-07-21 07:00,504.916,1.91,33498.945,34249.182,963.225,45.597,24.333,447.493,1.504,1.4388851,55
1011222,2023-07-21 07:00,464.504,1.968,34197.964,34167.418,963.178,45.842,24.322,447.493,1.504,1.4459272,55
0101121B,2023-07-21 08:00,526.106,2.294,33052.635,33401.904,963.175,43.556,25.622,433.334,1.544,1.4851931,52
0101121E,2023-07-21 08:00,490.981,1.951,33621.385,34020,963.346,43.652,25.369,433.334,1.544,1.4658554,52
1011222,2023-07-21 08:00,451.819,2.015,34302,33897.212,963.312,43.931,25.374,433.334,1.544,1.4758394,52
0101121B,2023-07-21 09:00,518.888,2.421,32857.81,32871.448,963.069,41.515,27.568,429.366,1.648,1.586032,58
0101121E,2023-07-21 09:00,485.109,2.06,33473.293,33501.397,963.234,41.333,27.514,429.366,1.648,1.5739238,58
1011222,2023-07-21 09:00,447.872,2.137,34132.914,33339.241,963.193,41.947,27.296,429.366,1.648,1.5767252,58
0101121B,2023-07-21 10:00,516.511,2.533,33216.481,32895.87,963.872,49.831,25.557,426.917,1.773,1.6910144,54
0101121E,2023-07-21 10:00,485.42,2.177,33699.389,33451.222,964.03,49.7,25.521,426.917,1.773,1.6826221,54
1011222,2023-07-21 10:00,447.374,2.239,34386.574,33370.5,963.996,50.248,25.349,426.917,1.773,1.6839478,54
0101121B,2023-07-21 11:00,514.853,2.58,32303.051,32052.254,963.817,34.746,31.331,419.054,1.704,1.6428634,59
0101121E,2023-07-21 11:00,478.583,2.219,33157.39,32732.373,964.003,34.895,30.963,419.054,1.704,1.6157656,59
1011222,2023-07-21 11:00,441.449,2.312,33772.678,32463.271,963.986,35.351,30.889,419.054,1.704,1.6304588,59
0101121B,2023-07-21 12:00,505.764,2.4,31952.321,32002.698,963.23,26.467,34.253,412.549,1.548,1.4800409,53
0101121E,2023-07-21 12:00,470.706,2.056,32935.66,32759.66,963.374,26.817,33.684,412.549,1.548,1.4533857,53
1011222,2023-07-21 12:00,435.055,2.155,33509.094,32424.453,963.364,27.298,33.609,412.549,1.548,1.4724803,53
0101121B,2023-07-21 13:00,498.998,2.391,32235.727,32176.291,963.24,28.991,33.187,412.672,1.594,1.5028993,55
0101121E,2023-07-21 13:00,467.693,2.044,33099.455,32905.709,963.347,29.275,32.784,412.672,1.594,1.4851122,55
1011222,2023-07-21 13:00,433.147,2.135,33682.382,32621.855,963.373,29.821,32.583,412.672,1.594,1.4964673,55
0101121B,2023-07-21 14:00,507.97,2.654,33516.87,32785.778,964.061,55.695,24.526,417.541,1.883,1.7763129,54
0101121E,2023-07-21 14:00,480.03,2.298,33932.963,33319.296,964.131,56.101,24.281,417.541,1.883,1.7634889,54
1011222,2023-07-21 14:00,442.087,2.346,34617.759,33279.889,964.139,56.561,24.269,417.541,1.883,1.7766077,54
0101121B,2023-07-21 15:00,507.902,2.533,32912.415,32541.34,964.24,41.434,28.306,414.647,1.683,1.6516433,53
0101121E,2023-07-21 15:00,473.991,2.173,33615.623,33189.943,964.396,42.005,27.913,414.647,1.683,1.6358652,53
1011222,2023-07-21 15:00,436.768,2.246,34283.019,33032.585,964.391,42.739,27.707,414.647,1.683,1.6448522,53
0101121B,2023-07-21 16:00,501.931,2.558,32876.865,32391.308,964.233,40.121,29.1,412.478,1.759,1.6748462,52
0101121E,2023-07-21 16:00,469.852,2.186,33591.808,33071.962,964.365,40.646,28.693,412.478,1.759,1.6575801,52
1011222,2023-07-21 16:00,433.856,2.266,34217.154,32868.115,964.371,41.108,28.617,412.478,1.759,1.6689906,52
0101121B,2023-07-21 17:00,504.803,2.456,33115.638,32834.19,964.566,42.929,27.363,416.611,1.707,1.621535,58
0101121E,2023-07-21 17:00,474.159,2.103,33682.845,33429.741,964.681,42.683,27.336,416.611,1.707,1.6095376,58
1011222,2023-07-21 17:00,437.8,2.17,34336.586,33291.983,964.667,43.276,27.151,416.611,1.707,1.6142839,58
0101121B,2023-07-21 18:00,508.098,2.29,33302.576,33379.78,965.268,43.623,25.874,420.008,1.584,1.5055021,59
0101121E,2023-07-21 18:00,478.286,1.959,33789.898,33950.559,965.376,43.458,25.819,420.008,1.584,1.4947901,59
1011222,2023-07-21 18:00,441.173,2.013,34463.119,33864.932,965.383,43.984,25.666,420.008,1.584,1.499105,59
0101121B,2023-07-21 19:00,515.468,2.491,33488.089,33200.214,966.104,53.969,23.927,424.439,1.782,1.658234,56
0101121E,2023-07-21 19:00,487.252,2.144,33849.804,33722.357,966.227,53.784,23.89,424.439,1.782,1.6485718,56
1011222,2023-07-21 19:00,448.573,2.185,34550.589,33713.071,966.202,54.218,23.824,424.439,1.782,1.655406,56
0101121B,2023-07-21 20:00,524.258,2.48,33533.382,33378.127,966.918,57.797,22.705,430,1.762,1.6492659,55
0101121E,2023-07-21 20:00,496.102,2.134,33829.109,33884.4,967.025,57.609,22.664,430,1.762,1.6397212,55
1011222,2023-07-21 20:00,456.355,2.172,34550.8,33912.127,967.024,58.031,22.602,430,1.762,1.6454914,55
0101121B,2023-07-21 21:00,537.651,2.5,33376.745,33382.527,967.444,59.579,22.326,440.796,1.778,1.660634,55
0101121E,2023-07-21 21:00,508.653,2.15,33648.109,33877.636,967.582,59.245,22.362,440.796,1.778,1.6546666,55
1011222,2023-07-21 21:00,468.251,2.188,34374.909,33922.673,967.555,59.693,22.249,440.796,1.778,1.6558232,55
0101121B,2023-07-21 22:00,550.558,2.534,33181.39,33315.051,967.905,60.589,22.274,451.05,1.793,1.6826632,59
0101121E,2023-07-21 22:00,520.603,2.181,33452.915,33808.983,968.051,60.304,22.293,451.05,1.793,1.6764254,59
1011222,2023-07-21 22:00,479.666,2.22,34174.746,33851.153,968.007,60.672,22.205,451.05,1.793,1.6776796,59
0101121B,2023-07-21 23:00,561.841,2.555,33019.414,33283.121,968.11,61.373,22.179,460.649,1.797,1.6942089,58
0101121E,2023-07-21 23:00,531.345,2.197,33285.759,33781.966,968.245,61.061,22.196,460.649,1.797,1.6871173,58
1011222,2023-07-21 23:00,489.895,2.238,34001.276,33820.741,968.179,61.384,22.13,460.649,1.797,1.6893898,58
0101121B,2023-07-22,558.778,2.534,33115.481,33369.037,967.859,62.052,21.842,456.553,1.779,1.6785012,54
0101121E,2023-07-22,528.491,2.177,33369.796,33869.111,968.028,61.85,21.821,456.553,1.779,1.6705769,54
1011222,2023-07-22,486.976,2.217,34091.352,33917.685,967.906,62.071,21.781,456.553,1.779,1.6726495,54
0101121B,2023-07-22 01:00,561.251,2.53,33150.695,33440.627,967.576,63.75,21.345,457.607,1.785,1.6732597,59
0101121E,2023-07-22 01:00,531.385,2.175,33369.61,33928.237,967.775,63.589,21.352,457.607,1.785,1.669472,59
1011222,2023-07-22 01:00,489.732,2.216,34098.763,33992.169,967.649,63.799,21.284,457.607,1.785,1.6681934,59
0101121B,2023-07-22 02:00,573.887,2.507,33031.556,33554.704,967.594,65.033,20.825,467.43,1.771,1.653448,54
0101121E,2023-07-22 02:00,543.6,2.153,33219.426,34037.389,967.796,64.889,20.852,467.43,1.771,1.6521572,54
1011222,2023-07-22 02:00,501.339,2.197,33954.907,34113.296,967.596,65.105,20.745,467.43,1.771,1.6471796,54
0101121B,2023-07-22 03:00,603.445,2.453,32731.304,33802.554,967.462,67.224,19.786,491.736,1.739,1.6030356,56
0101121E,2023-07-22 03:00,572.073,2.104,32859.661,34268.232,967.65,67.317,19.843,491.736,1.739,1.6105857,56
1011222,2023-07-22 03:00,528.218,2.154,33606.214,34367.696,967.498,67.498,19.691,491.736,1.739,1.6000782,56
0101121B,2023-07-22 04:00,613.695,2.408,32647.351,33964.526,967.714,67.766,19.293,500.2,1.691,1.5668899,57
0101121E,2023-07-22 04:00,581.556,2.06,32757.614,34434.86,967.891,67.737,19.342,500.2,1.691,1.5707099,57
1011222,2023-07-22 04:00,536.835,2.106,33510.561,34554.404,967.686,67.783,19.214,500.2,1.691,1.5595743,57
0101121B,2023-07-22 05:00,603.857,2.515,32628.389,33576.204,968.074,66.463,20.474,489.677,1.692,1.6521398,54
0101121E,2023-07-22 05:00,569.417,2.152,32842.741,34076.426,968.281,66.147,20.467,489.677,1.692,1.6431215,54
1011222,2023-07-22 05:00,525.143,2.211,33584.556,34126.815,968.072,66.712,20.374,489.677,1.692,1.6479135,54
0101121B,2023-07-22 06:00,570.227,2.588,32726.946,33072.839,968.343,57.798,23.279,458.729,1.729,1.7024046,56
0101121E,2023-07-22 06:00,532.927,2.214,33159.071,33631.661,968.586,57.549,23.172,458.729,1.729,1.6838649,56
1011222,2023-07-22 06:00,490.207,2.285,33878.714,33565.679,968.384,57.719,23.162,458.729,1.729,1.6879743,56
0101121B,2023-07-22 07:00,543.416,2.588,32484,32533.702,968.421,44.074,27.505,433.881,1.672,1.6592694,57
0101121E,2023-07-22 07:00,502.898,2.223,33179.351,33129.737,968.646,43.713,27.434,433.881,1.672,1.6381305,57
1011222,2023-07-22 07:00,462.725,2.31,33852.368,32936.018,968.488,43.871,27.361,433.881,1.672,1.6375825,57
0101121B,2023-07-22 08:00,524.549,2.327,32384.176,32753.294,968.414,33.474,29.933,424.298,1.479,1.4612629,51
0101121E,2023-07-22 08:00,487.871,1.984,33148.51,33411.451,968.635,33.235,29.798,424.298,1.479,1.4393375,51
1011222,2023-07-22 08:00,450.418,2.075,33765.216,33143.922,968.449,33.608,29.754,424.298,1.479,1.4520614,51
0101121B,2023-07-22 09:00,514.411,2.208,32491.364,32958.909,968.395,31.131,30.245,418.117,1.407,1.3786219,55
0101121E,2023-07-22 09:00,479.94,1.879,33238.709,33612.6,968.6,30.949,30.149,418.117,1.407,1.3632696,55
1011222,2023-07-22 09:00,443.196,1.958,33858.491,33365.8,968.444,31.322,30.031,418.117,1.407,1.3708323,55
0101121B,2023-07-22 10:00,518.777,2.296,31763.288,32215.269,968.092,24.878,34.185,416.28,1.384,1.3705087,52
0101121E,2023-07-22 10:00,481.044,1.961,32712.192,32927.404,968.29,24.635,34.045,416.28,1.384,1.3463966,52
1011222,2023-07-22 10:00,444.744,2.068,33276.731,32556.865,968.163,24.935,34.02,416.28,1.384,1.3613141,52
0101121B,2023-07-22 11:00,511.697,2.178,31721.034,32335.776,967.472,22.121,35.077,415.963,1.337,1.2853593,58
0101121E,2023-07-22 11:00,476.866,1.851,32650.276,33053.466,967.628,21.925,35.03,415.963,1.337,1.2704631,58
1011222,2023-07-22 11:00,442.326,1.958,33215.19,32697,967.559,22.441,34.756,415.963,1.337,1.2809676,58
0101121B,2023-07-22 12:00,510.581,1.962,31236.368,32349.105,967.084,15.839,38.007,413.888,1.134,1.0861321,57
0101121E,2023-07-22 12:00,474.765,1.64,32313.14,33189.667,967.216,15.832,37.736,413.888,1.134,1.0698743,57
1011222,2023-07-22 12:00,441.665,1.763,32846.509,32754.93,967.175,16.325,37.383,413.888,1.134,1.0822811,57
0101121B,2023-07-22 13:00,504.022,1.861,31504.63,32707.759,966.728,16.117,37.022,413.335,1.098,1.0481567,54
0101121E,2023-07-22 13:00,470.511,1.547,32552.5,33573.074,966.793,16.354,36.521,413.335,1.098,1.0347611,54
1011222,2023-07-22 13:00,437.544,1.656,33070.111,33148.019,966.828,16.729,36.351,413.335,1.098,1.0485614,54
0101121B,2023-07-22 14:00,501.949,1.788,31506.345,32855.309,966.304,15.051,37.194,412.985,1.037,0.9882219,55
0101121E,2023-07-22 14:00,468.375,1.469,32568.036,33766.109,966.367,15.391,36.663,412.985,1.037,0.9816392,55
1011222,2023-07-22 14:00,435.785,1.575,33111.927,33365.073,966.405,15.9,36.275,412.985,1.037,0.9928107,55
0101121B,2023-07-22 15:00,497.431,1.706,31697.833,33151.5,965.972,15.004,36.486,413.255,0.998,0.9467182,54
0101121E,2023-07-22 15:00,466.685,1.397,32700.574,34062.296,966.037,15.405,35.904,413.255,0.998,0.941371,54
1011222,2023-07-22 15:00,433.811,1.488,33250.241,33694.222,966.124,15.896,35.563,413.255,0.998,0.9535074,54
0101121B,2023-07-22 16:00,490.035,1.744,32284.519,33496.481,965.856,19.196,33.747,413.075,1.091,1.0407835,52
0101121E,2023-07-22 16:00,463.342,1.441,33095.346,34304.615,965.898,19.417,33.412,413.075,1.091,1.0337282,52
1011222,2023-07-22 16:00,430.396,1.519,33650.346,33989.038,965.981,19.81,33.202,413.075,1.091,1.0423436,52
0101121B,2023-07-22 17:00,489.222,1.775,32817.466,33891.707,966.01,24.014,30.682,412.656,1.146,1.0940502,58
0101121E,2023-07-22 17:00,462.402,1.478,33470.448,34587.293,966.055,23.877,30.67,412.656,1.146,1.0870639,58
1011222,2023-07-22 17:00,428.509,1.538,34062.414,34361.224,966.148,24.27,30.496,412.656,1.146,1.0937991,58
0101121B,2023-07-22 18:00,494.339,1.89,33113.704,33952,966.135,29.857,28.404,415.945,1.264,1.1945686,54
0101121E,2023-07-22 18:00,466.589,1.586,33679.389,34597.093,966.202,29.664,28.435,415.945,1.264,1.1888527,54
1011222,2023-07-22 18:00,431.52,1.634,34304.833,34448.833,966.257,30.094,28.282,415.945,1.264,1.1954526,54
0101121B,2023-07-22 19:00,532.793,2.052,32919.389,33936.019,966.541,38.722,25.804,452.649,1.475,1.3277607,54
0101121E,2023-07-22 19:00,503.954,1.731,33342.444,34532.222,966.563,38.529,25.897,452.649,1.475,1.3284743,54
1011222,2023-07-22 19:00,467.065,1.777,33980.259,34453.185,966.65,39.01,25.748,452.649,1.475,1.3330994,54
0101121B,2023-07-22 20:00,569.345,2.118,32727.2,34112.564,967.051,46.486,23.372,484.194,1.52,1.3802587,55
0101121E,2023-07-22 20:00,539.478,1.787,33025.036,34682.964,967.091,46.25,23.442,484.194,1.52,1.3789991,55
1011222,2023-07-22 20:00,500.344,1.829,33684.145,34675.655,967.131,46.81,23.319,484.194,1.52,1.385285,55
0101121B,2023-07-22 21:00,577.613,2.131,32827.226,34284.774,967.194,51.308,21.846,490.304,1.508,1.3888256,53
0101121E,2023-07-22 21:00,547.632,1.794,33050.264,34852.208,967.262,51.005,21.903,490.304,1.508,1.3853375,53
1011222,2023-07-22 21:00,507.604,1.84,33732.075,34872.717,967.304,51.61,21.785,490.304,1.508,1.3916428,53
0101121B,2023-07-22 22:00,587.487,2.139,32830.5,34407.717,967.293,54.773,20.782,497.465,1.503,1.3888964,60
0101121E,2023-07-22 22:00,556.877,1.797,33006.733,34969.383,967.392,54.478,20.833,497.465,1.503,1.3856647,60
1011222,2023-07-22 22:00,515.345,1.841,33715.817,35029.733,967.367,54.931,20.713,497.465,1.503,1.3869772,60
0101121B,2023-07-22 23:00,593.707,2.141,32852.807,34511.614,967.261,57.421,19.946,500.874,1.476,1.3831038,57
0101121E,2023-07-22 23:00,562.484,1.793,32996.07,35078.737,967.363,57.046,19.998,500.874,1.476,1.3783494,57
1011222,2023-07-22 23:00,520.435,1.843,33716.404,35149.053,967.33,57.583,19.879,500.874,1.476,1.3812245,57
0101121B,2023-07-23,591.18,2.124,32981.37,34636.037,966.935,59.053,19.296,495.631,1.454,1.3667086,54
0101121E,2023-07-23,559.654,1.776,33098.315,35199.926,967.054,58.622,19.372,495.631,1.454,1.3629988,54
1011222,2023-07-23,517.513,1.824,33832.704,35294.556,967.048,59.034,19.243,495.631,1.454,1.3616084,54
0101121B,2023-07-23 01:00,581.79,2.123,33180.569,34691.157,966.69,60.351,18.906,484.664,1.448,1.363567,51
0101121E,2023-07-23 01:00,550.575,1.773,33282.216,35254.647,966.802,60.011,18.965,484.664,1.448,1.360753,51
1011222,2023-07-23 01:00,508.722,1.827,34029.765,35349.49,966.792,60.496,18.821,484.664,1.448,1.3594804,51
0101121B,2023-07-23 02:00,607.844,2.127,32889.418,34779.545,966.6,62.92,18.144,506.567,1.468,1.3552156,55
0101121E,2023-07-23 02:00,576.444,1.777,32936.218,35329.109,966.7,62.839,18.219,506.567,1.468,1.3597228,55
1011222,2023-07-23 02:00,533.22,1.833,33685.727,35445.055,966.678,63.068,18.08,506.567,1.468,1.3528935,55
0101121B,2023-07-23 03:00,626.29,2.12,32713.379,34891.069,966.503,65.281,17.402,518.944,1.437,1.3423404,58
0101121E,2023-07-23 03:00,593.652,1.767,32730.534,35443.259,966.695,65.083,17.471,518.944,1.437,1.3438699,58
1011222,2023-07-23 03:00,549.419,1.826,33486.483,35573.259,966.547,65.361,17.34,518.944,1.437,1.3386562,58
0101121B,2023-07-23 04:00,617.749,2.151,32827.316,34798.053,966.639,66.075,17.496,510.301,1.445,1.3668742,57
0101121E,2023-07-23 04:00,585.14,1.792,32857.158,35361.702,966.823,65.869,17.526,510.301,1.445,1.3649186,57
1011222,2023-07-23 04:00,541.367,1.852,33613.088,35488.123,966.723,66.168,17.414,510.301,1.445,1.3615942,57
0101121B,2023-07-23 05:00,587.594,2.274,32849.981,34098.815,966.861,58.874,20.617,484.229,1.482,1.47577,54
0101121E,2023-07-23 05:00,553.537,1.902,33084.944,34709.741,967.063,58.7,20.552,484.229,1.482,1.4650147,54
1011222,2023-07-23 05:00,511.015,1.965,33813.074,34727.574,966.959,59.019,20.484,484.229,1.482,1.4668807,54
0101121B,2023-07-23 06:00,564.867,2.341,32540.483,33372.183,966.962,45.958,25.053,463.449,1.508,1.5063866,60
0101121E,2023-07-23 06:00,527.578,1.965,33051.8,34033.1,967.188,45.553,24.982,463.449,1.508,1.486142,60
1011222,2023-07-23 06:00,487.012,2.05,33726.7,33877.65,967.08,45.874,24.917,463.449,1.508,1.4913656,60
0101121B,2023-07-23 07:00,536.432,2.218,32440.317,33191.267,967.078,34.523,28.459,436.013,1.385,1.3755077,60
0101121E,2023-07-23 07:00,498.247,1.874,33157.483,33864.983,967.278,34.33,28.292,436.013,1.385,1.3542775,60
1011222,2023-07-23 07:00,459.642,1.965,33794.683,33611.717,967.18,34.561,28.264,436.013,1.385,1.361681,60
0101121B,2023-07-23 08:00,512.785,2.089,32181.309,32924.164,966.88,25.299,32.256,416.552,1.278,1.2619262,55
0101121E,2023-07-23 08:00,476.713,1.756,33035.764,33653.582,967.067,25.113,32.161,416.552,1.278,1.2457685,55
1011222,2023-07-23 08:00,440.8,1.857,33638.164,33327.527,967.015,25.496,31.958,416.552,1.278,1.2503535,55
0101121B,2023-07-23 09:00,508.936,2.115,31774.155,32464.879,966.741,21.423,35.015,412.787,1.283,1.2459347,58
0101121E,2023-07-23 09:00,473.078,1.778,32737.69,33238.362,966.897,21.31,34.863,412.787,1.283,1.2289063,58
1011222,2023-07-23 09:00,438.859,1.895,33288.741,32838.862,966.847,21.689,34.682,412.787,1.283,1.2383048,58
0101121B,2023-07-23 10:00,509.718,2.179,31458.196,32076.893,966.477,19.651,36.792,413.167,1.327,1.260761,56
0101121E,2023-07-23 10:00,473.541,1.832,32485.875,32877.089,966.629,19.578,36.639,413.167,1.327,1.2453396,56
1011222,2023-07-23 10:00,440.329,1.965,33008.482,32431.821,966.627,19.977,36.436,413.167,1.327,1.2566523,56
0101121B,2023-07-23 11:00,504.61,2.261,31237.983,31661.862,965.781,18.514,38.516,410.7,1.399,1.3063965,58
0101121E,2023-07-23 11:00,470.157,1.904,32334.086,32523.414,965.914,18.584,38.123,410.7,1.399,1.2838416,58
1011222,2023-07-23 11:00,437.952,2.045,32810,32038.466,965.952,18.946,38.062,410.7,1.399,1.3042771,58
0101121B,2023-07-23 12:00,503.607,2.284,31002.946,31398.125,964.936,17.128,39.956,410.578,1.404,1.3067895,56
0101121E,2023-07-23 12:00,469.482,1.914,32144.018,32301.143,965.014,17.257,39.534,410.578,1.404,1.2874322,56
1011222,2023-07-23 12:00,438.493,2.076,32596.321,31769.75,965.136,17.633,39.427,410.578,1.404,1.3075317,56
0101121B,2023-07-23 13:00,497.151,2.252,31156.14,31514.351,964.351,17.505,39.63,409.794,1.415,1.3122092,57
0101121E,2023-07-23 13:00,465.418,1.887,32278.982,32434.035,964.393,17.819,39.052,409.794,1.415,1.2949676,57
1011222,2023-07-23 13:00,435.107,2.038,32729.14,31927.316,964.551,18.204,38.932,409.794,1.415,1.3139039,57
0101121B,2023-07-23 14:00,494.023,2.219,31351.509,31707.053,963.819,18.298,38.782,408.928,1.416,1.3113851,57
0101121E,2023-07-23 14:00,462.851,1.856,32447.93,32624.123,963.867,18.704,38.165,408.928,1.416,1.2967288,57
1011222,2023-07-23 14:00,432.195,1.991,32902.649,32145.088,964.056,19.021,38.111,408.928,1.416,1.3148697,57
0101121B,2023-07-23 15:00,492.149,2.119,31507.912,32004.737,963.414,18.179,38.051,408.936,1.341,1.2489749,57
0101121E,2023-07-23 15:00,461.235,1.763,32542.035,32889.737,963.447,18.409,37.692,408.936,1.341,1.2410063,57
1011222,2023-07-23 15:00,430.777,1.89,33045.772,32464.263,963.635,18.933,37.319,408.936,1.341,1.2508677,57
0101121B,2023-07-23 16:00,486.819,2.146,32096.444,32392.722,963.181,22.664,35.137,408.922,1.422,1.3312769,54
0101121E,2023-07-23 16:00,458.789,1.802,32953.241,33168.093,963.198,22.612,35.044,408.922,1.422,1.3216619,54
1011222,2023-07-23 16:00,427.62,1.903,33472.204,32814.333,963.357,23.046,34.801,408.922,1.422,1.3288683,54
0101121B,2023-07-23 17:00,486.525,2.13,32531.158,32786.965,963.102,26.535,32.631,410.498,1.438,1.3571689,57
0101121E,2023-07-23 17:00,459.747,1.796,33265.509,33502.298,963.119,26.362,32.604,410.498,1.438,1.3462946,57
1011222,2023-07-23 17:00,427.414,1.873,33817.193,33227.772,963.295,26.786,32.414,410.498,1.438,1.3531341,57
0101121B,2023-07-23 18:00,499.982,2.254,32484.964,32664.4,962.867,30.289,31.643,424.807,1.579,1.4640955,55
0101121E,2023-07-23 18:00,474.049,1.919,33145.855,33326.473,962.893,30.177,31.661,424.807,1.579,1.46019,55
1011222,2023-07-23 18:00,440.633,1.987,33703.436,33090.309,963.069,30.562,31.512,424.807,1.579,1.4662549,55
0101121B,2023-07-23 19:00,537.257,2.306,32422.25,32995.393,962.725,37.782,28.499,460.129,1.669,1.5239882,56
0101121E,2023-07-23 19:00,511.116,1.965,32910.625,33604.696,962.759,37.591,28.577,460.129,1.669,1.5230597,56
1011222,2023-07-23 19:00,476.18,2.024,33482.768,33450.25,962.945,38.115,28.42,460.129,1.669,1.5301133,56
0101121B,2023-07-23 20:00,553.679,2.328,32468.617,33197.702,962.749,42.659,26.631,475.474,1.659,1.5455336,47
0101121E,2023-07-23 20:00,527.051,1.986,32875.66,33784.723,962.783,42.425,26.656,475.474,1.659,1.5392585,47
1011222,2023-07-23 20:00,490.168,2.035,33476.043,33684.553,962.9,42.929,26.552,475.474,1.659,1.5478662,47
0101121B,2023-07-23 21:00,564.673,2.347,32487.196,33316.518,962.339,46.285,25.427,485.814,1.683,1.5620093,56
0101121E,2023-07-23 21:00,538.086,1.999,32829.143,33891.196,962.391,45.97,25.487,485.814,1.683,1.5568895,56
1011222,2023-07-23 21:00,500.027,2.045,33449.875,33829.929,962.471,46.43,25.371,485.814,1.683,1.5615138,56
0101121B,2023-07-23 22:00,574.395,2.379,32557.07,33430.158,961.891,51.193,24.002,492.492,1.701,1.5876118,57
0101121E,2023-07-23 22:00,547.74,2.022,32831.228,34004.105,961.967,50.874,24.028,492.492,1.701,1.5800203,57
1011222,2023-07-23 22:00,508.835,2.07,33469.982,33972.351,962.082,51.342,23.916,492.492,1.701,1.5837579,57
0101121B,2023-07-23 23:00,595.584,2.423,32380.793,33456.052,961.414,55.125,23.063,511.82,1.732,1.6164944,58
0101121E,2023-07-23 23:00,567.922,2.059,32609.155,34018.707,961.502,54.728,23.104,511.82,1.732,1.6087043,58
1011222,2023-07-23 23:00,527.209,2.105,33263.862,34017.362,961.562,55.107,23.011,511.82,1.732,1.6106691,58
0101121B,2023-07-24,596.163,2.495,32400.86,33321.351,961.647,57.276,22.888,507.864,1.76,1.6617027,57
0101121E,2023-07-24,567.125,2.127,32642.895,33870.035,961.747,56.88,22.922,507.864,1.76,1.6534287,57
1011222,2023-07-24,525.907,2.176,33314.737,33878.719,961.8,57.47,22.777,507.864,1.76,1.6558532,57
0101121B,2023-07-24 01:00,560.819,2.618,33037.421,33148.807,961.068,63.053,22.161,466.457,1.875,1.7513323,57
0101121E,2023-07-24 01:00,533.881,2.242,33247.912,33675.421,961.202,62.969,22.16,466.457,1.875,1.7485975,57
1011222,2023-07-24 01:00,493.704,2.291,33939.088,33698.719,961.221,63.459,22.087,466.457,1.875,1.7543801,57
0101121B,2023-07-24 02:00,585.78,2.625,32761.273,33229.109,960.598,65.772,21.446,486.5,1.89,1.7498644,55
0101121E,2023-07-24 02:00,557.502,2.241,32928.618,33749.764,960.713,65.64,21.54,486.5,1.89,1.7560644,55
1011222,2023-07-24 02:00,516.511,2.293,33623.873,33798.6,960.711,65.985,21.384,486.5,1.89,1.7486048,55
0101121B,2023-07-24 03:00,609.502,2.615,32520.185,33341.833,960.539,68.515,20.659,502.973,1.886,1.7369243,54
0101121E,2023-07-24 03:00,580.583,2.239,32646.463,33838.944,960.693,68.704,20.702,502.973,1.886,1.7459977,54
1011222,2023-07-24 03:00,537.311,2.29,33359.296,33907.352,960.63,68.906,20.588,502.973,1.886,1.7390252,54
0101121B,2023-07-24 04:00,603.289,2.741,32516.304,32993.643,961.502,69.089,21.348,496.699,1.915,1.825319,56
0101121E,2023-07-24 04:00,573.28,2.349,32703.5,33514.232,961.657,69.029,21.318,496.699,1.915,1.8199808,56
1011222,2023-07-24 04:00,530.202,2.41,33414.286,33547.875,961.65,69.564,21.203,496.699,1.915,1.821253,56
0101121B,2023-07-24 05:00,547.583,2.696,33405.793,33121.5,962.85,69.003,21.073,440.124,1.853,1.7899931,58
0101121E,2023-07-24 05:00,521.155,2.307,33583.759,33653.379,963.007,69.58,20.904,440.124,1.853,1.7858793,58
1011222,2023-07-24 05:00,478.316,2.359,34344.138,33702.603,962.936,69.205,20.913,440.124,1.853,1.7776271,58
0101121B,2023-07-24 06:00,543.988,2.821,33308.07,32738.614,961.412,68.254,22.118,437.337,1.924,1.8903879,57
0101121E,2023-07-24 06:00,518.491,2.438,33528.579,33247.053,961.579,69.714,21.895,437.337,1.924,1.9044694,57
1011222,2023-07-24 06:00,473.833,2.475,34302.281,33290.053,961.496,68.25,22.004,437.337,1.924,1.8769723,57
0101121B,2023-07-24 07:00,542.228,2.952,33160.175,32345.754,961.589,66.984,23.284,436.372,1.994,1.9907767,57
0101121E,2023-07-24 07:00,516.049,2.547,33446.228,32883.649,961.795,68.266,23.093,436.372,1.994,2.0051246,57
1011222,2023-07-24 07:00,472.363,2.597,34199,32876.684,961.733,67.076,23.131,436.372,1.994,1.9749542,57
0101121B,2023-07-24 08:00,536.288,3.052,32892.241,31880.431,960.574,60.431,25.614,434.191,2.007,2.0613393,58
0101121E,2023-07-24 08:00,506.231,2.605,33356.034,32521.19,960.79,61.024,25.412,434.191,2.007,2.0559509,58
1011222,2023-07-24 08:00,465.547,2.703,34047.948,32365.983,960.709,60.381,25.392,434.191,2.007,2.0315558,58
0101121B,2023-07-24 09:00,528.312,3.052,32168.92,31130.78,959.89,45.784,30.663,432.237,2.01,2.057382,50
0101121E,2023-07-24 09:00,494.265,2.677,32900.135,31800.346,960.117,43.94,30.915,432.237,2.01,2.0423805,52
1011222,2023-07-24 09:00,458.063,2.811,33492.577,31498.904,960.05,43.99,30.758,432.237,2.01,2.0274015,52
0101121B,2023-07-24 10:00,518.979,2.887,32676.397,31819.034,960.255,47.119,28.679,429.2,1.972,1.9288598,58
0101121E,2023-07-24 10:00,491.103,2.503,33233.672,32393.569,960.436,46.81,28.655,429.2,1.972,1.9132326,58
1011222,2023-07-24 10:00,453.447,2.568,33887.155,32259.569,960.328,47.382,28.41,429.2,1.972,1.9092997,58
0101121B,2023-07-24 11:00,515.586,2.781,33246.464,32418.554,961.712,54.839,25.455,421.886,1.883,1.8508927,56
0101121E,2023-07-24 11:00,488.982,2.412,33665.482,32955.929,961.873,55.299,25.262,421.886,1.883,1.8442445,56
1011222,2023-07-24 11:00,450.091,2.482,34359.357,32859.625,961.779,55.795,25.155,421.886,1.883,1.8495707,56
0101121B,2023-07-24 12:00,513.832,3.036,32637.774,31454.491,960.281,47.147,29.397,417.625,1.918,1.999714,53
0101121E,2023-07-24 12:00,483.651,2.634,33309.83,32080.358,960.477,48.027,29.04,417.625,1.918,1.9949047,53
1011222,2023-07-24 12:00,445.317,2.731,33946.321,31849.491,960.385,47.684,29.061,417.625,1.918,1.9831859,53
0101121B,2023-07-24 13:00,502.635,2.976,32377.691,31244.964,959.458,39.353,32.028,415.389,1.876,1.9531441,55
0101121E,2023-07-24 13:00,475.324,2.552,33086.055,31934.418,959.638,38.899,31.958,415.389,1.876,1.9229646,55
1011222,2023-07-24 13:00,440.151,2.665,33685.655,31655.927,959.584,39.536,31.703,415.389,1.876,1.926421,55
0101121B,2023-07-24 14:00,497.365,2.849,32817.891,31734.218,959.042,43.208,29.888,414.47,1.919,1.8958979,55
0101121E,2023-07-24 14:00,473.035,2.465,33396.891,32340.291,959.209,43.066,29.818,414.47,1.919,1.8816083,55
1011222,2023-07-24 14:00,437.591,2.545,34024.073,32156.073,959.136,43.797,29.549,414.47,1.919,1.8843831,55
0101121B,2023-07-24 15:00,502.474,2.674,32982.444,32257.537,959.635,43.643,28.405,415.929,1.805,1.7581569,54
0101121E,2023-07-24 15:00,476.335,2.309,33548.889,32869.87,959.78,43.919,28.136,415.929,1.805,1.7418566,54
1011222,2023-07-24 15:00,439.557,2.374,34214.815,32742.778,959.704,44.709,27.841,415.929,1.805,1.7431414,54
0101121B,2023-07-24 16:00,506.619,2.573,33277.574,32739.981,959.469,48.592,26.174,422.894,1.787,1.7154359,54
0101121E,2023-07-24 16:00,482.872,2.217,33676.981,33300.259,959.602,48.461,26.102,422.894,1.787,1.7033688,54
1011222,2023-07-24 16:00,445.63,2.27,34342.037,33220.63,959.543,48.993,25.969,422.894,1.787,1.7090509,54
0101121B,2023-07-24 17:00,508.839,2.745,33287.926,32430.167,959.528,53.353,25.892,421.974,1.928,1.8571154,54
0101121E,2023-07-24 17:00,484.417,2.369,33692.778,32994.778,959.698,53.419,25.743,421.974,1.928,1.8427026,54
1011222,2023-07-24 17:00,446.394,2.424,34365.296,32913.333,959.613,53.784,25.679,421.974,1.928,1.8484982,54
0101121B,2023-07-24 18:00,513.405,2.816,33362.246,32410.211,959.609,58.018,24.95,423.364,2.011,1.9078328,57
0101121E,2023-07-24 18:00,489.16,2.43,33712.561,32961.772,959.768,57.966,24.834,423.364,2.011,1.8927302,57
1011222,2023-07-24 18:00,450.882,2.48,34388.281,32910.351,959.665,58.209,24.811,423.364,2.011,1.8982976,57
0101121B,2023-07-24 19:00,531.261,2.846,33365.778,32578.926,959.663,65.305,23.067,431.646,2.041,1.9187354,54
0101121E,2023-07-24 19:00,505.743,2.456,33631.37,33097.333,959.819,65.28,22.988,431.646,2.041,1.908555,54
1011222,2023-07-24 19:00,466.185,2.507,34324.519,33091.796,959.726,65.417,23.003,431.646,2.041,1.9144758,54
0101121B,2023-07-24 20:00,542.282,2.868,33221.929,32557.804,960.066,66.708,22.872,439.367,2.035,1.9367842,56
0101121E,2023-07-24 20:00,515.307,2.476,33484.411,33065.679,960.239,66.473,22.851,439.367,2.035,1.9271698,56
1011222,2023-07-24 20:00,475.225,2.528,34187.75,33070.893,960.141,66.757,22.789,439.367,2.035,1.9283494,56
0101121B,2023-07-24 21:00,554.093,2.888,33019.088,32506.737,959.884,66.706,22.987,450.151,2.039,1.9505454,57
0101121E,2023-07-24 21:00,525.965,2.491,33291.614,33017.649,960.047,66.391,22.988,450.151,2.039,1.9410987,57
1011222,2023-07-24 21:00,485.486,2.547,33989.421,33014.965,959.939,66.694,22.914,450.151,2.039,1.9414846,57
0101121B,2023-07-24 22:00,551.755,2.859,33089.569,32590.216,959.704,66.841,22.761,446.886,2.007,1.9283666,51
0101121E,2023-07-24 22:00,523.633,2.468,33358.216,33098.745,959.835,66.59,22.72,446.886,2.007,1.916081,51
1011222,2023-07-24 22:00,482.896,2.518,34059.725,33105.216,959.753,66.77,22.705,446.886,2.007,1.9196266,51
0101121B,2023-07-24 23:00,555.235,2.842,33061,32645.833,959.319,67.071,22.591,449.846,1.994,1.9159543,54
0101121E,2023-07-24 23:00,527.404,2.453,33314.778,33151.981,959.504,66.815,22.554,449.846,1.994,1.9041138,54
1011222,2023-07-24 23:00,485.794,2.504,34031.963,33165.481,959.372,67.047,22.506,449.846,1.994,1.9052893,54
0101121B,2023-07-25,547.848,2.739,33238.259,32900.621,958.638,66.112,22.177,444.358,1.909,1.8430138,58
0101121E,2023-07-25,520.49,2.358,33469.603,33409.69,958.821,65.805,22.143,444.358,1.909,1.8302132,58
1011222,2023-07-25,478.926,2.41,34200.241,33427.466,958.676,66.064,22.099,444.358,1.909,1.8328321,58
0101121B,2023-07-25 01:00,546.612,2.643,33355.86,33180.158,958.189,66.107,21.516,443.018,1.829,1.7707197,57
0101121E,2023-07-25 01:00,518.963,2.268,33555.825,33680.14,958.379,65.561,21.555,443.018,1.829,1.7599251,57
1011222,2023-07-25 01:00,477.437,2.321,34296.211,33717.053,958.193,65.885,21.485,443.018,1.829,1.7613982,57
0101121B,2023-07-25 02:00,556.88,2.664,33213.492,33151.051,957.275,67.082,21.38,452.11,1.849,1.7835403,59
0101121E,2023-07-25 02:00,528.032,2.287,33415.356,33645.763,957.463,66.525,21.442,452.11,1.849,1.7751461,59
1011222,2023-07-25 02:00,486.212,2.342,34159.746,33692.186,957.305,66.99,21.293,452.11,1.849,1.7716167,59
0101121B,2023-07-25 03:00,553.67,2.655,33245.368,33153.754,957.411,66.383,21.509,448.857,1.825,1.778676,57
0101121E,2023-07-25 03:00,524.679,2.278,33462.93,33657.895,957.612,65.826,21.529,448.857,1.825,1.7655687,57
1011222,2023-07-25 03:00,482.872,2.333,34204.632,33693.982,957.425,66.275,21.429,448.857,1.825,1.7671538,57
0101121B,2023-07-25 04:00,541.349,2.636,33446.492,33199.525,958.01,65.918,21.468,436.976,1.817,1.7607783,59
0101121E,2023-07-25 04:00,513.205,2.263,33662.695,33702.661,958.219,65.443,21.464,436.976,1.817,1.7472734,59
1011222,2023-07-25 04:00,471.671,2.316,34414.932,33745.119,957.997,65.876,21.355,436.976,1.817,1.7475233,59
0101121B,2023-07-25 05:00,536.493,2.48,33439.492,33463.203,958.103,59.85,22.032,436.926,1.651,1.6525061,59
0101121E,2023-07-25 05:00,508.249,2.118,33692,33996.915,958.325,59.182,21.997,436.926,1.651,1.6303826,59
1011222,2023-07-25 05:00,466.551,2.169,34443.814,34015.356,958.09,59.498,21.92,436.926,1.651,1.6315987,59
0101121B,2023-07-25 06:00,525.53,2.41,33407.554,33442.018,958.205,52.981,23.39,429.958,1.594,1.5901496,56
0101121E,2023-07-25 06:00,497.623,2.057,33733.482,33997.982,958.416,52.519,23.321,429.958,1.594,1.5693859,56
1011222,2023-07-25 06:00,456.436,2.113,34473.321,33963.054,958.12,52.832,23.245,429.958,1.594,1.572051,56
0101121B,2023-07-25 07:00,517.382,2.381,33238.14,33256.298,957.874,45.834,25.329,422.807,1.55,1.5426047,57
0101121E,2023-07-25 07:00,487.76,2.031,33699.333,33854.035,958.105,45.605,25.163,422.807,1.55,1.5196599,57
1011222,2023-07-25 07:00,448.242,2.097,34405.123,33749.772,957.858,45.909,25.072,422.807,1.55,1.5221332,57
0101121B,2023-07-25 08:00,513.347,2.322,33268.245,33346.962,957.868,44.106,25.542,420.893,1.5,1.5012298,53
0101121E,2023-07-25 08:00,484.304,1.975,33724.66,33950.792,958.102,43.748,25.451,420.893,1.5,1.4801764,53
1011222,2023-07-25 08:00,445.557,2.039,34419.302,33841.226,957.858,44.055,25.343,420.893,1.5,1.4812288,53
0101121B,2023-07-25 09:00,507.393,2.247,32732.93,32997.018,957.777,32.714,29.45,416.362,1.413,1.4039762,57
0101121E,2023-07-25 09:00,477.107,1.913,33390.877,33649.456,958.004,32.457,29.319,416.362,1.413,1.3823288,57
1011222,2023-07-25 09:00,439.888,1.992,34031.158,33424.035,957.804,32.759,29.191,416.362,1.413,1.3852321,57
0101121B,2023-07-25 10:00,503.064,2.167,32735.621,33105,957.9,30.536,29.845,413.861,1.373,1.3408995,58
0101121E,2023-07-25 10:00,473.559,1.849,33417.379,33760.379,958.098,30.594,29.589,413.861,1.373,1.3235775,58
1011222,2023-07-25 10:00,436.574,1.927,34052.655,33525.276,957.936,30.999,29.478,413.861,1.373,1.3328314,58
0101121B,2023-07-25 11:00,502.663,2.303,32861.596,32909.333,958.223,34.509,29.123,415.639,1.515,1.4529428,57
0101121E,2023-07-25 11:00,474.914,1.979,33483.298,33529.702,958.4,34.563,28.874,415.639,1.515,1.4341425,57
1011222,2023-07-25 11:00,437.609,2.044,34137.404,33355,958.249,35.128,28.703,415.639,1.515,1.4434786,57
0101121B,2023-07-25 12:00,496.428,2.213,32875.491,33044.038,957.838,32.232,29.638,412.486,1.447,1.3947753,53
0101121E,2023-07-25 12:00,470.079,1.886,33498.585,33705.792,957.991,32.284,29.398,412.486,1.447,1.3775301,53
1011222,2023-07-25 12:00,433.792,1.96,34144.358,33506.698,957.847,32.871,29.159,412.486,1.447,1.3837069,53
0101121B,2023-07-25 13:00,503.926,2.12,33394.642,33793.472,958.675,40.033,25.664,420.292,1.41,1.3414514,53
0101121E,2023-07-25 13:00,479.085,1.803,33807.491,34395.981,958.796,40.125,25.451,420.292,1.41,1.3292447,53
1011222,2023-07-25 13:00,441.568,1.857,34491.566,34315.038,958.657,40.73,25.296,420.292,1.41,1.3370841,53
0101121B,2023-07-25 14:00,518.702,2.385,33859.574,33783.037,959.033,59.581,21.138,424.796,1.608,1.5584491,54
0101121E,2023-07-25 14:00,491.678,2.041,34066.5,34288.926,959.159,59.624,21.095,424.796,1.608,1.5551913,54
1011222,2023-07-25 14:00,452.633,2.101,34812.87,34324.111,958.996,60.446,20.909,424.796,1.608,1.5590549,54
0101121B,2023-07-25 15:00,507.817,2.438,33615.948,33318.397,959.159,51.62,23.91,415.759,1.607,1.5968875,58
0101121E,2023-07-25 15:00,480.507,2.091,33981.086,33869.241,959.336,51.679,23.772,415.759,1.607,1.5852315,58
1011222,2023-07-25 15:00,441.397,2.151,34714.155,33829.345,959.159,52.409,23.58,415.759,1.607,1.5894588,58
0101121B,2023-07-25 16:00,510.935,2.363,33848.618,33722.309,959.56,55.954,22.053,418.209,1.594,1.5392287,55
0101121E,2023-07-25 16:00,485.447,2.015,34091.982,34270.945,959.749,56.128,21.892,418.209,1.594,1.5280608,55
1011222,2023-07-25 16:00,446.271,2.071,34833.218,34286.745,959.584,56.556,21.763,418.209,1.594,1.5287864,55
0101121B,2023-07-25 17:00,516.545,2.266,34216.696,34337.393,960.705,63.94,18.967,416.156,1.498,1.4593294,56
0101121E,2023-07-25 17:00,492.059,1.9,34297.018,34937.786,960.87,65.583,18.681,416.156,1.498,1.4700816,56
1011222,2023-07-25 17:00,450.007,1.971,35102.161,34975.304,960.718,64.154,18.738,416.156,1.498,1.4434121,56
0101121B,2023-07-25 18:00,518.289,2.127,34272.214,34752.018,961.821,61.796,18.377,419.238,1.367,1.3577934,56
0101121E,2023-07-25 18:00,493.812,1.782,34322.911,35338.321,962.013,63.479,18.069,419.238,1.367,1.3678749,56
1011222,2023-07-25 18:00,451.479,1.84,35134.911,35417.018,961.795,61.851,18.162,419.238,1.367,1.3408941,56
0101121B,2023-07-25 19:00,527.973,2.146,34157.458,34742.292,962.931,63.531,18.049,426.424,1.379,1.3656701,48
0101121E,2023-07-25 19:00,503.542,1.803,34177.854,35304.333,963.131,65.074,17.814,426.424,1.379,1.3781121,48
1011222,2023-07-25 19:00,459.931,1.861,35001.312,35389.521,962.892,63.53,17.919,426.424,1.379,1.3547479,48
0101121B,2023-07-25 20:00,536.341,2.208,34052.946,34619.018,963.384,66.413,17.814,430.206,1.423,1.4060748,56
0101121E,2023-07-25 20:00,511.688,1.865,34052.125,35145.018,963.575,67.616,17.645,430.206,1.423,1.4161194,56
1011222,2023-07-25 20:00,466.886,1.919,34893.161,35262.125,963.354,66.333,17.719,430.206,1.423,1.3960574,56
0101121B,2023-07-25 21:00,538.391,2.227,34080.179,34628.357,963.891,68.403,17.379,428.451,1.448,1.408274,56
0101121E,2023-07-25 21:00,513.929,1.891,34052.464,35124.196,964.125,69.642,17.202,428.451,1.448,1.4174958,56
1011222,2023-07-25 21:00,468.043,1.937,34916.304,35277.625,963.879,68.374,17.282,428.451,1.448,1.3990595,56
0101121B,2023-07-25 22:00,539.351,2.215,34120.424,34707.559,964.251,69.494,16.974,426.783,1.435,1.3940448,59
0101121E,2023-07-25 22:00,515.578,1.886,34063.644,35186.085,964.463,71.157,16.744,426.783,1.435,1.406364,59
1011222,2023-07-25 22:00,468.403,1.925,34956.068,35376.932,964.222,69.53,16.822,426.783,1.435,1.3814687,59
0101121B,2023-07-25 23:00,540.691,2.204,34140.821,34773.946,964.614,70.429,16.664,426.175,1.428,1.3847401,56
0101121E,2023-07-25 23:00,516.833,1.894,34052,35185.333,964.667,71.763,16.63,426.831,1.43,1.4078909,3
1011222,2023-07-25 23:00,469.488,1.923,34968.714,35430.268,964.57,70.525,16.496,426.175,1.428,1.3719327,56
0101121B,2023-07-26,543.952,2.157,34163.143,34965.339,965.17,70.838,16.103,427.563,1.379,1.3434518,56
0101121E,2023-07-26,NA,NA,NA,NA,NA,NA,NA,NA,NA,NA,0
1011222,2023-07-26,471.782,1.882,34981.714,35630.696,965.138,70.904,15.932,427.563,1.379,1.3301332,56
0101121B,2023-07-26 01:00,539.043,2.08,34306.5,35219.222,965.565,70.033,15.633,424.542,1.324,1.2883783,54
0101121E,2023-07-26 01:00,NA,NA,NA,NA,NA,NA,NA,NA,NA,NA,0
1011222,2023-07-26 01:00,467.409,1.811,35099.37,35888.611,965.47,69.931,15.549,424.542,1.324,1.2796727,54
0101121B,2023-07-26 02:00,543.404,2.05,34297,35351.778,966.211,70.745,15.165,427.105,1.301,1.2619424,54
0101121E,2023-07-26 02:00,NA,NA,NA,NA,NA,NA,NA,NA,NA,NA,0
1011222,2023-07-26 02:00,470.637,1.784,35077.889,36021.963,966.093,70.503,15.152,427.105,1.301,1.2567797,54
0101121B,2023-07-26 03:00,547.254,2.064,34228.75,35310.839,966.486,71.035,15.203,429.81,1.286,1.2697406,56
0101121E,2023-07-26 03:00,NA,NA,NA,NA,NA,NA,NA,NA,NA,NA,0
1011222,2023-07-26 03:00,473.659,1.794,35022,35992.411,966.343,70.788,15.154,429.81,1.286,1.2615721,56
0101121B,2023-07-26 04:00,551.7,2.091,34125.127,35212.836,966.631,71.027,15.435,433.388,1.296,1.288522,55
0101121E,2023-07-26 04:00,NA,NA,NA,NA,NA,NA,NA,NA,NA,NA,0
1011222,2023-07-26 04:00,477.125,1.819,34934.345,35884.036,966.485,70.703,15.4,433.388,1.296,1.2799803,55
0101121B,2023-07-26 05:00,550.647,2.153,34029.949,34946.949,966.942,69.915,16.28,432.483,1.291,1.3381908,59
0101121E,2023-07-26 05:00,NA,NA,NA,NA,NA,NA,NA,NA,NA,NA,0
1011222,2023-07-26 05:00,475.197,1.87,34890.763,35615.746,966.831,69.381,16.217,432.483,1.291,1.3226977,59
0101121B,2023-07-26 06:00,541.486,2.125,33976.421,34834.982,967.368,63.277,17.761,428.603,1.251,1.3291316,57
0101121E,2023-07-26 06:00,NA,NA,NA,NA,NA,NA,NA,NA,NA,NA,0
1011222,2023-07-26 06:00,466.547,1.845,34905.474,35476.281,967.282,62.513,17.656,428.603,1.251,1.3045774,57
0101121B,2023-07-26 07:00,534.396,2.024,34206.089,35193.393,967.866,62.952,16.936,424.32,1.234,1.2546394,56
0101121E,2023-07-26 07:00,NA,NA,NA,NA,NA,NA,NA,NA,NA,NA,0
1011222,2023-07-26 07:00,462.202,1.759,35072.339,35844.089,967.734,62.544,16.798,424.32,1.234,1.2358003,56
0101121B,2023-07-26 08:00,531.964,2.15,34018.375,34661.946,967.996,60.966,18.545,419.028,1.27,1.3441481,56
0101121E,2023-07-26 08:00,NA,NA,NA,NA,NA,NA,NA,NA,NA,NA,0
1011222,2023-07-26 08:00,456.689,1.886,35010.75,35254.732,967.891,60.445,18.371,419.028,1.27,1.3176905,56
0101121B,2023-07-26 09:00,522.318,2.273,33246.526,33575.632,967.661,44.078,24.763,415.428,1.293,1.4183691,57
0101121E,2023-07-26 09:00,NA,NA,NA,NA,968.085,97.954,24.047,414.801,1.28,3.0501684,0
1011222,2023-07-26 09:00,448.639,2.001,34467.754,34069.649,967.633,43.361,24.496,415.428,1.293,1.3737753,57
0101121B,2023-07-26 10:00,513.471,2.107,33907.576,34403.475,967.671,50.615,21.397,415.283,1.311,1.3276296,59
0101121E,2023-07-26 10:00,NA,NA,NA,NA,968.165,98.266,21.043,415.283,1.311,2.4545724,0
1011222,2023-07-26 10:00,446.617,1.841,34899.729,34969.254,967.568,50.853,21.141,415.283,1.311,1.3132777,59
0101121B,2023-07-26 11:00,516.684,2.154,33865.125,34293.286,967.768,51.97,21.324,414.972,1.328,1.3566199,56
0101121E,2023-07-26 11:00,NA,NA,NA,NA,968.292,98.539,20.922,414.972,1.328,2.4553017,0
1011222,2023-07-26 11:00,447.491,1.889,34895,34851.964,967.707,52.164,21.036,414.972,1.328,1.3381863,56
0101121B,2023-07-26 12:00,NA,2.238,33479.789,33773.316,967.854,45.756,23.923,411.986,1.341,1.3907259,0
0101121E,2023-07-26 12:00,NA,NA,NA,NA,968.436,98.205,23.091,411.986,1.341,2.8606117,0
1011222,2023-07-26 12:00,NA,1.976,34649.912,34273.053,967.812,46.059,23.576,411.986,1.341,1.3715886,0
0101121B,2023-07-26 13:00,NA,2.262,33595.649,33763.877,967.877,48.249,23.405,409.249,1.388,1.415983,0
0101121E,2023-07-26 13:00,NA,3.186,NA,NA,968.433,98.385,22.53,409.249,1.388,2.7673978,0
1011222,2023-07-26 13:00,NA,1.999,34766.088,34293.807,967.825,49.02,22.9,409.249,1.388,1.3979896,0
0101121B,2023-07-26 14:00,NA,2.155,33194.218,33558.964,967.725,36.391,26.856,407.114,1.313,1.3282981,0
0101121E,2023-07-26 14:00,NA,2.731,NA,NA,968.386,98.884,25.337,407.114,1.313,3.3474533,0
1011222,2023-07-26 14:00,NA,1.907,34461.091,34066.782,967.745,37.686,26.141,407.114,1.313,1.3191577,0
0101121B,2023-07-26 15:00,NA,2.007,33284.981,33939.222,967.744,34.259,26.535,407.793,1.226,1.2282989,0
0101121E,2023-07-26 15:00,NA,2.625,NA,NA,968.409,87.602,25.603,407.793,1.226,2.9578373,0
1011222,2023-07-26 15:00,NA,1.766,34519.037,34473.815,967.728,35.532,25.789,407.793,1.226,1.2190713,0
0101121B,2023-07-26 16:00,NA,2.004,33336.439,33968.965,967.774,34.517,26.424,408.216,1.25,1.2283521,0
0101121E,2023-07-26 16:00,NA,2.328,32932.807,33101.456,968.33,40.451,25.811,408.216,1.25,1.3888537,0
1011222,2023-07-26 16:00,NA,1.754,34523.368,34510.719,967.754,35.594,25.821,408.216,1.25,1.2227519,0
0101121B,2023-07-26 17:00,NA,1.967,33902.172,34535.948,967.909,42.472,22.962,409.244,1.279,1.2280415,0
0101121E,2023-07-26 17:00,NA,1.707,34456.276,34997.483,968.397,44.663,22.729,409.244,1.279,1.2731168,0
1011222,2023-07-26 17:00,NA,1.711,34887.879,35084.034,967.881,42.907,22.746,409.244,1.279,1.2246519,0
0101121B,2023-07-26 18:00,NA,1.991,34101.635,34742.308,968.238,48.65,21.02,413.313,1.312,1.2501002,0
0101121E,2023-07-26 18:00,NA,1.719,34539.135,35178.173,968.715,50.908,20.926,413.313,1.312,1.299871,0
1011222,2023-07-26 18:00,NA,1.724,35006.154,35318.481,968.181,48.747,20.95,413.313,1.312,1.2473744,0
0101121B,2023-07-26 19:00,511.098,1.95,34262.26,35079.68,968.672,52.796,19.28,416.644,1.278,1.2181893,50
0101121E,2023-07-26 19:00,471.648,1.679,34605.74,35491,969.106,55.25,19.26,416.644,1.278,1.2726311,50
1011222,2023-07-26 19:00,446.764,1.686,35108.74,35686.08,968.61,52.833,19.245,416.644,1.278,1.2165512,50
0101121B,2023-07-26 20:00,527.193,1.957,34171.696,35228.089,968.818,56.901,18.04,428.922,1.283,1.2147035,56
0101121E,2023-07-26 20:00,486.093,1.675,34459.75,35646.786,969.252,59.772,18.076,428.922,1.283,1.2782115,56
1011222,2023-07-26 20:00,460.238,1.692,34987.768,35858.071,968.721,57.011,17.995,428.922,1.283,1.2136929,56
0101121B,2023-07-26 21:00,525.407,1.924,34308.712,35415.542,968.644,58.268,17.27,424.78,1.235,1.1854823,59
0101121E,2023-07-26 21:00,483.593,1.642,34583.627,35845.271,969.078,61.348,17.218,424.78,1.235,1.2435525,59
1011222,2023-07-26 21:00,457.002,1.661,35126.492,36063.881,968.544,58.295,17.234,424.78,1.235,1.1834294,59
0101121B,2023-07-26 22:00,528.329,1.903,34327.466,35536.621,968.312,59.152,16.786,427.735,1.229,1.1673548,58
0101121E,2023-07-26 22:00,486.431,1.617,34571.397,35971.5,968.741,62.34,16.783,427.735,1.229,1.2295343,58
1011222,2023-07-26 22:00,459.824,1.643,35123.241,36194.241,968.212,59.224,16.741,427.735,1.229,1.1655985,58
0101121B,2023-07-26 23:00,557.029,1.927,34032.224,35639.379,968.103,64.281,15.483,448.316,1.249,1.1676079,58
0101121E,2023-07-26 23:00,512.234,1.627,34221.345,36080.862,968.521,68.139,15.561,448.316,1.249,1.243297,58
1011222,2023-07-26 23:00,485.359,1.664,34780.638,36333.155,968.045,64.263,15.431,448.316,1.249,1.1634932,58
0101121B,2023-07-27,558.77,1.882,34099.5,35859.733,967.93,65.268,14.74,449.233,1.228,1.1308161,60
0101121E,2023-07-27,513.952,1.583,34252.517,36307.383,968.36,69.589,14.806,449.233,1.228,1.2102414,60
1011222,2023-07-27,486.617,1.623,34826.4,36573.817,967.852,65.221,14.69,449.233,1.228,1.1264629,60
0101121B,2023-07-27 01:00,572.574,1.882,33946.5,35926.914,967.453,67.137,14.202,459.733,1.208,1.1239378,58
0101121E,2023-07-27 01:00,526.641,1.58,34075.207,36375.983,967.864,71.629,14.267,459.733,1.208,1.2037177,58
1011222,2023-07-27 01:00,498.683,1.625,34659.034,36646.845,967.338,67.089,14.151,459.733,1.208,1.1196034,58
0101121B,2023-07-27 02:00,574.223,1.919,33895.929,35797,966.882,67.87,14.395,459.828,1.205,1.1512576,56
0101121E,2023-07-27 02:00,527.375,1.609,34048.75,36264.018,967.284,72.105,14.451,459.828,1.205,1.2269612,56
1011222,2023-07-27 02:00,499.186,1.659,34631.786,36511.714,966.777,67.782,14.353,459.828,1.205,1.1467629,56
0101121B,2023-07-27 03:00,578.623,1.963,33756.93,35609.947,966.574,67.476,14.942,463.519,1.22,1.1859386,57
0101121E,2023-07-27 03:00,530.665,1.644,33950,36093.228,966.991,71.477,14.998,463.519,1.22,1.2602197,57
1011222,2023-07-27 03:00,502.56,1.7,34523.404,36308.614,966.468,67.475,14.879,463.519,1.22,1.1813031,57
0101121B,2023-07-27 04:00,569.591,1.968,33829.491,35527.105,966.326,65.649,15.49,456.803,1.213,1.1954422,57
0101121E,2023-07-27 04:00,521.64,1.65,34057.772,36010.772,966.74,69.313,15.553,456.803,1.213,1.2667841,57
1011222,2023-07-27 04:00,494.056,1.711,34622.93,36189.667,966.196,65.909,15.43,456.803,1.213,1.1958065,57
0101121B,2023-07-27 05:00,567.293,2.027,33636.891,35150.964,966.396,61.394,17.209,455.939,1.237,1.2463154,55
0101121E,2023-07-27 05:00,518.229,1.696,33974.836,35677.655,966.847,64.193,17.227,455.939,1.237,1.3037718,55
1011222,2023-07-27 05:00,490.285,1.759,34526.236,35794.964,966.309,61.288,17.114,455.939,1.237,1.2367561,55
0101121B,2023-07-27 06:00,563.833,2.056,33469.733,34864.767,966.335,56.406,18.823,454.901,1.261,1.267569,60
0101121E,2023-07-27 06:00,514.457,1.724,33893.783,35405.983,966.787,58.489,18.852,454.901,1.261,1.3160312,60
1011222,2023-07-27 06:00,486.347,1.791,34435.7,35465.183,966.282,56.367,18.702,454.901,1.261,1.2570988,60
0101121B,2023-07-27 07:00,540.802,2.064,33518.103,34553.914,966.159,49.315,21.038,439.67,1.253,1.2720353,58
0101121E,2023-07-27 07:00,492.914,1.736,34055.552,35118.707,966.603,50.754,21.011,439.67,1.253,1.3064005,58
1011222,2023-07-27 07:00,465.779,1.805,34572.224,35098.103,966.098,49.258,20.899,439.67,1.253,1.2598786,58
0101121B,2023-07-27 08:00,522.395,2.113,33350.456,34021.316,965.66,42.174,24.074,NA,NA,1.302684,57
0101121E,2023-07-27 08:00,476.649,1.79,34027.807,34610.93,966.135,43.418,23.923,NA,NA,1.3282342,57
1011222,2023-07-27 08:00,449.633,1.864,34519.053,34492.702,965.642,42.315,23.89,NA,NA,1.2924346,57
0101121B,2023-07-27 09:00,509.795,2.093,32775.875,33394.804,965.105,30.619,28.958,412.648,1.263,1.2670778,56
0101121E,2023-07-27 09:00,468.529,1.777,33642.554,34085.839,965.571,31.72,28.464,412.648,1.263,1.2750948,56
1011222,2023-07-27 09:00,441.959,1.856,34091.464,33850.875,965.123,31.254,28.449,412.648,1.263,1.2560076,56
0101121B,2023-07-27 10:00,502.983,2.089,32795.81,33328.483,964.584,29.709,29.491,410.008,1.295,1.2692337,58
0101121E,2023-07-27 10:00,463.795,1.763,33648.19,34040.431,964.974,30.684,29.078,410.008,1.295,1.2795721,58
1011222,2023-07-27 10:00,438.088,1.849,34081.966,33770.672,964.59,30.351,29.056,410.008,1.295,1.2645078,58
0101121B,2023-07-27 11:00,499.282,2.133,32522.073,32943.073,964.255,26.918,31.478,407.099,1.305,1.2881873,55
0101121E,2023-07-27 11:00,461.298,1.797,33414.2,33670.218,964.633,27.498,31.261,407.099,1.305,1.2990241,55
1011222,2023-07-27 11:00,435.625,1.898,33874.273,33380.927,964.275,27.548,30.921,407.099,1.305,1.2770789,55
0101121B,2023-07-27 12:00,496.002,2.179,32341.571,32650.286,963.652,25.342,32.853,405.705,1.344,1.3120104,56
0101121E,2023-07-27 12:00,458.979,1.829,33276.518,33417.107,963.975,25.867,32.625,405.705,1.344,1.3218211,56
1011222,2023-07-27 12:00,433.882,1.944,33707.554,33067,963.704,25.95,32.352,405.705,1.344,1.306092,56
0101121B,2023-07-27 13:00,490.642,2.169,32551.119,32782.186,963.166,26.588,32.124,404.004,1.372,1.3212234,59
0101121E,2023-07-27 13:00,455.273,1.829,33477.983,33560.169,963.459,27.481,31.586,404.004,1.372,1.324241,59
1011222,2023-07-27 13:00,430.185,1.927,33871.169,33214.983,963.222,27.284,31.659,404.004,1.372,1.320425,59
0101121B,2023-07-27 14:00,487.29,2.217,32634.098,32698.725,962.82,27.758,31.954,402.631,1.425,1.3669147,51
0101121E,2023-07-27 14:00,453.057,1.869,33543.176,33482.451,963.118,28.731,31.386,402.631,1.425,1.3696484,51
1011222,2023-07-27 14:00,428.171,1.968,33938.863,33146.686,962.894,28.516,31.443,402.631,1.425,1.3640543,51
0101121B,2023-07-27 15:00,487.015,2.258,32577.741,32564.63,962.435,27.548,32.311,401.163,1.437,1.3839556,54
0101121E,2023-07-27 15:00,451.833,1.898,33519.648,33370.204,962.7,28.609,31.729,401.163,1.437,1.3907713,54
1011222,2023-07-27 15:00,426.815,2.001,33925.722,33029.815,962.522,28.461,31.719,401.163,1.437,1.382957,54
0101121B,2023-07-27 16:00,482.41,2.236,32743.353,32689.745,961.873,28.537,31.775,400.896,1.459,1.3902992,51
0101121E,2023-07-27 16:00,448.875,1.87,33614.51,33482.706,962.135,29.407,31.401,400.896,1.459,1.4031112,51
1011222,2023-07-27 16:00,424.92,1.971,34016.392,33160.706,961.976,29.31,31.319,400.896,1.459,1.392193,51
0101121B,2023-07-27 17:00,479.549,2.23,33272.544,33099.316,961.609,34.659,28.909,401.184,1.509,1.434516,57
0101121E,2023-07-27 17:00,447.875,1.883,33955.158,33768.211,961.837,35.094,28.883,401.184,1.509,1.4500411,57
1011222,2023-07-27 17:00,423.77,1.958,34381.526,33551.211,961.705,34.853,28.801,401.184,1.509,1.4335791,57
0101121B,2023-07-27 18:00,499.416,2.298,33283.893,33229.839,961.743,40.815,26.867,420.256,1.636,1.4976296,56
0101121E,2023-07-27 18:00,466.789,1.956,33861.589,33827.089,961.982,41.559,26.918,420.256,1.636,1.5288882,56
1011222,2023-07-27 18:00,441.704,2.02,34315.375,33693.821,961.85,41.157,26.758,420.256,1.636,1.5004034,56
0101121B,2023-07-27 19:00,556.111,2.388,32853.815,33428.444,962.18,50.906,23.887,470.322,1.736,1.5660479,54
0101121E,2023-07-27 19:00,520.156,2.041,33288.315,33969.907,962.391,52.144,23.955,470.322,1.736,1.6101182,54
1011222,2023-07-27 19:00,492.246,2.087,33767.37,33947.278,962.3,51.078,23.826,470.322,1.736,1.5654103,54
0101121B,2023-07-27 20:00,588.348,2.388,32650.375,33677.411,962.552,57.079,21.942,493.531,1.716,1.56143,56
0101121E,2023-07-27 20:00,549.486,2.038,33010.893,34198.429,962.786,58.919,21.999,493.531,1.716,1.6169324,56
1011222,2023-07-27 20:00,519.496,2.086,33517.661,34224.804,962.618,57.328,21.884,493.531,1.716,1.5626489,56
0101121B,2023-07-27 21:00,600.695,2.368,32625.965,33864.596,962.675,60.263,20.828,501.787,1.667,1.5400719,57
0101121E,2023-07-27 21:00,559.972,2.012,32953.281,34389.632,962.919,62.473,20.88,501.787,1.667,1.601156,57
1011222,2023-07-27 21:00,529.684,2.065,33467.14,34436.719,962.758,60.485,20.767,501.787,1.667,1.5398185,57
0101121B,2023-07-27 22:00,597.748,2.344,32792.352,34030.185,962.539,62.664,19.945,495.69,1.617,1.5169042,54
0101121E,2023-07-27 22:00,556.407,1.985,33093.759,34561.241,962.781,65.048,19.985,495.69,1.617,1.578034,54
1011222,2023-07-27 22:00,525.881,2.044,33624.759,34618.5,962.635,62.83,19.879,495.69,1.617,1.51453,54
0101121B,2023-07-27 23:00,595.042,2.303,32933.807,34218.632,962.349,64.037,19.222,490.307,1.582,1.4824735,57
0101121E,2023-07-27 23:00,553.554,1.947,33204.667,34741.053,962.574,66.613,19.287,490.307,1.582,1.5479989,57
1011222,2023-07-27 23:00,522.972,2.006,33749.404,34820.596,962.382,64.158,19.156,490.307,1.582,1.4791691,57
0101121B,2023-07-28,581.646,2.271,33128.071,34280.446,961.814,62.777,19.299,478.738,1.524,1.460981,56
0101121E,2023-07-28,540.171,1.92,33418.839,34804.125,962.052,65.031,19.342,478.738,1.524,1.5170669,56
1011222,2023-07-28,509.388,1.978,33978.018,34882.5,961.839,62.87,19.21,478.738,1.524,1.4549824,56
0101121B,2023-07-28 01:00,596.151,2.329,32839.965,34083.596,961.649,62.562,19.787,490.407,1.574,1.5012022,57
0101121E,2023-07-28 01:00,553.935,1.974,33150.754,34606.14,961.891,64.924,19.819,490.407,1.574,1.5606011,57
1011222,2023-07-28 01:00,522.526,2.037,33699.877,34657.509,961.733,62.693,19.712,490.407,1.574,1.4971654,57
0101121B,2023-07-28 02:00,599.586,2.375,32748.034,33943.431,962.184,62.762,20.077,491.924,1.605,1.5321762,58
0101121E,2023-07-28 02:00,556.94,2.013,33076,34473.931,962.453,65.165,20.103,491.924,1.605,1.593006,58
1011222,2023-07-28 02:00,525.229,2.078,33624.31,34514.586,962.238,62.849,19.997,491.924,1.605,1.5266794,58
0101121B,2023-07-28 03:00,605.155,2.309,32837,34253.6,962.898,65.413,18.824,497.097,1.595,1.4762059,55
0101121E,2023-07-28 03:00,563.289,1.956,33086.218,34759.982,963.176,68.564,18.876,497.097,1.595,1.55171,55
1011222,2023-07-28 03:00,531.38,2.017,33650.945,34854.473,962.907,65.568,18.729,497.097,1.595,1.4709276,55
0101121B,2023-07-28 04:00,613.264,2.371,32767.518,34152.821,963.055,68.629,18.448,498.351,1.632,1.5130549,56
0101121E,2023-07-28 04:00,570.75,2.013,33002.75,34650.036,963.295,72.303,18.481,498.351,1.632,1.5968566,56
1011222,2023-07-28 04:00,537.696,2.08,33579.571,34735.554,963.023,68.92,18.382,498.351,1.632,1.5132797,56
0101121B,2023-07-28 05:00,587.158,2.506,32911.966,33625.254,963.161,66.009,20.237,475.332,1.664,1.6248571,59
0101121E,2023-07-28 05:00,544.722,2.122,33257.559,34173.102,963.456,68.886,20.253,475.332,1.664,1.6964799,59
1011222,2023-07-28 05:00,512.225,2.202,33832.017,34184.237,963.205,66.142,20.129,475.332,1.664,1.6169866,59
0101121B,2023-07-28 06:00,567.237,2.596,32783.98,33066.157,963.424,57.552,23.193,460.308,1.686,1.6951101,51
0101121E,2023-07-28 06:00,525.129,2.182,33283.059,33705.627,963.739,59.183,23.185,460.308,1.686,1.741201,51
1011222,2023-07-28 06:00,492.902,2.288,33840.275,33571.804,963.463,57.48,23.061,460.308,1.686,1.6794042,51
0101121B,2023-07-28 07:00,537.385,2.6,32522.6,32461.236,963.476,43.105,27.848,436.264,1.674,1.6682472,55
0101121E,2023-07-28 07:00,497.442,2.202,33244.636,33146.364,963.815,44.053,27.666,436.264,1.674,1.6858624,55
1011222,2023-07-28 07:00,466.545,2.324,33753.127,32866.564,963.555,43.246,27.624,436.264,1.674,1.6521505,55
0101121B,2023-07-28 08:00,520.253,2.581,32071.281,31926.316,963.454,32.174,32.22,422.824,1.644,1.6045332,57
0101121E,2023-07-28 08:00,482.882,2.188,32943.404,32661.877,963.758,32.625,32.066,422.824,1.644,1.6124257,57
1011222,2023-07-28 08:00,453.204,2.329,33423.123,32285.842,963.512,32.42,31.902,422.824,1.644,1.5881393,57
0101121B,2023-07-28 09:00,515.046,2.653,31555.667,31314.982,963.332,26.443,35.748,418.2,1.672,1.6050838,57
0101121E,2023-07-28 09:00,478.181,2.244,32558.684,32116.93,963.614,26.844,35.55,418.2,1.672,1.6110104,57
1011222,2023-07-28 09:00,450.275,2.415,32992.456,31653.561,963.418,26.855,35.339,418.2,1.672,1.5932218,57
0101121B,2023-07-28 10:00,503.819,2.498,31656.983,31551.276,963.097,24.343,36.156,414.227,1.591,1.5145931,58
0101121E,2023-07-28 10:00,470.241,2.1,32645.776,32386.707,963.321,24.787,35.878,414.227,1.591,1.5185897,58
1011222,2023-07-28 10:00,444.21,2.263,33063.724,31928.724,963.171,24.953,35.591,414.227,1.591,1.5049839,58
0101121B,2023-07-28 11:00,495.868,2.403,32116.717,32011.755,962.97,26.825,34.184,412.36,1.572,1.4947905,53
0101121E,2023-07-28 11:00,464.66,2.017,33000.585,32815.887,963.123,27.283,33.948,412.36,1.572,1.500305,53
1011222,2023-07-28 11:00,439.213,2.159,33430.868,32419.057,963.034,27.473,33.637,412.36,1.572,1.4849392,53
0101121B,2023-07-28 12:00,502.337,2.586,31557.111,31287.741,962.761,24.138,36.865,411.952,1.649,1.5612013,54
0101121E,2023-07-28 12:00,467.802,2.168,32579.333,32142.667,962.95,24.557,36.646,411.952,1.649,1.5691206,54
1011222,2023-07-28 12:00,442.222,2.351,32996.407,31655.389,962.911,24.81,36.292,411.952,1.649,1.5550294,54
0101121B,2023-07-28 13:00,499.921,2.668,31734.579,31253.579,962.747,26.496,36.047,412.716,1.746,1.639942,57
0101121E,2023-07-28 13:00,466.202,2.242,32713.544,32085.947,962.919,26.907,35.872,412.716,1.746,1.6491613,57
1011222,2023-07-28 13:00,441.105,2.418,33131.684,31631.368,962.916,27.18,35.499,412.716,1.746,1.6321098,57
0101121B,2023-07-28 14:00,498.573,2.659,32583.268,31925.411,963.348,36.664,31.161,416.134,1.834,1.70479,56
0101121E,2023-07-28 14:00,467.493,2.253,33323.589,32642.107,963.48,37.07,31.095,416.134,1.834,1.7164117,56
1011222,2023-07-28 14:00,441.418,2.374,33777.821,32345.839,963.45,37.194,30.828,416.134,1.834,1.6980487,56
0101121B,2023-07-28 15:00,516.242,2.695,33437.133,32750.017,964.467,56.865,24.169,423.988,1.902,1.773683,60
0101121E,2023-07-28 15:00,483.05,2.296,33894.267,33339.783,964.582,58.332,24.144,423.988,1.902,1.8160568,60
1011222,2023-07-28 15:00,454.717,2.378,34418.467,33251.733,964.518,57.482,23.968,423.988,1.902,1.7712283,60
0101121B,2023-07-28 16:00,528.112,2.865,33328.304,32470.482,964.096,62.984,23.633,427.325,2.015,1.9069942,56
0101121E,2023-07-28 16:00,492.877,2.45,33785.839,33044.429,964.25,65.466,23.581,427.325,2.015,1.9757907,56
1011222,2023-07-28 16:00,463.839,2.538,34313.839,32960.714,964.195,63.618,23.454,427.325,2.015,1.9054263,56
0101121B,2023-07-28 17:00,524.769,2.851,33314.678,32450.492,964.414,61.104,24.072,424.678,1.994,1.8984244,59
0101121E,2023-07-28 17:00,490.297,2.439,33789.373,33033.085,964.583,63.573,23.963,424.678,1.994,1.961959,59
1011222,2023-07-28 17:00,460.617,2.524,34315.22,32931.593,964.542,61.615,23.93,424.678,1.994,1.8977512,59
0101121B,2023-07-28 18:00,528.377,2.834,33340.929,32548.125,964.584,62.707,23.525,426.192,1.982,1.8849198,56
0101121E,2023-07-28 18:00,493.855,2.421,33794.696,33137.804,964.8,65.378,23.347,426.192,1.982,1.9438478,56
1011222,2023-07-28 18:00,463.534,2.504,34324.589,33044.161,964.677,62.961,23.411,426.192,1.982,1.8793236,56
0101121B,2023-07-28 19:00,550.783,2.833,33069.78,32611.542,965.024,64.64,23.002,445.033,2.009,1.8816943,59
0101121E,2023-07-28 19:00,515.354,2.425,33468.508,33164.593,965.224,67.323,23.013,445.033,2.009,1.9606836,59
1011222,2023-07-28 19:00,484.344,2.505,34010.508,33106.237,965.1,64.852,22.927,445.033,2.009,1.8791335,59
0101121B,2023-07-28 20:00,576.454,2.809,32767.37,32735.907,965.154,66.325,22.378,466.37,1.99,1.8588379,54
0101121E,2023-07-28 20:00,539.67,2.403,33127.611,33276.556,965.356,69.246,22.427,466.37,1.99,1.9460378,54
1011222,2023-07-28 20:00,507.581,2.485,33677.111,33236.093,965.244,66.632,22.29,466.37,1.99,1.8572766,54
0101121B,2023-07-28 21:00,603.819,2.729,32500.962,33018.83,965.113,67.899,21.383,487.641,1.941,1.7911666,53
0101121E,2023-07-28 21:00,565.087,2.332,32818.83,33546.038,965.315,71.156,21.43,487.641,1.941,1.882013,53
1011222,2023-07-28 21:00,531.63,2.404,33377.019,33550.038,965.155,67.981,21.307,487.641,1.941,1.7848362,53
0101121B,2023-07-28 22:00,612.702,2.702,32454.119,33141.186,965.007,69.392,20.804,494.067,1.899,1.7666109,59
0101121E,2023-07-28 22:00,573.315,2.305,32747.542,33664.576,965.217,72.782,20.847,494.067,1.899,1.857449,59
1011222,2023-07-28 22:00,538.863,2.38,33319.136,33677.814,965.02,69.438,20.736,494.067,1.899,1.7604285,59
0101121B,2023-07-28 23:00,641.322,2.703,32046.017,33145,964.578,69.462,20.772,520.949,1.882,1.7657667,60
0101121E,2023-07-28 23:00,599.658,2.301,32342.7,33679.033,964.842,72.592,20.828,520.949,1.882,1.8511934,60
1011222,2023-07-28 23:00,564.503,2.381,32903.983,33685.083,964.643,69.47,20.7,520.949,1.882,1.7580237,60
0101121B,2023-07-29,648.84,2.613,32026.895,33409.368,964.154,69.441,20.136,528.325,1.822,1.6979472,57
0101121E,2023-07-29,606.912,2.224,32291.579,33930.561,964.391,72.636,20.198,528.325,1.822,1.782519,57
1011222,2023-07-29,571.068,2.3,32866.456,33960.965,964.188,69.493,20.055,528.325,1.822,1.6907172,57
0101121B,2023-07-29 01:00,647.957,2.692,32010.929,33215.268,963.932,70.685,20.344,523.429,1.843,1.7512873,56
0101121E,2023-07-29 01:00,604.614,2.289,32306.804,33748.554,964.188,73.776,20.406,523.429,1.843,1.8343816,56
1011222,2023-07-29 01:00,568.586,2.374,32882.518,33755.518,963.975,70.736,20.276,523.429,1.843,1.7451493,56
0101121B,2023-07-29 02:00,636.719,2.727,32123.018,33103.772,963.853,70.327,20.682,512.757,1.862,1.7792415,57
0101121E,2023-07-29 02:00,593.733,2.318,32441.14,33646.877,964.086,73.321,20.738,512.757,1.862,1.8608409,57
1011222,2023-07-29 02:00,558.198,2.407,33015.035,33635.018,963.854,70.421,20.602,512.757,1.862,1.7728516,57
0101121B,2023-07-29 03:00,629.472,2.782,32178.057,32950.34,964.019,70.325,21.022,506.307,1.886,1.8163909,53
0101121E,2023-07-29 03:00,586.862,2.367,32518.906,33502.038,964.253,73.394,21.015,506.307,1.886,1.8943702,53
1011222,2023-07-29 03:00,551.357,2.461,33091.019,33468.736,964.023,70.532,20.921,506.307,1.886,1.8104778,53
0101121B,2023-07-29 04:00,629.09,2.783,32201.308,32962.442,964.171,70.777,20.902,504.577,1.898,1.8144142,52
0101121E,2023-07-29 04:00,586.237,2.373,32535.712,33496.904,964.44,74.029,20.945,504.577,1.898,1.9022563,52
1011222,2023-07-29 04:00,550.367,2.464,33120.038,33476.769,964.202,70.997,20.813,504.577,1.898,1.8100411,52
0101121B,2023-07-29 05:00,577.219,2.908,32813.423,32582.558,964.342,69.932,21.977,454.72,1.956,1.914243,52
0101121E,2023-07-29 05:00,536.358,2.483,33225.635,33135.788,964.638,73.212,21.978,454.72,1.956,2.0034006,52
1011222,2023-07-29 05:00,502.398,2.59,33814.654,33057.327,964.367,70.442,21.851,454.72,1.956,1.9133873,52
0101121B,2023-07-29 06:00,555.509,2.988,32856.474,32202.667,964.456,64.198,23.915,439.571,1.981,1.9744468,57
0101121E,2023-07-29 06:00,515.493,2.552,33371.351,32790.702,964.744,66.524,23.882,439.571,1.981,2.0410786,57
1011222,2023-07-29 06:00,481.567,2.666,33958.368,32647.474,964.453,64.287,23.779,439.571,1.981,1.9610559,57
0101121B,2023-07-29 07:00,542.961,3.022,32767.167,31920.852,964.224,57.813,25.767,431.508,2.004,1.9861794,54
0101121E,2023-07-29 07:00,503.617,2.58,33375.741,32548.667,964.502,59.592,25.651,431.508,2.004,2.0326279,54
1011222,2023-07-29 07:00,470.076,2.706,33950.074,32339.5,964.246,58.061,25.555,431.508,2.004,1.9697349,54
0101121B,2023-07-29 08:00,530.914,3.096,32311.089,31161.5,964.018,48.878,29.606,423.566,2.066,2.065193,56
0101121E,2023-07-29 08:00,491.929,2.719,33079.103,31829.724,964.303,48.142,29.785,423.566,2.066,2.0853061,58
1011222,2023-07-29 08:00,460.314,2.867,33599.897,31515.517,964.029,47.37,29.641,423.566,2.066,2.0352886,58
0101121B,2023-07-29 09:00,529.054,3.093,31575.722,30733.185,963.839,34.975,34.21,422.218,1.97,1.9209113,54
0101121E,2023-07-29 09:00,486.178,2.619,32587.618,31533.055,964.122,34.126,34.361,422.218,1.97,1.9209513,55
1011222,2023-07-29 09:00,457.056,2.79,33037.418,31117.691,963.898,33.999,34.19,422.218,1.97,1.8960978,55
0101121B,2023-07-29 10:00,523.867,2.963,31517.685,30852.981,963.678,30.841,35.181,420.936,1.885,1.8132715,54
0101121E,2023-07-29 10:00,482.398,2.478,32554.019,31707.241,963.926,31.123,35.068,420.936,1.885,1.8174547,54
1011222,2023-07-29 10:00,454.457,2.655,32988.907,31268.352,963.719,31.185,34.846,420.936,1.885,1.7992774,54
0101121B,2023-07-29 11:00,521.066,2.953,32296.797,31435.729,963.502,42.143,30.749,427.328,2.004,1.8841158,59
0101121E,2023-07-29 11:00,484.563,2.472,33067.424,32209.356,963.697,42.591,30.795,427.328,2.004,1.9056263,59
1011222,2023-07-29 11:00,457.136,2.61,33529.237,31904.237,963.514,42.524,30.533,427.328,2.004,1.8766831,59
0101121B,2023-07-29 12:00,527.945,3.093,32992.102,31789.898,964.029,58.819,25.816,424.291,2.127,2.0274943,49
0101121E,2023-07-29 12:00,490.173,2.623,33590.429,32456.143,964.186,60.614,25.758,424.291,2.127,2.0818033,49
1011222,2023-07-29 12:00,460.133,2.725,34115.204,32297.776,964.022,59.269,25.65,424.291,2.127,2.0230008,49
0101121B,2023-07-29 13:00,536.938,2.966,33246.731,32323.942,964.906,65.292,23.261,424.119,1.996,1.9310327,52
0101121E,2023-07-29 13:00,498.587,2.505,33735.923,32972.038,965.102,68.583,23.144,424.119,1.996,2.0136467,52
1011222,2023-07-29 13:00,466.331,2.592,34311.654,32894.038,964.85,65.612,23.092,424.119,1.996,1.9210321,52
0101121B,2023-07-29 14:00,536.218,3.059,33205.56,32111.22,965.244,66.301,23.605,420.783,2.055,2.0013757,50
0101121E,2023-07-29 14:00,498.064,2.579,33713.18,32782.6,965.464,69.679,23.44,420.783,2.055,2.082064,50
1011222,2023-07-29 14:00,464.968,2.673,34297.28,32682.44,965.222,66.504,23.425,420.783,2.055,1.9859384,50
0101121B,2023-07-29 15:00,536.963,3.092,33163.596,32026.14,965.395,66.313,23.802,420.39,2.074,2.025338,57
0101121E,2023-07-29 15:00,498.186,2.605,33683.351,32699.14,965.625,69.461,23.697,420.39,2.074,2.1077475,57
1011222,2023-07-29 15:00,465.325,2.713,34266.158,32572.018,965.365,66.703,23.632,420.39,2.074,2.0166618,57
0101121B,2023-07-29 16:00,537.06,3.118,33146.615,31967.577,965.113,66.473,23.904,419.632,2.103,2.0434186,52
0101121E,2023-07-29 16:00,498.362,2.636,33674.5,32629.788,965.333,69.536,23.752,419.632,2.103,2.1177554,52
1011222,2023-07-29 16:00,465.133,2.736,34255.192,32512.077,965.096,66.765,23.752,419.632,2.103,2.0337557,52
0101121B,2023-07-29 17:00,537.691,2.897,33300.315,32513.037,965.23,65.493,22.829,421.612,1.944,1.8868814,54
0101121E,2023-07-29 17:00,499.256,2.443,33778.796,33168.259,965.435,68.374,22.633,421.612,1.944,1.94627,54
1011222,2023-07-29 17:00,466.085,2.531,34365.519,33089.278,965.191,65.754,22.667,421.612,1.944,1.8760125,54
0101121B,2023-07-29 18:00,545.155,2.825,33328.982,32766.286,965.304,67.359,21.854,426.085,1.885,1.8281656,56
0101121E,2023-07-29 18:00,505.795,2.38,33761.232,33400.964,965.514,70.264,21.734,426.085,1.885,1.8928236,56
1011222,2023-07-29 18:00,472.336,2.464,34361.589,33357.875,965.293,67.59,21.721,426.085,1.885,1.8196995,56
0101121B,2023-07-29 19:00,555.269,2.871,33182.865,32683.346,965.292,68.911,21.76,433.248,1.925,1.8597017,52
0101121E,2023-07-29 19:00,514.723,2.421,33607.673,33302.865,965.531,71.759,21.752,433.248,1.925,1.9351235,52
1011222,2023-07-29 19:00,481.175,2.51,34209.654,33261.423,965.285,69.137,21.657,433.248,1.925,1.8540831,52
0101121B,2023-07-29 20:00,567.075,2.892,33002.236,32644.964,965.4,69.389,21.751,442.763,1.94,1.8713903,55
0101121E,2023-07-29 20:00,525.375,2.437,33428.091,33263.345,965.631,72.234,21.776,442.763,1.94,1.9506441,55
1011222,2023-07-29 20:00,491.575,2.53,34029.4,33221.364,965.338,69.636,21.631,442.763,1.94,1.8644078,55
0101121B,2023-07-29 21:00,595.312,2.877,32625.612,32716.857,965.563,70.265,21.394,467.651,1.951,1.8538209,49
0101121E,2023-07-29 21:00,552.053,2.426,33024.776,33323.694,965.833,73.222,21.448,467.651,1.951,1.9376731,49
1011222,2023-07-29 21:00,516.798,2.516,33628.429,33297.878,965.488,70.438,21.296,467.651,1.951,1.8474473,49
0101121B,2023-07-29 22:00,598.109,2.904,32583.218,32662.273,965.689,70.87,21.397,466.748,1.936,1.8698523,55
0101121E,2023-07-29 22:00,553.367,2.444,33006.564,33284.509,965.978,73.708,21.416,466.748,1.936,1.9464315,55
1011222,2023-07-29 22:00,518.235,2.539,33602.545,33244.8,965.636,70.997,21.305,466.748,1.936,1.8628058,55
0101121B,2023-07-29 23:00,596.163,2.903,32592.158,32649.596,965.704,70.298,21.53,465.644,1.925,1.8699343,57
0101121E,2023-07-29 23:00,551.512,2.44,33021.649,33279.351,965.986,73.019,21.556,465.644,1.925,1.9447932,57
1011222,2023-07-29 23:00,516.337,2.537,33621.982,33233.772,965.635,70.468,21.417,465.644,1.925,1.8615797,57
0101121B,2023-07-30,574.482,2.843,32882.404,32735.702,965.761,67.895,21.796,449.363,1.851,1.8351792,57
0101121E,2023-07-30,530.937,2.384,33332.368,33380.807,966.046,70.089,21.816,449.363,1.851,1.8962091,57
1011222,2023-07-30,496.402,2.481,33939.789,33325.702,965.696,67.909,21.676,449.363,1.851,1.8222202,57
0101121B,2023-07-30 01:00,561.593,2.833,33023.333,32711.889,965.981,66.102,22.177,439.203,1.851,1.8286009,54
0101121E,2023-07-30 01:00,519.331,2.375,33483.593,33361.796,966.256,68.08,22.208,439.203,1.851,1.8863583,54
1011222,2023-07-30 01:00,485.263,2.475,34089.778,33283.963,965.917,66.114,22.077,439.203,1.851,1.8179583,54
0101121B,2023-07-30 02:00,593.927,2.779,32676.596,32941.058,965.792,68.44,21.175,465.704,1.868,1.7811575,52
0101121E,2023-07-30 02:00,550.456,2.332,33068.615,33561.212,966.048,70.843,21.255,465.704,1.868,1.8521053,52
1011222,2023-07-30 02:00,515.333,2.425,33674.308,33530.558,965.725,68.404,21.096,465.704,1.868,1.771741,52
0101121B,2023-07-30 03:00,609.539,2.771,32538.929,33031.429,966.071,70.731,20.521,475.224,1.863,1.7676706,56
0101121E,2023-07-30 03:00,564.448,2.331,32911.75,33632.679,966.309,73.635,20.568,475.224,1.863,1.8451886,56
1011222,2023-07-30 03:00,528.375,2.421,33522.732,33624.143,965.982,70.698,20.453,475.224,1.863,1.7596465,56
0101121B,2023-07-30 04:00,591.135,2.82,32774.764,32899.091,966.313,71.027,20.784,458.633,1.874,1.8038109,55
0101121E,2023-07-30 04:00,546.264,2.367,33180.018,33523.091,966.567,73.757,20.807,458.633,1.874,1.8752552,55
1011222,2023-07-30 04:00,510.9,2.461,33792.855,33495.673,966.205,70.943,20.709,458.633,1.874,1.793553,55
0101121B,2023-07-30 05:00,570.052,2.89,32875.056,32583.222,966.598,66.902,22.311,443.962,1.872,1.8633505,54
0101121E,2023-07-30 05:00,526.309,2.421,33370.463,33255.074,966.887,69.435,22.201,443.962,1.872,1.9203015,54
1011222,2023-07-30 05:00,491.885,2.528,33970.019,33159.556,966.498,67.223,22.12,443.962,1.872,1.8509155,54
0101121B,2023-07-30 06:00,547.869,2.831,32959.962,32490.173,966.821,59.046,24.019,428.304,1.813,1.8222576,52
0101121E,2023-07-30 06:00,505.006,2.369,33542.077,33185.038,967.115,60.5,23.938,428.304,1.813,1.8575254,52
1011222,2023-07-30 06:00,471.148,2.487,34142.75,33024.75,966.729,59.159,23.793,428.304,1.813,1.8014415,52
0101121B,2023-07-30 07:00,538.828,2.802,32601.16,32153.6,967.116,47.317,27.219,422.152,1.754,1.7600463,50
0101121E,2023-07-30 07:00,494.646,2.351,33369.46,32896.02,967.416,48.268,27.002,422.152,1.754,1.7719813,50
1011222,2023-07-30 07:00,462.008,2.482,33928.6,32633.14,967.078,47.676,26.87,422.152,1.754,1.7382315,50
0101121B,2023-07-30 08:00,531.947,2.745,32286.862,31935.5,967.064,39.133,29.828,419.477,1.706,1.699152,58
0101121E,2023-07-30 08:00,487.721,2.296,33168.914,32718.638,967.378,39.596,29.65,419.477,1.706,1.7010412,58
1011222,2023-07-30 08:00,456.847,2.43,33691.276,32410.603,967.04,39.582,29.43,419.477,1.706,1.6795803,58
0101121B,2023-07-30 09:00,527.793,2.633,32717.491,32444.175,967.281,43.505,27.556,421.698,1.703,1.6526517,57
0101121E,2023-07-30 09:00,487.112,2.201,33436.719,33177.895,967.528,43.924,27.524,421.698,1.703,1.6648694,57
1011222,2023-07-30 09:00,456.775,2.311,33971.386,32952.719,967.221,43.891,27.278,421.698,1.703,1.6402655,57
0101121B,2023-07-30 10:00,529.237,2.661,32431.078,32174.451,967.725,39.264,29.196,418.501,1.688,1.6421921,51
0101121E,2023-07-30 10:00,485.216,2.222,33277.824,32941.549,967.978,39.629,29.114,418.501,1.688,1.6491113,51
1011222,2023-07-30 10:00,454.778,2.348,33795.549,32644.373,967.676,39.573,28.925,418.501,1.688,1.6296393,51
0101121B,2023-07-30 11:00,529.537,2.625,31898.115,31819.769,967.717,31.366,32.401,415.137,1.609,1.567023,52
0101121E,2023-07-30 11:00,482.087,2.184,32934.404,32650.712,967.944,31.668,32.235,415.137,1.609,1.5679042,52
1011222,2023-07-30 11:00,452.117,2.328,33424.135,32270.231,967.71,31.811,32.032,415.137,1.609,1.5578112,52
0101121B,2023-07-30 12:00,526.814,2.458,31561.375,31838.464,967.468,24.852,34.661,413.069,1.466,1.4161505,56
0101121E,2023-07-30 12:00,478.439,2.019,32708.054,32753.589,967.68,25.194,34.423,413.069,1.466,1.4163519,56
1011222,2023-07-30 12:00,450.002,2.179,33172.714,32309.482,967.477,25.492,34.116,413.069,1.466,1.4093491,56
0101121B,2023-07-30 13:00,523.743,2.32,31432.792,31955.925,967.225,21.65,35.697,412.719,1.362,1.308644,53
0101121E,2023-07-30 13:00,475.755,1.888,32620.453,32919.302,967.4,22.058,35.399,412.719,1.362,1.3112994,53
1011222,2023-07-30 13:00,448.506,2.053,33059.34,32437.283,967.264,22.325,35.097,412.719,1.362,1.3053424,53
0101121B,2023-07-30 14:00,520.266,2.097,31713.283,32610.472,967.506,20.883,34.355,413.047,1.221,1.1715709,53
0101121E,2023-07-30 14:00,473.102,1.688,32865.283,33596.208,967.649,21.487,33.913,413.047,1.221,1.1759396,53
1011222,2023-07-30 14:00,445.975,1.83,33321.585,33165.302,967.508,21.808,33.566,413.047,1.221,1.1707611,53
0101121B,2023-07-30 15:00,516.078,2.052,32081.117,32970.783,967.773,23.128,32.552,412.991,1.218,1.1722291,60
0101121E,2023-07-30 15:00,470.682,1.654,33155.5,33937.45,967.905,23.93,32.024,412.991,1.218,1.1770229,60
1011222,2023-07-30 15:00,443.323,1.776,33628.3,33567.183,967.833,24.269,31.706,412.991,1.218,1.1725168,60
0101121B,2023-07-30 16:00,506.868,2.044,32650.65,33362.483,967.947,27.593,29.997,412.575,1.26,1.2057314,60
0101121E,2023-07-30 16:00,468.28,1.652,33488.833,34247.583,968.06,28.142,29.728,412.575,1.26,1.2111923,60
1011222,2023-07-30 16:00,441.06,1.762,33973.1,33937.267,967.972,28.407,29.46,412.575,1.26,1.2043031,60
0101121B,2023-07-30 17:00,506.739,2.019,33117.463,33824.519,968.267,32.854,27.161,415.892,1.272,1.2204114,54
0101121E,2023-07-30 17:00,471.359,1.638,33760.944,34633.315,968.393,33.087,27.084,415.892,1.272,1.2234259,54
1011222,2023-07-30 17:00,443.341,1.73,34257.741,34392.352,968.293,33.148,26.973,415.892,1.272,1.2178635,54
0101121B,2023-07-30 18:00,508.091,2.025,33331.621,34018.276,968.76,36.182,25.693,416.396,1.285,1.2325397,58
0101121E,2023-07-30 18:00,472.688,1.646,33903.293,34793.81,968.879,36.347,25.679,416.396,1.285,1.237035,58
1011222,2023-07-30 18:00,444.034,1.731,34424.259,34604.517,968.767,36.394,25.554,416.396,1.285,1.2295976,58
0101121B,2023-07-30 19:00,518.885,2.046,33449.173,34223.788,969.298,41.28,23.819,425.12,1.328,1.2551073,52
0101121E,2023-07-30 19:00,483.1,1.666,33924.615,34965.558,969.388,41.493,23.866,425.12,1.328,1.2649559,52
1011222,2023-07-30 19:00,453.663,1.746,34463.135,34833.5,969.319,41.409,23.76,425.12,1.328,1.2545518,52
0101121B,2023-07-30 20:00,548.381,2.117,33286.017,34323.414,969.721,48.607,21.806,450.798,1.427,1.3076217,58
0101121E,2023-07-30 20:00,511.583,1.733,33650.397,35022.276,969.829,49.147,21.868,450.798,1.427,1.326884,58
1011222,2023-07-30 20:00,480.647,1.813,34210.017,34951.621,969.728,48.899,21.751,450.798,1.427,1.3109498,58
0101121B,2023-07-30 21:00,586.927,2.196,32908.946,34330.911,969.745,55.443,20.303,483.865,1.509,1.3613354,56
0101121E,2023-07-30 21:00,547.62,1.804,33203.714,35006,969.859,56.519,20.355,483.865,1.509,1.3919054,56
1011222,2023-07-30 21:00,514.561,1.882,33782.625,34990.5,969.8,55.782,20.239,483.865,1.509,1.3641527,56
0101121B,2023-07-30 22:00,610.759,2.237,32706.627,34377.627,969.907,60.258,19.179,497.614,1.505,1.3800658,59
0101121E,2023-07-30 22:00,568.061,1.833,32978.119,35056.322,970.047,61.525,19.241,497.614,1.505,1.4142883,59
1011222,2023-07-30 22:00,533.803,1.912,33568.949,35071.966,969.914,60.369,19.139,497.614,1.505,1.3792122,59
0101121B,2023-07-30 23:00,643.948,2.248,32341.19,34464.81,969.84,63.553,18.294,523.455,1.502,1.3774067,58
0101121E,2023-07-30 23:00,598.584,1.836,32579,35146.931,969.966,65.18,18.361,523.455,1.502,1.4184133,58
1011222,2023-07-30 23:00,563.66,1.917,33164.276,35188.862,969.817,63.449,18.257,523.455,1.502,1.3720059,58
0101121B,2023-07-31,641.375,2.243,32456.86,34552.895,969.563,65.595,17.691,519.412,1.462,1.3692384,57
0101121E,2023-07-31,595.528,1.828,32677.895,35236.649,969.707,67.295,17.754,519.412,1.462,1.4101385,57
1011222,2023-07-31,560.846,1.918,33269.14,35274.368,969.512,65.677,17.651,519.412,1.462,1.367604,57
0101121B,2023-07-31 01:00,646.616,2.227,32423.286,34631.143,969.286,66.299,17.368,523.402,1.468,1.3563295,56
0101121E,2023-07-31 01:00,600.4,1.816,32629.679,35309.911,969.457,68.241,17.432,523.402,1.468,1.4014997,56
1011222,2023-07-31 01:00,564.889,1.905,33237,35361.875,969.241,66.356,17.301,523.402,1.468,1.3518017,56
0101121B,2023-07-31 02:00,671.47,2.204,32130.217,34747.233,968.757,67.189,16.898,546.671,1.437,1.3351468,60
0101121E,2023-07-31 02:00,623.855,1.797,32310.567,35416.6,968.96,69.219,16.972,546.671,1.437,1.3816574,60
1011222,2023-07-31 02:00,587.328,1.886,32921.183,35482.75,968.74,67.199,16.834,546.671,1.437,1.3300375,60
0101121B,2023-07-31 03:00,671.892,2.256,32098.533,34593.15,968.725,68.128,17.102,544.36,1.438,1.3714286,60
0101121E,2023-07-31 03:00,623.685,1.841,32299.35,35267.967,968.965,70.059,17.146,544.36,1.438,1.4138909,60
1011222,2023-07-31 03:00,586.495,1.936,32914.833,35314.05,968.702,68.201,17.04,544.36,1.438,1.3675668,60
0101121B,2023-07-31 04:00,652.415,2.265,32331.417,34528.6,969.017,67.235,17.439,526.436,1.434,1.3822249,60
0101121E,2023-07-31 04:00,605.165,1.848,32552.783,35210.467,969.258,69.032,17.485,526.436,1.434,1.4229513,60
1011222,2023-07-31 04:00,568.363,1.947,33172.983,35233.267,968.982,67.354,17.384,526.436,1.434,1.3799239,60
0101121B,2023-07-31 05:00,640.577,2.336,32303.731,34171.538,968.969,63.927,18.937,517.328,1.457,1.4431157,52
0101121E,2023-07-31 05:00,593.221,1.905,32608.769,34883.962,969.208,65.283,18.96,517.328,1.457,1.475231,52
1011222,2023-07-31 05:00,556.317,2.009,33223.058,34850.615,968.963,63.932,18.862,517.328,1.457,1.4362216,52
0101121B,2023-07-31 06:00,595.067,2.377,32681.741,33812.019,968.876,57.304,21.049,474.525,1.454,1.4735692,54
0101121E,2023-07-31 06:00,548.272,1.925,33126.204,34591.296,969.113,57.769,21.066,474.525,1.454,1.4865311,54
1011222,2023-07-31 06:00,512.517,2.039,33744.907,34475.963,968.889,57.038,20.933,474.525,1.454,1.4561364,54
0101121B,2023-07-31 07:00,527.898,2.216,33126.305,33666.831,968.407,41.228,24.954,415.805,1.307,1.3367329,59
0101121E,2023-07-31 07:00,483.237,1.796,33810.102,34481.407,968.649,41.342,24.861,415.805,1.307,1.3326837,59
1011222,2023-07-31 07:00,450.586,1.912,34401.678,34248.424,968.444,41.091,24.731,415.805,1.307,1.315279,59
0101121B,2023-07-31 08:00,525.51,2.183,32558.733,33220.433,968.24,31.497,28.766,414.576,1.289,1.2844291,60
0101121E,2023-07-31 08:00,479.265,1.774,33426.65,34056.367,968.488,31.555,28.727,414.576,1.289,1.2836115,60
1011222,2023-07-31 08:00,448.32,1.903,33970.65,33727.467,968.288,31.637,28.484,414.576,1.289,1.2692619,60
0101121B,2023-07-31 09:00,523.017,2.203,32366.917,32975.5,967.755,28.976,30.18,414.74,1.308,1.2834798,60
0101121E,2023-07-31 09:00,478.553,1.796,33281.483,33836.517,967.995,29.215,30,414.74,1.308,1.2804617,60
1011222,2023-07-31 09:00,448.233,1.931,33788.467,33455.5,967.812,29.26,29.877,414.74,1.308,1.2735517,60
0101121B,2023-07-31 10:00,522.838,2.255,31798.655,32378.914,967.081,23.748,33.61,412.252,1.306,1.2753327,58
0101121E,2023-07-31 10:00,477.133,1.839,32855.345,33278.914,967.302,23.887,33.477,412.252,1.306,1.2731722,58
1011222,2023-07-31 10:00,447.46,1.993,33329.621,32816.414,967.162,23.998,33.318,412.252,1.306,1.2683941,58
0101121B,2023-07-31 11:00,515.424,2.192,31599.931,32241.966,966.238,20.39,35.457,411.018,1.256,1.2164357,58
0101121E,2023-07-31 11:00,474.121,1.775,32650.138,33178.293,966.417,20.454,35.38,411.018,1.256,1.2149153,58
1011222,2023-07-31 11:00,445.716,1.938,33116.241,32690.552,966.371,20.762,35.042,411.018,1.256,1.2105337,58
0101121B,2023-07-31 12:00,513.302,2.179,31394.593,32065.778,965.644,18.422,36.848,410.769,1.233,1.1866413,54
0101121E,2023-07-31 12:00,472.872,1.748,32500.278,33076.87,965.785,18.638,36.618,410.769,1.233,1.1855982,54
1011222,2023-07-31 12:00,445.481,1.927,32932.537,32531.481,965.765,18.875,36.341,410.769,1.233,1.1826177,54
0101121B,2023-07-31 13:00,505.555,2.114,31472.536,32172.375,964.788,17.897,37.076,409.668,1.227,1.167194,56
0101121E,2023-07-31 13:00,467.443,1.685,32567.375,33210.839,964.909,18.254,36.775,409.668,1.227,1.1709427,56
1011222,2023-07-31 13:00,441.446,1.861,32991.893,32671.589,964.923,18.555,36.416,409.668,1.227,1.1672454,56
0101121B,2023-07-31 14:00,501.23,2.156,31879,32372.241,964.363,21.325,35.087,410.695,1.302,1.245906,54
0101121E,2023-07-31 14:00,464.924,1.729,32857.389,33346.963,964.463,21.556,34.972,410.695,1.302,1.2514444,54
1011222,2023-07-31 14:00,438.93,1.887,33294.63,32871.722,964.496,21.857,34.631,410.695,1.302,1.2451353,54
0101121B,2023-07-31 15:00,497.984,2.253,32202.732,32404,963.829,25.074,33.485,409.325,1.411,1.344573,56
0101121E,2023-07-31 15:00,462.275,1.823,33121.357,33335.607,963.954,25.356,33.357,409.325,1.411,1.3498379,56
1011222,2023-07-31 15:00,435.693,1.963,33581.518,32928.661,963.979,25.661,33.021,409.325,1.411,1.3406629,56
0101121B,2023-07-31 16:00,496.829,2.275,32399.679,32506.786,963.279,27.473,32.434,410.382,1.456,1.3878653,56
0101121E,2023-07-31 16:00,462.046,1.846,33253.964,33403.75,963.377,27.68,32.387,410.382,1.456,1.394674,56
1011222,2023-07-31 16:00,435.309,1.977,33717.304,33027.893,963.448,27.922,32.099,410.382,1.456,1.3840996,56
0101121B,2023-07-31 17:00,494.017,2.346,32739.356,32607.186,962.934,32.036,30.684,408.984,1.548,1.4676611,59
0101121E,2023-07-31 17:00,460.292,1.92,33503.593,33446.661,963.029,32.165,30.707,408.984,1.548,1.4753864,59
1011222,2023-07-31 17:00,432.966,2.034,33976.034,33126.712,963.047,32.299,30.528,408.984,1.548,1.4664328,59
0101121B,2023-07-31 18:00,506.556,2.376,32949.14,32881.54,962.71,38.115,28.209,421.341,1.629,1.5111993,50
0101121E,2023-07-31 18:00,473.082,1.958,33586.62,33657.22,962.788,38.345,28.276,421.341,1.629,1.5260414,50
1011222,2023-07-31 18:00,444.934,2.057,34076.24,33410.24,962.878,38.347,28.144,421.341,1.629,1.5145626,50
0101121B,2023-07-31 19:00,558.153,2.485,32548.288,32983.932,962.715,46.687,25.686,468.107,1.767,1.5985785,59
0101121E,2023-07-31 19:00,522.415,2.067,33058,33695.966,962.819,47.275,25.725,468.107,1.767,1.6223014,59
1011222,2023-07-31 19:00,491.546,2.152,33567.695,33538,962.885,47.011,25.619,468.107,1.767,1.6029585,59
0101121B,2023-07-31 20:00,568.965,2.541,32483.185,32948.667,962.454,49.693,25.074,475.771,1.758,1.6426304,54
0101121E,2023-07-31 20:00,531.831,2.115,32980.352,33657.185,962.576,50.261,25.081,475.771,1.758,1.6619508,54
1011222,2023-07-31 20:00,499.53,2.196,33508.389,33522.315,962.594,49.835,25.001,475.771,1.758,1.6399127,54
0101121B,2023-07-31 21:00,559.5,2.547,32703.588,33002.922,961.955,51.509,24.535,465.06,1.764,1.6489642,51
0101121E,2023-07-31 21:00,522.671,2.121,33183.314,33704.294,962.09,52.193,24.546,465.06,1.764,1.6716527,51
1011222,2023-07-31 21:00,490.784,2.204,33719.294,33579.412,962.114,51.726,24.454,465.06,1.764,1.6475184,51
0101121B,2023-07-31 22:00,608.242,2.619,32153.527,33000.182,961.518,56.802,23.352,509.317,1.834,1.6949167,55
0101121E,2023-07-31 22:00,568.115,2.181,32574.691,33684.182,961.644,57.755,23.411,509.317,1.834,1.7291798,55
1011222,2023-07-31 22:00,534.509,2.265,33112.345,33597.564,961.633,57.004,23.277,509.317,1.834,1.6930586,55
0101121B,2023-07-31 23:00,628.781,2.646,31924.754,33000.421,960.679,58.929,22.906,524.949,1.83,1.7133233,57
0101121E,2023-07-31 23:00,586.26,2.203,32343.561,33683.842,960.818,60.037,22.94,524.949,1.83,1.7488213,57
1011222,2023-07-31 23:00,551.554,2.287,32888.018,33612.158,960.795,59.087,22.802,524.949,1.83,1.7068599,57
0101121B,2023-08-01,559.045,2.388,32832.625,33448.357,959.336,49.909,23.805,460.108,1.558,1.5252596,56
0101121E,2023-08-01,518.78,1.97,33347.464,34184.411,959.525,50.527,23.736,460.108,1.558,1.5376017,56
1011222,2023-08-01,485.475,2.053,33913.643,34058.786,959.473,49.881,23.707,460.108,1.558,1.5152806,56
0101121B,2023-08-01 01:00,518.004,2.186,33127.982,33599.855,958.491,38.911,25.97,424.144,1.382,1.3619903,55
0101121E,2023-08-01 01:00,479.402,1.778,33757.6,34401.018,958.678,39.107,25.933,424.144,1.382,1.3656141,55
1011222,2023-08-01 01:00,448.262,1.878,34309.164,34173.691,958.622,38.952,25.853,424.144,1.382,1.3538506,55
0101121B,2023-08-01 02:00,524.317,2.219,33054,33546.849,958.243,39.967,25.802,431.712,1.433,1.3853693,53
0101121E,2023-08-01 02:00,486.021,1.81,33658.189,34332.792,958.43,40.195,25.804,431.712,1.433,1.3932285,53
1011222,2023-08-01 02:00,455.023,1.91,34207,34116.679,958.343,40.106,25.677,431.712,1.433,1.3798107,53
0101121B,2023-08-01 03:00,548.007,2.343,32901.649,33461.035,958.482,46.756,24.387,455.711,1.589,1.4882814,57
0101121E,2023-08-01 03:00,509.965,1.93,33403.842,34190.105,958.674,47.284,24.444,455.711,1.589,1.5099116,57
1011222,2023-08-01 03:00,478.107,2.021,33959.772,34041.842,958.568,46.945,24.292,455.711,1.589,1.485682,57
0101121B,2023-08-01 04:00,559.798,2.409,32854.15,33429.683,958.785,51.033,23.498,464.735,1.651,1.5405869,60
0101121E,2023-08-01 04:00,521.48,2.003,33309.333,34109.4,958.977,51.999,23.532,464.735,1.651,1.5726342,60
1011222,2023-08-01 04:00,488.885,2.087,33873.217,34003.183,958.842,51.457,23.408,464.735,1.651,1.5448048,60
0101121B,2023-08-01 05:00,564.242,2.556,32974.525,33273.661,958.802,58.8,22.243,462.595,1.766,1.6451135,59
0101121E,2023-08-01 05:00,525.069,2.129,33381.932,33938.051,959.005,60.068,22.284,462.595,1.766,1.6844902,59
1011222,2023-08-01 05:00,492.424,2.21,33958.797,33885.915,958.917,59.154,22.128,462.595,1.766,1.6433602,59
0101121B,2023-08-01 06:00,558.171,2.635,33088.875,33123.982,958.684,61.364,22.11,452.61,1.8,1.7034934,56
0101121E,2023-08-01 06:00,518.289,2.195,33515.286,33797.554,958.886,62.909,22.096,452.61,1.8,1.7444829,56
1011222,2023-08-01 06:00,485.327,2.277,34101.357,33747.589,958.793,61.508,21.985,452.61,1.8,1.6943435,56
0101121B,2023-08-01 07:00,534.691,2.526,33610.404,33486.982,958.181,62.164,21.079,429.354,1.697,1.6218901,57
0101121E,2023-08-01 07:00,496.311,2.095,34011.544,34183.053,958.379,64.209,20.874,429.354,1.697,1.6541138,57
1011222,2023-08-01 07:00,463.947,2.184,34613.456,34134.702,958.242,62.757,20.842,429.354,1.697,1.6137152,57
0101121B,2023-08-01 08:00,520.8,2.389,33755.351,33717.877,958.625,56.468,21.611,418.045,1.554,1.5196426,57
0101121E,2023-08-01 08:00,482.63,1.972,34197.018,34435.579,958.84,57.862,21.391,418.045,1.554,1.5360597,57
1011222,2023-08-01 08:00,449.902,2.065,34824.509,34363.316,958.686,57.141,21.271,418.045,1.554,1.5061754,57
0101121B,2023-08-01 09:00,523.202,2.469,33901.518,33693.429,958.916,63.068,20.364,415.906,1.629,1.5724515,56
0101121E,2023-08-01 09:00,484.768,2.041,34280.732,34387.446,959.123,64.897,20.192,415.906,1.629,1.6006136,56
1011222,2023-08-01 09:00,452.85,2.135,34906.25,34361.375,958.954,63.707,20.046,415.906,1.629,1.5573745,56
0101121B,2023-08-01 10:00,523.025,2.549,33761.321,33396.377,958.957,61.695,21.323,415.046,1.674,1.6306264,53
0101121E,2023-08-01 10:00,484.026,2.104,34198.849,34124.623,959.191,63.53,21.128,415.046,1.674,1.6586886,53
1011222,2023-08-01 10:00,451.885,2.211,34822.642,34046.623,959.015,62.412,20.955,415.046,1.674,1.6126683,53
0101121B,2023-08-01 11:00,526.058,2.619,33759.66,33289.17,959.047,64.79,21.001,415.073,1.727,1.6798818,53
0101121E,2023-08-01 11:00,487.9,2.141,34167,34072.264,959.291,67.43,20.774,415.073,1.727,1.7235818,53
1011222,2023-08-01 11:00,454.438,2.27,34807.019,33944.453,959.096,65.363,20.67,415.073,1.727,1.660436,53
0101121B,2023-08-01 12:00,527.452,2.753,33613.259,32910,958.924,65.137,21.825,414.281,1.807,1.7753385,58
0101121E,2023-08-01 12:00,490.222,2.296,34050.466,33616.586,959.184,69.243,21.507,414.281,1.807,1.850866,58
1011222,2023-08-01 12:00,454.422,2.389,34713.983,33552.534,959.024,65.646,21.491,414.281,1.807,1.7530158,58
0101121B,2023-08-01 13:00,519.615,2.777,33337.05,32546.217,959.082,55.945,24.467,412.326,1.787,1.78914,60
0101121E,2023-08-01 13:00,480.5,2.299,33961.367,33347.533,959.368,60.111,23.952,412.326,1.787,1.863603,60
1011222,2023-08-01 13:00,447.085,2.421,34553.4,33140.4,959.157,56.623,24.031,412.326,1.787,1.7640848,60
0101121B,2023-08-01 14:00,523.546,2.778,33547.964,32764.786,959.495,62.248,22.681,413.273,1.826,1.7873217,56
0101121E,2023-08-01 14:00,488.207,2.325,33998.214,33461.536,959.743,66.299,22.356,413.273,1.826,1.8657577,56
1011222,2023-08-01 14:00,452.143,2.41,34647.357,33385.286,959.568,62.435,22.443,413.273,1.826,1.7669961,56
0101121B,2023-08-01 15:00,529.861,2.73,33684.746,33049.627,959.756,67.184,21.089,414.158,1.796,1.7501337,59
0101121E,2023-08-01 15:00,507.59,2.422,33838.78,33413.254,960.054,73.144,20.658,414.158,1.796,1.8550566,59
1011222,2023-08-01 15:00,457.414,2.362,34735.458,33709.153,959.78,67.467,20.808,414.158,1.796,1.727425,59
0101121B,2023-08-01 16:00,525.705,2.79,33518.75,32740.089,959.727,62.971,22.641,412.617,1.805,1.8026505,56
0101121E,2023-08-01 16:00,496.007,2.44,33894.536,33230.107,959.986,69.277,22.057,412.617,1.805,1.9136296,56
1011222,2023-08-01 16:00,452.752,2.426,34659.304,33370.232,959.75,63.776,22.242,412.617,1.805,1.7820667,56
0101121B,2023-08-01 17:00,519.26,2.528,33661.982,33322.891,959.973,57.26,22.397,411.903,1.616,1.6162418,55
0101121E,2023-08-01 17:00,483.235,2.085,34132.691,34100.273,960.224,61.646,21.911,411.903,1.616,1.6888541,55
1011222,2023-08-01 17:00,447.791,2.185,34770.618,33961.236,959.965,57.527,22.086,411.903,1.616,1.5932083,55
0101121B,2023-08-01 18:00,517.538,2.296,33800.472,33924.472,960.689,53.448,21.67,412.492,1.424,1.4415995,53
0101121E,2023-08-01 18:00,479.717,1.841,34257.566,34799.83,960.958,55.929,21.308,412.492,1.424,1.4750493,53
1011222,2023-08-01 18:00,446.266,1.967,34872.887,34591.717,960.67,53.45,21.449,412.492,1.424,1.4224119,53
0101121B,2023-08-01 19:00,521.67,2.275,33784.696,34011.696,961.505,53.908,21.322,416.211,1.384,1.4219347,56
0101121E,2023-08-01 19:00,483.962,1.817,34206.893,34885.768,961.754,55.588,21.07,416.211,1.384,1.4434228,56
1011222,2023-08-01 19:00,449.939,1.935,34836.286,34711.5,961.434,53.526,21.163,416.211,1.384,1.3983268,56
0101121B,2023-08-01 20:00,547.825,2.387,33501.019,33875.302,961.849,60.19,20.394,436.777,1.491,1.49794,53
0101121E,2023-08-01 20:00,511.117,1.943,33810.17,34629.453,962.098,61.76,20.345,436.777,1.491,1.531796,53
1011222,2023-08-01 20:00,474.342,2.039,34479.811,34566.887,961.792,59.726,20.333,436.777,1.491,1.4809235,53
0101121B,2023-08-01 21:00,597.468,2.322,33048.839,34313.5,961.98,66.345,18.111,478.298,1.542,1.4330851,56
0101121E,2023-08-01 21:00,558.829,1.91,33226.393,34972.089,962.213,69.128,18.095,478.298,1.542,1.4911762,56
1011222,2023-08-01 21:00,519.189,1.989,33926.357,35027.411,961.93,66.018,18.051,478.298,1.542,1.4207744,56
0101121B,2023-08-01 22:00,606.089,2.239,33074.018,34655.232,961.984,68.114,16.943,482.623,1.507,1.3668993,56
0101121E,2023-08-01 22:00,566.671,1.845,33200.929,35284.107,962.204,71.362,16.922,482.623,1.507,1.4298373,56
1011222,2023-08-01 22:00,526.152,1.92,33922.464,35384,961.846,67.832,16.879,482.623,1.507,1.3559145,56
0101121B,2023-08-01 23:00,612.312,2.229,33040.643,34737.518,961.588,69.43,16.481,486.981,1.462,1.3536541,56
0101121E,2023-08-01 23:00,571.925,1.833,33154.536,35369.857,961.829,72.494,16.467,486.981,1.462,1.4117917,56
1011222,2023-08-01 23:00,531.057,1.914,33883.696,35470.821,961.432,69.257,16.414,486.981,1.462,1.3448153,56
0101121B,2023-08-02,635.143,2.165,32768.426,34959.167,961.013,69.245,15.961,509.056,1.417,1.3068503,54
0101121E,2023-08-02,593.576,1.777,32853.704,35584.481,961.281,72.287,15.965,509.056,1.417,1.364235,54
1011222,2023-08-02,551.943,1.855,33580.907,35708.111,960.894,68.939,15.901,509.056,1.417,1.2962406,54
0101121B,2023-08-02 01:00,641.2,2.162,32712.316,34997.439,960.179,70.038,15.698,514.684,1.412,1.3010605,57
0101121E,2023-08-02 01:00,598.151,1.771,32803.035,35632.035,960.456,72.963,15.695,514.684,1.412,1.3547165,57
1011222,2023-08-02 01:00,556.547,1.852,33529.579,35754.825,960.032,69.805,15.627,514.684,1.412,1.2910566,57
0101121B,2023-08-02 02:00,628.571,2.372,32739.073,34335.418,959.271,72.015,16.935,498.818,1.502,1.4488245,55
0101121E,2023-08-02 02:00,583.756,1.946,32929.382,34997.436,959.564,74.528,16.919,498.818,1.502,1.4973598,55
1011222,2023-08-02 02:00,543.084,2.045,33636.909,35047.073,959.187,72.044,16.867,498.818,1.502,1.4433321,55
0101121B,2023-08-02 03:00,637.603,2.493,32479.458,33936.441,958.593,71.866,17.936,507.608,1.585,1.5411096,59
0101121E,2023-08-02 03:00,590.253,2.063,32739.593,34570.661,958.836,74.132,17.983,507.608,1.585,1.5939305,59
1011222,2023-08-02 03:00,550.903,2.158,33412.271,34614.458,958.519,71.981,17.85,507.608,1.585,1.535347,59
0101121B,2023-08-02 04:00,637.058,2.584,32397,33652.678,958.053,71.848,18.616,504.106,1.645,1.6087669,59
0101121E,2023-08-02 04:00,588.09,2.137,32711.203,34305.814,958.356,73.882,18.69,504.106,1.645,1.6614342,59
1011222,2023-08-02 04:00,549.544,2.24,33367.22,34315.746,957.971,71.962,18.523,504.106,1.645,1.6020978,59
0101121B,2023-08-02 05:00,641.307,2.671,32245.433,33384.7,957.853,71.63,19.302,508.782,1.698,1.6741511,60
0101121E,2023-08-02 05:00,591.893,2.21,32594.783,34053.617,958.162,73.67,19.342,508.782,1.698,1.7255641,60
1011222,2023-08-02 05:00,553.28,2.318,33239.133,34037.917,957.763,71.738,19.187,508.782,1.698,1.66494,60
0101121B,2023-08-02 06:00,604.393,2.661,32767.554,33390.518,958.021,70.739,19.461,474.28,1.697,1.6695246,56
0101121E,2023-08-02 06:00,557.323,2.204,33139.429,34064.125,958.334,72.957,19.406,474.28,1.697,1.7154749,56
1011222,2023-08-02 06:00,519.725,2.311,33790.268,34035.5,957.936,70.868,19.358,474.28,1.697,1.6621278,56
0101121B,2023-08-02 07:00,555.642,2.602,33501.298,33507.386,957.486,69.037,19.52,431.131,1.658,1.6363595,57
0101121E,2023-08-02 07:00,512.875,2.165,33883.667,34175.789,957.823,71.845,19.256,431.131,1.658,1.6745636,57
1011222,2023-08-02 07:00,476.007,2.261,34557.439,34154.614,957.414,69.341,19.331,431.131,1.658,1.6244463,57
0101121B,2023-08-02 08:00,535.661,2.72,33253.737,32793.053,956.449,58.132,23.319,417.874,1.709,1.7277804,57
0101121E,2023-08-02 08:00,492.686,2.286,33857.684,33485.86,956.795,60.312,22.909,417.874,1.709,1.7470349,57
1011222,2023-08-02 08:00,455.868,2.392,34502.649,33332.439,956.465,58.606,23.058,417.874,1.709,1.7148283,57
0101121B,2023-08-02 09:00,523.967,2.822,32531.074,31885.037,955.5,42.185,29.068,411.856,1.725,1.7626185,54
0101121E,2023-08-02 09:00,480.087,2.373,33402.13,32651.259,955.861,42.93,28.765,411.856,1.725,1.7603294,54
1011222,2023-08-02 09:00,446.174,2.496,33960.889,32351.593,955.526,42.382,28.819,411.856,1.725,1.7442957,54
0101121B,2023-08-02 10:00,521.339,2.841,31775.907,31241.537,954.691,31.308,33.886,413.394,1.741,1.7335863,54
0101121E,2023-08-02 10:00,476.213,2.381,32851.963,32083.204,954.989,31.621,33.624,413.394,1.741,1.7252223,54
1011222,2023-08-02 10:00,445.617,2.53,33336.87,31681.37,954.685,31.657,33.504,413.394,1.741,1.715972,54
0101121B,2023-08-02 11:00,517.77,2.902,31463.889,30847.852,953.872,27.916,36.041,410.736,1.793,1.7385442,54
0101121E,2023-08-02 11:00,472.917,2.421,32622.037,31749.63,954.126,28.257,35.716,410.736,1.793,1.7284455,54
1011222,2023-08-02 11:00,443.711,2.603,33066.944,31276.907,953.885,28.348,35.619,410.736,1.793,1.725569,54
0101121B,2023-08-02 12:00,506.913,2.929,31275.255,30532.364,952.933,24.943,38.1,407.411,1.833,1.7445962,55
0101121E,2023-08-02 12:00,466.733,2.43,32467.436,31507.2,953.162,25.535,37.574,407.411,1.833,1.735487,55
1011222,2023-08-02 12:00,439.693,2.64,32856.073,30956.673,952.998,25.656,37.549,407.411,1.833,1.7416019,55
0101121B,2023-08-02 13:00,506.492,3.107,30994.52,30030.32,951.816,24.03,39.757,407.328,1.967,1.8390853,50
0101121E,2023-08-02 13:00,465.922,2.572,32247.16,31047.1,951.992,24.701,39.215,407.328,1.967,1.8358907,50
1011222,2023-08-02 13:00,440.136,2.818,32607.36,30454.5,951.924,24.835,39.164,407.328,1.967,1.8410228,50
0101121B,2023-08-02 14:00,503.11,3.084,30972.385,30026.923,951.067,23.42,40.175,408.416,1.974,1.8352891,52
0101121E,2023-08-02 14:00,463.787,2.537,32242.731,31088.192,951.188,24.286,39.49,408.416,1.974,1.8346633,52
1011222,2023-08-02 14:00,439.146,2.785,32603.615,30504.423,951.19,24.553,39.303,408.416,1.974,1.8363354,52
0101121B,2023-08-02 15:00,497.353,2.966,31918.545,30853.327,950.504,31.777,35.207,413.747,2.026,1.8966727,55
0101121E,2023-08-02 15:00,462.862,2.468,32881.527,31737.836,950.636,32.135,35.059,413.747,2.026,1.9030908,55
1011222,2023-08-02 15:00,437.542,2.649,33272.491,31274.182,950.62,32.219,34.952,413.747,2.026,1.8967852,55
0101121B,2023-08-02 16:00,502.245,2.449,32143.509,32047.236,950.424,28.223,33.448,418.907,1.592,1.535789,55
0101121E,2023-08-02 16:00,466.945,2.007,33046.218,32940.636,950.536,28.397,33.329,418.907,1.592,1.5354675,55
1011222,2023-08-02 16:00,440.716,2.153,33465.927,32511.945,950.524,28.463,33.207,418.907,1.592,1.5283367,55
0101121B,2023-08-02 17:00,499.255,2.267,32226.034,32414.966,950.678,26.041,33.232,416.126,1.452,1.3957989,58
0101121E,2023-08-02 17:00,463.895,1.848,33139.759,33325.448,950.809,26.344,33.009,416.126,1.452,1.3942645,58
1011222,2023-08-02 17:00,437.579,1.987,33569,32898.534,950.786,26.41,32.873,416.126,1.452,1.3871645,58
0101121B,2023-08-02 18:00,500.885,2.377,32538.836,32469.582,951.64,31.266,31.228,416.765,1.57,1.4921745,55
0101121E,2023-08-02 18:00,465.053,1.953,33379.455,33327.127,951.773,31.578,31.023,416.765,1.57,1.4895337,55
1011222,2023-08-02 18:00,437.989,2.079,33829.055,32961.636,951.76,31.584,30.941,416.765,1.57,1.4831384,55
0101121B,2023-08-02 19:00,510.07,2.762,33048.696,32227.982,953.23,47.667,27.242,422.261,1.929,1.7919265,56
0101121E,2023-08-02 19:00,475.009,2.301,33679.804,32982.768,953.323,48.112,27.211,422.261,1.929,1.8054317,56
1011222,2023-08-02 19:00,446.414,2.412,34197.196,32769.232,953.321,48.134,26.982,422.261,1.929,1.782112,56
0101121B,2023-08-02 20:00,527.124,2.983,33254.891,32179.927,954.713,61.966,24.217,425.734,2.093,1.9573305,55
0101121E,2023-08-02 20:00,490.469,2.495,33766.509,32891.636,954.815,63.569,24.138,425.734,2.093,1.9974119,55
1011222,2023-08-02 20:00,460.489,2.602,34313.273,32763.509,954.807,62.577,23.965,425.734,2.093,1.9466834,55
0101121B,2023-08-02 21:00,534.315,2.978,33350.34,32351.34,955.998,67.135,22.849,423.865,2.05,1.9546832,53
0101121E,2023-08-02 21:00,496.658,2.489,33808.906,33047.132,956.155,69.355,22.766,423.865,2.05,2.0088851,53
1011222,2023-08-02 21:00,465.589,2.593,34380.698,32956.17,956.125,67.694,22.614,423.865,2.05,1.9428479,53
0101121B,2023-08-02 22:00,533.467,2.887,33359.517,32526.845,956.691,64.918,22.876,424.258,1.962,1.8922391,58
0101121E,2023-08-02 22:00,495.855,2.41,33817.483,33223.086,956.872,66.771,22.813,424.258,1.962,1.9384843,58
1011222,2023-08-02 22:00,464.038,2.512,34400.603,33126.776,956.809,65.293,22.683,424.258,1.962,1.8808336,58
0101121B,2023-08-02 23:00,527.548,2.564,33540.611,33254.463,956.631,58.916,22.299,423.957,1.701,1.6584929,54
0101121E,2023-08-02 23:00,490.789,2.124,33962.741,33956.278,956.809,60.002,22.265,423.957,1.701,1.6852764,54
1011222,2023-08-02 23:00,458.219,2.216,34563.741,33871.37,956.689,59.044,22.186,423.957,1.701,1.650532,54
0101121B,2023-08-03,524.355,2.385,33643.091,33681.455,956.664,55.401,21.969,423.474,1.553,1.5280015,55
0101121E,2023-08-03,488.282,1.963,34043.418,34397.309,956.855,56.256,21.917,423.474,1.553,1.5463457,55
1011222,2023-08-03,455.524,2.053,34654.418,34312.545,956.687,55.539,21.837,423.474,1.553,1.5195298,55
0101121B,2023-08-03 01:00,536.231,2.408,33630.034,33783.69,956.955,59.82,20.771,431.616,1.589,1.5324349,58
0101121E,2023-08-03 01:00,498.752,1.977,33972.552,34488.276,957.145,60.718,20.827,431.616,1.589,1.5605899,58
1011222,2023-08-03 01:00,466.062,2.069,34588.828,34438.759,957.026,59.846,20.7,431.616,1.589,1.52635,58
0101121B,2023-08-03 02:00,553.718,2.314,33601.891,34217.255,957.54,63.197,19.027,444.051,1.536,1.4517846,55
0101121E,2023-08-03 02:00,514.842,1.893,33864.182,34907.255,957.724,64.666,19.097,444.051,1.536,1.4913784,55
1011222,2023-08-03 02:00,481.62,1.985,34493.691,34902.982,957.544,63.273,18.969,444.051,1.536,1.4482178,55
0101121B,2023-08-03 03:00,571.707,2.294,33482.815,34409.537,958.131,66.775,17.844,455.325,1.49,1.4241743,54
0101121E,2023-08-03 03:00,530.289,1.87,33711.759,35103.148,958.328,68.261,17.908,455.325,1.49,1.461479,54
1011222,2023-08-03 03:00,496.58,1.965,34348.278,35128.185,958.144,66.699,17.788,455.325,1.49,1.4175306,54
0101121B,2023-08-03 04:00,557.853,2.217,33666.169,34561.627,958.651,63.616,18.105,445.094,1.376,1.3783691,59
0101121E,2023-08-03 04:00,517.376,1.796,33911.169,35284.847,958.864,64.57,18.137,445.094,1.376,1.4015714,59
1011222,2023-08-03 04:00,483.678,1.893,34550.864,35278.61,958.664,63.437,18.075,445.094,1.376,1.3718155,59
0101121B,2023-08-03 05:00,529.559,2.06,33736.207,34603.31,959.098,49.609,20.773,423.633,1.231,1.2625059,58
0101121E,2023-08-03 05:00,489.141,1.665,34156.828,35366.345,959.324,50.174,20.656,423.633,1.231,1.2671891,58
1011222,2023-08-03 05:00,455.786,1.758,34786.914,35273.121,959.097,49.479,20.624,423.633,1.231,1.2479931,58
0101121B,2023-08-03 06:00,521.412,2.044,33467.61,34279.593,959.385,41.03,23.435,416.703,1.23,1.2319013,59
0101121E,2023-08-03 06:00,479.483,1.653,34052.661,35071.78,959.641,41.441,23.276,416.703,1.23,1.2321433,59
1011222,2023-08-03 06:00,447.319,1.762,34646.22,34864.356,959.424,41.171,23.219,416.703,1.23,1.220264,59
0101121B,2023-08-03 07:00,520.162,2.024,33218.333,34088.467,959.607,35.956,25.169,414.971,1.212,1.197307,60
0101121E,2023-08-03 07:00,477.033,1.642,33915.7,34899.233,959.838,36.5,24.898,414.971,1.212,1.1956319,60
1011222,2023-08-03 07:00,445.2,1.755,34499.45,34652.533,959.632,36.492,24.761,414.971,1.212,1.1859505,60
0101121B,2023-08-03 08:00,518.905,2.014,32764.407,33694.966,959.669,29.383,28.142,413.141,1.178,1.165011,59
0101121E,2023-08-03 08:00,474.908,1.632,33609.271,34548.542,959.873,29.867,27.839,413.141,1.178,1.1632774,59
1011222,2023-08-03 08:00,443.807,1.755,34160,34218.203,959.717,29.976,27.664,413.141,1.178,1.1557373,59
0101121B,2023-08-03 09:00,516.133,2.024,32564.621,33458.224,959.978,26.934,29.635,412.147,1.189,1.1656379,58
0101121E,2023-08-03 09:00,472.921,1.638,33456.397,34334.655,960.195,27.315,29.363,412.147,1.189,1.1634063,58
1011222,2023-08-03 09:00,442.602,1.765,33975.81,33967.707,960.064,27.419,29.234,412.147,1.189,1.1593821,58
0101121B,2023-08-03 10:00,515.988,2.083,32202.983,33000.6,959.83,24.252,31.827,411.488,1.211,1.1866721,60
0101121E,2023-08-03 10:00,473.132,1.689,33167.95,33896.35,960.017,24.525,31.598,411.488,1.211,1.184218,60
1011222,2023-08-03 10:00,442.88,1.824,33665.933,33476.6,959.927,24.654,31.482,411.488,1.211,1.1826198,60
0101121B,2023-08-03 11:00,512.172,2.075,32095.81,32876.276,959.681,22.599,32.825,411.241,1.212,1.1730752,58
0101121E,2023-08-03 11:00,471.781,1.678,33073.259,33803.276,959.836,22.944,32.512,411.241,1.212,1.1699609,58
1011222,2023-08-03 11:00,442.214,1.815,33564.345,33374.448,959.778,23.217,32.312,411.241,1.212,1.1707515,58
0101121B,2023-08-03 12:00,508.293,1.999,32164.564,33054.764,959.769,21.784,32.771,411.022,1.161,1.1260596,55
0101121E,2023-08-03 12:00,471.069,1.609,33101.491,34008.582,959.925,22.204,32.38,411.022,1.161,1.122702,55
1011222,2023-08-03 12:00,440.985,1.745,33605.236,33580.345,959.898,22.467,32.171,411.022,1.161,1.1227071,55
0101121B,2023-08-03 13:00,508.521,1.992,32036.679,32953.107,959.743,20.664,33.508,410.938,1.148,1.1132813,56
0101121E,2023-08-03 13:00,472.32,1.594,33003.964,33953.661,959.898,21.273,32.969,410.938,1.148,1.112162,56
1011222,2023-08-03 13:00,441.012,1.739,33536.911,33503.446,959.88,21.635,32.662,410.938,1.148,1.1116068,56
0101121B,2023-08-03 14:00,508.744,2.047,31762.526,32599.842,959.577,19.075,35.102,410.265,1.176,1.1246215,57
0101121E,2023-08-03 14:00,471.382,1.623,32806.088,33661.035,959.693,19.731,34.566,410.265,1.176,1.1291944,57
1011222,2023-08-03 14:00,441.049,1.79,33316.439,33152.561,959.754,20.084,34.219,410.265,1.176,1.1274155,57
0101121B,2023-08-03 15:00,504.643,2.119,31981.593,32588.648,959.574,21.458,34.183,409.836,1.263,1.200811,54
0101121E,2023-08-03 15:00,468.783,1.693,32968.185,33613.833,959.67,22.155,33.681,409.836,1.263,1.2056305,54
1011222,2023-08-03 15:00,438.706,1.85,33488.722,33154.963,959.743,22.562,33.297,409.836,1.263,1.2016304,54
0101121B,2023-08-03 16:00,498.523,2.089,32595.212,33101.481,959.498,26.263,31.11,409.014,1.302,1.2352539,52
0101121E,2023-08-03 16:00,465.446,1.683,33391.865,34016.981,959.585,26.717,30.873,409.014,1.302,1.2400793,52
1011222,2023-08-03 16:00,435.012,1.809,33935.173,33659.827,959.673,27.066,30.554,409.014,1.302,1.2335902,52
0101121B,2023-08-03 17:00,499.64,2.022,33070.273,33675.745,959.984,30.868,28.142,411.817,1.281,1.2247029,55
0101121E,2023-08-03 17:00,468.033,1.636,33698.309,34507.491,960.076,31.049,28.077,411.817,1.281,1.2271281,55
1011222,2023-08-03 17:00,436.491,1.735,34258.6,34231.855,960.136,31.208,27.934,411.817,1.281,1.2231143,55
0101121B,2023-08-03 18:00,503.145,1.986,33457.655,34154.855,960.707,35.524,25.396,412.709,1.26,1.1989246,55
0101121E,2023-08-03 18:00,469.98,1.608,33983.836,34937.545,960.815,35.624,25.377,412.709,1.26,1.2008073,55
1011222,2023-08-03 18:00,437.947,1.697,34585.182,34756.745,960.838,35.879,25.158,412.709,1.26,1.193796,55
0101121B,2023-08-03 19:00,507.488,1.974,33588.965,34358.702,961.393,38.322,24.117,416.232,1.255,1.1975172,57
0101121E,2023-08-03 19:00,474.654,1.6,34045.491,35118.14,961.484,38.447,24.114,416.232,1.255,1.2011112,57
1011222,2023-08-03 19:00,441.821,1.682,34659.807,34975.281,961.549,38.595,23.964,416.232,1.255,1.1948873,57
0101121B,2023-08-03 20:00,516.062,2.073,33493.411,34154.518,961.904,41.588,23.834,424.505,1.351,1.2769112,56
0101121E,2023-08-03 20:00,483.664,1.691,33916.161,34894,962.009,41.745,23.861,424.505,1.351,1.2836603,56
1011222,2023-08-03 20:00,450.336,1.772,34525.625,34759.643,962.052,41.795,23.761,424.505,1.351,1.2775033,56
0101121B,2023-08-03 21:00,518.172,2.14,33591.81,34111.483,962.11,45.607,22.974,425.837,1.417,1.3290239,58
0101121E,2023-08-03 21:00,486.169,1.75,33963.845,34836.448,962.216,45.824,23.019,425.837,1.417,1.3388662,58
1011222,2023-08-03 21:00,452.566,1.83,34583.414,34729.362,962.274,45.744,22.927,425.837,1.417,1.3290024,58
0101121B,2023-08-03 22:00,517.102,2.103,33714.345,34295.291,962.491,46.346,22.286,422.507,1.356,1.2953779,55
0101121E,2023-08-03 22:00,484.26,1.714,34072.655,35024.891,962.625,46.471,22.31,422.507,1.356,1.3006325,55
1011222,2023-08-03 22:00,450.507,1.795,34709.945,34938.2,962.598,46.459,22.172,422.507,1.356,1.2894164,55
0101121B,2023-08-03 23:00,522.088,2.075,33690.105,34412.632,962.739,46.735,21.906,427.12,1.34,1.27571,57
0101121E,2023-08-03 23:00,489.26,1.69,34025.526,35137.719,962.884,46.941,21.926,427.12,1.34,1.2826558,57
1011222,2023-08-03 23:00,455,1.768,34667.649,35063.702,962.825,46.859,21.81,427.12,1.34,1.271503,57
0101121B,2023-08-04,536.457,2.112,33530.845,34384.31,962.828,49.178,21.421,439.147,1.373,1.3032454,58
0101121E,2023-08-04,503.093,1.725,33836.052,35094.603,962.981,49.513,21.452,439.147,1.373,1.3144273,58
1011222,2023-08-04,468.053,1.804,34482.931,35035.966,962.917,49.361,21.331,439.147,1.373,1.3008441,58
0101121B,2023-08-04 01:00,537.127,2.127,33583.169,34410.373,962.541,50.821,20.998,440.067,1.388,1.312717,59
0101121E,2023-08-04 01:00,503.642,1.736,33870.593,35118.78,962.675,51.218,21.016,440.067,1.388,1.3243363,59
1011222,2023-08-04 01:00,468.342,1.814,34523.644,35072.068,962.637,50.919,20.92,440.067,1.388,1.3088392,59
0101121B,2023-08-04 02:00,550.457,2.181,33460.143,34355.179,962.643,54.358,20.385,451.039,1.46,1.351772,56
0101121E,2023-08-04 02:00,516.095,1.79,33718.375,35037.714,962.78,55.267,20.406,451.039,1.46,1.3759564,56
1011222,2023-08-04 02:00,480.404,1.868,34373.393,35018.232,962.779,54.584,20.301,451.039,1.46,1.3502157,56
0101121B,2023-08-04 03:00,564.888,2.248,33279.763,34238.915,962.71,57.306,20.059,460.482,1.493,1.3967208,59
0101121E,2023-08-04 03:00,528.805,1.846,33538.186,34926.034,962.863,58.266,20.062,460.482,1.493,1.4200497,59
1011222,2023-08-04 03:00,491.949,1.926,34200.661,34909.39,962.842,57.39,19.989,460.482,1.493,1.3924743,59
0101121B,2023-08-04 04:00,561.975,2.367,33473.558,34092.25,963.021,64.22,19.012,448.48,1.583,1.4653237,52
0101121E,2023-08-04 04:00,525.229,1.948,33699.731,34768.365,963.173,66.204,18.977,448.48,1.583,1.5069188,52
1011222,2023-08-04 04:00,489.852,2.042,34354.442,34763.962,963.113,64.705,18.89,448.48,1.583,1.4649706,52
0101121B,2023-08-04 05:00,574.791,2.507,33211.019,33719.849,963.189,66.685,19.462,455.183,1.656,1.5656245,53
0101121E,2023-08-04 05:00,535.877,2.072,33476.321,34385.038,963.391,68.857,19.479,455.183,1.656,1.6179691,53
1011222,2023-08-04 05:00,499.525,2.179,34134.925,34348.736,963.291,67.362,19.352,455.183,1.656,1.5705911,53
0101121B,2023-08-04 06:00,555.173,2.496,33483.357,33717.018,963.466,65.5,19.715,436.995,1.609,1.5617508,56
0101121E,2023-08-04 06:00,516.737,2.054,33777.804,34412.375,963.707,67.264,19.698,436.995,1.609,1.6018046,56
1011222,2023-08-04 06:00,480.889,2.158,34442.375,34372.357,963.577,65.85,19.597,436.995,1.609,1.5584585,56
0101121B,2023-08-04 07:00,536.46,2.511,33582.691,33514.382,963.636,60.693,21.063,420.893,1.563,1.5704796,55
0101121E,2023-08-04 07:00,497.811,2.071,33967.509,34220.236,963.876,61.857,21.031,420.893,1.563,1.5967636,55
1011222,2023-08-04 07:00,461.595,2.179,34649.582,34134.964,963.765,60.98,20.876,420.893,1.563,1.5596236,55
0101121B,2023-08-04 08:00,526.939,2.56,33025.232,32824.5,963.502,46.246,25.696,414.381,1.536,1.5752721,56
0101121E,2023-08-04 08:00,486.568,2.116,33662.196,33585.214,963.782,46.521,25.652,414.381,1.536,1.5797253,56
1011222,2023-08-04 08:00,451.343,2.245,34307.268,33352.036,963.65,46.465,25.38,414.381,1.536,1.5528997,56
0101121B,2023-08-04 09:00,520.584,2.445,33066.182,33019.873,963.562,42.755,26.097,414.35,1.524,1.4997336,55
0101121E,2023-08-04 09:00,482.915,2.017,33685.527,33789.036,963.776,42.989,26.03,414.35,1.524,1.5017234,55
1011222,2023-08-04 09:00,449.1,2.137,34304.709,33559.455,963.682,43.178,25.762,414.35,1.524,1.4847332,55
0101121B,2023-08-04 10:00,522.973,2.534,32306.186,32236.22,963.371,33.63,30.531,411.712,1.498,1.5108747,59
0101121E,2023-08-04 10:00,481.822,2.085,33149.356,33071.017,963.602,33.454,30.554,411.712,1.498,1.5038427,59
1011222,2023-08-04 10:00,448.056,2.234,33724.525,32698.78,963.519,33.542,30.33,411.712,1.498,1.4887219,59
0101121B,2023-08-04 11:00,512.039,2.316,32295.702,32554.632,963.216,28.74,31.634,411.958,1.424,1.3776785,57
0101121E,2023-08-04 11:00,476.139,1.891,33129.368,33434.86,963.405,28.872,31.47,411.958,1.424,1.3702588,57
1011222,2023-08-04 11:00,444.682,2.027,33650.877,33048.789,963.316,29.097,31.324,411.958,1.424,1.3697233,57
0101121B,2023-08-04 12:00,508.179,2.363,32738.561,32753.561,963.114,34.106,29.341,410.28,1.508,1.4459255,57
0101121E,2023-08-04 12:00,473.844,1.945,33471.456,33581.175,963.284,34.504,29.115,410.28,1.508,1.4434926,57
1011222,2023-08-04 12:00,441.691,2.064,34024.298,33268.281,963.218,34.651,28.994,410.28,1.508,1.439704,57
0101121B,2023-08-04 13:00,510.947,2.297,32640.121,32846.759,963.159,32.108,29.675,411.502,1.436,1.3876817,58
0101121E,2023-08-04 13:00,475.2,1.88,33401.397,33694.293,963.322,32.424,29.497,411.502,1.436,1.3868023,58
1011222,2023-08-04 13:00,443,2.004,33966.517,33374.707,963.29,32.727,29.252,411.502,1.436,1.3800711,58
0101121B,2023-08-04 14:00,510.882,2.252,32477.804,32810.679,962.962,29.421,30.656,412.026,1.391,1.3396207,56
0101121E,2023-08-04 14:00,474.804,1.832,33288.25,33699.929,963.123,29.777,30.435,412.026,1.391,1.3391124,56
1011222,2023-08-04 14:00,443.282,1.964,33836.857,33341.982,963.089,30.089,30.172,412.026,1.391,1.3334556,56
0101121B,2023-08-04 15:00,505.349,2.298,32794.772,32897.386,963.423,33.128,29.271,408.909,1.457,1.3983863,57
0101121E,2023-08-04 15:00,471.246,1.879,33527.825,33755.333,963.563,33.636,29.021,408.909,1.457,1.3993568,57
1011222,2023-08-04 15:00,439.512,1.997,34097.281,33462.14,963.518,33.981,28.744,408.909,1.457,1.3912853,57
0101121B,2023-08-04 16:00,508.955,2.269,33267.127,33415.582,964.267,40.358,25.979,412.989,1.471,1.3871926,55
0101121E,2023-08-04 16:00,476.289,1.857,33812.909,34206.545,964.416,40.689,25.866,412.989,1.471,1.3898163,55
1011222,2023-08-04 16:00,444.205,1.96,34409.509,34011.582,964.369,41.036,25.601,412.989,1.471,1.3802636,55
0101121B,2023-08-04 17:00,529.243,2.478,33831.407,33700.407,965.209,62.993,20.166,418.523,1.663,1.539796,54
0101121E,2023-08-04 17:00,494.654,2.036,34117.056,34416.185,965.307,64.629,20.083,418.523,1.663,1.570879,54
1011222,2023-08-04 17:00,460.996,2.13,34751.5,34372.389,965.252,63.266,20.066,418.523,1.663,1.537057,54
0101121B,2023-08-04 18:00,539.97,2.539,33758.111,33649.296,965.865,67.58,19.481,421.317,1.65,1.5838566,54
0101121E,2023-08-04 18:00,507.43,2.081,33970.5,34382.37,966.004,70.684,19.329,421.317,1.65,1.6407349,54
1011222,2023-08-04 18:00,469.652,2.181,34669.444,34345.926,965.887,67.674,19.367,421.317,1.65,1.5748819,54
0101121B,2023-08-04 19:00,545.688,2.578,33703,33594.88,966.218,69.652,19.225,422.443,1.652,1.6062106,50
0101121E,2023-08-04 19:00,524.316,2.202,33729.06,34127.2,966.362,75.283,18.817,422.443,1.652,1.6921082,50
1011222,2023-08-04 19:00,473.426,2.202,34630.78,34333.3,966.27,69.333,19.087,422.443,1.652,1.5850631,50
0101121B,2023-08-04 20:00,556.359,2.606,33532.944,33533.889,966.872,70.489,19.216,429.478,1.651,1.623478,54
0101121E,2023-08-04 20:00,533.696,2.224,33571.87,34073.056,967.061,75.885,18.835,429.478,1.651,1.7064067,54
1011222,2023-08-04 20:00,481.696,2.225,34475.722,34268.074,966.959,69.919,19.129,429.478,1.651,1.6014827,54
0101121B,2023-08-04 21:00,556.413,2.507,33548.164,33770.745,967.476,68.035,19.102,432.155,1.556,1.5553386,55
0101121E,2023-08-04 21:00,525.262,2.078,33712.8,34451.364,967.678,72.053,18.823,432.155,1.556,1.6183733,55
1011222,2023-08-04 21:00,481.293,2.139,34492.873,34504.455,967.564,67.325,19.035,432.155,1.556,1.5325303,55
0101121B,2023-08-04 22:00,549.139,2.391,33721.571,34079.054,967.229,66.11,18.702,427.695,1.484,1.4739787,56
0101121E,2023-08-04 22:00,515.943,1.956,33900.679,34801.518,967.471,69.355,18.503,427.695,1.484,1.5268627,56
1011222,2023-08-04 22:00,474.939,2.042,34656.768,34810.679,967.336,65.798,18.577,427.695,1.484,1.4554548,56
0101121B,2023-08-04 23:00,548.263,2.406,33768.037,34070.037,967.265,67.328,18.471,425.148,1.511,1.4793967,54
0101121E,2023-08-04 23:00,515.287,1.972,33931.352,34782.796,967.491,70.512,18.294,425.148,1.511,1.531961,54
1011222,2023-08-04 23:00,474.137,2.062,34693.167,34789.296,967.302,67.224,18.37,425.148,1.511,1.4677683,54
0101121B,2023-08-05,553.948,2.399,33736.143,34141.625,967.164,68.76,18.041,428.797,1.505,1.4709956,56
0101121E,2023-08-05,519.882,1.947,33881.196,34884.268,967.395,71.185,17.971,428.797,1.505,1.5158296,56
1011222,2023-08-05,479.445,2.055,34640.75,34869.714,967.171,68.703,17.936,428.797,1.505,1.4600594,56
0101121B,2023-08-05 01:00,556.257,2.378,33698.966,34188.345,967.038,68.184,18.041,431.351,1.475,1.4588143,58
0101121E,2023-08-05 01:00,521.331,1.926,33857.017,34943.5,967.303,70.416,17.962,431.351,1.475,1.4986778,58
1011222,2023-08-05 01:00,480.991,2.037,34609.69,34911.966,967.047,68.062,17.965,431.351,1.475,1.4492423,58
0101121B,2023-08-05 02:00,550.477,2.385,33764.308,34147.923,966.644,67.532,18.242,426.223,1.484,1.4638066,52
0101121E,2023-08-05 02:00,515.427,1.931,33941.596,34905.5,966.915,69.65,18.153,426.223,1.484,1.5009068,52
1011222,2023-08-05 02:00,475.273,2.041,34697.346,34877.135,966.692,67.334,18.13,426.223,1.484,1.4492571,52
0101121B,2023-08-05 03:00,551.941,2.4,33712.037,34086.685,966.859,67.162,18.449,427.382,1.495,1.4744672,54
0101121E,2023-08-05 03:00,516.65,1.945,33901.815,34847.537,967.146,69.241,18.359,427.382,1.495,1.5111603,54
1011222,2023-08-05 03:00,476.411,2.057,34652.574,34802.556,966.891,66.967,18.359,427.382,1.495,1.461945,54
0101121B,2023-08-05 04:00,551.584,2.393,33707.911,34093.679,966.952,66.665,18.519,427.516,1.486,1.4699141,56
0101121E,2023-08-05 04:00,516.359,1.935,33899.5,34862.393,967.232,68.602,18.442,427.516,1.486,1.5048504,56
1011222,2023-08-05 04:00,475.986,2.05,34654.571,34813.857,966.996,66.433,18.414,427.516,1.486,1.4550553,56
0101121B,2023-08-05 05:00,553.646,2.394,33627.356,34051.695,967.259,65.306,18.857,429.92,1.468,1.4701494,59
0101121E,2023-08-05 05:00,517.566,1.93,33848.542,34843.458,967.512,67.014,18.768,429.92,1.468,1.4997689,59
1011222,2023-08-05 05:00,477.334,2.049,34597.085,34771.186,967.268,65.058,18.73,429.92,1.468,1.4529529,59
0101121B,2023-08-05 06:00,552.172,2.413,33558,33924.155,967.474,63.385,19.511,429.305,1.469,1.4859019,58
0101121E,2023-08-05 06:00,515.25,1.944,33827.19,34731.293,967.769,64.92,19.418,429.305,1.469,1.5126973,58
1011222,2023-08-05 06:00,475.403,2.07,34562.328,34619.31,967.507,63.134,19.388,429.305,1.469,1.4687195,58
0101121B,2023-08-05 07:00,541.409,2.457,33449.345,33586.836,967.129,57.504,21.44,421.647,1.465,1.5182031,55
0101121E,2023-08-05 07:00,502.789,1.963,33856.055,34464.382,967.422,58.721,21.301,421.647,1.465,1.5365972,55
1011222,2023-08-05 07:00,464.893,2.115,34544.964,34236.073,967.156,57.223,21.284,421.647,1.465,1.4962575,55
0101121B,2023-08-05 08:00,534.318,2.483,33060.982,33110.382,966.935,47.19,24.723,416.178,1.438,1.5110791,55
0101121E,2023-08-05 08:00,493.253,2.006,33669.327,33980.091,967.216,47.84,24.563,416.178,1.438,1.5165097,55
1011222,2023-08-05 08:00,457.216,2.16,34306.145,33674.418,966.949,46.898,24.504,416.178,1.438,1.4825152,55
0101121B,2023-08-05 09:00,527.904,2.403,32512.891,32745.055,966.402,34.637,28.808,412.607,1.375,1.4143958,55
0101121E,2023-08-05 09:00,487.995,1.994,33286.273,33526.727,966.685,34.827,28.635,412.607,1.375,1.4076703,55
1011222,2023-08-05 09:00,451.673,2.111,33888.855,33211.945,966.447,34.583,28.628,412.607,1.375,1.397321,55
0101121B,2023-08-05 10:00,521.961,2.378,32312.796,32549.037,965.822,30.672,30.609,411.427,1.399,1.3946436,54
0101121E,2023-08-05 10:00,483.676,1.968,33169.074,33391.167,966.08,31.191,30.198,411.427,1.399,1.3850472,54
1011222,2023-08-05 10:00,448.778,2.089,33727.333,33031.352,965.878,31.138,30.256,411.427,1.399,1.3871663,54
0101121B,2023-08-05 11:00,520.991,2.436,31798.518,32002.75,965.111,25.626,33.782,410.022,1.427,1.3944741,56
0101121E,2023-08-05 11:00,482.27,2.009,32780.054,32905.589,965.361,25.979,33.405,410.022,1.427,1.3836849,56
1011222,2023-08-05 11:00,448.596,2.157,33316.661,32474.536,965.193,26.208,33.269,410.022,1.427,1.386043,56
0101121B,2023-08-05 12:00,509.172,2.162,32482.035,32987.263,964.832,27.633,30.793,409.166,1.313,1.2688567,57
0101121E,2023-08-05 12:00,474.918,1.764,33265.526,33848.368,965.005,27.887,30.601,409.166,1.313,1.2662218,57
1011222,2023-08-05 12:00,442.733,1.884,33828.912,33517.14,964.881,28.264,30.306,409.166,1.313,1.2622194,57
0101121B,2023-08-05 13:00,506.844,2.172,32669.458,33089.729,964.437,29.441,29.888,407.453,1.329,1.2865908,59
0101121E,2023-08-05 13:00,472.619,1.773,33414.949,33933.729,964.61,29.715,29.738,407.453,1.329,1.2871898,59
1011222,2023-08-05 13:00,440.107,1.888,33992.475,33624,964.519,30.073,29.452,407.453,1.329,1.28156,59
0101121B,2023-08-05 14:00,504.117,2.152,33029.132,33404.792,963.972,33.113,27.962,407.616,1.339,1.2952611,53
0101121E,2023-08-05 14:00,471.309,1.755,33661.83,34213.849,964.13,33.255,27.916,407.616,1.339,1.2971776,53
1011222,2023-08-05 14:00,438.583,1.857,34249.736,33956.057,964.015,33.51,27.711,407.616,1.339,1.2917642,53
0101121B,2023-08-05 15:00,504.747,2.213,32889.561,33158.07,963.361,32.224,28.752,405.023,1.372,1.3195493,57
0101121E,2023-08-05 15:00,470.026,1.809,33638.211,34027.807,963.523,33.01,28.292,405.023,1.372,1.3166784,57
1011222,2023-08-05 15:00,436.656,1.913,34214.544,33737.982,963.468,33.116,28.249,405.023,1.372,1.3175941,57
0101121B,2023-08-05 16:00,503.631,2.097,32961.327,33469.182,962.616,30.887,28.423,406.367,1.291,1.2427465,55
0101121E,2023-08-05 16:00,468.838,1.691,33686.164,34368.836,962.771,31.61,28.065,406.367,1.291,1.2456557,55
1011222,2023-08-05 16:00,436.231,1.79,34268.164,34103.673,962.689,31.819,27.899,406.367,1.291,1.2419655,55
0101121B,2023-08-05 17:00,501.429,2.045,33499.897,34020.517,962.181,37.101,25.303,408.609,1.301,1.2413618,58
0101121E,2023-08-05 17:00,470.243,1.659,34002.466,34817.207,962.326,37.45,25.172,408.609,1.301,1.243096,58
1011222,2023-08-05 17:00,437.248,1.744,34597.069,34624.034,962.241,37.379,25.167,408.609,1.301,1.2406919,58
0101121B,2023-08-05 18:00,509.654,2.123,33644.643,34076.375,961.955,43.234,23.532,414.855,1.372,1.3032342,56
0101121E,2023-08-05 18:00,478.207,1.734,34058,34827.661,962.118,43.578,23.435,414.855,1.372,1.3056695,56
1011222,2023-08-05 18:00,443.977,1.81,34678.696,34702.054,962.03,43.293,23.472,414.855,1.372,1.3001337,56
0101121B,2023-08-05 19:00,525.721,2.22,33474.121,33926.845,962.255,47.153,22.953,427.779,1.447,1.3715502,58
0101121E,2023-08-05 19:00,493.128,1.822,33850.948,34646.724,962.412,47.456,22.961,427.779,1.447,1.380746,58
1011222,2023-08-05 19:00,458.074,1.903,34493.466,34551.086,962.326,47.377,22.839,427.779,1.447,1.3681835,58
0101121B,2023-08-05 20:00,516.475,2.272,33940.304,34085.357,962.802,54.994,20.85,414.651,1.486,1.4052409,56
0101121E,2023-08-05 20:00,484.011,1.861,34229.375,34796.232,962.952,55.726,20.831,414.651,1.486,1.4219154,56
1011222,2023-08-05 20:00,449.511,1.947,34893.661,34748.054,962.866,55.278,20.72,414.651,1.486,1.4012643,56
0101121B,2023-08-05 21:00,523.002,2.293,33973.212,34155.288,962.531,58.881,19.897,417.405,1.496,1.421075,52
0101121E,2023-08-05 21:00,489.571,1.88,34229,34857.385,962.706,59.905,19.851,417.405,1.496,1.4413838,52
1011222,2023-08-05 21:00,454.417,1.965,34901.115,34830.115,962.608,59.009,19.823,417.405,1.496,1.4175497,52
0101121B,2023-08-05 22:00,530.666,2.33,33815.849,34040.151,962.457,59.174,20.119,423.448,1.523,1.4480203,53
0101121E,2023-08-05 22:00,496.674,1.915,34077.679,34729.094,962.64,60.02,20.136,423.448,1.523,1.4700715,53
1011222,2023-08-05 22:00,460.875,2.003,34758.264,34699.736,962.553,59.298,20.032,423.448,1.523,1.4431467,53
0101121B,2023-08-05 23:00,543.943,2.399,33655.283,33930.075,962.445,62.256,19.753,431.332,1.582,1.4891224,53
0101121E,2023-08-05 23:00,508.738,1.976,33906.623,34610.038,962.625,63.556,19.76,431.332,1.582,1.5204023,53
1011222,2023-08-05 23:00,472.579,2.065,34584.774,34596.66,962.508,62.528,19.66,431.332,1.582,1.486903,53
0101121B,2023-08-06,538.244,2.282,33938.655,34376.618,962.044,63.652,18.409,425.088,1.468,1.4017623,55
0101121E,2023-08-06,503.376,1.863,34130.455,35079.255,962.249,65.025,18.364,425.088,1.468,1.4277709,55
1011222,2023-08-06,467.68,1.952,34818.473,35095.018,962.095,63.898,18.298,425.088,1.468,1.3973796,55
0101121B,2023-08-06 01:00,531.138,2.113,34106.655,34830.455,961.789,59.756,18.031,421.359,1.313,1.2841518,55
0101121E,2023-08-06 01:00,496.393,1.715,34287.927,35541.873,962.004,60.683,17.962,421.359,1.313,1.2981391,55
1011222,2023-08-06 01:00,460.189,1.801,34992.236,35553.455,961.84,59.824,17.95,421.359,1.313,1.2790353,55
0101121B,2023-08-06 02:00,526.121,2.008,34135.635,35044.173,961.294,54.952,18.41,419.762,1.23,1.2103548,52
0101121E,2023-08-06 02:00,491.879,1.622,34333.058,35766.827,961.506,55.541,18.332,419.762,1.23,1.2171659,52
1011222,2023-08-06 02:00,455.633,1.708,35041.327,35758.808,961.317,54.986,18.3,419.762,1.23,1.2028452,52
0101121B,2023-08-06 03:00,524.347,2.027,34146.4,34978.182,961.038,54.936,18.542,417.963,1.25,1.2190248,55
0101121E,2023-08-06 03:00,490.1,1.641,34355.909,35703,961.242,55.649,18.422,417.963,1.25,1.225286,55
1011222,2023-08-06 03:00,454.027,1.729,35066.455,35694.564,961.055,55.153,18.348,417.963,1.25,1.209077,55
0101121B,2023-08-06 04:00,528.768,2.077,34182.339,34952.982,961.55,58.9,17.765,418.911,1.288,1.2453942,56
0101121E,2023-08-06 04:00,493.623,1.688,34363.804,35655.696,961.761,59.807,17.654,418.911,1.288,1.2554332,56
1011222,2023-08-06 04:00,457.254,1.774,35080.732,35677.393,961.541,59.111,17.624,418.911,1.288,1.2387103,56
0101121B,2023-08-06 05:00,533.614,2.106,34253.686,35015.216,962.365,63.74,16.684,419.092,1.311,1.2577368,51
0101121E,2023-08-06 05:00,497.629,1.708,34389.902,35716.098,962.575,65.19,16.578,419.092,1.311,1.2775133,51
1011222,2023-08-06 05:00,461.716,1.803,35112.745,35763.529,962.359,64.219,16.484,419.092,1.311,1.251258,51
0101121B,2023-08-06 06:00,530.824,2.13,34090.098,34764.235,962.655,59.191,18.178,416.654,1.299,1.2810061,51
0101121E,2023-08-06 06:00,493.912,1.737,34326.412,35469.255,962.888,60.354,18.006,416.654,1.299,1.2918347,51
1011222,2023-08-06 06:00,457.012,1.833,35047.02,35455.725,962.622,59.429,17.989,416.654,1.299,1.2711125,51
0101121B,2023-08-06 07:00,525.825,2.052,34064.233,34864.05,963.072,53.855,18.941,415.179,1.244,1.2235558,60
0101121E,2023-08-06 07:00,489.825,1.665,34332.967,35598.733,963.318,54.774,18.72,415.179,1.244,1.2270914,60
1011222,2023-08-06 07:00,453.343,1.76,35053.833,35572,963.067,54.466,18.592,415.179,1.244,1.2107856,60
0101121B,2023-08-06 08:00,532.225,2.148,34200.655,34843.964,963.795,62.953,17.228,416.046,1.328,1.2821343,55
0101121E,2023-08-06 08:00,498.545,1.759,34341.927,35527.018,964.009,65.49,16.939,416.046,1.328,1.3083564,55
1011222,2023-08-06 08:00,460.818,1.844,35094.218,35600.764,963.769,63.707,16.834,416.046,1.328,1.2657005,55
0101121B,2023-08-06 09:00,536.039,2.28,34086.153,34472.254,964.239,65.83,17.609,414.872,1.405,1.3746315,59
0101121E,2023-08-06 09:00,504.454,1.898,34216.593,35099.085,964.446,71.094,17.203,414.872,1.405,1.44671,59
1011222,2023-08-06 09:00,462.473,1.961,35018.763,35210.373,964.227,66.403,17.278,414.872,1.405,1.357958,59
0101121B,2023-08-06 10:00,535.353,2.256,34117.649,34549.649,964.693,65.716,17.464,414.045,1.384,1.3593613,57
0101121E,2023-08-06 10:00,514.214,1.945,34061.807,34994.123,964.914,71.603,17.035,414.045,1.384,1.4411105,57
1011222,2023-08-06 10:00,462.226,1.941,35042.386,35296.246,964.661,66.276,17.091,414.045,1.384,1.3390481,57
0101121B,2023-08-06 11:00,533.053,2.31,34005.891,34281.582,964.833,63.538,18.518,411.878,1.404,1.4028069,55
0101121E,2023-08-06 11:00,526.447,2.14,33768.818,34374.582,965.107,70.642,17.975,411.878,1.404,1.5077947,55
1011222,2023-08-06 11:00,458.664,1.995,35003,34995.055,964.831,64.166,18.11,411.878,1.404,1.3810292,55
0101121B,2023-08-06 12:00,531.084,2.301,33999.961,34277.882,965.118,62.024,18.786,411.407,1.4,1.3929959,51
0101121E,2023-08-06 12:00,557.849,2.266,33232.647,34038.216,965.365,69.658,18.222,411.407,1.4,1.5099729,51
1011222,2023-08-06 12:00,457.392,1.982,34993.765,34991.333,965.096,62.465,18.431,411.407,1.4,1.3721842,51
0101121B,2023-08-06 13:00,532.279,2.276,34080.052,34419.931,965.548,63.944,18.087,411.073,1.382,1.3743189,58
0101121E,2023-08-06 13:00,605.226,2.27,32546.431,34078.759,965.834,71.632,17.571,411.073,1.382,1.4900318,58
1011222,2023-08-06 13:00,458.466,1.96,35042.172,35141,965.562,64.312,17.772,411.073,1.382,1.3550952,58
0101121B,2023-08-06 14:00,531.615,2.33,33853.4,34082.527,966.005,59.632,19.729,410.521,1.373,1.4136782,55
0101121E,2023-08-06 14:00,658.967,2.409,31626.2,33604.818,966.311,68.16,19.09,410.521,1.373,1.5557518,55
1011222,2023-08-06 14:00,456.045,2.011,34917.055,34774.218,966.018,60.031,19.362,410.521,1.373,1.391563,55
0101121B,2023-08-06 15:00,522.755,2.157,33765.857,34294.304,966.52,49.199,21.326,408.969,1.236,1.2914683,56
0101121E,2023-08-06 15:00,651.505,2.301,31609.25,33709.196,966.864,57.443,20.572,408.969,1.236,1.4392559,56
1011222,2023-08-06 15:00,449.85,1.853,34867.304,34972.393,966.543,49.589,20.903,408.969,1.236,1.2684002,56
0101121B,2023-08-06 16:00,521.868,2.027,33772.642,34611.075,967.025,45.165,21.38,409.348,1.147,1.1887867,53
0101121E,2023-08-06 16:00,538.085,2.104,33337.717,34194.491,967.364,52.431,20.645,409.348,1.147,1.3190177,53
1011222,2023-08-06 16:00,448.83,1.736,34884.943,35294.981,967.023,45.847,20.915,409.348,1.147,1.172919,53
0101121B,2023-08-06 17:00,520.459,1.956,33969.695,34942.305,967.471,46.799,20.21,410.105,1.12,1.1456965,59
0101121E,2023-08-06 17:00,494.785,1.791,34148.932,35130.559,967.705,50.963,19.743,410.105,1.12,1.2118602,59
1011222,2023-08-06 17:00,449.402,1.665,34992.678,35657.898,967.41,46.976,19.853,410.105,1.12,1.1249481,59
0101121B,2023-08-06 18:00,521.681,1.862,34181.792,35407.057,968.021,48.733,18.61,412.138,1.072,1.079229,53
0101121E,2023-08-06 18:00,488.145,1.482,34404.019,36213.189,968.26,50.753,18.283,412.138,1.072,1.1010913,53
1011222,2023-08-06 18:00,451.375,1.576,35120.604,36152.943,967.981,48.842,18.315,412.138,1.072,1.061933,53
0101121B,2023-08-06 19:00,526.238,1.862,34246.302,35534.585,968.536,51.858,17.612,415.177,1.071,1.0779667,53
0101121E,2023-08-06 19:00,492.217,1.457,34409.774,36392.151,968.806,53.088,17.429,415.177,1.071,1.090615,53
1011222,2023-08-06 19:00,455.136,1.572,35135,36291.057,968.498,51.665,17.49,415.177,1.071,1.0658316,53
0101121B,2023-08-06 20:00,529.027,1.848,34317.61,35691.576,968.847,53.994,16.761,417.128,1.074,1.0637975,59
0101121E,2023-08-06 20:00,495.705,1.46,34419.475,36487.203,969.066,55.033,16.621,417.128,1.074,1.0744444,59
1011222,2023-08-06 20:00,457.693,1.556,35168.39,36470.339,968.769,53.764,16.68,417.128,1.074,1.0538711,59
0101121B,2023-08-06 21:00,527.642,1.769,34393.561,35955.316,968.946,52.434,16.375,415.872,1.019,1.0075541,57
0101121E,2023-08-06 21:00,494.814,1.424,34468.596,36644.491,969.193,53.259,16.237,415.872,1.019,1.0141959,57
1011222,2023-08-06 21:00,455.923,1.494,35248.088,36728.737,968.921,52.522,16.223,415.872,1.019,0.9995594,57
0101121B,2023-08-06 22:00,530.091,1.786,34323.63,35879.889,969.169,52.224,16.591,417.821,1.037,1.0171478,54
0101121E,2023-08-06 22:00,497.344,1.441,34400.167,36556.87,969.419,52.878,16.516,417.821,1.037,1.024702,54
1011222,2023-08-06 22:00,457.915,1.509,35183.537,36642.278,969.133,52.343,16.489,417.821,1.037,1.0128711,54
0101121B,2023-08-06 23:00,532.968,1.851,34220.393,35646.393,969.234,53.114,17.001,419.125,1.089,1.0616919,56
0101121E,2023-08-06 23:00,499.604,1.499,34325.036,36320.089,969.525,53.821,16.929,419.125,1.089,1.0706407,56
1011222,2023-08-06 23:00,459.834,1.57,35112.268,36398.018,969.2,53.352,16.835,419.125,1.089,1.0554043,56
0101121B,2023-08-07,532.47,1.841,34215.093,35663.352,969.131,52.395,17.099,419.081,1.082,1.0540312,54
0101121E,2023-08-07,499.157,1.488,34326.296,36347.37,969.378,53.059,17.004,419.081,1.082,1.0607185,54
1011222,2023-08-07,459.478,1.561,35112.37,36417.926,969.052,52.674,16.902,419.081,1.082,1.0466467,54
0101121B,2023-08-07 01:00,534.855,1.902,34261.917,35578.233,969.127,56.753,16.471,419.823,1.139,1.0960869,60
0101121E,2023-08-07 01:00,502.258,1.544,34326.617,36244.267,969.392,57.737,16.374,419.823,1.139,1.1077879,60
1011222,2023-08-07 01:00,462.667,1.619,35117.75,36343.05,969.097,57.189,16.253,419.823,1.139,1.0892694,60
0101121B,2023-08-07 02:00,536.194,1.898,34321.204,35668.352,969.313,58.759,15.873,419.687,1.126,1.0931662,54
0101121E,2023-08-07 02:00,503.285,1.537,34360.111,36340.556,969.576,59.744,15.774,419.687,1.126,1.1041423,54
1011222,2023-08-07 02:00,463.719,1.615,35157.63,36446.148,969.293,59.097,15.653,419.687,1.126,1.0840771,54
0101121B,2023-08-07 03:00,535.886,1.873,34317.947,35728.825,969.449,57.587,15.937,419.768,1.105,1.0756489,57
0101121E,2023-08-07 03:00,502.916,1.516,34364.491,36403.386,969.719,58.493,15.798,419.768,1.105,1.0826298,57
1011222,2023-08-07 03:00,463.33,1.594,35164.14,36508.579,969.412,57.963,15.661,419.768,1.105,1.0637698,57
0101121B,2023-08-07 04:00,536.572,1.844,34376.862,35876.362,969.659,58.22,15.41,420.182,1.084,1.0511046,58
0101121E,2023-08-07 04:00,503.547,1.487,34394.362,36556.086,969.936,59.12,15.305,420.182,1.084,1.0598577,58
1011222,2023-08-07 04:00,463.9,1.565,35195.828,36667.914,969.579,58.482,15.221,420.182,1.084,1.0432103,58
0101121B,2023-08-07 05:00,537.05,1.87,34235.554,35671.214,970.027,55.758,16.4,419.593,1.089,1.0710955,56
0101121E,2023-08-07 05:00,502.654,1.513,34326.732,36352.089,970.295,56.553,16.287,419.593,1.089,1.0782347,56
1011222,2023-08-07 05:00,462.664,1.593,35125.964,36430.143,969.996,56.025,16.168,419.593,1.089,1.0604985,56
0101121B,2023-08-07 06:00,534.138,1.877,34083.385,35462,970.212,50.913,17.85,417.345,1.087,1.0726367,52
0101121E,2023-08-07 06:00,499.038,1.52,34263.231,36156.962,970.481,51.519,17.73,417.345,1.087,1.07689,52
1011222,2023-08-07 06:00,458.931,1.602,35053.288,36184.846,970.171,51.309,17.577,417.345,1.087,1.0625784,52
0101121B,2023-08-07 07:00,530.656,1.886,34029.615,35333.981,970.604,48.634,18.63,414.089,1.094,1.0757122,52
0101121E,2023-08-07 07:00,494.958,1.528,34268.5,36043.769,970.879,49.297,18.442,414.089,1.094,1.0773085,52
1011222,2023-08-07 07:00,455.756,1.613,35038.865,36040.962,970.537,49.164,18.302,414.089,1.094,1.065403,52
0101121B,2023-08-07 08:00,533.424,2.025,34113.804,35091.804,971.082,56.315,17.708,413.862,1.215,1.1705604,51
0101121E,2023-08-07 08:00,498.3,1.651,34286.353,35771.333,971.343,57.35,17.602,413.862,1.215,1.1838044,51
1011222,2023-08-07 08:00,459.714,1.743,35057.02,35801.804,971.047,57.088,17.395,413.862,1.215,1.1634671,51
0101121B,2023-08-07 09:00,532.98,2.126,33760.74,34506.16,971.174,51.278,20.198,410.465,1.227,1.238534,50
0101121E,2023-08-07 09:00,494.782,1.751,34105.2,35175.9,971.448,52.068,20.104,410.465,1.227,1.2492277,50
1011222,2023-08-07 09:00,455.612,1.848,34865.76,35127.96,971.17,51.881,19.877,410.465,1.227,1.2280565,50
0101121B,2023-08-07 10:00,523.826,1.987,33796.211,34767.368,971.167,45.423,20.981,411.896,1.166,1.155062,57
0101121E,2023-08-07 10:00,489.716,1.62,34112.088,35470.614,971.425,45.861,20.95,411.896,1.166,1.1636681,57
1011222,2023-08-07 10:00,452.872,1.707,34832.491,35420.561,971.123,46.002,20.665,411.896,1.166,1.1474129,57
0101121B,2023-08-07 11:00,524.441,1.97,33914,34917.196,971.339,47.261,20.134,411.461,1.148,1.1459365,51
0101121E,2023-08-07 11:00,489.982,1.608,34202.137,35608.078,971.557,47.801,20.042,411.461,1.148,1.1522699,51
1011222,2023-08-07 11:00,452.469,1.689,34931.216,35579.725,971.269,47.731,19.876,411.461,1.148,1.1391301,51
0101121B,2023-08-07 12:00,528.317,2.049,33294.814,34214.034,971.161,39.335,23.8,409.089,1.14,1.1697561,59
0101121E,2023-08-07 12:00,489.295,1.69,33849.102,34941.085,971.408,40.092,23.511,409.089,1.14,1.1726749,59
1011222,2023-08-07 12:00,451.239,1.781,34562.763,34812.678,971.161,40.14,23.261,409.089,1.14,1.158721,59
0101121B,2023-08-07 13:00,522.958,1.973,33127.623,34166.774,971.168,33.734,25.44,407.777,1.106,1.1165451,53
0101121E,2023-08-07 13:00,485.047,1.608,33756.302,34970.887,971.425,34.504,25.037,407.777,1.106,1.1158003,53
1011222,2023-08-07 13:00,448.368,1.708,34427.547,34766.792,971.162,34.755,24.837,407.777,1.106,1.1110839,53
0101121B,2023-08-07 14:00,517.103,2.121,33528.655,34087.121,971.617,42.184,23.492,407.274,1.266,1.25051,58
0101121E,2023-08-07 14:00,483.453,1.742,33991.621,34831.879,971.838,43.07,23.192,407.274,1.266,1.2536799,58
1011222,2023-08-07 14:00,447.709,1.835,34671.052,34713.5,971.586,43.265,22.944,407.274,1.266,1.2412295,58
0101121B,2023-08-07 15:00,518.453,1.916,33429.466,34529.845,971.6,35.724,23.993,408.529,1.104,1.0957964,58
0101121E,2023-08-07 15:00,483.548,1.552,33934.414,35319.966,971.817,36.381,23.706,408.529,1.104,1.0968703,58
1011222,2023-08-07 15:00,447.964,1.646,34608.69,35167.466,971.593,36.677,23.431,408.529,1.104,1.0879975,58
0101121B,2023-08-07 16:00,523.688,2.154,33866.483,34403.31,971.667,51.585,20.544,412.56,1.358,1.2807609,58
0101121E,2023-08-07 16:00,490.584,1.775,34145.655,35070.155,971.845,52.223,20.51,412.56,1.358,1.2932529,58
1011222,2023-08-07 16:00,455.417,1.857,34825.621,35044.879,971.638,52.332,20.334,412.56,1.358,1.2826269,58
0101121B,2023-08-07 17:00,520.284,1.931,33954.017,34993.259,971.672,46.02,20.337,410.825,1.133,1.1305663,58
0101121E,2023-08-07 17:00,487.691,1.572,34221.552,35690.414,971.86,46.396,20.265,410.825,1.133,1.1344435,58
1011222,2023-08-07 17:00,451.95,1.645,34910.862,35666.19,971.666,46.296,20.157,410.825,1.133,1.1246638,58
0101121B,2023-08-07 18:00,522.62,1.967,34040.017,35011.034,971.729,49.521,19.479,412.822,1.197,1.1530038,59
0101121E,2023-08-07 18:00,490.229,1.603,34261.288,35704.881,971.917,50.082,19.392,412.822,1.197,1.1596286,59
1011222,2023-08-07 18:00,454.385,1.674,34944.085,35692.831,971.649,49.617,19.428,412.822,1.197,1.151768,59
0101121B,2023-08-07 19:00,550.791,1.963,33927.509,35345.421,971.895,57.115,17.016,434.887,1.243,1.1381049,57
0101121E,2023-08-07 19:00,516.34,1.595,34022.175,36004.614,972.111,58.289,17.07,434.887,1.243,1.1649651,57
1011222,2023-08-07 19:00,480.082,1.673,34729,36074.684,971.87,57.332,16.945,434.887,1.243,1.1373188,57
0101121B,2023-08-07 20:00,568.32,1.973,33874.037,35538.389,971.857,63.251,15.301,445.616,1.22,1.131285,54
0101121E,2023-08-07 20:00,531.594,1.594,33905.37,36208.685,972.054,64.545,15.358,445.616,1.22,1.1585274,54
1011222,2023-08-07 20:00,495.159,1.683,34622.093,36305.333,971.783,63.566,15.229,445.616,1.22,1.1318432,54
0101121B,2023-08-07 21:00,580.66,1.95,33767.385,35690.154,971.681,64.843,14.608,455.414,1.192,1.1095747,52
0101121E,2023-08-07 21:00,543.094,1.57,33766.654,36360.885,971.9,66.191,14.684,455.414,1.192,1.1379428,52
1011222,2023-08-07 21:00,505.933,1.659,34495.385,36486.231,971.579,64.93,14.536,455.414,1.192,1.1060699,52
0101121B,2023-08-07 22:00,587.045,1.941,33737.125,35784.429,971.471,66.574,14.033,458.109,1.181,1.0978431,56
0101121E,2023-08-07 22:00,548.561,1.563,33719.286,36451.018,971.739,68.124,14.096,458.109,1.181,1.1276569,56
1011222,2023-08-07 22:00,510.948,1.654,34457.321,36586.786,971.386,66.69,13.965,458.109,1.181,1.0949517,56
0101121B,2023-08-07 23:00,587.737,1.948,33723.754,35762.947,971.102,66.768,14.054,458.572,1.165,1.1028988,57
0101121E,2023-08-07 23:00,548.535,1.565,33717.754,36443.561,971.34,68.06,14.123,458.572,1.165,1.1290235,57
1011222,2023-08-07 23:00,511.016,1.657,34455.439,36575.86,971.004,66.775,13.973,458.572,1.165,1.097381,57
0101121B,2023-08-08,591.092,1.952,33683.102,35765.627,970.747,67.226,13.951,460.207,1.162,1.1034661,59
0101121E,2023-08-08,551.544,1.568,33675.102,36443.983,970.992,68.51,14.018,460.207,1.162,1.1291933,59
1011222,2023-08-08,513.673,1.661,34415.356,36577.492,970.666,67.166,13.893,460.207,1.162,1.0984602,59
0101121B,2023-08-08 01:00,596.836,1.927,33624.357,35868.929,970.523,67.174,13.695,466.92,1.158,1.0848873,56
0101121E,2023-08-08 01:00,557.277,1.549,33598.018,36535.054,970.779,68.627,13.775,466.92,1.158,1.1137723,56
1011222,2023-08-08 01:00,518.929,1.64,34345.786,36685.018,970.425,67.084,13.628,466.92,1.158,1.0788455,56
0101121B,2023-08-08 02:00,610.078,1.85,33523.964,36190.509,970.278,67.256,12.838,480.514,1.125,1.0274025,55
0101121E,2023-08-08 02:00,570.676,1.488,33443.727,36836.455,970.531,69.268,12.897,480.514,1.125,1.0619223,55
1011222,2023-08-08 02:00,531.582,1.577,34202.436,37014.055,970.24,67.218,12.773,480.514,1.125,1.0225372,55
0101121B,2023-08-08 03:00,629.954,1.805,33303.357,36408.786,970.336,67.849,12.119,496.98,1.086,0.9885339,56
0101121E,2023-08-08 03:00,589.396,1.445,33190.589,37062.875,970.616,69.869,12.178,496.98,1.086,1.0216161,56
1011222,2023-08-08 03:00,549.177,1.533,33959.857,37262.571,970.3,67.646,12.066,496.98,1.086,0.9821832,56
0101121B,2023-08-08 04:00,640.472,1.8,33174.404,36451.368,970.579,68.528,11.872,506.335,1.088,0.9821531,57
0101121E,2023-08-08 04:00,599.13,1.439,33054.596,37110.526,970.853,70.538,11.923,506.335,1.088,1.0140051,57
1011222,2023-08-08 04:00,558.204,1.529,33829.965,37309.684,970.488,68.331,11.812,506.335,1.088,0.9755695,57
0101121B,2023-08-08 05:00,637.128,2.009,33009.317,35633.3,970.763,69.743,13.729,498.175,1.164,1.1296749,60
0101121E,2023-08-08 05:00,593.053,1.604,33025.367,36356.8,971.04,70.876,13.746,498.175,1.164,1.1486385,60
1011222,2023-08-08 05:00,552.242,1.709,33773.2,36461.967,970.675,69.371,13.674,498.175,1.164,1.1195304,60
0101121B,2023-08-08 06:00,588.116,2.155,33297.291,34811.073,970.604,61.867,17.314,455.278,1.185,1.2569015,55
0101121E,2023-08-08 06:00,544.975,1.725,33525.618,35591,970.909,62.595,17.233,455.278,1.185,1.2653639,55
1011222,2023-08-08 06:00,505.996,1.856,34240.818,35514.236,970.564,62.291,17.187,455.278,1.185,1.2561731,55
0101121B,2023-08-08 07:00,549.882,2.123,33360.533,34396.517,970.273,48.105,21.114,425.591,1.209,1.2371818,60
0101121E,2023-08-08 07:00,508.595,1.72,33792.383,35169.567,970.618,48.641,20.92,425.591,1.209,1.2356123,60
1011222,2023-08-08 07:00,471.772,1.835,34457.183,35008.55,970.283,48.216,20.935,425.591,1.209,1.2265626,60
0101121B,2023-08-08 08:00,537.781,2.178,32833.246,33629.228,969.828,36.615,25.845,416.589,1.232,1.2524972,57
0101121E,2023-08-08 08:00,496.947,1.787,33482.754,34406.895,970.139,36.901,25.665,416.589,1.232,1.2481817,57
1011222,2023-08-08 08:00,461.389,1.903,34092.175,34136.316,969.854,36.801,25.634,416.589,1.232,1.2427095,57
0101121B,2023-08-08 09:00,534.705,2.193,32154.845,32970.638,969.61,27.552,30.374,414.353,1.208,1.2261584,58
0101121E,2023-08-08 09:00,493.386,1.793,32975.621,33792.603,969.876,27.343,30.422,414.353,1.208,1.2197136,58
1011222,2023-08-08 09:00,460.024,1.928,33526.397,33413.569,969.647,27.43,30.235,414.353,1.208,1.2108921,58
0101121B,2023-08-08 10:00,521.18,2.015,32067.733,33109.217,969.27,22.244,32.161,407.744,1.099,1.101261,60
0101121E,2023-08-08 10:00,482.928,1.624,32951.317,34013.2,969.51,22.328,32.01,407.744,1.099,1.0958895,60
1011222,2023-08-08 10:00,451.918,1.76,33455.383,33583.467,969.287,22.491,31.845,407.744,1.099,1.0937898,60
0101121B,2023-08-08 11:00,520.66,1.939,31917.845,33142,968.986,19.768,33.102,407.986,1.042,1.0316737,58
0101121E,2023-08-08 11:00,482.397,1.552,32834.966,34073.483,969.169,19.877,32.964,407.986,1.042,1.0292336,58
1011222,2023-08-08 11:00,452.016,1.694,33333.724,33619.241,969.047,20.129,32.709,407.986,1.042,1.0275383,58
0101121B,2023-08-08 12:00,511.833,1.896,32162.345,33339.897,968.769,20.481,32.461,406.138,1.045,1.032265,58
0101121E,2023-08-08 12:00,476.747,1.515,33018.672,34267.379,968.936,20.641,32.293,406.138,1.045,1.0304172,58
1011222,2023-08-08 12:00,446.984,1.646,33516.983,33844.034,968.867,20.904,32.038,406.138,1.045,1.0287524,58
0101121B,2023-08-08 13:00,510.202,1.916,32168.035,33264.842,968.647,20.666,32.577,404.891,1.066,1.0480346,57
0101121E,2023-08-08 13:00,474.907,1.529,33053.386,34220.965,968.816,21.009,32.263,404.891,1.066,1.0467469,57
1011222,2023-08-08 13:00,445.205,1.664,33561.982,33799.456,968.744,21.365,31.943,404.891,1.066,1.0454315,57
0101121B,2023-08-08 14:00,511.455,2.031,31845.569,32745.621,968.395,19.588,34.37,404.268,1.135,1.0983879,58
0101121E,2023-08-08 14:00,474.807,1.615,32842.931,33782.207,968.547,20.188,33.868,404.268,1.135,1.1008018,58
1011222,2023-08-08 14:00,445.772,1.772,33345.103,33320.5,968.533,20.646,33.424,404.268,1.135,1.0982457,58
0101121B,2023-08-08 15:00,507.467,1.995,32113.948,33007.862,968.15,21.015,33.146,404.631,1.138,1.1002096,58
0101121E,2023-08-08 15:00,472.772,1.591,33053.741,34030.069,968.293,21.793,32.526,404.631,1.138,1.101526,58
1011222,2023-08-08 15:00,443.44,1.726,33549.793,33606.103,968.291,22.159,32.257,404.631,1.138,1.1035429,58
0101121B,2023-08-08 16:00,502.773,1.879,32833.929,33857.732,968.004,25.423,29.276,405.202,1.108,1.0682641,56
0101121E,2023-08-08 16:00,470.559,1.499,33552.911,34779.357,968.171,26.001,28.904,405.202,1.108,1.0696451,56
1011222,2023-08-08 16:00,440.643,1.604,34077.982,34467.232,968.138,26.233,28.727,405.202,1.108,1.0682043,56
0101121B,2023-08-08 17:00,504.513,1.874,33309.545,34311.545,968.165,31.215,26.19,408.696,1.144,1.0948607,55
0101121E,2023-08-08 17:00,473.678,1.506,33828.345,35119.2,968.304,31.365,26.174,408.696,1.144,1.0989852,55
1011222,2023-08-08 17:00,442.855,1.595,34384.273,34898.073,968.318,31.531,26.046,408.696,1.144,1.0965278,55
0101121B,2023-08-08 18:00,515.895,1.971,33425.105,34342.912,968.409,37.473,24.287,418.86,1.249,1.1728756,57
0101121E,2023-08-08 18:00,485.204,1.597,33837.333,35099.684,968.575,37.649,24.326,418.86,1.249,1.1809679,57
1011222,2023-08-08 18:00,453.477,1.679,34410.175,34943.404,968.537,37.722,24.233,418.86,1.249,1.1767181,57
0101121B,2023-08-08 19:00,563.161,2.11,33030.051,34318.492,968.754,46.816,21.972,460.667,1.401,1.2737674,59
0101121E,2023-08-08 19:00,530.854,1.722,33310.61,35033.881,968.868,47.198,22.034,460.667,1.401,1.2889442,59
1011222,2023-08-08 19:00,497.178,1.805,33898.627,34949.034,968.856,47.246,21.914,460.667,1.401,1.2809302,59
0101121B,2023-08-08 20:00,572.845,2.134,33098.569,34459.948,968.783,51.971,20.47,467.515,1.395,1.290666,58
0101121E,2023-08-08 20:00,539.628,1.743,33318.293,35159.224,968.907,52.472,20.499,467.515,1.395,1.305295,58
1011222,2023-08-08 20:00,504.645,1.823,33933.379,35122.293,968.89,52.316,20.412,467.515,1.395,1.2944289,58
0101121B,2023-08-08 21:00,590.741,2.186,32906.414,34409.931,968.703,55.274,19.889,481.856,1.418,1.3247943,58
0101121E,2023-08-08 21:00,555.783,1.787,33110.293,35104.517,968.817,55.827,19.918,481.856,1.418,1.3403113,58
1011222,2023-08-08 21:00,519.259,1.868,33743.207,35087.966,968.812,55.522,19.82,481.856,1.418,1.324947,58
0101121B,2023-08-08 22:00,605.209,2.214,32715.036,34362.236,968.595,56.677,19.71,492.311,1.433,1.3436466,55
0101121E,2023-08-08 22:00,568.971,1.815,32918.509,35048.364,968.76,57.345,19.733,492.311,1.433,1.3612065,55
1011222,2023-08-08 22:00,531.8,1.897,33549.582,35033.891,968.736,56.901,19.652,492.311,1.433,1.3438765,55
0101121B,2023-08-08 23:00,583.978,2.199,33026.466,34393.966,968.217,56.017,19.769,472.224,1.394,1.3333547,58
0101121E,2023-08-08 23:00,548.124,1.798,33246.586,35090.69,968.362,56.528,19.789,472.224,1.394,1.3469743,58
1011222,2023-08-08 23:00,511.412,1.881,33890.5,35070.552,968.35,56.109,19.707,472.224,1.394,1.3302724,58
0101121B,2023-08-09,563.326,2.14,33352.684,34543.702,967.926,54.473,19.715,452.688,1.346,1.2926694,57
0101121E,2023-08-09,528.4,1.745,33575.105,35243.702,968.096,54.9,19.74,452.688,1.346,1.3046387,57
1011222,2023-08-09,492.193,1.828,34234.474,35226.684,968.051,54.574,19.629,452.688,1.346,1.2880193,57
0101121B,2023-08-09 01:00,558.462,2.142,33455.897,34562.586,967.766,55.115,19.528,447.985,1.353,1.2930727,58
0101121E,2023-08-09 01:00,523.634,1.748,33672.414,35258.259,967.972,55.614,19.551,447.985,1.353,1.3062983,58
1011222,2023-08-09 01:00,487.412,1.831,34340.069,35247.552,967.89,55.238,19.437,447.985,1.353,1.2884385,58
0101121B,2023-08-09 02:00,572.988,2.166,33258.672,34530.034,967.866,56.36,19.321,460.414,1.373,1.3051812,58
0101121E,2023-08-09 02:00,537.624,1.771,33455.431,35210.793,968.067,56.878,19.396,460.414,1.373,1.3229991,58
1011222,2023-08-09 02:00,501.097,1.855,34120.017,35211.017,968.021,56.528,19.236,460.414,1.373,1.3019499,58
0101121B,2023-08-09 03:00,583.168,2.194,33136.533,34494.317,968.203,58.064,19.069,467.296,1.389,1.3232607,60
0101121E,2023-08-09 03:00,546.94,1.795,33329.017,35176.217,968.418,58.734,19.11,467.296,1.389,1.3416744,60
1011222,2023-08-09 03:00,509.442,1.878,33999.75,35184.367,968.308,58.18,18.991,467.296,1.389,1.3193364,60
0101121B,2023-08-09 04:00,579.748,2.205,33175.607,34456.268,968.545,58.053,19.171,462.881,1.39,1.330972,56
0101121E,2023-08-09 04:00,543.495,1.805,33375.768,35133.554,968.771,58.702,19.221,462.881,1.39,1.3497637,56
1011222,2023-08-09 04:00,505.925,1.89,34051.982,35137.518,968.641,58.191,19.084,462.881,1.39,1.3268601,56
0101121B,2023-08-09 05:00,592.849,2.266,32891.132,34233.283,968.728,57.685,19.766,475.371,1.433,1.3720507,53
0101121E,2023-08-09 05:00,555.438,1.861,33128.34,34915.925,968.934,58.406,19.782,475.371,1.433,1.3903382,53
1011222,2023-08-09 05:00,517.085,1.946,33797.038,34903.717,968.851,57.795,19.662,475.371,1.433,1.3656726,53
0101121B,2023-08-09 06:00,599.418,2.334,32656.071,33947.857,969.17,56.151,20.747,481.957,1.471,1.4185149,56
0101121E,2023-08-09 06:00,561.155,1.919,32943.357,34641.018,969.389,56.663,20.783,481.957,1.471,1.4342759,56
1011222,2023-08-09 06:00,522.959,2.011,33594.304,34588.857,969.284,56.238,20.637,481.957,1.471,1.4109659,56
0101121B,2023-08-09 07:00,559.952,2.34,33097.25,33794.423,969.502,52.849,21.885,444.066,1.447,1.4273131,52
0101121E,2023-08-09 07:00,523.058,1.917,33461.712,34524.981,969.719,53.232,21.873,444.066,1.447,1.4360304,52
1011222,2023-08-09 07:00,486.215,2.011,34121.769,34439.019,969.596,52.899,21.691,444.066,1.447,1.411826,52
0101121B,2023-08-09 08:00,539.14,2.258,33102.057,33700.774,969.574,44.037,23.983,426.182,1.355,1.3535644,53
0101121E,2023-08-09 08:00,502.311,1.837,33581.509,34480.245,969.821,44.072,23.992,426.182,1.355,1.3549903,53
1011222,2023-08-09 08:00,466.919,1.953,34212.208,34270.566,969.675,44.087,23.845,426.182,1.355,1.3437969,53
0101121B,2023-08-09 09:00,535.148,2.275,32942.5,33475.224,969.36,40.364,25.422,422.123,1.372,1.352063,58
0101121E,2023-08-09 09:00,497.526,1.849,33512.914,34290.569,969.602,40.503,25.347,422.123,1.372,1.3504339,58
1011222,2023-08-09 09:00,462.971,1.971,34120,34036.19,969.481,40.565,25.198,422.123,1.372,1.3406906,58
0101121B,2023-08-09 10:00,527.666,2.276,32509.821,32998.696,969.118,32.518,28.852,413.899,1.336,1.3287718,56
0101121E,2023-08-09 10:00,489.323,1.851,33257.714,33862.071,969.373,32.742,28.688,413.899,1.336,1.3243811,56
1011222,2023-08-09 10:00,455.777,1.99,33824.446,33502.464,969.245,32.833,28.555,413.899,1.336,1.3184019,56
0101121B,2023-08-09 11:00,522.438,2.229,32079.241,32676.103,968.909,25.871,31.975,411.098,1.294,1.267865,58
0101121E,2023-08-09 11:00,485.326,1.808,32937.069,33582.483,969.14,26.06,31.809,411.098,1.294,1.2648925,58
1011222,2023-08-09 11:00,453.183,1.956,33467.828,33157.569,969.084,26.315,31.589,411.098,1.294,1.2614043,58
0101121B,2023-08-09 12:00,520.746,2.202,32325.327,32910.962,968.944,28.106,30.65,413.681,1.314,1.2774118,52
0101121E,2023-08-09 12:00,485.206,1.79,33103.558,33784.365,969.138,28.303,30.52,413.681,1.314,1.276537,52
1011222,2023-08-09 12:00,453.329,1.924,33645.308,33417.808,969.058,28.618,30.258,413.681,1.314,1.2717166,52
0101121B,2023-08-09 13:00,522.742,2.353,32038.5,32381.346,968.913,27.308,32.187,412.418,1.402,1.3542323,52
0101121E,2023-08-09 13:00,485.396,1.913,32911.327,33297.5,969.098,27.59,31.996,412.418,1.402,1.3532968,52
1011222,2023-08-09 13:00,453.929,2.072,33437.327,32865.885,969.087,27.912,31.709,412.418,1.402,1.3470181,52
0101121B,2023-08-09 14:00,515.667,2.347,32192.102,32438.714,969.008,27.958,31.927,409.008,1.423,1.3651256,49
0101121E,2023-08-09 14:00,480.212,1.906,33020.327,33343.694,969.18,28.145,31.825,409.008,1.423,1.3662541,49
1011222,2023-08-09 14:00,449.482,2.061,33538.776,32923.306,969.167,28.435,31.551,409.008,1.423,1.3591214,49
0101121B,2023-08-09 15:00,512.162,2.248,32595.782,32932.909,969.291,30.6,29.828,407.936,1.381,1.3264001,55
0101121E,2023-08-09 15:00,478.353,1.832,33310.709,33777.927,969.464,30.697,29.794,407.936,1.381,1.3277944,55
1011222,2023-08-09 15:00,446.713,1.956,33854.491,33441.6,969.442,30.924,29.589,407.936,1.381,1.3219967,55
0101121B,2023-08-09 16:00,511.536,2.237,32809.818,33128.236,969.569,33.001,28.584,408.528,1.389,1.3307978,55
0101121E,2023-08-09 16:00,478.84,1.825,33453.636,33950.309,969.72,33.082,28.569,408.528,1.389,1.3326586,55
1011222,2023-08-09 16:00,446.935,1.936,34011.6,33666.073,969.722,33.294,28.367,408.528,1.389,1.3256209,55
0101121B,2023-08-09 17:00,516.204,2.197,32963.625,33411.054,969.848,35.341,27.178,413.649,1.372,1.3123614,56
0101121E,2023-08-09 17:00,484.021,1.794,33533.571,34204.946,970.009,35.428,27.167,413.649,1.372,1.3145518,56
1011222,2023-08-09 17:00,451.55,1.893,34102.25,33965.75,969.982,35.587,27.012,413.649,1.372,1.3085311,56
0101121B,2023-08-09 18:00,525.767,2.245,32957.8,33428.291,970.136,38.527,26.262,422.862,1.43,1.3553085,55
0101121E,2023-08-09 18:00,493.738,1.842,33469.091,34189.855,970.271,38.65,26.3,422.862,1.43,1.3624666,55
1011222,2023-08-09 18:00,460.66,1.935,34042.036,33981.964,970.233,38.729,26.18,422.862,1.43,1.3556975,55
0101121B,2023-08-09 19:00,557.539,2.362,32622.235,33304.863,970.569,43.586,25.257,449.42,1.548,1.4437836,51
0101121E,2023-08-09 19:00,524.492,1.953,33067.451,34028.059,970.729,43.899,25.312,449.42,1.548,1.4587209,51
1011222,2023-08-09 19:00,489.857,2.044,33648.902,33861.843,970.733,43.904,25.164,449.42,1.548,1.446086,51
0101121B,2023-08-09 20:00,588.785,2.431,32311.396,33288.396,970.745,48.039,24.221,476.324,1.61,1.4955586,53
0101121E,2023-08-09 20:00,554.581,2.018,32700.906,33987.283,970.902,48.568,24.249,476.324,1.61,1.5144201,53
1011222,2023-08-09 20:00,518.592,2.107,33282.34,33853.132,970.853,48.41,24.126,476.324,1.61,1.4985317,53
0101121B,2023-08-09 21:00,603.069,2.482,32264.655,33321.982,970.884,52.617,23.112,491.43,1.663,1.5320996,55
0101121E,2023-08-09 21:00,567.976,2.06,32604.855,34013.109,971.053,53.269,23.142,491.43,1.663,1.5536632,55
1011222,2023-08-09 21:00,531.44,2.147,33191.873,33911.564,971,52.919,23.03,491.43,1.663,1.5331582,55
0101121B,2023-08-09 22:00,616.054,2.552,32112.386,33205.579,970.989,55.158,22.856,500.917,1.691,1.5818699,57
0101121E,2023-08-09 22:00,579.612,2.12,32449.228,33892.316,971.146,55.756,22.889,500.917,1.691,1.6018975,57
1011222,2023-08-09 22:00,542.389,2.207,33039.632,33805.825,971.093,55.289,22.764,500.917,1.691,1.5765961,57
0101121B,2023-08-09 23:00,646.11,2.54,31797.724,33327.707,971.047,57.436,22.074,526.035,1.698,1.570556,58
0101121E,2023-08-09 23:00,608.31,2.111,32090.138,34000.414,971.233,58.357,22.123,526.035,1.698,1.6001391,58
1011222,2023-08-09 23:00,569.981,2.197,32682.121,33940.724,971.178,57.643,21.972,526.035,1.698,1.5661892,58
0101121B,2023-08-10,673.32,2.536,31525.6,33429.745,970.998,59.822,21.328,545.644,1.696,1.5629658,55
0101121E,2023-08-10,632.86,2.106,31800.091,34098.345,971.198,61.01,21.368,545.644,1.696,1.5975898,55
1011222,2023-08-10,594.073,2.194,32384.236,34050.782,971.133,60.125,21.228,545.644,1.696,1.5609899,55
0101121B,2023-08-10 01:00,685.507,2.519,31499.643,33592.661,970.905,62.867,20.3,551.852,1.672,1.5420065,56
0101121E,2023-08-10 01:00,644.18,2.086,31730.482,34259.643,971.141,64.388,20.344,551.852,1.672,1.5832183,56
1011222,2023-08-10 01:00,605.007,2.179,32322.464,34234.464,971.036,63.25,20.196,551.852,1.672,1.5412967,56
0101121B,2023-08-10 02:00,662.045,2.457,31939.767,33841.967,971.115,64.45,19.404,525.272,1.606,1.4953458,60
0101121E,2023-08-10 02:00,621.02,2.024,32146.583,34519.367,971.325,65.914,19.453,525.272,1.606,1.5335982,60
1011222,2023-08-10 02:00,582.738,2.119,32755.65,34510.267,971.2,64.727,19.312,525.272,1.606,1.4930452,60
0101121B,2023-08-10 03:00,641.545,2.426,32287.069,33963.552,971.353,65.162,18.974,508.559,1.573,1.4714642,58
0101121E,2023-08-10 03:00,601.578,1.998,32478.19,34635.103,971.579,66.651,19.013,508.559,1.573,1.508404,58
1011222,2023-08-10 03:00,563.679,2.091,33102.052,34638.69,971.39,65.367,18.894,508.559,1.573,1.4687653,58
0101121B,2023-08-10 04:00,659.44,2.383,32130.431,34151.759,971.54,66.528,18.234,523.864,1.556,1.4339842,58
0101121E,2023-08-10 04:00,618.79,1.958,32280.983,34819.983,971.745,68.193,18.288,523.864,1.556,1.4745622,58
1011222,2023-08-10 04:00,579.678,2.048,32919.207,34853.81,971.548,66.59,18.152,523.864,1.556,1.4279484,58
0101121B,2023-08-10 05:00,645.076,2.493,32156.559,33734.119,971.715,64.975,19.581,510.59,1.565,1.5218175,59
0101121E,2023-08-10 05:00,603.866,2.046,32391.593,34437.034,971.953,66.213,19.62,510.59,1.565,1.553799,59
1011222,2023-08-10 05:00,564.781,2.154,33021.746,34383.712,971.754,64.905,19.541,510.59,1.565,1.516028,59
0101121B,2023-08-10 06:00,590.273,2.527,32480.508,33247.627,972.046,53.643,22.897,463.439,1.544,1.5366175,59
0101121E,2023-08-10 06:00,548.792,2.076,32928.559,33996.203,972.327,53.967,22.903,463.439,1.544,1.5458601,59
1011222,2023-08-10 06:00,511.698,2.203,33530.932,33787.61,972.132,53.062,22.936,463.439,1.544,1.5234049,59
0101121B,2023-08-10 07:00,570.154,2.6,32070.186,32498.051,972.136,40.957,27.579,445.873,1.544,1.5467132,59
0101121E,2023-08-10 07:00,527.908,2.143,32757.458,33300.339,972.388,41.017,27.535,445.873,1.544,1.5447197,59
1011222,2023-08-10 07:00,492.527,2.296,33320.763,32955.034,972.232,40.8,27.445,445.873,1.544,1.5290889,59
0101121B,2023-08-10 08:00,559.498,2.649,31529.036,31835.357,971.895,31.544,31.943,437.479,1.56,1.5366319,56
0101121E,2023-08-10 08:00,517.712,2.183,32398,32697.661,972.164,31.534,31.87,437.479,1.56,1.5293744,56
1011222,2023-08-10 08:00,484.238,2.356,32905.5,32249.482,972.057,31.567,31.753,437.479,1.56,1.5209906,56
0101121B,2023-08-10 09:00,543.376,2.663,31313.052,31442.241,971.612,26.521,34.689,422.605,1.552,1.507765,58
0101121E,2023-08-10 09:00,502.053,2.184,32288.034,32353.638,971.843,26.405,34.668,422.605,1.552,1.4993574,58
1011222,2023-08-10 09:00,470.828,2.379,32749.103,31830.362,971.748,26.447,34.563,422.605,1.552,1.4929141,58
0101121B,2023-08-10 10:00,537.919,2.659,30922.932,31076.288,971.022,22.155,37.474,418.985,1.526,1.4676761,59
0101121E,2023-08-10 10:00,497.939,2.162,31965.525,32045.729,971.198,21.974,37.53,418.985,1.526,1.4598997,59
1011222,2023-08-10 10:00,468.766,2.385,32376.254,31443.254,971.175,22.026,37.42,418.985,1.526,1.4545216,59
0101121B,2023-08-10 11:00,531.841,2.597,30863.644,31066.339,970.527,20.385,38.337,416.091,1.501,1.4180117,59
0101121E,2023-08-10 11:00,492.976,2.105,31943.068,32072.915,970.673,20.352,38.257,416.091,1.501,1.4094484,59
1011222,2023-08-10 11:00,464.807,2.332,32347.475,31463.797,970.702,20.552,38.072,416.091,1.501,1.4090965,59
0101121B,2023-08-10 12:00,532.298,2.566,30597.592,30905.143,970.445,18.257,39.854,416.401,1.448,1.3759305,49
0101121E,2023-08-10 12:00,493.316,2.06,31720.878,31960.959,970.584,18.231,39.795,416.401,1.448,1.3695094,49
1011222,2023-08-10 12:00,466.359,2.31,32119.306,31312.98,970.643,18.546,39.444,416.401,1.448,1.3671923,49
0101121B,2023-08-10 13:00,530.83,2.587,30539.912,30808.561,970.135,18.059,40.313,418.766,1.503,1.3969649,57
0101121E,2023-08-10 13:00,492.946,2.077,31690.246,31897.281,970.246,18.293,40.055,418.766,1.503,1.3955938,57
1011222,2023-08-10 13:00,466.833,2.329,32073.579,31249.456,970.3,18.628,39.702,418.766,1.503,1.3945468,57
0101121B,2023-08-10 14:00,527.372,2.474,30699.316,31104.561,969.916,17.864,39.675,417.789,1.44,1.3365464,57
0101121E,2023-08-10 14:00,489.646,1.971,31849.649,32223.614,970.026,18.303,39.305,417.789,1.44,1.342407,57
1011222,2023-08-10 14:00,463.332,2.201,32252.14,31610.825,970.102,18.685,38.886,417.789,1.44,1.3397746,57
0101121B,2023-08-10 15:00,523.33,2.376,30970.46,31455.5,969.864,18.477,38.443,417.326,1.38,1.2930298,50
0101121E,2023-08-10 15:00,486.322,1.874,32086.08,32603.86,969.922,19.017,38.01,417.326,1.38,1.2999464,50
1011222,2023-08-10 15:00,459.61,2.078,32507.12,32034.58,970.068,19.424,37.573,417.326,1.38,1.2965416,50
0101121B,2023-08-10 16:00,516.672,2.359,31717.736,32028.736,969.608,23.482,34.649,417.105,1.418,1.3310764,53
0101121E,2023-08-10 16:00,482.292,1.838,32627.981,33144.887,969.67,23.722,34.535,417.105,1.418,1.3366532,53
1011222,2023-08-10 16:00,454.585,1.999,33066.094,32668.396,969.775,23.993,34.289,417.105,1.418,1.3337239,53
0101121B,2023-08-10 17:00,520.815,2.36,32119.185,32412.407,969.643,28.286,31.884,420.648,1.461,1.378014,54
0101121E,2023-08-10 17:00,485.546,1.858,32926.833,33448.63,969.719,28.392,31.858,420.648,1.461,1.3809674,54
1011222,2023-08-10 17:00,456.374,1.991,33396.593,33056.981,969.833,28.599,31.691,420.648,1.461,1.3777538,54
0101121B,2023-08-10 18:00,536.557,2.489,32249.911,32458.393,969.893,34.931,29.624,436.442,1.629,1.4917244,56
0101121E,2023-08-10 18:00,502.207,1.986,32922.714,33415.196,969.977,35.042,29.689,436.442,1.629,1.5019542,56
1011222,2023-08-10 18:00,471.679,2.105,33416.179,33100.304,970.091,35.249,29.545,436.442,1.629,1.4983104,56
0101121B,2023-08-10 19:00,576.942,2.644,32090.509,32517.4,970.755,44.507,26.821,471.15,1.799,1.6149498,55
0101121E,2023-08-10 19:00,541.573,2.133,32618.255,33405.673,970.824,44.894,26.88,471.15,1.799,1.6346409,55
1011222,2023-08-10 19:00,508.691,2.239,33135.855,33182.091,970.947,44.983,26.757,471.15,1.799,1.6259683,55
0101121B,2023-08-10 20:00,625.675,2.689,31719.321,32703.792,971.311,51.808,24.612,512.63,1.839,1.6497941,53
0101121E,2023-08-10 20:00,587.672,2.173,32143.811,33566.566,971.408,52.441,24.664,512.63,1.839,1.6749308,53
1011222,2023-08-10 20:00,552.928,2.272,32668.491,33411.208,971.5,52.277,24.543,512.63,1.839,1.6576201,53
0101121B,2023-08-10 21:00,642.332,2.709,31695.804,32839.518,971.775,56.888,23.169,523.98,1.838,1.6608223,56
0101121E,2023-08-10 21:00,602.809,2.187,32065.571,33694.839,971.877,57.741,23.213,523.98,1.838,1.6899692,56
1011222,2023-08-10 21:00,567.529,2.283,32598.25,33581.286,971.893,57.275,23.103,523.98,1.838,1.6652916,56
0101121B,2023-08-10 22:00,671.342,2.723,31455.527,32949.473,971.92,60.9,22.035,544.386,1.817,1.659573,55
0101121E,2023-08-10 22:00,630.018,2.19,31773.418,33811.218,972.022,61.858,22.094,544.386,1.817,1.6915773,55
1011222,2023-08-10 22:00,593.705,2.286,32311.382,33728.327,972.115,61.063,21.978,544.386,1.817,1.6579868,55
0101121B,2023-08-10 23:00,691.722,2.7,31314.203,33114.492,972.044,63.727,21.061,559.758,1.776,1.6361823,59
0101121E,2023-08-10 23:00,649.647,2.167,31582.966,33970.492,972.151,64.941,21.113,559.758,1.776,1.6724857,59
1011222,2023-08-10 23:00,611.807,2.267,32137.254,33909.627,972.169,63.87,21,559.758,1.776,1.6334731,59
0101121B,2023-08-11,694.205,2.659,31387.068,33296.39,972.195,65.521,20.267,557.429,1.734,1.6018438,59
0101121E,2023-08-11,651.475,2.131,31628.831,34149.932,972.332,66.905,20.316,557.429,1.734,1.6404144,59
1011222,2023-08-11,613.388,2.23,32193.915,34108.186,972.319,65.598,20.21,557.429,1.734,1.5978844,59
0101121B,2023-08-11 01:00,683.988,2.634,31595.633,33414.7,972.495,66.826,19.729,548.127,1.698,1.5798696,60
0101121E,2023-08-11 01:00,642.273,2.108,31807.95,34266.067,972.652,68.334,19.778,548.127,1.698,1.620162,60
1011222,2023-08-11 01:00,603.777,2.21,32396.567,34235.983,972.593,66.959,19.646,548.127,1.698,1.5747413,60
0101121B,2023-08-11 02:00,709.897,2.586,31325.017,33589.19,972.624,67.586,19.135,570.391,1.663,1.5395293,58
0101121E,2023-08-11 02:00,667.164,2.069,31503.431,34428.431,972.819,69.234,19.191,570.391,1.663,1.5822921,58
1011222,2023-08-11 02:00,627.362,2.167,32096.241,34421.638,972.717,67.58,19.074,570.391,1.663,1.5334741,58
0101121B,2023-08-11 03:00,723.981,2.531,31202.864,33767.814,972.71,67.818,18.649,584.174,1.627,1.4986004,59
0101121E,2023-08-11 03:00,681.169,2.024,31348.644,34599.068,972.903,69.634,18.713,584.174,1.627,1.5445057,59
1011222,2023-08-11 03:00,640.125,2.119,31957.831,34616.237,972.808,67.828,18.562,584.174,1.627,1.490454,59
0101121B,2023-08-11 04:00,737.266,2.532,31056.357,33790.268,972.893,68.585,18.436,594.499,1.622,1.4952146,56
0101121E,2023-08-11 04:00,693.43,2.025,31196.911,34618.429,973.098,70.465,18.485,594.499,1.622,1.5406001,56
1011222,2023-08-11 04:00,651.941,2.122,31803.268,34635.393,973.025,68.604,18.362,594.499,1.622,1.4884876,56
0101121B,2023-08-11 05:00,718.41,2.715,31101.339,33206.068,973.181,67.973,20.001,574.67,1.666,1.6335773,59
0101121E,2023-08-11 05:00,673.741,2.167,31337.763,34082.339,973.395,69.282,20.047,574.67,1.666,1.6692096,59
1011222,2023-08-11 05:00,632.807,2.282,31930.237,34014.847,973.269,67.708,19.946,574.67,1.666,1.6213551,59
0101121B,2023-08-11 06:00,673.313,2.908,31263.927,32434.309,973.28,60.708,23.211,534.951,1.762,1.77098,55
0101121E,2023-08-11 06:00,627.318,2.334,31697.4,33336.509,973.542,61.444,23.275,534.951,1.762,1.7985489,55
1011222,2023-08-11 06:00,588.413,2.485,32256.782,33101.145,973.453,60.362,23.234,534.951,1.762,1.7628132,55
0101121B,2023-08-11 07:00,635.162,2.998,31034.75,31656.038,973.2,45.202,28.306,501.776,1.799,1.7802471,52
0101121E,2023-08-11 07:00,585.988,2.417,31779.462,32613.5,973.488,45.381,28.233,501.776,1.799,1.7794657,52
1011222,2023-08-11 07:00,550.21,2.59,32285.981,32243.75,973.375,44.983,28.149,501.776,1.799,1.7561748,52
0101121B,2023-08-11 08:00,611.686,3.125,30586.914,30831.448,973.222,34.58,33.218,482.302,1.855,1.8043772,58
0101121E,2023-08-11 08:00,563.488,2.524,31522.966,31836.379,973.472,34.508,33.182,482.302,1.855,1.7963352,58
1011222,2023-08-11 08:00,530.574,2.73,31973.845,31354.448,973.381,34.519,33.038,482.302,1.855,1.7827889,58
0101121B,2023-08-11 09:00,589.381,3.171,30268.796,30269.074,972.957,29.877,36.61,465.031,1.873,1.799969,54
0101121E,2023-08-11 09:00,545.639,2.58,31277.464,31274.179,973.193,27.585,37.143,465.031,1.873,1.7882952,56
1011222,2023-08-11 09:00,515.802,2.834,31656.25,30677.446,973.132,27.58,37.076,465.031,1.873,1.7813328,56
0101121B,2023-08-11 10:00,575.702,2.557,29789.521,29705.208,972.704,28.592,39.257,452.97,1.854,1.7443954,48
0101121E,2023-08-11 10:00,534.65,2.582,30857.278,30772.463,972.943,21.253,41.403,452.97,1.854,1.73278,54
1011222,2023-08-11 10:00,508.259,2.899,31170.574,30068.204,972.902,21.312,41.302,452.97,1.854,1.7283469,54
0101121B,2023-08-11 11:00,557.075,2.988,29865.754,29915.07,972.458,18.764,42.094,439.958,1.723,1.5913914,57
0101121E,2023-08-11 11:00,519.258,2.388,30996.298,31040.579,972.609,18.667,42.055,439.958,1.723,1.5796192,57
1011222,2023-08-11 11:00,494.323,2.696,31309.965,30329.912,972.642,18.901,41.842,439.958,1.723,1.5815586,57
0101121B,2023-08-11 12:00,542.781,2.951,29975,29898.151,972.242,17.892,42.625,427.701,1.704,1.560887,53
0101121E,2023-08-11 12:00,506.113,2.344,31118.604,31048.189,972.385,17.846,42.614,427.701,1.704,1.5556479,53
1011222,2023-08-11 12:00,482.043,2.663,31451.66,30336.736,972.445,18.182,42.206,427.701,1.704,1.5512862,53
0101121B,2023-08-11 13:00,533.628,2.834,29854,29876.404,972.005,15.592,44.071,419.611,1.616,1.4663542,57
0101121E,2023-08-11 13:00,498.012,2.234,31074.614,31101.14,972.112,15.857,43.768,419.611,1.616,1.4680839,57
1011222,2023-08-11 13:00,474.833,2.563,31390.175,30348.684,972.26,16.214,43.385,419.611,1.616,1.4712417,57
0101121B,2023-08-11 14:00,529.688,2.769,29896.667,29975.588,971.655,15.153,44.143,419.097,1.604,1.4316629,51
0101121E,2023-08-11 14:00,494.739,2.174,31139.824,31237.353,971.731,15.598,43.666,419.097,1.604,1.4376202,51
1011222,2023-08-11 14:00,471.988,2.487,31447.235,30496.137,971.929,15.941,43.313,419.097,1.604,1.4420401,51
0101121B,2023-08-11 15:00,522.289,2.603,30437.463,30597.963,971.319,16.894,41.628,418.589,1.541,1.399245,54
0101121E,2023-08-11 15:00,489.237,2.05,31580.093,31796.222,971.374,17.372,41.237,418.589,1.541,1.4094296,54
1011222,2023-08-11 15:00,465.376,2.304,31921.167,31134.87,971.537,17.698,40.884,418.589,1.541,1.4090563,54
0101121B,2023-08-11 16:00,518.015,2.587,30909.566,30958.792,970.989,20.059,39.259,420.047,1.59,1.4576999,53
0101121E,2023-08-11 16:00,487.057,2.047,31922.642,32086.302,971.045,20.345,39.078,420.047,1.59,1.4643765,53
1011222,2023-08-11 16:00,462.334,2.267,32262.094,31470.792,971.234,20.52,38.924,420.047,1.59,1.4651225,53
0101121B,2023-08-11 17:00,515.432,2.608,31747.604,31563.547,970.798,27.886,34.586,424.98,1.703,1.5758576,53
0101121E,2023-08-11 17:00,489.26,2.107,32512.849,32540.528,970.836,27.969,34.536,424.98,1.703,1.5760806,53
1011222,2023-08-11 17:00,462.049,2.266,32909.642,32074.509,971.03,28.071,34.479,424.98,1.703,1.5766696,53
0101121B,2023-08-11 18:00,548.74,2.807,31707.1,31561.24,970.848,36.146,31.84,455.693,1.955,1.7489092,50
0101121E,2023-08-11 18:00,521.404,2.3,32335,32441.42,970.912,36.336,31.929,455.693,1.955,1.7666711,50
1011222,2023-08-11 18:00,492.178,2.442,32771.88,32074.7,971.092,36.481,31.778,455.693,1.955,1.7584905,50
0101121B,2023-08-11 19:00,598.376,2.9,31550.6,31841.08,971.172,46.485,28.298,496.399,2.049,1.8384475,50
0101121E,2023-08-11 19:00,568.576,2.392,32029.16,32660.82,971.228,46.814,28.364,496.399,2.049,1.8585477,50
1011222,2023-08-11 19:00,536.592,2.515,32496,32393.24,971.374,47.022,28.227,496.399,2.049,1.8519617,50
0101121B,2023-08-11 20:00,619.375,2.873,31552.643,32131.018,971.168,51.674,26.355,518.469,2.011,1.8252208,56
0101121E,2023-08-11 20:00,588.961,2.368,31942.036,32928.643,971.255,52.154,26.409,518.469,2.011,1.8477913,56
1011222,2023-08-11 20:00,555.439,2.475,32430.018,32727.946,971.391,52.098,26.286,518.469,2.011,1.8322897,56
0101121B,2023-08-11 21:00,655.302,2.877,31275.37,32305.019,971.194,56.402,24.852,542.523,2.003,1.8229755,54
0101121E,2023-08-11 21:00,621.965,2.368,31612.685,33090.852,971.287,57.136,24.901,542.523,2.003,1.8519305,54
1011222,2023-08-11 21:00,586.878,2.472,32110.426,32934.407,971.394,56.806,24.783,542.523,2.003,1.8281856,54
0101121B,2023-08-11 22:00,698.784,2.869,30878.24,32472.42,971.276,60.285,23.593,583.818,1.991,1.80671,50
0101121E,2023-08-11 22:00,663.172,2.358,31159.6,33250.32,971.384,61.381,23.637,583.818,1.991,1.8441641,50
1011222,2023-08-11 22:00,626.25,2.458,31663.3,33129.68,971.448,60.632,23.521,583.818,1.991,1.8089461,50
0101121B,2023-08-11 23:00,739.64,2.833,30496.069,32669.172,971.236,63.085,22.531,611.117,1.927,1.7733255,58
0101121E,2023-08-11 23:00,701.55,2.321,30733.276,33447.759,971.374,64.243,22.572,611.117,1.927,1.8101021,58
1011222,2023-08-11 23:00,663.086,2.418,31239.707,33358.431,971.364,63.157,22.479,611.117,1.927,1.7695856,58
0101121B,2023-08-12,730.066,2.793,30713.259,32833.569,970.976,64.703,21.821,601.616,1.882,1.742442,58
0101121E,2023-08-12,692.703,2.286,30918.431,33605.534,971.107,66.033,21.859,601.616,1.882,1.7821305,58
1011222,2023-08-12,654.24,2.385,31439.569,33530.31,971.107,64.856,21.747,601.616,1.882,1.7383667,58
0101121B,2023-08-12 01:00,733.134,2.805,30691.071,32822.911,970.709,65.439,21.696,602.5,1.864,1.74929,56
0101121E,2023-08-12 01:00,694.846,2.294,30901.554,33598.071,970.887,66.778,21.729,602.5,1.864,1.788363,56
1011222,2023-08-12 01:00,655.848,2.398,31429.054,33515.482,970.873,65.562,21.632,602.5,1.864,1.7454865,56
0101121B,2023-08-12 02:00,723.954,2.812,30776.982,32781.732,970.561,64.722,21.929,594.798,1.854,1.7551879,56
0101121E,2023-08-12 02:00,686.007,2.3,31000,33560.036,970.727,65.914,21.965,594.798,1.854,1.7911373,56
1011222,2023-08-12 02:00,646.466,2.406,31540.589,33469.464,970.646,64.831,21.856,594.798,1.854,1.7502029,56
0101121B,2023-08-12 03:00,744.564,2.799,30566.881,32852.864,970.364,65.688,21.553,612.505,1.857,1.741307,59
0101121E,2023-08-12 03:00,705.668,2.293,30772.068,33617.915,970.547,67.129,21.583,612.505,1.857,1.7823879,59
1011222,2023-08-12 03:00,665.698,2.396,31307.542,33542.203,970.503,65.809,21.479,612.505,1.857,1.7363893,59
0101121B,2023-08-12 04:00,767.234,2.854,30226.069,32689.155,970.376,65.259,22.001,634.176,1.87,1.7778498,58
0101121E,2023-08-12 04:00,727.148,2.341,30448.741,33456.483,970.595,66.589,22.023,634.176,1.87,1.8160582,58
1011222,2023-08-12 04:00,685.928,2.449,30980.172,33361.931,970.497,65.386,21.918,634.176,1.87,1.7720552,58
0101121B,2023-08-12 05:00,713.351,2.966,30686.945,32280.273,970.342,62.009,23.607,582.759,1.92,1.86133,55
0101121E,2023-08-12 05:00,672.565,2.431,31029.164,33081.618,970.573,62.833,23.637,582.759,1.92,1.8887892,55
1011222,2023-08-12 05:00,632.978,2.554,31562.509,32915.345,970.471,61.928,23.536,582.759,1.92,1.8506755,55
0101121B,2023-08-12 06:00,666.104,3.066,30959.08,31807,970.392,55.312,26.036,538.966,1.953,1.9167441,50
0101121E,2023-08-12 06:00,624.22,2.51,31464.02,32657.1,970.618,55.636,26.037,538.966,1.953,1.9276151,50
1011222,2023-08-12 06:00,587.12,2.66,31977.78,32383.72,970.548,55.088,25.937,538.966,1.953,1.8974424,50
0101121B,2023-08-12 07:00,630.167,3.167,30837.845,31150.638,970.402,44.672,30.034,508.521,1.993,1.9543351,58
0101121E,2023-08-12 07:00,588.188,2.594,31543.293,32057.069,970.688,44.716,30.003,508.521,1.993,1.9522235,58
1011222,2023-08-12 07:00,554.176,2.778,32009.966,31659.138,970.562,44.628,29.88,508.521,1.993,1.9351552,58
0101121B,2023-08-12 08:00,615.346,2.419,30624.708,30672.312,970.59,44.478,31.694,493.866,2.027,1.9717038,48
0101121E,2023-08-12 08:00,572.122,2.675,31402.145,31555.673,970.842,37.87,33.124,493.866,2.027,1.9680179,55
1011222,2023-08-12 08:00,539.96,2.883,31841.345,31094.527,970.729,38.009,32.919,493.866,2.027,1.9527691,55
0101121B,2023-08-12 09:00,563.094,2.688,31183.82,30623.06,971.156,39.974,33.104,454.936,2.072,1.9601635,50
0101121E,2023-08-12 09:00,529.693,2.651,31906.148,31488.759,971.33,35.743,34.214,454.936,2.072,1.9625796,54
1011222,2023-08-12 09:00,500.248,2.847,32336.074,31046.259,971.269,35.921,33.981,454.936,2.072,1.9465185,54
0101121B,2023-08-12 10:00,547.062,3.001,31619.538,30911.154,971.256,40.766,32.106,438.806,2.024,1.9290514,52
0101121E,2023-08-12 10:00,514.162,2.579,32364.018,31803.909,971.413,38.183,32.591,438.806,2.024,1.9292859,55
1011222,2023-08-12 10:00,484.116,2.754,32823.491,31397.4,971.384,38.366,32.38,438.806,2.024,1.9158646,55
0101121B,2023-08-12 11:00,541.449,2.744,32172.245,31141.02,971.155,50.191,29.282,434.856,2.161,2.0057879,49
0101121E,2023-08-12 11:00,511.772,2.669,32777.057,31954.151,971.302,48.327,29.572,434.856,2.161,2.0343954,53
1011222,2023-08-12 11:00,480.949,2.81,33271.981,31659.491,971.226,48.223,29.392,434.856,2.161,2.0115022,53
0101121B,2023-08-12 12:00,547.678,2.186,31233.467,29882.333,970.569,45.255,33.29,426.289,2.236,2.1586874,45
0101121E,2023-08-12 12:00,507.589,2.982,32165.283,30809.962,970.804,38.253,34.865,426.289,2.236,2.154149,53
1011222,2023-08-12 12:00,477.031,2.985,32624.519,30338.519,970.765,39.326,34.468,426.289,2.236,2.1446055,52
0101121B,2023-08-12 13:00,533.21,2.782,30422.306,29670.51,969.927,30.376,38.826,416.039,1.94,1.8137578,49
0101121E,2023-08-12 13:00,495.587,2.624,31546.143,30779.464,970.109,22.817,40.77,416.039,1.94,1.8059547,56
1011222,2023-08-12 13:00,469.37,2.921,31933.393,30150.786,970.1,23.299,40.363,416.039,1.94,1.8041593,56
0101121B,2023-08-12 14:00,516.589,3.109,31183.14,30293,969.537,27.368,37.791,415.907,1.995,1.8430031,57
0101121E,2023-08-12 14:00,487.607,2.538,32150.456,31331.895,969.674,27.848,37.392,415.907,1.995,1.8356824,57
1011222,2023-08-12 14:00,461.237,2.764,32516.07,30777.333,969.668,28.043,37.318,415.907,1.995,1.841054,57
0101121B,2023-08-12 15:00,526.6,2.284,30951.229,29902.208,969.092,35.787,36.38,419.484,2.087,1.9377953,48
0101121E,2023-08-12 15:00,492.845,2.703,31932.857,30917.982,969.204,27.947,38.342,419.484,2.087,1.9445492,56
1011222,2023-08-12 15:00,466.788,2.971,32313.875,30336.768,969.252,28.292,38.073,419.484,2.087,1.9400293,56
0101121B,2023-08-12 16:00,526.134,2.679,31425.915,30371.723,969.326,39.418,34.155,425.842,2.123,1.9539432,47
0101121E,2023-08-12 16:00,495.804,2.649,32253.481,31327.5,969.437,32.762,35.654,425.842,2.123,1.9573029,54
1011222,2023-08-12 16:00,468.904,2.859,32662.407,30848.926,969.506,33.119,35.393,425.842,2.123,1.9498473,54
0101121B,2023-08-12 17:00,524.6,2.483,32035.26,30771.36,969.81,45.73,31.281,424.614,2.183,2.0257118,50
0101121E,2023-08-12 17:00,496.016,2.689,32690.071,31620.411,969.912,40.704,32.342,424.614,2.183,2.0329715,56
1011222,2023-08-12 17:00,466.982,2.853,33158.821,31256.107,969.957,41.013,32.079,424.614,2.183,2.0181816,56
0101121B,2023-08-12 18:00,540.437,1.965,32130.587,30985.761,970.08,53.559,29.111,436.423,2.237,2.0634174,46
0101121E,2023-08-12 18:00,510.027,2.705,32690.571,31784.839,970.171,46.081,30.55,436.423,2.237,2.078509,56
1011222,2023-08-12 18:00,479.837,2.846,33162.768,31469.446,970.204,46.119,30.411,436.423,2.237,2.0638042,56
0101121B,2023-08-12 19:00,581.261,2.55,31894.455,31268.205,970.657,58.658,27.277,472.365,2.293,2.0734414,44
0101121E,2023-08-12 19:00,549.431,2.709,32340.404,32019.942,970.742,53.312,28.248,472.365,2.293,2.1041128,52
1011222,2023-08-12 19:00,516.973,2.836,32830.981,31767.192,970.777,53.028,28.128,472.365,2.293,2.0784417,52
0101121B,2023-08-12 20:00,615.423,2.05,31616.488,31296.419,970.97,63.741,26.067,495.181,2.299,2.1038155,43
0101121E,2023-08-12 20:00,577.206,2.745,32074.25,32097.269,971.096,58.846,26.808,495.181,2.299,2.1360009,52
1011222,2023-08-12 20:00,543.381,2.863,32569.327,31887.577,971.094,58.176,26.726,495.181,2.299,2.1015762,52
0101121B,2023-08-12 21:00,639.5,2.109,31275.178,31177.778,970.976,64.736,26.107,515.409,2.307,2.1570485,45
0101121E,2023-08-12 21:00,600.637,2.819,31717.648,31945.204,971.139,60.148,26.859,515.409,2.307,2.1899124,54
1011222,2023-08-12 21:00,565.459,2.945,32214.944,31727.111,971.111,59.452,26.759,515.409,2.307,2.1519919,54
0101121B,2023-08-12 22:00,652.348,2.086,31201.26,31323.8,970.818,65.952,25.542,525.746,2.304,2.1317085,50
0101121E,2023-08-12 22:00,613.134,2.784,31605.237,32082.661,970.959,62.062,26.199,525.746,2.304,2.1733565,59
1011222,2023-08-12 22:00,577.883,2.907,32103.78,31889.102,970.941,61.185,26.061,525.746,2.304,2.1253088,59
0101121B,2023-08-12 23:00,689.233,2.148,30926.918,31663.327,970.529,69.397,24.269,558.082,2.256,2.0636754,49
0101121E,2023-08-12 23:00,648.947,2.705,31253.61,32396.458,970.719,66.165,24.669,558.082,2.256,2.1165914,59
1011222,2023-08-12 23:00,612.436,2.822,31753.39,32241.017,970.639,64.86,24.537,558.082,2.256,2.0588685,59
0101121B,2023-08-13,735.039,2.778,30469.431,31853.078,970.32,71.14,23.449,589.03,2.19,2.0206499,51
0101121E,2023-08-13,691.208,2.657,30772.667,32593.733,970.488,68.882,23.662,589.03,2.19,2.0748529,60
1011222,2023-08-13,652.137,2.772,31285.15,32463.1,970.403,67.356,23.546,589.03,2.19,2.0150057,60
0101121B,2023-08-13 01:00,725.728,3.143,30605.862,32022.034,970.184,68.133,23.032,584.254,2.118,1.9765589,58
0101121E,2023-08-13 01:00,686.203,2.597,30888.776,32774.224,970.374,69.436,23.139,584.254,2.118,2.0270425,58
1011222,2023-08-13 01:00,647.121,2.706,31413.19,32669.69,970.262,67.816,23.001,584.254,2.118,1.9635114,58
0101121B,2023-08-13 02:00,721.778,3.076,30731.931,32208.19,970.255,68.673,22.475,580.128,2.071,1.9258934,58
0101121E,2023-08-13 02:00,683.259,2.543,30987.207,32951.81,970.459,70.398,22.521,580.128,2.071,1.9793608,58
1011222,2023-08-13 02:00,644.236,2.65,31517.81,32862.362,970.278,68.634,22.399,580.128,2.071,1.9159142,58
0101121B,2023-08-13 03:00,731.952,3.046,30646.037,32302.981,969.922,69.182,22.143,590.535,2.043,1.9021505,54
0101121E,2023-08-13 03:00,693.3,2.519,30880.556,33038.833,970.113,71.085,22.186,590.535,2.043,1.9591952,54
1011222,2023-08-13 03:00,653.126,2.624,31424.481,32963.333,969.917,69.154,22.058,590.535,2.043,1.8916045,54
0101121B,2023-08-13 04:00,754.033,3.022,30406.069,32379.172,970.086,69.63,21.86,610.615,2.004,1.8813632,58
0101121E,2023-08-13 04:00,713.852,2.493,30632.776,33122.966,970.303,71.333,21.905,610.615,2.004,1.9321835,58
1011222,2023-08-13 04:00,673.128,2.599,31170.034,33049,970.086,69.499,21.792,610.615,2.004,1.8699872,58
0101121B,2023-08-13 05:00,729.463,2.926,30560.449,31934.061,970.253,70.553,23.234,583.759,2.051,2.0011521,49
0101121E,2023-08-13 05:00,685.06,2.631,30885.345,32677.764,970.507,69.511,23.336,583.759,2.051,2.052416,55
1011222,2023-08-13 05:00,645.638,2.764,31412.055,32517.564,970.307,68.244,23.213,583.759,2.051,2.0005659,55
0101121B,2023-08-13 06:00,677.143,2.039,30901.786,31443.333,970.29,65.224,25.348,540.331,2.116,2.0803883,42
0101121E,2023-08-13 06:00,632.753,2.721,31349.327,32229.592,970.537,61.108,25.943,540.331,2.116,2.1062761,49
1011222,2023-08-13 06:00,595.347,2.878,31853.98,31955.184,970.353,60.089,25.909,540.331,2.116,2.0674114,49
0101121B,2023-08-13 07:00,626.039,2.141,30998.652,30710.609,970.189,56.576,28.579,493.442,2.184,2.1327097,46
0101121E,2023-08-13 07:00,580.032,2.865,31689.321,31555.446,970.454,49.677,29.78,493.442,2.184,2.1336996,56
1011222,2023-08-13 07:00,545.7,3.057,32164.071,31167.214,970.264,49.261,29.711,493.442,2.184,2.1086268,56
0101121B,2023-08-13 08:00,578.949,2.421,30972.213,30433.723,969.862,44.348,32.257,454.731,2.045,1.9830769,47
0101121E,2023-08-13 08:00,536.405,2.743,31835.5,31340.286,970.111,36.038,33.976,454.731,2.045,1.9683199,56
1011222,2023-08-13 08:00,505.259,2.958,32268.268,30852.268,969.954,36.061,33.886,454.731,2.045,1.9597084,56
0101121B,2023-08-13 09:00,571.373,1.958,30479.045,29966.523,969.375,39.072,35.006,446.72,1.996,1.9120075,44
0101121E,2023-08-13 09:00,527.404,2.729,31471.333,30938.852,969.572,28.203,37.753,446.72,1.996,1.8993793,54
1011222,2023-08-13 09:00,498.933,2.994,31844.241,30344.648,969.467,28.246,37.662,446.72,1.996,1.8929216,54
0101121B,2023-08-13 10:00,562.172,1.967,30307.34,29690.532,968.894,36.283,36.6,440.244,2.024,1.9100666,47
0101121E,2023-08-13 10:00,519.237,2.743,31339.193,30697.316,969.058,25.455,39.628,440.244,2.024,1.8988095,57
1011222,2023-08-13 10:00,492.667,3.035,31692.842,30072.947,968.977,25.617,39.41,440.244,2.024,1.8887357,57
0101121B,2023-08-13 11:00,551.831,1.908,29875.592,29274.776,968.543,31.64,39.505,428.704,1.98,1.8385785,49
0101121E,2023-08-13 11:00,509.551,2.711,31030.356,30377.542,968.702,20.524,42.855,428.704,1.98,1.8168104,59
1011222,2023-08-13 11:00,485.207,3.059,31322.254,29655.949,968.686,20.706,42.726,428.704,1.98,1.8207659,59
0101121B,2023-08-13 12:00,544.675,1.916,29813.292,29115.917,968.058,30.088,40.507,423.948,2.016,1.8426952,48
0101121E,2023-08-13 12:00,503.332,2.727,30989.579,30238.754,968.144,19.647,43.792,423.948,2.016,1.8279848,57
1011222,2023-08-13 12:00,480.363,3.098,31274.596,29499.421,968.214,19.929,43.561,423.948,2.016,1.8318299,57
0101121B,2023-08-13 13:00,528.86,2.454,29981.4,29293.54,967.638,26.982,41.425,418.745,1.961,1.7776548,50
0101121E,2023-08-13 13:00,495.325,2.612,31091,30414.789,967.737,18.868,43.938,418.745,1.961,1.7692564,57
1011222,2023-08-13 13:00,473.125,2.971,31392.035,29691.175,967.818,19.25,43.554,418.745,1.961,1.7692079,57
0101121B,2023-08-13 14:00,526.229,2.268,30191.271,29334.583,967.217,30.772,39.926,420.089,2.048,1.8492424,48
0101121E,2023-08-13 14:00,493.651,2.675,31272.14,30440,967.286,20.828,42.875,420.089,2.048,1.8477488,57
1011222,2023-08-13 14:00,471.056,3.015,31604.158,29769.807,967.43,21.304,42.375,420.089,2.048,1.8408334,57
0101121B,2023-08-13 15:00,521.207,2.095,31539.022,30325.478,967.43,42.165,33.605,425.64,2.185,2.0008836,46
0101121E,2023-08-13 15:00,492.32,2.682,32284.855,31242.364,967.453,33.149,35.833,425.64,2.185,1.9981241,55
1011222,2023-08-13 15:00,466.242,2.889,32689.6,30781.691,967.587,33.576,35.512,425.64,2.185,1.9889388,55
0101121B,2023-08-13 16:00,528.643,2.13,32054.408,30413.49,967.655,51.751,30.63,430.977,2.403,2.2331748,49
0101121E,2023-08-13 16:00,500.295,2.904,32669.702,31264.509,967.707,45.862,31.96,430.977,2.403,2.2457644,57
1011222,2023-08-13 16:00,471.846,3.064,33108.298,30903.965,967.863,45.95,31.835,430.977,2.403,2.2342743,57
0101121B,2023-08-13 17:00,537.388,2.166,32003.94,30430.9,967.636,53.536,30.133,435.336,2.408,2.2473124,50
0101121E,2023-08-13 17:00,506.963,2.923,32618.932,31279.949,967.727,47.112,31.508,435.336,2.408,2.2505483,59
1011222,2023-08-13 17:00,477.25,3.071,33082.776,30957.431,967.841,47.783,31.226,435.336,2.408,2.2337118,58
0101121B,2023-08-13 18:00,538.24,2.59,32229.566,30956.849,968.072,52.655,29.135,436.872,2.277,2.1121055,53
0101121E,2023-08-13 18:00,509.736,2.758,32777.119,31767.864,968.124,48.802,29.877,436.872,2.277,2.1273482,59
1011222,2023-08-13 18:00,479.092,2.89,33245.356,31469.542,968.224,48.591,29.875,436.872,2.277,2.1173323,59
0101121B,2023-08-13 19:00,531.878,2.894,32606.586,31912.293,968.476,47.353,27.859,431.518,1.927,1.8339766,58
0101121E,2023-08-13 19:00,505.041,2.377,33093.655,32751.155,968.591,47.323,27.892,431.518,1.927,1.8361238,58
1011222,2023-08-13 19:00,473.878,2.483,33603.328,32519.069,968.655,47.297,27.802,431.518,1.927,1.8253798,58
0101121B,2023-08-13 20:00,531.615,2.676,32755.889,32434.944,968.346,45.594,26.951,430.76,1.755,1.6738585,54
0101121E,2023-08-13 20:00,503.781,2.185,33226.944,33279.352,968.476,45.642,26.935,430.76,1.755,1.6738024,54
1011222,2023-08-13 20:00,472.098,2.286,33748.222,33055.778,968.506,45.568,26.906,430.76,1.755,1.6680624,54
0101121B,2023-08-13 21:00,537.537,2.73,32751.754,32397.105,968.358,48.192,26.402,435.875,1.815,1.712741,57
0101121E,2023-08-13 21:00,509.849,2.236,33187.526,33222.246,968.435,48.338,26.402,435.875,1.815,1.717835,57
1011222,2023-08-13 21:00,477.775,2.337,33716.86,33018.105,968.488,48.24,26.352,435.875,1.815,1.7090874,57
0101121B,2023-08-13 22:00,558.254,2.797,32576.429,32382.036,968.305,52.271,25.486,454.705,1.885,1.7594338,56
0101121E,2023-08-13 22:00,529.548,2.294,32960.679,33185.946,968.438,52.503,25.544,454.705,1.885,1.7731478,56
1011222,2023-08-13 22:00,496.805,2.395,33499.732,33014.464,968.427,52.312,25.417,454.705,1.885,1.7534191,56
0101121B,2023-08-13 23:00,583.665,2.845,32294.291,32367.836,968.502,55.321,24.828,474.186,1.916,1.7907625,55
0101121E,2023-08-13 23:00,552.876,2.341,32660.236,33154.818,968.651,55.737,24.862,474.186,1.916,1.8076824,55
1011222,2023-08-13 23:00,518.74,2.44,33204.909,33005.073,968.66,55.389,24.749,474.186,1.916,1.7842941,55
0101121B,2023-08-14,596.851,2.894,32106.456,32276.877,968.505,56.402,24.788,484.587,1.936,1.8212664,57
0101121E,2023-08-14,564.775,2.38,32477.982,33069.035,968.626,56.806,24.828,484.587,1.936,1.8385071,57
1011222,2023-08-14,530.325,2.482,33019.93,32921.912,968.656,56.45,24.69,484.587,1.936,1.8119685,57
0101121B,2023-08-14 01:00,601.49,2.902,32074.845,32291.517,968.193,57.4,24.545,488.662,1.941,1.8274801,58
0101121E,2023-08-14 01:00,569.479,2.388,32432.914,33080.207,968.347,57.966,24.569,488.662,1.941,1.8478478,58
1011222,2023-08-14 01:00,534.916,2.489,32969.103,32934.931,968.376,57.436,24.476,488.662,1.941,1.8208051,58
0101121B,2023-08-14 02:00,638.437,2.906,31648.14,32363.877,967.784,59.628,23.88,521.608,1.963,1.8248378,57
0101121E,2023-08-14 02:00,604.686,2.392,31965.368,33139.123,967.939,60.418,23.938,521.608,1.963,1.8551318,57
1011222,2023-08-14 02:00,568.381,2.491,32510.298,33021.123,967.953,59.738,23.787,521.608,1.963,1.8177416,57
0101121B,2023-08-14 03:00,669.527,2.94,31288.364,32354.4,967.613,61.911,23.42,546.673,1.983,1.8434286,55
0101121E,2023-08-14 03:00,634.145,2.422,31581.455,33121.582,967.769,62.925,23.478,546.673,1.983,1.8798199,55
1011222,2023-08-14 03:00,596.949,2.52,32116.509,33017.164,967.762,61.947,23.342,546.673,1.983,1.8355482,55
0101121B,2023-08-14 04:00,701.225,2.966,30908.542,32339.712,967.663,63.473,23.128,573.728,1.982,1.8568971,59
0101121E,2023-08-14 04:00,664.181,2.443,31188.119,33105.237,967.803,64.601,23.169,573.728,1.982,1.8943342,59
1011222,2023-08-14 04:00,625.708,2.546,31718.407,32997.339,967.763,63.599,23.05,573.728,1.982,1.851613,59
0101121B,2023-08-14 05:00,653.707,3.047,31368.852,32039.981,967.478,60.936,24.371,527.764,1.992,1.92032,54
0101121E,2023-08-14 05:00,616.254,2.502,31749.444,32845.833,967.65,61.66,24.406,527.764,1.992,1.9465591,54
1011222,2023-08-14 05:00,579.833,2.623,32276.333,32670.889,967.593,60.881,24.293,527.764,1.992,1.909156,54
0101121B,2023-08-14 06:00,626.712,2.747,31374.14,31447.32,967.216,57.575,26.67,504.677,2.075,2.0088477,50
0101121E,2023-08-14 06:00,587.002,2.64,31893.436,32275.145,967.378,54.654,27.08,504.677,2.075,2.0216348,55
1011222,2023-08-14 06:00,552.109,2.796,32385.455,31971.527,967.322,53.965,27.067,504.677,2.075,1.9948468,55
0101121B,2023-08-14 07:00,609.88,2.025,31015.682,30754.432,967.066,51.237,29.712,484.891,2.099,2.0351232,44
0101121E,2023-08-14 07:00,564.894,2.744,31753.528,31641.434,967.257,43.485,31.153,484.891,2.099,2.0302556,53
1011222,2023-08-14 07:00,532.085,2.936,32214.264,31228.566,967.192,43.306,31.017,484.891,2.099,2.006647,53
0101121B,2023-08-14 08:00,577.651,2.815,30737.327,30409.755,967.118,38.503,33.915,456.388,1.958,1.8833475,49
0101121E,2023-08-14 08:00,534.386,2.625,31681.964,31393.857,967.311,31.609,35.389,456.388,1.958,1.8719061,56
1011222,2023-08-14 08:00,504.518,2.852,32084.018,30858.696,967.277,31.663,35.314,456.388,1.958,1.8673714,56
0101121B,2023-08-14 09:00,567.308,2.454,30155.98,29761.184,966.982,32.138,37.727,447.471,1.955,1.848509,49
0101121E,2023-08-14 09:00,526.198,2.674,31208.821,30800.339,967.155,24.35,39.807,447.471,1.955,1.8346533,56
1011222,2023-08-14 09:00,499.507,2.966,31529.339,30139.643,967.166,24.361,39.786,447.471,1.955,1.8328842,56
0101121B,2023-08-14 10:00,554.886,2.354,29908.08,29436.92,966.914,29.705,39.678,435.677,1.95,1.802229,50
0101121E,2023-08-14 10:00,514.81,2.653,31036.741,30546.379,967.033,20.757,42.249,435.677,1.95,1.7846584,58
1011222,2023-08-14 10:00,490.221,2.985,31311.534,29819.138,967.05,20.804,42.264,435.677,1.95,1.7900393,58
0101121B,2023-08-14 11:00,552.841,2.256,29930.286,29300.122,966.902,27.789,40.485,439.163,2.071,1.8875733,49
0101121E,2023-08-14 11:00,515.331,2.751,31024.241,30384.148,966.998,21.812,42.283,439.163,2.071,1.8781513,54
1011222,2023-08-14 11:00,491.075,2.993,31334.66,29711.113,967.07,23.227,41.709,439.163,2.071,1.8817233,53
0101121B,2023-08-14 12:00,542.448,2.082,29995.881,29325.738,966.943,29.976,40.028,429.762,2.025,1.8452674,42
0101121E,2023-08-14 12:00,505.533,2.677,31094.408,30438.755,967.012,20.712,42.84,429.762,2.025,1.8348235,49
1011222,2023-08-14 12:00,482.235,3.021,31411.102,29747.49,967.133,21.154,42.455,429.762,2.025,1.8364607,49
0101121B,2023-08-14 13:00,535.628,1.925,30186.66,29330.021,966.574,31.098,39.508,422.612,2.057,1.8800463,47
0101121E,2023-08-14 13:00,497.7,2.708,31310.927,30455.891,966.642,22.025,42.172,422.612,2.057,1.8770338,55
1011222,2023-08-14 13:00,474.151,3.043,31629.218,29772.527,966.805,22.35,41.871,422.612,2.057,1.8751913,55
0101121B,2023-08-14 14:00,523.475,3.02,30390.755,29734.396,966.042,22.165,41.491,420.226,1.925,1.7624442,53
0101121E,2023-08-14 14:00,491.541,2.498,31471.315,30883.926,966.126,21.017,41.733,420.226,1.925,1.7545257,54
1011222,2023-08-14 14:00,468.306,2.795,31783.481,30219.019,966.302,21.315,41.479,420.226,1.925,1.7555429,54
0101121B,2023-08-14 15:00,520.012,3.122,30802.902,30019,965.804,26.444,39.15,420.992,1.981,1.8117649,51
0101121E,2023-08-14 15:00,489.713,2.514,31784.849,31097.887,965.858,24.155,39.741,420.992,1.981,1.8099019,53
1011222,2023-08-14 15:00,465.417,2.775,32136.887,30506.302,966.034,24.523,39.422,420.992,1.981,1.8067567,53
0101121B,2023-08-14 16:00,516.454,3.109,31433.354,30466.042,965.571,29.975,36.342,420.305,2.021,1.8799188,48
0101121E,2023-08-14 16:00,486.906,2.521,32313.771,31487.25,965.608,30.08,36.296,420.305,2.021,1.8816648,48
1011222,2023-08-14 16:00,460.704,2.719,32707.521,31005.417,965.765,30.353,36.065,420.305,2.021,1.8744545,48
0101121B,2023-08-14 17:00,524.634,3.099,31573.491,30589.264,965.551,35.546,34.434,428.824,2.105,1.9422529,53
0101121E,2023-08-14 17:00,495.529,2.575,32370.473,31555.927,965.584,33.801,34.839,428.824,2.105,1.9499247,55
1011222,2023-08-14 17:00,468.151,2.75,32780.345,31123.964,965.776,34.061,34.665,428.824,2.105,1.945731,55
0101121B,2023-08-14 18:00,562.398,2.011,31419.894,30539.574,966.111,48.611,31.181,464.293,2.343,2.1104551,47
0101121E,2023-08-14 18:00,532.309,2.777,32043.411,31398.571,966.148,41.197,32.866,464.293,2.343,2.126623,56
1011222,2023-08-14 18:00,502.802,2.932,32466.143,31037.25,966.318,41.264,32.732,464.293,2.343,2.1137934,56
0101121B,2023-08-14 19:00,594.77,2.082,31417.372,31067.093,966.665,53.757,28.784,489.599,2.259,2.0596455,43
0101121E,2023-08-14 19:00,562.351,2.684,31930.922,31883.627,966.682,47.225,30.023,489.599,2.259,2.0745023,51
1011222,2023-08-14 19:00,530.541,2.812,32385,31598.863,966.833,47.251,29.903,489.599,2.259,2.0611161,51
0101121B,2023-08-14 20:00,610.928,2.142,31373.457,31121.283,967.104,57.648,27.757,501.949,2.28,2.0956888,46
0101121E,2023-08-14 20:00,577.202,2.725,31846.182,31927.873,967.156,51.589,28.821,501.949,2.28,2.1140959,55
1011222,2023-08-14 20:00,543.913,2.846,32314.4,31671.564,967.258,51.42,28.745,501.949,2.28,2.0976459,55
0101121B,2023-08-14 21:00,614.269,2.063,31383.521,31060.292,967.521,59.473,27.47,503.446,2.292,2.1439535,48
0101121E,2023-08-14 21:00,580.544,2.783,31837.877,31852.614,967.589,53.826,28.471,503.446,2.292,2.1610546,57
1011222,2023-08-14 21:00,546.995,2.905,32315.14,31609.018,967.721,53.602,28.355,503.446,2.292,2.1373567,57
0101121B,2023-08-14 22:00,615.855,2.016,31452.35,31249.425,967.54,61.091,26.869,501.022,2.224,2.0916146,40
0101121E,2023-08-14 22:00,579.814,2.715,31919.74,32053.32,967.646,54.376,27.836,501.022,2.224,2.1039762,50
1011222,2023-08-14 22:00,545.544,2.827,32412.44,31835.78,967.75,54.048,27.735,501.022,2.224,2.0788057,50
0101121B,2023-08-14 23:00,637.984,2.371,31290.044,31451.444,967.573,61.676,26.164,520.045,2.217,2.0559323,45
0101121E,2023-08-14 23:00,601.377,2.675,31698.547,32226.321,967.694,56.742,26.932,520.045,2.217,2.0816512,53
1011222,2023-08-14 23:00,566.394,2.787,32196.962,32029.057,967.745,56.344,26.786,520.045,2.217,2.0493,53
