date,pressure(hPa),temp_detector_nc1(C) ,rh(%),temp_sensor(C),k96_lpl_raw,k96_spl_raw,k96_mpl_raw,k96_ch4(ppm) ,k96_h2o(ppm) ,ref_h2o(ppm),ref_ch4(ppm),ref_co2(ppm)
6/21/2022 15:00,1009.2,43.95,16.628,43.74,439344.248,747994.6,268342.276,128.0261094,21493.27205,21575,4.704,442.317
6/21/2022 15:01,1009.2,43.95,16.751,43.74,439341.086,748044.657,268102.162,128.1808367,21641.92952,21655,4.654,444
6/21/2022 15:02,1009.178,43.95,16.727,43.742,439337.686,748151.248,268184.59,128.3472253,21590.84146,21509.836,5.131,447.574
6/21/2022 15:03,1009.1,43.96,16.804,43.75,439327.19,748195.438,267971.505,128.8609762,21723.02915,21913.333,4.795,441.55
6/21/2022 15:04,1009.1,43.96,16.933,43.75,439324.667,748174.029,267727.038,128.9844927,21875.1657,21758.333,4.74,443.433
6/21/2022 15:05,1009.053,43.96,16.979,43.748,439330.171,748082.352,267698.362,128.715049,21893.04501,21856.667,3.975,438.75
6/21/2022 15:06,1009,43.952,17.049,43.741,439318.19,748023.895,267578.21,129.3016218,21968.03594,22103.279,4.231,446.459
6/21/2022 15:07,1009,43.95,17.136,43.74,439318.695,747990.476,267460.514,129.2768938,22041.61437,22000,4.084,445.8
6/21/2022 15:08,1009,43.95,17.141,43.74,439313.524,747983.686,267453.467,129.5301156,22046.02363,21833.333,4.531,450.317
6/21/2022 15:09,1008.948,43.95,17.169,43.74,439304.352,748022.352,267421.39,129.9793547,22066.09938,21993.443,6.045,483.443
6/21/2022 15:10,1008.9,43.95,17.09,43.747,439310.086,748097.019,267632.476,129.6984933,21934.15132,21825,4.943,458.517
6/21/2022 15:11,1008.9,43.96,17.036,43.75,439328.543,748074.914,267742.79,128.7947421,21865.34743,21738.333,4.046,444.383
6/21/2022 15:12,1008.9,43.96,16.985,43.742,439322.752,748059.371,267848.429,129.0782496,21799.55748,21649.18,4.275,448.23
6/21/2022 15:13,1008.9,43.951,16.854,43.741,439369.657,748059.943,268194.305,126.7832577,21584.82405,21401.667,3.567,437.3
6/21/2022 15:14,1008.9,43.95,16.812,43.74,439359.495,748044.314,268222.067,127.2802144,21567.63291,21426.667,3.996,443.083
6/21/2022 15:15,1008.9,43.95,16.818,43.742,439343.695,748037.762,268165.876,128.0531686,21602.43509,21493.443,4.387,448.213
6/21/2022 15:16,1008.9,43.959,16.83,43.749,439348.981,748078.81,268143,127.7945334,21616.61123,21511.667,4.052,442.733
6/21/2022 15:17,1008.9,43.96,16.796,43.75,439368.057,748077.895,268234.933,126.8614938,21559.66811,21398.333,3.534,435.25
6/21/2022 15:18,1008.9,43.955,16.759,43.741,439366.143,747993.676,268328.4,126.9550884,21501.84935,21354.098,3.879,438.869
6/21/2022 15:19,1008.9,43.95,16.682,43.739,439388.514,747918.8,268548.324,125.8614594,21366.10056,21146.667,3.43,433.533
6/21/2022 15:20,1008.874,43.948,16.658,43.73,439381.562,747793.41,268575.457,126.2012418,21349.38146,21216.667,3.602,435.567
6/21/2022 15:21,1008.8,43.94,16.677,43.73,439371.267,747700.619,268510.895,126.7045361,21389.17436,21281.967,3.546,434.77
6/21/2022 15:22,1008.8,43.94,16.664,43.73,439378.219,747663.857,268571.686,126.364656,21351.70473,21193.333,3.577,434.633
6/21/2022 15:23,1008.752,43.94,16.622,43.73,439382.181,747593.933,268668.6,126.1709852,21292.03576,21153.333,3.626,435.467
6/21/2022 15:24,1008.7,43.94,16.646,43.73,439368.59,747612.076,268591.971,126.835431,21339.20878,21254.098,4.609,449.426
6/21/2022 15:25,1008.7,43.94,16.69,43.73,439359.8,747632.41,268488.619,127.2652968,21402.91253,21288.333,4.125,442.667
6/21/2022 15:26,1008.7,43.94,16.704,43.734,439359.19,747672.619,268471.724,127.2951321,21413.33495,21313.333,4.836,452.983
6/21/2022 15:27,1008.7,43.945,16.71,43.74,439340.429,747763.752,268426.162,128.2129876,21441.45409,21419.672,7.17,486.721
6/21/2022 15:28,1008.7,43.95,16.697,43.74,439328.267,747839.648,268447.543,128.808253,21428.25633,21275,5.516,461.95
6/21/2022 15:29,1008.7,43.95,16.68,43.74,439356.543,747848.857,268489.438,127.4246037,21402.40736,21251.667,4.233,443.217
6/21/2022 15:30,1008.7,43.95,16.661,43.74,439370.238,747765.762,268583.514,126.7548491,21344.41803,21172.131,4.156,442.393
6/21/2022 15:31,1008.7,43.95,16.634,43.74,439365.59,747774.333,268632.019,126.982131,21314.54882,21138.333,4.191,442.5
6/21/2022 15:32,1008.7,43.95,16.586,43.739,439370.8,747751.838,268714.152,126.7273699,21264.01776,21168.333,4.278,443.417
6/21/2022 15:33,1008.7,43.95,16.656,43.74,439344.171,747859.571,268507.562,128.0298771,21391.22963,21334.426,5.074,454.787
6/21/2022 15:34,1008.683,43.95,16.683,43.742,439342.81,747914.419,268452.629,128.0964739,21425.11749,21360,5.44,459.583
6/21/2022 15:35,1008.6,43.95,16.722,43.741,439327.476,747930.667,268365.99,128.8469753,21478.61733,21473.333,6.558,475.1
6/21/2022 15:36,1008.6,43.95,16.733,43.74,439335.486,747777.905,268385.276,128.4548969,21466.70259,21300,4.883,452.377
6/21/2022 15:37,1008.6,43.95,16.736,43.737,439357.876,747716.952,268448.076,127.359402,21427.92737,21265,4.145,443.133
6/21/2022 15:38,1008.6,43.943,16.707,43.739,439366.543,747661.133,268520.067,126.935528,21383.519,21236.667,3.75,438.733
6/21/2022 15:39,1008.6,43.94,16.73,43.74,439359.971,747614.21,268447.076,127.2569332,21428.54455,21381.967,3.684,438.656
6/21/2022 15:40,1008.6,43.94,16.711,43.73,439376.133,747618.81,268532.067,126.4666327,21376.12101,21186.667,3.275,433.117
6/21/2022 15:41,1008.6,43.94,16.671,43.73,439371.143,747543.352,268611.41,126.710599,21327.2373,21210,3.592,437.4
6/21/2022 15:42,1008.6,43.94,16.666,43.73,439377.276,747507.924,268625.743,126.410755,21318.41242,21193.443,3.405,435.23
6/21/2022 15:43,1008.6,43.94,16.64,43.73,439388.152,747482.286,268696.39,125.8791507,21274.94064,21150,3.374,435.467
6/21/2022 15:44,1008.6,43.94,16.645,43.725,439386.971,747443.838,268681.695,125.9368685,21283.9795,21201.667,3.115,432.133
6/21/2022 15:45,1008.6,43.94,16.65,43.728,439373.619,747441.152,268659.39,126.5895405,21297.70279,21195.082,3.224,433.672
6/21/2022 15:46,1008.6,43.94,16.689,43.73,439380.848,747487.619,268561.752,126.2361426,21357.82556,21323.333,3.158,433.067
6/21/2022 15:47,1008.6,43.94,16.815,43.73,439365.4,747493.714,268241.867,126.9914224,21555.37616,21648.333,2.901,431.133
6/21/2022 15:48,1008.614,43.94,16.916,43.73,439354.038,747542.048,268093.086,127.5471386,21647.55831,21657.377,4.918,456.033
6/21/2022 15:49,1008.7,43.94,16.841,43.73,439319.705,747545.552,268232.771,129.2274387,21561.00642,21500,5.44,462.1
6/21/2022 15:50,1008.781,43.94,16.963,43.731,439261.162,747459.819,267878.952,132.0963189,21780.56622,21688.333,4.507,451.683
6/21/2022 15:51,1008.8,43.94,17.318,43.731,439299.514,747575.724,267149.105,130.2163633,22236.86836,22519.672,3.37,436.426
6/21/2022 15:52,1008.79,43.94,17.362,43.734,439303.638,747580.324,267252.143,130.0143308,22172.17103,22030,4.105,441.217
6/21/2022 15:53,1008.7,43.947,17.243,43.74,439294.419,747643.848,267530.943,130.4659966,21997.5709,21826.667,5.352,442.217
6/21/2022 15:54,1008.7,43.95,17.172,43.74,439254.79,747636.781,267653.829,132.408859,21920.82508,21725,7.127,453.867
6/21/2022 15:55,1008.7,43.95,17.144,43.74,439257.2,747635.924,267703.781,132.2906444,21889.66575,21700,8.172,456.82
6/21/2022 15:56,1008.753,43.95,17.203,43.74,439210.4,747573.638,267558.914,134.5876818,21980.0908,21883.333,8.408,457.55
6/21/2022 15:57,1008.822,43.941,17.248,43.735,439200.438,747489.419,267461.305,135.0770227,22041.11947,21881.667,9.233,458.8
6/21/2022 15:58,1008.767,43.94,17.404,43.733,439208.514,747470.943,267161.733,134.6803132,22228.93436,22196.721,7.412,447.738
6/21/2022 15:59,1008.611,43.94,17.236,43.73,439235.524,747430.924,267652.724,133.354174,21921.51461,21721.667,6.989,445.65
6/21/2022 16:00,1008.5,43.94,17.275,43.73,439183.095,747468.8,267418.419,135.9292472,22067.95926,21986.667,8.095,475.45
6/21/2022 16:01,1008.5,43.94,17.392,43.73,439133.59,747436,267086.924,138.364152,22275.95584,21896.721,7.941,469.328
6/21/2022 16:02,1008.585,43.94,17.469,43.734,439126.686,747463.705,266954.248,138.7039913,22359.46823,22091.667,7.972,476.533
6/21/2022 16:03,1008.732,43.94,17.428,43.73,439204.429,747418.619,267187,134.8809656,22213.06356,21985,6.721,453.933
6/21/2022 16:04,1008.8,43.94,17.396,43.73,439213.352,747401.067,267282.924,134.4427034,22152.86142,21983.607,7.17,459.475
6/21/2022 16:05,1008.8,43.94,17.387,43.73,439211.781,747365.543,267294.876,134.5198568,22145.36586,21991.667,7.946,463.517
6/21/2022 16:06,1008.8,43.94,17.442,43.73,439176.676,747353.276,267165.61,136.2447771,22226.49876,22110,9.214,464.333
6/21/2022 16:07,1008.832,43.94,17.372,43.73,439230.99,747381.638,267383.286,133.5767151,22089.9587,21916.393,6.609,448.213
6/21/2022 16:08,1008.9,43.94,17.288,43.73,439267.895,747439.457,267542.152,131.7661323,21990.56518,21830,5.694,441.533
6/21/2022 16:09,1008.9,43.94,17.192,43.736,439284.467,747477.467,267751.638,130.9537045,21859.83338,21676.667,5.062,436.583
6/21/2022 16:10,1008.893,43.943,17.157,43.74,439290.476,747538.21,267725.79,130.6592111,21875.94367,21791.803,5.155,437
6/21/2022 16:11,1008.8,43.946,17.204,43.74,439284.486,747451.162,267628.21,130.9527732,21936.81417,21860,4.842,435.517
6/21/2022 16:12,1008.8,43.94,17.257,43.738,439271.171,747482.143,267532.038,131.6054995,21996.88647,21931.667,5.878,444.033
6/21/2022 16:13,1008.8,43.94,17.246,43.74,439269.657,747494.581,267587.086,131.679734,21962.49188,21827.869,5.681,442.066
6/21/2022 16:14,1008.8,43.94,17.156,43.74,439296.152,747493.914,267807.905,130.381083,21824.78371,21705,4.967,437.283
6/21/2022 16:15,1008.8,43.944,17.115,43.74,439311.286,747526.457,267860.076,129.6397209,21792.30983,21698.333,4.301,432.65
6/21/2022 16:16,1008.8,43.95,17.084,43.74,439319.905,747552.286,267912.629,129.2176458,21759.62184,21693.443,4.305,432.18
6/21/2022 16:17,1008.8,43.95,17.091,43.74,439318.905,747528.99,267855.4,129.2666109,21795.21945,21748.333,4.156,431.35
6/21/2022 16:18,1008.7,43.95,17.182,43.74,439314.771,747538.667,267664.305,129.4690472,21914.28853,21875,4.011,429.833
6/21/2022 16:19,1008.7,43.95,17.24,43.74,439302.238,747521.762,267533.781,130.0829134,21995.79703,22000,4.226,431.213
6/21/2022 16:20,1008.7,43.943,17.385,43.74,439283.514,747461.352,267232.657,131.0004143,22184.39925,22235,4.519,432.817
6/21/2022 16:21,1008.7,43.94,17.56,43.74,439267.429,747487.695,266878.962,131.788983,22406.92403,22508.333,4.603,432.75
6/21/2022 16:22,1008.7,43.946,17.679,43.74,439251.238,747498.79,266697.076,132.5831051,22521.77525,22554.098,4.694,433.131
6/21/2022 16:23,1008.7,43.95,17.752,43.74,439235.476,747501.61,266559.571,133.3565298,22608.79109,22620,4.466,431.7
6/21/2022 16:24,1008.7,43.95,17.801,43.74,439228.895,747531.305,266462.371,133.6795529,22670.39925,22733.333,4.444,431.383
6/21/2022 16:25,1008.7,43.95,17.946,43.74,439207.286,747539.2,266167.962,134.7406293,22857.4999,22937.705,5.629,437.967
6/21/2022 16:26,1008.7,43.95,17.978,43.74,439182.086,747506.171,266179.819,135.9788415,22849.95022,22773.333,6.659,443.733
6/21/2022 16:27,1008.682,43.95,17.952,43.74,439167.61,747524.705,266252.562,136.6905177,22803.6592,22720,7.853,447.733
6/21/2022 16:28,1008.6,43.95,17.978,43.74,439167.533,747495.657,266196.676,136.694304,22839.21899,22845.902,6.956,441.902
6/21/2022 16:29,1008.6,43.95,18.1,43.74,439170.581,747546.524,265926.505,136.5444326,23011.50526,23041.667,6.907,441.583
6/21/2022 16:30,1008.6,43.95,18.173,43.74,439158.562,747500.61,265816.219,137.1354852,23082.01434,23050,7.461,442.55
6/21/2022 16:31,1008.6,43.95,18.136,43.74,439170.971,747507.029,265936.238,136.525257,23005.28769,22875.41,6.671,438.607
6/21/2022 16:32,1008.6,43.95,18.062,43.74,439194.762,747505.181,266125.152,135.3558927,22884.76828,22751.667,6.111,435.383
6/21/2022 16:33,1008.6,43.95,18.112,43.74,439183.171,747475.048,265981.114,135.9255117,22976.63084,22948.333,6.975,439.717
6/21/2022 16:34,1008.568,43.95,18.192,43.74,439159.771,747468.648,265826.838,137.0760219,23075.22075,23059.016,6.86,439.066
6/21/2022 16:35,1008.5,43.95,18.133,43.74,439167.524,747530.343,266009.552,136.6947465,22958.47991,22765,6.282,436.05
6/21/2022 16:36,1008.5,43.95,17.986,43.742,439189.038,747558.067,266320.4,135.6371655,22760.53056,22625,6.664,437.8
6/21/2022 16:37,1008.5,43.95,17.941,43.74,439198.01,747560.876,266378.848,135.1963084,22723.40344,22600,6.179,435.197
6/21/2022 16:38,1008.415,43.95,18.086,43.741,439195.419,747551.676,266009.514,135.3236111,22958.50416,23000,5.909,433.933
6/21/2022 16:39,1008.4,43.95,18.042,43.74,439199.714,747470.686,266183.4,135.1125914,22847.67034,22696.667,5.967,434.267
6/21/2022 16:40,1008.4,43.95,18.036,43.74,439191.419,747459.648,266190.114,135.5201596,22843.39609,22722.951,6.034,434.754
6/21/2022 16:41,1008.4,43.945,18.169,43.74,439170.476,747403.238,265851.076,136.5495953,23059.71793,23113.333,5.865,439.433
6/21/2022 16:42,1008.4,43.946,18.334,43.74,439161.676,747416.333,265546.429,136.9823306,23254.93994,23275,6.134,440.317
6/21/2022 16:43,1008.4,43.95,18.36,43.74,439157.2,747482.048,265566.19,137.2024761,23242.25261,23090,6.114,438.6
6/21/2022 16:44,1008.4,43.95,18.28,43.746,439170.676,747550.743,265757.914,136.5397616,23119.33271,22927.869,6.11,438.393
6/21/2022 16:45,1008.367,43.95,18.329,43.75,439174.857,747629.505,265589.829,136.3342013,23227.07987,23266.667,5.915,436.817
6/21/2022 16:46,1008.3,43.95,18.431,43.748,439151.562,747554.876,265424.771,137.4798118,23333.12308,23181.667,6.152,437.083
6/21/2022 16:47,1008.3,43.95,18.323,43.74,439169.038,747470.486,265719.99,136.6203009,23143.62182,22893.443,5.503,433.852
6/21/2022 16:48,1008.3,43.947,18.265,43.74,439163.019,747394.181,265822.419,136.9162824,23078.04772,22880,6.291,437.75
6/21/2022 16:49,1008.3,43.94,18.169,43.737,439182.419,747339.19,266053.81,135.9624737,22930.24549,22631.667,5.304,432.25
6/21/2022 16:50,1008.385,43.94,18.104,43.732,439196.61,747300.857,266154.771,135.265093,22865.9004,22627.869,6.088,436.23
6/21/2022 16:51,1008.4,43.94,18.091,43.73,439180.695,747242.981,266182.619,136.0472141,22848.16756,22610,6.487,437.767
6/21/2022 16:52,1008.4,43.94,18.217,43.73,439184.667,747267.248,265841.838,135.8519831,23065.62603,23105,5.637,434.067
6/21/2022 16:53,1008.4,43.94,18.413,43.73,439159.248,747253.886,265459.962,137.1017448,23310.49461,23275.41,6.798,439.77
6/21/2022 16:54,1008.492,43.94,18.523,43.733,439143.933,747260.552,265288.324,137.8551547,23420.96177,23311.667,7.194,441.533
6/21/2022 16:55,1008.5,43.94,18.567,43.739,439135.124,747316.61,265235.352,138.2886519,23455.106,23315,7.396,442.85
6/21/2022 16:56,1008.5,43.94,18.596,43.74,439120.848,747391.762,265164.381,138.9914092,23500.88969,23439.344,7.489,442.82
6/21/2022 16:57,1008.5,43.94,18.606,43.74,439125.924,747414.724,265161.933,138.7415037,23502.46968,23300,7.004,440.383
6/21/2022 16:58,1008.5,43.948,18.532,43.74,439141.295,747421.181,265352.438,137.9849615,23379.668,23170,7.019,440.133
6/21/2022 16:59,1008.5,43.948,18.475,43.74,439137.952,747415.438,265457.114,138.1494725,23312.32553,23129.508,7.527,442.672
6/21/2022 17:00,1008.5,43.94,18.473,43.74,439128.819,747426.438,265454.095,138.5989906,23314.26646,23078.333,7.62,443.033
6/21/2022 17:01,1008.5,43.94,18.468,43.738,439118.514,747387.99,265469.257,139.1063302,23304.51953,23095,7.858,444.1
6/21/2022 17:02,1008.5,43.94,18.554,43.731,439122.467,747281.781,265289.971,138.9116975,23419.90055,23263.934,7.188,441.361
6/21/2022 17:03,1008.5,43.94,18.506,43.738,439115.819,747318.933,265422.562,139.2390354,23334.54387,23070,7.644,443.733
6/21/2022 17:04,1008.5,43.94,18.468,43.74,439126.343,747418.99,265477.59,138.7208767,23299.16348,23073.333,7.515,443.467
6/21/2022 17:05,1008.5,43.942,18.45,43.74,439129.667,747450.352,265511.943,138.557248,23277.08934,23040.984,7.471,443.656
6/21/2022 17:06,1008.5,43.95,18.424,43.74,439120.743,747485.581,265533.771,138.996579,23263.06863,23006.667,7.795,445.717
6/21/2022 17:07,1008.5,43.95,18.348,43.749,439147.143,747504.181,265713.571,137.6972147,23147.73421,22826.667,6.974,441.833
6/21/2022 17:08,1008.5,43.95,18.144,43.741,439177.676,747511.114,266159.762,136.1956177,22862.72178,22486.885,6.91,441.787
6/21/2022 17:09,1008.5,43.947,18.089,43.74,439164.029,747420.362,266208.81,136.8666127,22831.49594,22575,7.704,446.167
6/21/2022 17:10,1008.5,43.94,18.099,43.733,439179.743,747331.01,266186.257,136.0940098,22845.85148,22608.333,6.932,442.3
6/21/2022 17:11,1008.5,43.94,18.167,43.731,439174.6,747281.857,266016.59,136.3468361,22953.98889,22740.984,6.894,443.393
6/21/2022 17:12,1008.5,43.94,18.25,43.735,439160.962,747338.314,265835.057,137.0174458,23069.96324,22891.667,6.611,442.817
6/21/2022 17:13,1008.5,43.94,18.272,43.74,439174.657,747425.352,265808.181,136.3440339,23087.15736,22883.333,6.66,443.633
6/21/2022 17:14,1008.5,43.949,18.322,43.74,439149.962,747474.667,265668.429,137.5585244,23176.66484,22973.77,7.034,445.607
6/21/2022 17:15,1008.5,43.95,18.424,43.746,439131.724,747532.505,265445.219,138.4559967,23319.97334,23070,7.105,446.117
6/21/2022 17:16,1008.5,43.95,18.433,43.74,439122.114,747508.619,265486.99,138.9290772,23293.12233,23050,7.833,449.6
6/21/2022 17:17,1008.5,43.95,18.398,43.74,439118.933,747444.181,265584.733,139.085699,23230.35034,22955.738,8.427,452.984
6/21/2022 17:18,1008.5,43.944,18.377,43.74,439123.781,747359.343,265629,138.8470052,23201.94845,22938.333,8.293,456.783
6/21/2022 17:19,1008.5,43.94,18.358,43.74,439133.4,747334.514,265703.2,138.3735036,23154.37923,22895,8.112,454.883
6/21/2022 17:20,1008.5,43.94,18.331,43.731,439127.829,747300.943,265756.6,138.6477243,23120.17408,22845.902,8.107,455.033
6/21/2022 17:21,1008.5,43.94,18.306,43.73,439110,747280.724,265799.362,139.5256041,23092.80073,22728.333,8.222,456.383
6/21/2022 17:22,1008.423,43.94,18.26,43.731,439112.133,747248.638,265893.41,139.4205547,23032.65288,22671.667,8.348,457.7
6/21/2022 17:23,1008.4,43.94,18.177,43.739,439138.248,747287.343,266060.552,138.1349055,22925.9459,22561.667,7.379,452.183
6/21/2022 17:24,1008.328,43.94,18.102,43.74,439182.429,747312.2,266187.295,135.9619822,22845.19067,22539.344,5.695,441.377
6/21/2022 17:25,1008.3,43.945,18.095,43.742,439180.4,747433.048,266167.257,136.0617147,22857.94883,22593.333,6.554,447.283
6/21/2022 17:26,1008.209,43.95,18.078,43.75,439202.248,747597.41,266194.324,134.9881041,22840.71613,22578.333,5.595,441.4
6/21/2022 17:27,1008.2,43.95,18.065,43.75,439212.371,747637.438,266197.771,134.4908809,22838.52199,22601.639,5.452,441.41
6/21/2022 17:28,1008.2,43.95,18.063,43.75,439196.838,747601.743,266192.829,135.2538908,22841.66779,22591.667,6.176,446.817
6/21/2022 17:29,1008.2,43.95,18.061,43.743,439175.52,747557.059,266195.078,136.3016069,22840.23617,22593.333,6.54,451.533
6/21/2022 17:30,1008.2,43.95,18.061,43.74,439176.038,747460.762,266206.914,136.2761414,22832.70262,22534.426,6.598,452.049
6/21/2022 17:31,1008.2,43.943,18.044,43.74,439174.171,747404.2,266262.638,136.3679271,22797.25079,22506.667,6.864,454.95
6/21/2022 17:32,1008.275,43.94,18.009,43.74,439186.448,747397.048,266340.124,135.7644508,22747.99827,22436.667,6.188,450.3
6/21/2022 17:33,1008.3,43.95,17.971,43.744,439197.952,747524.029,266402.362,135.199158,22708.47525,22408.197,6.026,449.836
6/21/2022 17:34,1008.3,43.95,17.922,43.75,439198.562,747596.762,266483.448,135.1691884,22657.03314,22355,6.518,456.3
6/21/2022 17:35,1008.3,43.952,17.9,43.75,439189.267,747709.286,266490.267,135.6259118,22652.70965,22358.333,6.57,456.533
6/21/2022 17:36,1008.247,43.96,17.881,43.75,439169.438,747683.762,266495.733,136.6006329,22649.2443,22336.066,7.21,464.262
6/21/2022 17:37,1008.2,43.958,17.792,43.75,439211.419,747667.99,266726.029,134.5376354,22503.47394,22190,5.866,452.167
6/21/2022 17:38,1008.2,43.95,17.767,43.745,439225.324,747549.257,266775.886,133.8548573,22471.97604,22211.667,5.886,452.3
6/21/2022 17:39,1008.179,43.95,17.718,43.74,439240.752,747478.457,266886.543,133.0976043,22402.14321,22136.066,5.44,448.885
6/21/2022 17:40,1008.1,43.95,17.725,43.74,439222.524,747478.686,266839.61,133.9923247,22431.74858,22170,6.452,458.533
6/21/2022 17:41,1008.1,43.95,17.713,43.74,439211.429,747493.219,266872.543,134.5371443,22410.97244,22110,6.371,458.417
6/21/2022 17:42,1008.1,43.95,17.715,43.74,439215.6,747493.343,266854.057,134.3323078,22422.63339,22157.377,6.459,459.557
6/21/2022 17:43,1008.1,43.95,17.708,43.74,439240.99,747504.019,266887.095,133.0859251,22401.79513,22151.667,5.678,452.683
6/21/2022 17:44,1008.1,43.95,17.618,43.746,439253.676,747618.105,267077.438,132.4635053,22281.92174,21985,5.327,448.983
6/21/2022 17:45,1008.084,43.95,17.507,43.748,439259.19,747595.8,267284.61,132.1930376,22151.80399,21875.41,5.401,450
6/21/2022 17:46,1008,43.95,17.497,43.742,439257.552,747565.676,267250.724,132.2733789,22173.0614,21971.667,5.248,448.983
6/21/2022 17:47,1008,43.95,17.533,43.74,439244.59,747518.219,267164.448,132.9092741,22227.22874,21986.667,5.881,455
6/21/2022 17:48,1008,43.949,17.566,43.74,439234.648,747455.61,267100.743,133.3971683,22267.26623,22034.426,6.304,459.279
6/21/2022 17:49,1008.047,43.94,17.599,43.74,439214.667,747416.181,267038.743,134.3781251,22306.26568,22063.333,6.7,463.25
6/21/2022 17:50,1008.173,43.944,17.604,43.74,439221.162,747451.133,267031.314,134.0591966,22310.94091,22046.667,6.564,461.633
6/21/2022 17:51,1008.318,43.95,17.561,43.743,439240.238,747556.495,267114.838,133.1228277,22258.40476,21968.852,5.646,453.459
6/21/2022 17:52,1008.448,43.95,17.549,43.75,439251.667,747608.095,267119.419,132.5620592,22255.52507,22013.333,5.594,453.45
6/21/2022 17:53,1008.529,43.95,17.566,43.743,439253.162,747565.629,267055.79,132.4887197,22295.53942,22100,5.161,449.633
6/21/2022 17:54,1008.6,43.95,17.731,43.74,439240.619,747486.371,266691.219,133.1041309,22525.47835,22411.475,5.27,450.803
6/21/2022 17:55,1008.6,43.943,17.8,43.739,439228.933,747399.619,266625.362,133.6776876,22567.13698,22335,5.442,452.017
6/21/2022 17:56,1008.6,43.94,17.863,43.73,439203.114,747289.267,266517.752,134.9455623,22635.28722,22435,6.63,461.3
6/21/2022 17:57,1008.6,43.94,17.799,43.73,439219.867,747300.99,266727.362,134.1227813,22502.63152,22232.787,6.282,456.016
6/21/2022 17:58,1008.6,43.94,17.798,43.73,439214.543,747272.286,266671.295,134.3842145,22538.07758,22355,6.632,456.283
6/21/2022 17:59,1008.6,43.94,17.82,43.73,439214.152,747328.152,266637.781,134.4034159,22559.27834,22346.667,7.06,456.1
6/21/2022 18:00,1008.6,43.94,17.829,43.73,439207.914,747320.59,266616.095,134.7097833,22573.00192,22391.803,7.018,454.492
6/21/2022 18:01,1008.6,43.94,17.902,43.73,439182.171,747301.867,266436.924,135.9746635,22686.54171,22528.333,7.375,456.85
6/21/2022 18:02,1008.6,43.94,18.007,43.731,439150.924,747261.314,266211.448,137.511198,22829.81708,22676.667,8.135,464.217
6/21/2022 18:03,1008.6,43.94,18.128,43.731,439124.657,747297.514,265945.133,138.8038783,22999.60616,22809.836,8.437,474.623
6/21/2022 18:04,1008.643,43.94,18.146,43.739,439117.886,747357.162,265950.029,139.1372528,22996.47921,22753.333,9.128,481.717
6/21/2022 18:05,1008.7,43.947,18.151,43.743,439101.076,747513.514,265908.248,139.9651747,23023.17027,22791.667,9.734,491.917
6/21/2022 18:06,1008.7,43.95,18.121,43.75,439153.781,747598.552,266019.619,137.370653,22952.05618,22698.361,7.384,471.475
6/21/2022 18:07,1008.771,43.955,18.05,43.75,439175.933,747673.381,266160.962,136.2813033,22861.95756,22621.667,7.194,467.467
6/21/2022 18:08,1008.8,43.959,18.032,43.75,439196.248,747650.838,266196.943,135.2828791,22839.04903,22638.333,6.121,458.167
6/21/2022 18:09,1008.8,43.95,18.041,43.746,439202.267,747533.771,266183.867,134.9871707,22847.37303,22683.333,5.629,454.833
6/21/2022 18:10,1008.8,43.948,18.052,43.738,439202.057,747402.952,266190.505,134.997487,22843.14719,22668.852,5.594,453.885
6/21/2022 18:11,1008.8,43.94,18.036,43.729,439214.676,747266.81,266278.981,134.3776831,22786.85837,22605,5.361,452.5
6/21/2022 18:12,1008.8,43.934,18.017,43.72,439213.99,747176.124,266324.124,134.4113716,22758.16414,22558.333,5.513,454.95
6/21/2022 18:13,1008.8,43.93,18.061,43.725,439211.552,747137.314,266219.857,134.5311035,22824.46585,22731.148,5.618,456.705
6/21/2022 18:14,1008.8,43.93,18.151,43.73,439199.305,747155.21,266002.876,135.1326851,22962.74033,22861.667,5.664,460.617
6/21/2022 18:15,1008.8,43.936,18.268,43.73,439174.533,747209.438,265742.876,136.3501301,23128.96259,23005,6.078,468.817
6/21/2022 18:16,1008.8,43.94,18.361,43.73,439159.829,747250.962,265568.581,137.0731693,23240.71773,23078.689,5.943,467.705
6/21/2022 18:17,1008.8,43.94,18.434,43.73,439157.914,747266.467,265457.276,137.1673572,23312.22138,23111.667,6.146,466.85
6/21/2022 18:18,1008.8,43.94,18.468,43.73,439147.01,747276.819,265425.971,137.7037583,23332.35129,23126.667,6.398,468.233
6/21/2022 18:19,1008.8,43.94,18.459,43.73,439135.971,747263.771,265473.952,138.2469659,23301.50174,23045.902,6.766,473.344
6/21/2022 18:20,1008.8,43.94,18.444,43.735,439140.181,747351.505,265506.867,138.0397804,23280.35037,23023.333,6.742,469.95
6/21/2022 18:21,1008.8,43.943,18.383,43.74,439143.362,747478.286,265604.133,137.8832508,23217.90115,22963.333,7.075,473.4
6/21/2022 18:22,1008.8,43.95,18.321,43.745,439155.562,747590.162,265703.41,137.2830455,23154.24467,22906.557,7.04,483.738
6/21/2022 18:23,1008.8,43.95,18.347,43.75,439147.476,747593.248,265597.39,137.680831,23222.22784,23040,7.137,490.167
6/21/2022 18:24,1008.827,43.95,18.368,43.744,439155.171,747526.905,265579.571,137.3022785,23233.6634,22998.333,6.518,483.5
6/21/2022 18:25,1008.9,43.95,18.344,43.74,439165.438,747499.257,265668.99,136.7973233,23176.3052,22942.623,6.497,475.148
6/21/2022 18:26,1008.9,43.95,18.414,43.74,439161.562,747440.019,265497.61,136.9879372,23286.29803,23156.667,6.816,476.85
6/21/2022 18:27,1008.9,43.941,18.54,43.739,439131.514,747399.629,265260.705,138.4663332,23438.76117,23253.333,7.311,478.133
6/21/2022 18:28,1008.9,43.94,18.583,43.737,439130.086,747391.981,265222.686,138.5366232,23463.27372,23236.066,7.506,478.033
6/21/2022 18:29,1008.9,43.94,18.584,43.738,439133.714,747360.219,265249.819,138.3580489,23445.77859,23228.333,7.408,475.267
6/21/2022 18:30,1008.9,43.94,18.491,43.739,439157.743,747410.01,265496.238,137.175768,23287.17961,22993.333,6.506,464.667
6/21/2022 18:31,1008.9,43.945,18.445,43.74,439168.952,747495.99,265547.552,136.6245296,23254.21884,23086.885,6.552,463.41
6/21/2022 18:32,1008.825,43.95,18.43,43.745,439172.048,747560.981,265545.524,136.4723041,23255.52107,23075,6.08,458.433
6/21/2022 18:33,1008.8,43.95,18.483,43.741,439177.581,747573.59,265437.714,136.2002878,23324.79925,23161.667,5.905,456.5
6/21/2022 18:34,1008.8,43.95,18.508,43.744,439190.381,747617.01,265402.8,135.5711675,23347.25625,23204.918,5.477,452.672
6/21/2022 18:35,1008.8,43.95,18.508,43.75,439188.81,747605.343,265408.467,135.6483702,23343.61047,23190,5.262,450.167
6/21/2022 18:36,1008.8,43.95,18.533,43.74,439183.371,747557.429,265349.914,135.9156815,23381.29296,23280,5.059,447.95
6/21/2022 18:37,1008.8,43.95,18.533,43.74,439201.143,747540.067,265381.038,135.0423881,23361.25907,23218.033,4.719,444.525
6/21/2022 18:38,1008.8,43.95,18.57,43.74,439199.114,747545.143,265299.562,135.1420688,23413.72118,23303.333,4.956,446.133
6/21/2022 18:39,1008.8,43.95,18.592,43.74,439189.752,747521.114,265252.076,135.6020777,23444.32358,23330,5.107,445.283
6/21/2022 18:40,1008.8,43.95,18.595,43.74,439190.143,747520.41,265256.762,135.5828632,23441.30282,23319.672,4.61,440.885
6/21/2022 18:41,1008.8,43.95,18.618,43.74,439182.933,747514.314,265220.181,135.9372097,23464.88924,23356.667,4.93,443.05
6/21/2022 18:42,1008.8,43.95,18.652,43.74,439184.505,747442.686,265173.248,135.8599453,23495.16719,23400,4.551,439.967
6/21/2022 18:43,1008.8,43.95,18.676,43.74,439185.886,747442.4,265123.352,135.7920714,23527.37744,23434.426,4.571,440.607
6/21/2022 18:44,1008.8,43.947,18.703,43.74,439195.038,747438.676,265087.733,135.3423314,23550.3843,23431.667,4.118,437.217
6/21/2022 18:45,1008.8,43.94,18.684,43.74,439192.371,747399.895,265141.048,135.4733791,23515.95137,23403.333,4.083,436.8
6/21/2022 18:46,1008.8,43.94,18.719,43.74,439194.257,747454.667,265062.286,135.3807062,23566.82759,23509.836,4.07,436.459
6/21/2022 18:47,1008.8,43.94,18.632,43.74,439208.829,747436.838,265285.629,134.6648415,23422.69831,23256.667,3.812,434
6/21/2022 18:48,1008.8,43.94,18.555,43.74,439206.838,747408.581,265435.895,134.7626344,23325.96899,23143.333,3.949,434.35
6/21/2022 18:49,1008.8,43.94,18.493,43.74,439215.743,747437.99,265545.533,134.3252855,23255.51529,23136.066,4.059,434.738
6/21/2022 18:50,1008.8,43.94,18.481,43.735,439215.352,747392.429,265579.438,134.3444863,23233.74876,23106.667,3.979,433.667
6/21/2022 18:51,1008.8,43.94,18.484,43.731,439204.79,747325.819,265546.01,134.8632326,23255.20899,23146.667,4.343,435.883
6/21/2022 18:52,1008.8,43.94,18.516,43.731,439193.171,747350.924,265474.686,135.4340687,23301.02996,23229.508,4.708,438.033
6/21/2022 18:53,1008.8,43.94,18.587,43.74,439180.781,747446.067,265269.495,136.0429868,23433.09564,23396.667,5.037,440.083
6/21/2022 18:54,1008.8,43.947,18.643,43.743,439171.543,747533.295,265162.248,136.4971333,23502.26637,23390,4.99,439.567
6/21/2022 18:55,1008.8,43.95,18.679,43.75,439170.333,747640.543,265102.99,136.5566264,23540.52823,23426.23,5.204,440.754
6/21/2022 18:56,1008.703,43.951,18.697,43.75,439164.171,747724.714,265065.381,136.8596296,23564.82737,23470,5.282,441.567
6/21/2022 18:57,1008.7,43.96,18.756,43.75,439164.743,747735.476,264930.838,136.8315005,23651.85508,23611.667,5.231,441.85
6/21/2022 18:58,1008.7,43.96,18.797,43.75,439158.59,747733.324,264871.619,137.134108,23690.2096,23593.333,5.244,442.35
6/21/2022 18:59,1008.7,43.954,18.836,43.75,439165.067,747711.21,264822.295,136.8155674,23722.17842,23606.557,5.208,442.377
6/21/2022 19:00,1008.7,43.96,18.913,43.75,439157.648,747741.2,264639.429,137.1804406,23840.88364,23756.667,5.117,442.8
6/21/2022 19:01,1008.7,43.958,18.957,43.75,439162.6,747737.181,264593.19,136.9368884,23870.94467,23763.333,5.126,444.033
6/21/2022 19:02,1008.7,43.95,18.989,43.745,439156.61,747714.229,264563.943,137.2314964,23889.9683,23770.492,5.04,444.066
6/21/2022 19:03,1008.7,43.95,18.957,43.741,439144.924,747644.514,264632.924,137.8063935,23845.11158,23708.333,5.204,446.017
6/21/2022 19:04,1008.7,43.95,18.924,43.741,439156.533,747640.343,264703.286,137.2352838,23799.39897,23623.333,4.92,444.1
6/21/2022 19:05,1008.7,43.95,18.902,43.74,439155.829,747590.029,264733.457,137.2699122,23779.8106,23647.541,4.86,444.115
6/21/2022 19:06,1008.7,43.95,18.902,43.74,439153.505,747537.105,264749.381,137.3842299,23769.47518,23615,5.114,445.883
6/21/2022 19:07,1008.7,43.944,18.916,43.732,439147.124,747480.248,264732.105,137.6981495,23780.68821,23666.667,5.054,445.767
6/21/2022 19:08,1008.7,43.94,18.95,43.737,439145.467,747481.324,264676.476,137.7796763,23816.8118,23686.885,5.017,446.754
6/21/2022 19:09,1008.7,43.946,18.995,43.74,439146.495,747528.61,264570.371,137.7290968,23885.7866,23788.333,4.906,447.733
6/21/2022 19:10,1008.7,43.95,18.976,43.74,439148.152,747533.971,264625.114,137.6475722,23850.18818,23663.333,5.021,452.367
6/21/2022 19:11,1008.7,43.95,18.95,43.74,439142.638,747538.59,264666.943,137.918876,23823.00488,23636.066,5.189,461.426
6/21/2022 19:12,1008.7,43.941,18.89,43.739,439144.371,747450.914,264816.486,137.8336032,23725.94484,23521.667,5.294,463.867
6/21/2022 19:13,1008.7,43.94,18.878,43.74,439145.59,747454.962,264829.705,137.7736244,23717.37438,23495,5.24,458.817
6/21/2022 19:14,1008.7,43.94,18.768,43.74,439157.143,747454.886,265086.581,137.2052797,23551.12858,23285.246,5.36,456.328
6/21/2022 19:15,1008.7,43.94,18.652,43.74,439171.333,747481.676,265308.038,136.5074584,23408.26085,23106.667,5.425,456.5
6/21/2022 19:16,1008.7,43.94,18.562,43.74,439173.695,747486.276,265452.695,136.3913291,23315.16656,22991.667,5.569,457.05
6/21/2022 19:17,1008.7,43.945,18.498,43.74,439170.838,747532.467,265555.667,136.5317964,23249.00837,23014.754,5.985,458.033
6/21/2022 19:18,1008.7,43.95,18.495,43.74,439179.029,747588.81,265515.629,136.1291074,23274.72144,23070,5.532,453.983
6/21/2022 19:19,1008.7,43.95,18.585,43.74,439168.219,747549.762,265285.171,136.660572,23422.99343,23330,5.716,454.167
6/21/2022 19:20,1008.7,43.95,18.694,43.74,439150.476,747541.667,265086.514,137.5332376,23551.17186,23424.59,6.126,455.475
6/21/2022 19:21,1008.7,43.95,18.64,43.74,439147.133,747535.324,265255.933,137.6977067,23441.83721,23141.667,5.87,452.867
6/21/2022 19:22,1008.7,43.95,18.544,43.74,439154.39,747574.352,265444.067,137.3406958,23320.71408,23021.667,6.407,455.65
6/21/2022 19:23,1008.7,43.95,18.55,43.741,439128.048,747595.619,265384.2,138.6369437,23359.22422,23127.869,6.953,458.475
6/21/2022 19:24,1008.7,43.95,18.569,43.744,439149.714,747621.781,265335,137.5707251,23390.89576,23208.333,6.101,451.217
6/21/2022 19:25,1008.7,43.95,18.578,43.746,439164.419,747666.657,265310.41,136.8474337,23406.7329,23211.667,6.038,449.833
6/21/2022 19:26,1008.7,43.95,18.703,43.75,439133.724,747682.457,265005.8,138.3575567,23603.3475,23501.639,6.654,454.115
6/21/2022 19:27,1008.7,43.95,18.813,43.75,439122.438,747678.676,264835.562,138.9131253,23713.5775,23555,6.341,452.2
6/21/2022 19:28,1008.7,43.95,18.765,43.75,439140.476,747696.219,264986.905,138.0252635,23615.56982,23390,5.807,448.183
6/21/2022 19:29,1008.7,43.95,18.706,43.745,439148.524,747635.8,265115.543,137.6292703,23532.42046,23319.672,5.935,449.016
6/21/2022 19:30,1008.7,43.95,18.747,43.74,439140.41,747544.105,265016.314,138.0285114,23596.54781,23458.333,5.901,449.083
6/21/2022 19:31,1008.7,43.944,18.84,43.74,439136.457,747434.324,264845.771,138.2230473,23706.9601,23585,5.416,446.033
6/21/2022 19:32,1008.7,43.94,18.861,43.74,439142.781,747452.876,264837.486,137.9118395,23712.33031,23596.721,5.18,444.984
6/21/2022 19:33,1008.7,43.94,18.829,43.739,439153.505,747462.924,264940.486,137.3842299,23645.60919,23463.333,5.055,444.367
6/21/2022 19:34,1008.7,43.94,18.875,43.74,439147.029,747474.762,264782.914,137.7028235,23747.71782,23640,4.934,443.833
6/21/2022 19:35,1008.7,43.942,18.939,43.74,439151.895,747504.752,264660.057,137.4634302,23827.47884,23696.721,4.811,443.689
6/21/2022 19:36,1008.7,43.95,18.946,43.74,439160.181,747533.419,264683.333,137.0558569,23812.35766,23693.333,4.193,439.15
6/21/2022 19:37,1008.7,43.95,18.932,43.74,439168.924,747525.41,264722.238,136.6259064,23787.09357,23680,4.018,438.467
6/21/2022 19:38,1008.7,43.95,18.904,43.74,439163.181,747544.048,264789.467,136.9083155,23743.46714,23559.016,3.945,437.852
6/21/2022 19:39,1008.7,43.95,18.89,43.74,439172.619,747574.314,264801.848,136.4442304,23735.43706,23616.667,3.816,437.25
6/21/2022 19:40,1008.7,43.95,18.877,43.74,439168.171,747613.029,264822.476,136.6629322,23722.06107,23573.333,3.812,437.417
6/21/2022 19:41,1008.7,43.95,18.854,43.741,439160.362,747576.2,264869.257,137.0469549,23691.74003,23508.333,4.043,439.417
6/21/2022 19:42,1008.7,43.95,18.809,43.74,439169.495,747548.933,264977.743,136.5978302,23621.49741,23445.902,4.128,440.443
6/21/2022 19:43,1008.7,43.942,18.784,43.74,439166.914,747443.143,265026.514,136.724742,23589.95209,23421.667,4.158,440.85
6/21/2022 19:44,1008.7,43.94,18.843,43.739,439154.181,747387.248,264896.295,137.3509766,23674.22397,23560,4.231,440.8
6/21/2022 19:45,1008.7,43.94,18.867,43.74,439168.829,747467.514,264863.438,136.6305776,23695.51058,23534.426,4.142,439.82
6/21/2022 19:46,1008.7,43.946,18.859,43.74,439163.857,747530.695,264856.724,136.8750712,23699.86143,23531.667,4.527,442.483
6/21/2022 19:47,1008.7,43.95,18.875,43.748,439159.638,747656.943,264815.495,137.0825632,23726.58741,23575,4.591,442.083
6/21/2022 19:48,1008.7,43.95,18.842,43.75,439163.086,747711.59,264888.086,136.9129875,23679.54135,23462.295,4.755,443.295
6/21/2022 19:49,1008.7,43.956,18.731,43.75,439175.19,747787.886,265140.152,136.3178303,23516.52984,23205,4.361,440.067
6/21/2022 19:50,1008.7,43.96,18.616,43.75,439190.6,747754.61,265340.238,135.5604056,23387.52291,23133.333,4.247,439
6/21/2022 19:51,1008.7,43.96,18.642,43.75,439181.4,747724.724,265232.171,136.0125605,23457.15715,23291.803,4.525,441.475
6/21/2022 19:52,1008.7,43.952,18.676,43.748,439185.876,747686.486,265172.676,135.7925629,23495.53632,23315,4.546,442.067
6/21/2022 19:53,1008.7,43.95,18.691,43.74,439185.219,747583.829,265164.79,135.824853,23500.62572,23341.667,4.539,442.267
6/21/2022 19:54,1008.7,43.949,18.737,43.74,439178.752,747530.829,265081.038,136.1427238,23554.70992,23385.246,4.639,443.049
6/21/2022 19:55,1008.75,43.94,18.708,43.735,439182.038,747460.21,265181.286,135.9812008,23489.98028,23256.667,4.613,443.133
6/21/2022 19:56,1008.8,43.94,18.741,43.738,439177.867,747450.857,265083.267,136.1862285,23553.26973,23401.667,4.839,444.767
6/21/2022 19:57,1008.8,43.945,18.771,43.74,439171.276,747571.552,265017.905,136.5102609,23595.51894,23391.803,4.892,444.787
6/21/2022 19:58,1008.8,43.95,18.735,43.746,439175.314,747634.581,265080.648,136.3117342,23554.96191,23333.333,5.024,445.467
6/21/2022 19:59,1008.8,43.95,18.71,43.75,439176.343,747644.152,265134.819,136.2611474,23519.97305,23270,4.689,442.083
6/21/2022 20:00,1008.875,43.95,18.656,43.743,439191.095,747682.81,265259.095,135.536081,23439.79896,23219.672,4.757,442.098
6/21/2022 20:01,1008.9,43.95,18.666,43.74,439186.048,747630.114,265203.095,135.7841095,23475.90976,23285,4.826,443.15
6/21/2022 20:02,1008.9,43.95,18.758,43.74,439173.724,747597.876,265006.486,136.3899033,23602.90382,23421.667,5.174,446.35
6/21/2022 20:03,1008.9,43.95,18.785,43.74,439176.914,747579.438,264984.133,136.233077,23617.36316,23400,5.123,446.246
6/21/2022 20:04,1008.9,43.95,18.77,43.74,439176.371,747566.714,265019.924,136.2597709,23594.21334,23373.333,4.548,442.05
6/21/2022 20:05,1008.922,43.95,18.738,43.74,439170.743,747583.248,265079.181,136.5364673,23555.90979,23311.667,5.091,445.95
6/21/2022 20:06,1009,43.95,18.788,43.742,439157.2,747606.724,264948.21,137.2024761,23640.60944,23442.623,5.389,447.803
6/21/2022 20:07,1009,43.95,18.791,43.745,439154.619,747641.876,264952.695,137.3294312,23637.70652,23418.333,5.215,446.7
6/21/2022 20:08,1009,43.95,18.735,43.741,439166.257,747688.086,265107.19,136.7570492,23537.81537,23250,5.108,445.6
6/21/2022 20:09,1009,43.95,18.724,43.744,439171.21,747675.943,265104.333,136.513506,23539.66074,23336.066,5.111,444.41
6/21/2022 20:10,1009,43.95,18.694,43.75,439173.19,747737.676,265172.152,136.4161571,23495.87448,23185,5.042,443.383
6/21/2022 20:11,1009,43.95,18.654,43.75,439182.562,747746.552,265240.495,135.955445,23451.78991,23216.667,5.006,442.983
6/21/2022 20:12,1009,43.95,18.673,43.745,439167.933,747697.705,265176.619,136.6746351,23492.99182,23295.082,5.348,446.016
6/21/2022 20:13,1009,43.95,18.679,43.74,439172.6,747672.486,265195.01,136.4451645,23481.12548,23241.667,5.329,445.783
6/21/2022 20:14,1009,43.95,18.697,43.74,439155.867,747582.829,265129.171,137.268043,23523.61989,23340,5.768,449.45
6/21/2022 20:15,1009,43.95,18.648,43.74,439174.124,747574.8,265288.467,136.3702378,23420.86963,23126.23,5.004,443.984
6/21/2022 20:16,1009,43.95,18.579,43.74,439179.476,747597.886,265415.867,136.1071344,23338.85021,23038.333,5.068,444.733
6/21/2022 20:17,1009,43.95,18.517,43.74,439195.552,747608.219,265518.352,135.3170762,23272.97224,23033.333,5.086,444.533
6/21/2022 20:18,1009,43.95,18.514,43.746,439195.333,747706.333,265487.79,135.3278367,23292.60823,23072.131,4.726,441.541
6/21/2022 20:19,1009,43.955,18.545,43.752,439186.01,747792.143,265379.143,135.7859771,23362.4786,23178.333,4.902,442.333
6/21/2022 20:20,1009,43.96,18.555,43.752,439170.381,747843.295,265368.733,136.5542663,23369.17855,23130,5.735,447.333
6/21/2022 20:21,1009,43.96,18.579,43.75,439163.914,747780.638,265308.667,136.8722681,23407.85567,23219.672,5.779,447.033
6/21/2022 20:22,1009,43.958,18.576,43.75,439175.01,747721.057,265353.762,136.3266795,23378.81563,23155,5.558,445.2
6/21/2022 20:23,1009,43.95,18.564,43.744,439168.314,747698.886,265375.543,136.6559007,23364.79548,23156.667,6.098,447.817
6/21/2022 20:24,1009,43.95,18.637,43.74,439161.762,747706.124,265223.857,136.9781011,23462.51853,23236.667,5.636,443.85
6/21/2022 20:25,1009.01,43.95,18.593,43.745,439169.086,747696.819,265326.838,136.6179407,23396.1519,23159.016,5.602,443.016
6/21/2022 20:26,1009.1,43.95,18.665,43.748,439146.962,747703.733,265161.867,137.7061199,23502.51228,23305,6.291,447.467
6/21/2022 20:27,1009.1,43.95,18.689,43.75,439154.276,747762.057,265127.695,137.3463035,23524.57297,23313.333,5.912,444.65
6/21/2022 20:28,1009.1,43.954,18.692,43.75,439157.286,747795.59,265120.371,137.198246,23529.30249,23314.754,5.782,443.639
6/21/2022 20:29,1009.1,43.955,18.726,43.75,439158,747760.295,265067.962,137.1631273,23563.1594,23361.667,5.699,442.583
6/21/2022 20:30,1009.1,43.95,18.733,43.746,439162.724,747721,265070.676,136.9307902,23561.40554,23351.667,5.907,443.2
6/21/2022 20:31,1009.1,43.95,18.742,43.74,439152.457,747672.733,265063.514,137.4357834,23566.03396,23316.393,6.144,443.607
6/21/2022 20:32,1009.1,43.95,18.693,43.74,439156.276,747565.781,265194.619,137.2479251,23481.37774,23211.667,5.926,441.9
6/21/2022 20:33,1009.1,43.944,18.69,43.74,439150.61,747555.981,265194.229,137.5266454,23481.62934,23238.333,6.342,444.117
6/21/2022 20:34,1009.1,43.94,18.716,43.738,439150.657,747510.562,265119.962,137.5243332,23529.56662,23326.23,6.135,443.246
6/21/2022 20:35,1009.18,43.94,18.767,43.74,439139.476,747488.41,265014.467,138.0744737,23597.74224,23411.667,6.026,443.033
6/21/2022 20:36,1009.2,43.943,18.782,43.74,439131.229,747548.476,264988.495,138.4803615,23614.5412,23368.333,6.368,444.75
6/21/2022 20:37,1009.2,43.95,18.792,43.74,439129.667,747580.152,264969.562,138.557248,23626.79092,23383.607,6.453,445.197
6/21/2022 20:38,1009.2,43.95,18.787,43.74,439133.038,747634.448,264985.514,138.391321,23616.46972,23365,6.641,446.317
6/21/2022 20:39,1009.2,43.95,18.774,43.74,439126.495,747647.581,265014.848,138.713394,23597.49585,23333.333,6.649,446.05
6/21/2022 20:40,1009.2,43.95,18.792,43.74,439120.429,747634.629,264957.114,139.0120393,23634.8465,23418.033,6.633,446
6/21/2022 20:41,1009.2,43.949,18.82,43.74,439106.371,747548.505,264912.724,139.7043451,23663.58382,23406.667,7.384,449.133
6/21/2022 20:42,1009.2,43.94,18.792,43.735,439124.392,747528.167,265020.961,138.8169245,23593.54276,23303.333,6.88,445.733
6/21/2022 20:43,1009.2,43.94,18.814,43.73,439136.148,747492.12,264964.333,138.2382547,23630.17464,23390.164,6.781,445.164
6/21/2022 20:44,1009.2,43.94,18.88,43.732,439132.853,747511.98,264815.784,138.4004267,23726.40002,23520,6.573,444.717
6/21/2022 20:45,1009.2,43.94,18.895,43.739,439111.61,747539.61,264791.848,139.4463117,23741.92276,23500,6.644,444.967
6/21/2022 20:46,1009.2,43.94,18.863,43.74,439124.114,747576.895,264892.39,138.8306109,23676.75336,23390.164,6.46,443.836
6/21/2022 20:47,1009.2,43.94,18.846,43.739,439132.581,747594.181,264899.867,138.4138145,23671.91039,23438.333,6.225,442.967
6/21/2022 20:48,1009.2,43.94,18.829,43.74,439125.924,747576.619,264953.705,138.7415037,23637.05283,23343.333,6.615,445
6/21/2022 20:49,1009.2,43.941,18.834,43.739,439130.676,747573.914,264919.238,138.5075815,23659.36571,23444.262,6.326,443.705
6/21/2022 20:50,1009.2,43.95,18.851,43.74,439119.019,747592.6,264868.838,139.0814645,23692.01152,23445,6.309,443.9
6/21/2022 20:51,1009.225,43.95,18.864,43.74,439122.61,747605.152,264849.314,138.904657,23704.66376,23466.667,6.599,444.867
6/21/2022 20:52,1009.3,43.95,18.87,43.74,439130.2,747657.114,264852.219,138.5310117,23702.78101,23452.459,6.673,445.475
6/21/2022 20:53,1009.3,43.95,18.878,43.744,439123.905,747718.514,264818.133,138.8409004,23724.87694,23470,7.004,447.1
6/21/2022 20:54,1009.3,43.951,18.866,43.75,439126.552,747819.8,264843.171,138.7105879,23708.64531,23421.667,6.869,446.367
6/21/2022 20:55,1009.3,43.96,18.92,43.75,439118.019,747867.562,264680.181,139.1307039,23814.40508,23595.082,6.795,445.918
6/21/2022 20:56,1009.3,43.96,18.993,43.75,439111.524,747856.743,264552.533,139.4505471,23897.3919,23638.333,6.986,446.767
6/21/2022 20:57,1009.3,43.958,19.012,43.745,439114.448,747804.552,264555.914,139.306549,23895.19203,23630,6.996,446.867
6/21/2022 20:58,1009.3,43.95,19.087,43.74,439110.619,747724.2,264411.248,139.4951179,23989.40784,23777.049,6.876,446.328
6/21/2022 20:59,1009.3,43.95,19.17,43.74,439118.371,747638.248,264288.924,139.1133715,24069.21353,23826.667,6.318,443.467
6/21/2022 21:00,1009.3,43.95,19.198,43.74,439123.324,747635.238,264271.229,138.8695044,24080.76862,23818.333,6.348,443.7
6/21/2022 21:01,1009.3,43.95,19.194,43.74,439125.924,747709.952,264271.086,138.7415037,24080.86201,23860.656,6.09,442.885
6/21/2022 21:02,1009.3,43.95,19.276,43.742,439140.848,747741.895,264101.524,138.0069577,24191.72519,23975,5.339,441.7
6/21/2022 21:03,1009.3,43.95,19.237,43.74,439142.905,747739.314,264220.829,137.9057379,24113.6953,23846.667,5.365,443.267
6/21/2022 21:04,1009.3,43.95,19.242,43.741,439128.524,747744.133,264174.105,138.6135121,24144.23995,23924.59,5.715,451.639
6/21/2022 21:05,1009.3,43.95,19.275,43.74,439131.438,747771.848,264097.362,138.4700741,24194.4495,23955,5.771,466
6/21/2022 21:06,1009.3,43.95,19.289,43.742,439122.771,747742.571,264093.867,138.8967304,24196.73733,23940,5.922,463.433
6/21/2022 21:07,1009.3,43.95,19.314,43.74,439118.105,747651.114,264034.714,139.1264693,24235.47487,24006.557,5.779,460.656
6/21/2022 21:08,1009.3,43.95,19.305,43.74,439111.095,747626.771,264098.81,139.471675,24193.50167,23923.333,6.037,456.833
6/21/2022 21:09,1009.3,43.95,19.321,43.74,439114.962,747642.629,264051.305,139.2812372,24224.60688,24041.667,5.398,451.417
6/21/2022 21:10,1009.3,43.95,19.219,43.74,439129.981,747694.533,264298.79,138.5417917,24062.77206,23742.623,5.73,457.639
6/21/2022 21:11,1009.3,43.95,19.142,43.74,439125.048,747716.533,264411.048,138.784629,23989.53821,23686.667,5.938,461.367
6/21/2022 21:12,1009.3,43.95,19.131,43.74,439130.486,747709.752,264415.79,138.5169338,23986.44706,23718.333,5.715,460.667
6/21/2022 21:13,1009.3,43.95,19.086,43.74,439145.933,747670.752,264527.362,137.756748,23913.77268,23636.667,5.327,455.117
6/21/2022 21:14,1009.347,43.95,19.13,43.74,439131.581,747635.638,264384.762,138.4630354,24006.67672,23801.639,5.615,456.164
6/21/2022 21:15,1009.4,43.95,19.126,43.74,439121.019,747613.295,264446.219,138.9829898,23966.61598,23650,6.001,459.55
6/21/2022 21:16,1009.4,43.95,19.023,43.74,439145.952,747622.514,264671.448,137.7558132,23820.07813,23486.667,5.412,456.6
6/21/2022 21:17,1009.4,43.95,18.952,43.74,439137.581,747601.895,264770.371,138.1677306,23755.85501,23442.623,5.728,459.836
6/21/2022 21:18,1009.4,43.95,18.925,43.74,439133.133,747656.486,264786.038,138.3866452,23745.69135,23458.333,6.327,465.667
6/21/2022 21:19,1009.4,43.95,18.885,43.74,439151.705,747697.6,264875.133,137.472777,23687.93284,23393.333,6.081,465.5
6/21/2022 21:20,1009.4,43.949,18.85,43.738,439140.714,747597.505,264936.162,138.0135517,23648.40835,23314.754,6.117,466.934
6/21/2022 21:21,1009.4,43.94,18.833,43.731,439125.429,747581.419,264952.895,138.7658723,23637.57708,23348.333,6.836,472.35
6/21/2022 21:22,1009.4,43.94,18.808,43.73,439133.705,747538.286,265028.133,138.3584919,23588.90526,23258.333,6.509,467.667
6/21/2022 21:23,1009.4,43.94,18.791,43.731,439120.2,747521.362,265046.524,139.0233145,23577.01544,23244.262,6.972,468.738
6/21/2022 21:24,1009.4,43.942,18.752,43.74,439133.638,747663.848,265107.971,138.3617895,23537.31092,23241.667,7.029,468.483
6/21/2022 21:25,1009.4,43.95,18.741,43.74,439121.771,747691.981,265093.61,138.9459647,23546.5875,23245,7.699,472.55
6/21/2022 21:26,1009.4,43.95,18.742,43.74,439123.943,747717.133,265076.171,138.8390296,23557.85472,23249.18,7.553,471.279
6/21/2022 21:27,1009.4,43.95,18.708,43.74,439130.114,747720.381,265160.305,138.5352449,23503.52045,23130,7.162,468.167
6/21/2022 21:28,1009.4,43.95,18.629,43.74,439139.99,747703.095,265320.019,138.0491795,23400.54362,23026.667,6.685,463.983
6/21/2022 21:29,1009.4,43.95,18.586,43.74,439139.076,747637.686,265376.752,138.0941581,23364.01738,23024.59,6.846,464.344
6/21/2022 21:30,1009.4,43.95,18.574,43.738,439146.676,747598.467,265406.724,137.7201914,23344.73178,23028.333,6.67,462.85
6/21/2022 21:31,1009.4,43.942,18.562,43.734,439144.029,747554.886,265430.638,137.8504311,23329.34975,23026.667,6.954,466.45
6/21/2022 21:32,1009.4,43.94,18.568,43.73,439140.133,747518.4,265418.067,138.0421425,23337.43509,23018.033,7.418,469.164
6/21/2022 21:33,1009.4,43.94,18.566,43.73,439142.857,747544.438,265415.619,137.9080998,23339.00974,23030,6.794,466.7
6/21/2022 21:34,1009.4,43.94,18.526,43.738,439159.4,747610.371,265498.324,137.0942689,23285.83926,22971.667,6.605,466.817
6/21/2022 21:35,1009.4,43.949,18.492,43.74,439168.229,747655.619,265550.952,136.6600802,23252.0357,22921.311,6.611,467.639
6/21/2022 21:36,1009.4,43.95,18.452,43.74,439167.067,747705.2,265613.257,136.7172185,23212.0473,22903.333,6.732,469.233
6/21/2022 21:37,1009.4,43.95,18.444,43.74,439159.257,747787.838,265578.838,137.1013022,23234.13387,22926.667,6.741,472.533
6/21/2022 21:38,1009.4,43.95,18.467,43.74,439182.638,747800.495,265529.314,135.9517094,23265.93115,22980.328,5.984,469.525
6/21/2022 21:39,1009.4,43.95,18.465,43.74,439158.286,747723.457,265534.2,137.1490603,23262.79312,22928.333,6.953,478.867
6/21/2022 21:40,1009.494,43.95,18.43,43.74,439164.248,747674.01,265626.362,136.8558429,23203.64053,22861.667,6.367,470.75
6/21/2022 21:41,1009.5,43.95,18.366,43.74,439188.895,747686.581,265766.962,135.644193,23113.53958,22808.197,6.31,471.541
6/21/2022 21:42,1009.5,43.95,18.301,43.74,439190.8,747640.457,265898.41,135.5505775,23029.45729,22731.667,6.07,467.15
6/21/2022 21:43,1009.547,43.946,18.3,43.738,439182.6,747576.248,265895.981,135.9535772,23031.00968,22713.333,6.274,465.317
6/21/2022 21:44,1009.6,43.94,18.248,43.73,439194.99,747547.914,266009.057,135.3446899,22958.79579,22663.934,6.15,463.098
6/21/2022 21:45,1009.6,43.94,18.255,43.73,439185.571,747420.733,265966.343,135.8075529,22986.06137,22713.333,6.314,464.817
6/21/2022 21:46,1009.6,43.94,18.248,43.73,439192,747525.248,265992.324,135.4916096,22969.47508,22695,6.475,465.417
6/21/2022 21:47,1009.688,43.94,18.249,43.734,439180.476,747569.933,265945.333,136.0579789,22999.47842,22722.951,6.761,472.279
6/21/2022 21:48,1009.7,43.946,18.255,43.74,439181.867,747607.762,265913.962,135.9896059,23019.51909,22730,6.591,471.7
6/21/2022 21:49,1009.7,43.95,18.243,43.74,439184.924,747673.438,265928.229,135.8393519,23010.40388,22716.667,6.715,477.283
6/21/2022 21:50,1009.7,43.95,18.219,43.74,439186.79,747696.505,265976.4,135.7476427,22979.64028,22677.049,6.507,475.77
6/21/2022 21:51,1009.7,43.95,18.221,43.74,439189.19,747644.857,265964.105,135.6296958,22987.49038,22681.667,6.306,482.25
6/21/2022 21:52,1009.787,43.941,18.246,43.734,439178.676,747558.952,265909.295,136.1464598,23022.50123,22736.667,6.384,489.167
6/21/2022 21:53,1009.8,43.94,18.258,43.73,439180.362,747475.743,265897.01,136.0635826,23030.35203,22758.333,6.578,486.95
6/21/2022 21:54,1009.8,43.94,18.281,43.73,439174.124,747471.076,265868.124,136.3702378,23048.81692,22742.623,7.392,490.492
6/21/2022 21:55,1009.8,43.94,18.279,43.73,439181.105,747451.676,265903.229,136.0270608,23026.37758,22683.333,7.222,487.55
6/21/2022 21:56,1009.8,43.94,18.259,43.73,439176.219,747507.419,265916.143,136.2672433,23018.12554,22716.667,7.351,491.783
6/21/2022 21:57,1009.8,43.94,18.263,43.737,439176.124,747580.562,265883.81,136.2719136,23038.78902,22739.344,7.54,496.213
6/21/2022 21:58,1009.8,43.942,18.266,43.74,439160.486,747636.962,265850.79,137.0408563,23059.90083,22738.333,8.004,498.433
6/21/2022 21:59,1009.8,43.95,18.259,43.74,439166.857,747720.752,265869.076,136.7275449,23048.20825,22713.333,7.691,497.367
6/21/2022 22:00,1009.8,43.95,18.248,43.74,439168.171,747747.571,265891.714,136.6629322,23033.73687,22706.557,7.688,497.623
6/21/2022 22:01,1009.8,43.95,18.247,43.74,439166.238,747768.914,265881,136.7579835,23040.58527,22725,7.717,498.983
6/21/2022 22:02,1009.8,43.95,18.232,43.74,439162.171,747740.619,265919.019,136.9579864,23016.28797,22675,8.203,499.6
6/21/2022 22:03,1009.8,43.95,18.176,43.74,439161.505,747711.59,266038.743,136.9907405,22939.8556,22593.443,7.915,493.639
6/21/2022 22:04,1009.8,43.945,18.166,43.731,439166.638,747573.771,266063.895,136.7383139,22923.81411,22606.667,7.606,495
6/21/2022 22:05,1009.8,43.94,18.133,43.73,439181.457,747468.857,266168.333,136.0097587,22857.26366,22545,7.265,490.567
6/21/2022 22:06,1009.8,43.94,18.108,43.73,439171.295,747386.733,266202.305,136.5093268,22835.63608,22526.23,7.613,490.279
6/21/2022 22:07,1009.8,43.94,18.088,43.73,439175.152,747401.581,266252.429,136.3196985,22803.7438,22490,7.481,487.983
6/21/2022 22:08,1009.8,43.94,18.076,43.73,439177.267,747509.381,266252.324,136.2157237,22803.81059,22490,7.809,490.1
6/21/2022 22:09,1009.8,43.94,18.027,43.738,439195.562,747571.886,266361.781,135.3165849,22734.24164,22427.869,7.246,483.41
6/21/2022 22:10,1009.8,43.943,17.99,43.74,439202.524,747685.562,266399.467,134.9745456,22710.31292,22420,7.252,481.083
6/21/2022 22:11,1009.8,43.95,17.973,43.74,439199.01,747714.905,266423.6,135.1471783,22694.99609,22405,7.49,482.633
6/21/2022 22:12,1009.8,43.95,17.934,43.74,439196.114,747770.495,266491.638,135.289463,22651.84043,22350.82,7.553,482.18
6/21/2022 22:13,1009.8,43.95,17.925,43.741,439201.867,747785.819,266497.914,135.0068209,22647.86165,22368.333,7.358,479.2
6/21/2022 22:14,1009.8,43.95,17.912,43.74,439195.105,747773.981,266512.086,135.3390394,22638.8783,22330,7.698,480.733
6/21/2022 22:15,1009.8,43.95,17.885,43.74,439203.533,747719.895,266581.648,134.9249795,22594.80938,22298.361,7.696,480.557
6/21/2022 22:16,1009.8,43.948,17.888,43.735,439200.867,747615.524,266585.571,135.0559471,22592.32532,22311.667,7.496,478.65
6/21/2022 22:17,1009.8,43.94,17.844,43.73,439214.762,747525.057,266711.01,134.3734598,22512.96661,22223.333,7.001,474.517
6/21/2022 22:18,1009.8,43.94,17.839,43.73,439219.505,747496.924,266689.81,134.1405559,22526.36924,22280.328,7.356,476.557
6/21/2022 22:19,1009.8,43.94,17.839,43.73,439221.01,747518.362,266689.514,134.0666597,22526.5564,22250,7.101,475.867
6/21/2022 22:20,1009.8,43.94,17.817,43.73,439212.229,747545.429,266735.524,134.4978547,22497.47369,22236.667,7.438,479.567
6/21/2022 22:21,1009.779,43.94,17.82,43.732,439207.771,747521.048,266712,134.7168071,22512.34083,22229.508,7.299,479.23
6/21/2022 22:22,1009.7,43.94,17.781,43.73,439209.457,747476.695,266808.152,134.6339969,22451.60291,22161.667,7.143,478.083
6/21/2022 22:23,1009.7,43.94,17.771,43.73,439209.467,747497.762,266823.895,134.6335057,22441.66585,22216.667,7.252,480.817
6/21/2022 22:24,1009.7,43.94,17.754,43.73,439217.848,747532.667,266835.981,134.221919,22434.03855,22188.525,7.235,481.344
6/21/2022 22:25,1009.617,43.94,17.73,43.73,439232.81,747543.724,266896.314,133.4873812,22395.98204,22113.333,6.896,476.867
6/21/2022 22:26,1009.6,43.94,17.709,43.737,439224.086,747598.105,266927.095,133.9156362,22376.57824,22108.333,7.146,478.617
6/21/2022 22:27,1009.6,43.947,17.728,43.74,439210.248,747655.429,266826.162,134.5951472,22440.23508,22213.115,7.471,481.328
6/21/2022 22:28,1009.6,43.95,17.723,43.74,439212.21,747730.152,266836.743,134.4987878,22433.5577,22151.667,6.883,475.267
6/21/2022 22:29,1009.6,43.95,17.664,43.742,439222.8,747763.562,266972.876,133.9787739,22347.73377,22068.333,6.525,470.083
6/21/2022 22:30,1009.6,43.95,17.68,43.75,439202.057,747773.781,266879.629,134.997487,22406.50338,22162.295,7.55,478.049
6/21/2022 22:31,1009.6,43.95,17.698,43.743,439217.181,747764.981,266864.152,134.2546716,22416.26511,22180,7.179,474.883
6/21/2022 22:32,1009.6,43.95,17.729,43.74,439205.314,747687.524,266794.819,134.837493,22460.02044,22191.667,7.099,474.867
6/21/2022 22:33,1009.6,43.95,17.767,43.739,439188.676,747590.638,266734.476,135.6549554,22498.13592,22218.033,7.529,477.082
6/21/2022 22:34,1009.6,43.943,17.783,43.731,439202.01,747580.733,266727.467,134.9997959,22502.56517,22240,7.34,475.433
6/21/2022 22:35,1009.6,43.94,17.743,43.736,439216.667,747574.743,266855.105,134.2799115,22421.97223,22125,6.954,471.383
6/21/2022 22:36,1009.6,43.94,17.718,43.73,439215.619,747527.762,266894.895,134.3313747,22396.87675,22106.557,7.134,471.77
6/21/2022 22:37,1009.6,43.94,17.721,43.731,439194.695,747547.057,266868.562,135.3591848,22413.4834,22155,7.707,475.583
6/21/2022 22:38,1009.6,43.94,17.735,43.739,439187.933,747570.476,266818.667,135.6914695,22444.96555,22153.333,7.681,475.267
6/21/2022 22:39,1009.6,43.94,17.731,43.74,439195.267,747613.971,266829.229,135.3310795,22438.29948,22149.18,7.607,474.689
6/21/2022 22:40,1009.6,43.94,17.735,43.74,439190.581,747586.981,266819.952,135.5613393,22444.15449,22151.667,7.668,474.95
6/21/2022 22:41,1009.6,43.94,17.725,43.73,439185.781,747485.733,266843.01,135.7972319,22429.60322,22150,7.914,478.65
6/21/2022 22:42,1009.504,43.94,17.733,43.73,439185.352,747444.143,266838.124,135.8183163,22432.68626,22140.984,8.053,480.262
6/21/2022 22:43,1009.5,43.94,17.716,43.73,439193.457,747378.619,266906.657,135.4200154,22389.46109,22113.333,7.62,476.983
6/21/2022 22:44,1009.5,43.94,17.696,43.73,439198.61,747375.438,266932.962,135.1668302,22372.88071,22111.667,7.736,478.433
6/21/2022 22:45,1009.5,43.94,17.682,43.73,439208.486,747453.267,266957.971,134.6816884,22357.12274,22077.049,7.519,476.131
6/21/2022 22:46,1009.481,43.94,17.669,43.73,439212.476,747459.124,266988.952,134.4857242,22337.60931,22068.333,7.404,474.517
6/21/2022 22:47,1009.4,43.94,17.661,43.734,439222.419,747520.924,267000.905,133.9974799,22330.08291,22085,7.297,473.867
6/21/2022 22:48,1009.4,43.94,17.611,43.74,439227.248,747544.914,267082.076,133.7604038,22279.00473,22009.836,7.207,471.689
6/21/2022 22:49,1009.4,43.94,17.605,43.74,439213.524,747511.581,267071.01,134.4342565,22285.96486,22025,7.375,473.05
6/21/2022 22:50,1009.4,43.94,17.597,43.74,439214.181,747535.876,267074.943,134.4019918,22283.49102,22048.333,7.602,473.883
6/21/2022 22:51,1009.4,43.94,17.598,43.74,439218.581,747576.848,267075.829,134.1859263,22282.93375,22020,7.26,471.05
6/21/2022 22:52,1009.4,43.94,17.602,43.74,439212.848,747604.448,267051.362,134.467455,22298.32535,22016.393,7.724,474.066
6/21/2022 22:53,1009.4,43.94,17.612,43.74,439195.514,747585.248,267026.467,135.3189433,22313.99149,22043.333,7.873,475.45
6/21/2022 22:54,1009.4,43.94,17.589,43.739,439216.943,747562.59,267120.648,134.2663585,22254.75253,21948.333,7.254,471.45
6/21/2022 22:55,1009.377,43.94,17.516,43.74,439238.286,747549.171,267274.59,133.2186212,22158.08872,21898.361,6.765,467.77
6/21/2022 22:56,1009.3,43.94,17.531,43.74,439220.686,747602.962,267195.848,134.082568,22207.50722,21966.667,7.553,474.133
6/21/2022 22:57,1009.3,43.945,17.53,43.74,439223.514,747600.79,267196.99,133.9437189,22206.79012,21923.333,7.337,473.033
6/21/2022 22:58,1009.3,43.95,17.501,43.74,439233.505,747599.286,267269.533,133.4532686,22161.26089,21873.77,7.172,471.639
6/21/2022 22:59,1009.3,43.95,17.477,43.74,439231.305,747580.19,267305.648,133.5612531,22138.61138,21855,7.451,473.117
6/21/2022 23:00,1009.202,43.95,17.47,43.74,439234.876,747616.629,267314.924,133.3859779,22132.79575,21881.667,7.236,471.733
6/21/2022 23:01,1009.2,43.95,17.47,43.74,439224.857,747611.829,267291.61,133.8777842,22147.41397,21896.721,7.365,473.361
6/21/2022 23:02,1009.2,43.95,17.462,43.74,439229.629,747676.114,267307.429,133.6435222,22137.49471,21871.667,7.482,474.85
6/21/2022 23:03,1009.193,43.95,17.47,43.74,439218.724,747658.124,267281.829,134.1789046,22153.5482,21893.333,7.709,477.817
6/21/2022 23:04,1009.1,43.95,17.467,43.74,439223.667,747632.876,267294.562,133.9362073,22145.56277,21886.885,7.757,478.475
6/21/2022 23:05,1009.1,43.95,17.467,43.74,439236.286,747630.543,267319.286,133.3167757,22130.06123,21845,7.215,473.783
6/21/2022 23:06,1009.1,43.95,17.456,43.74,439225.705,747635.743,267323.562,133.8361528,22127.38078,21883.333,8.029,478.783
6/21/2022 23:07,1009.1,43.95,17.461,43.74,439225.905,747665.457,267296.295,133.8263342,22144.47603,21891.803,8.081,477.984
6/21/2022 23:08,1009.1,43.95,17.462,43.74,439212.657,747635.333,267289.2,134.4768351,22148.92535,21903.333,7.981,477.2
6/21/2022 23:09,1009.1,43.95,17.458,43.74,439230.162,747684.524,267321.724,133.6173586,22128.53293,21858.333,8.084,476.7
6/21/2022 23:10,1009.1,43.95,17.448,43.74,439233.095,747614.752,267354.581,133.4733925,22107.94095,21857.377,7.717,473.836
6/21/2022 23:11,1009.1,43.95,17.419,43.74,439227.924,747606,267393.924,133.7272187,22083.29632,21793.333,7.718,473.05
6/21/2022 23:12,1009.1,43.944,17.407,43.74,439235.314,747553.124,267427.714,133.3644807,22062.14073,21810,7.289,470.15
6/21/2022 23:13,1009.1,43.94,17.406,43.74,439234.981,747547.524,267422.076,133.3808244,22065.66995,21814.754,7.246,470.344
6/21/2022 23:14,1009.1,43.94,17.388,43.74,439243.638,747554.171,267454.343,132.9559867,22045.4755,21785,6.826,467.217
6/21/2022 23:15,1009.1,43.94,17.396,43.739,439249.905,747531.771,267436.905,132.6485008,22056.38804,21818.333,6.985,468.233
6/21/2022 23:16,1009.1,43.941,17.367,43.74,439259.562,747539.886,267502.429,132.174792,22015.39727,21759.016,6.415,464.787
6/21/2022 23:17,1009.036,43.95,17.343,43.74,439263.762,747619.305,267521.381,131.9688074,22003.54809,21793.333,6.303,462.567
6/21/2022 23:18,1009,43.95,17.332,43.742,439266.476,747665.381,267537.505,131.835715,21993.46946,21745,6.19,461.617
6/21/2022 23:19,1008.98,43.95,17.312,43.748,439274.552,747757.257,267573.114,131.4397336,21971.21927,21763.934,5.939,459.869
6/21/2022 23:20,1008.9,43.95,17.271,43.75,439284.467,747778.695,267652.552,130.9537045,21921.62194,21670,5.45,456.533
6/21/2022 23:21,1008.9,43.95,17.261,43.744,439278.838,747706.067,267650.143,131.2296192,21923.12521,21758.333,5.511,457.017
6/21/2022 23:22,1008.9,43.95,17.284,43.74,439283.114,747650.533,267627.857,131.0200201,21937.03452,21724.59,5.451,456.787
6/21/2022 23:23,1008.9,43.95,17.295,43.74,439276.2,747582.657,267595.714,131.3589401,21957.10338,21765,5.446,456.833
6/21/2022 23:24,1008.9,43.95,17.297,43.74,439276.495,747605.914,267608.286,131.344478,21949.25284,21766.667,5.219,455.033
6/21/2022 23:25,1008.9,43.95,17.288,43.74,439288.381,747569.705,267638.295,130.7618788,21930.51934,21721.311,5.136,454.984
6/21/2022 23:26,1008.9,43.945,17.293,43.737,439292.895,747560.467,267629.162,130.540673,21936.21991,21783.333,4.977,453.75
6/21/2022 23:27,1008.9,43.94,17.305,43.732,439292.686,747496.267,267603.667,130.5509143,21952.137,21765,5.01,453.867
6/21/2022 23:28,1008.9,43.94,17.315,43.73,439296.933,747457.438,267598.876,130.3428169,21955.12875,21770.492,4.688,451.82
6/21/2022 23:29,1008.9,43.94,17.298,43.73,439303.686,747402.448,267651.838,130.0119794,21922.06748,21756.667,4.479,449.883
6/21/2022 23:30,1008.9,43.94,17.305,43.73,439302.133,747461.057,267618,130.0880572,21943.1879,21763.333,4.803,452.083
6/21/2022 23:31,1008.9,43.941,17.311,43.739,439301.6,747612.019,267574.619,130.1141684,21970.27912,21824.59,4.95,453.459
6/21/2022 23:32,1008.9,43.95,17.301,43.74,439295.19,747691.067,267581.829,130.4282186,21965.77539,21801.667,5.016,453.617
6/21/2022 23:33,1008.9,43.95,17.298,43.74,439301,747695.981,267597.248,130.1435623,21956.1454,21758.333,4.811,452.45
6/21/2022 23:34,1008.9,43.95,17.301,43.74,439304.286,747706.305,267594.79,129.9825877,21957.68042,21821.311,4.939,454.164
6/21/2022 23:35,1008.9,43.95,17.264,43.74,439313.705,747695.876,267677.533,129.5212515,21906.0362,21708.333,4.545,450.717
6/21/2022 23:36,1008.9,43.95,17.242,43.74,439314.629,747655.857,267720.352,129.4760011,21879.33375,21721.667,4.61,451.533
6/21/2022 23:37,1008.9,43.95,17.228,43.739,439317.505,747636.39,267766.838,129.3351644,21850.36236,21693.443,4.68,450.967
6/21/2022 23:38,1008.9,43.945,17.213,43.73,439320.505,747571.876,267789.257,129.1882674,21836.39685,21658.333,4.427,449.35
6/21/2022 23:39,1008.9,43.94,17.208,43.73,439316.4,747499.952,267801.152,129.3892745,21828.98883,21676.667,4.432,450.05
6/21/2022 23:40,1008.9,43.94,17.168,43.73,439326.152,747483.99,267911.705,128.9117917,21760.19636,21552.459,4.265,448.656
6/21/2022 23:41,1008.9,43.94,17.13,43.73,439335.895,747497.533,267990.695,128.4348792,21711.1086,21556.667,4.008,446.433
6/21/2022 23:42,1008.9,43.94,17.119,43.732,439347.667,747551.305,268006.886,127.8588217,21701.05344,21583.333,3.953,446.233
6/21/2022 23:43,1008.9,43.942,17.092,43.74,439352.771,747605.105,268025.838,127.6091185,21689.28648,21535,3.91,446.5
6/21/2022 23:44,1008.9,43.95,17.062,43.74,439348.514,747705.238,268054.648,127.8173814,21671.40477,21550.82,3.887,446
6/21/2022 23:45,1008.9,43.95,17.06,43.74,439344.248,747703.19,268044.79,128.0261094,21677.5226,21513.333,4.15,448.483
6/21/2022 23:46,1008.9,43.95,17.042,43.74,439334.638,747712.105,268068.981,128.4964012,21662.51127,21513.333,4.111,448.3
6/21/2022 23:47,1008.9,43.95,17.01,43.74,439345.848,747622.743,268144.59,127.9478213,21615.62577,21472.131,3.94,446.672
6/21/2022 23:48,1008.9,43.95,17.004,43.74,439335.733,747557.095,268149.171,128.442808,21612.78665,21463.333,4.095,447.617
6/21/2022 23:49,1008.9,43.946,16.984,43.738,439330.524,747525.067,268198.952,128.6977696,21581.94602,21405,4.141,448.117
6/21/2022 23:50,1008.9,43.94,16.974,43.737,439339.248,747522.752,268217.352,128.2707824,21570.55213,21400,4.108,448.033
6/21/2022 23:51,1008.9,43.94,16.96,43.739,439346.914,747546.514,268244.876,127.8956637,21553.51379,21410,3.987,447.65
6/21/2022 23:52,1008.9,43.94,16.92,43.74,439361.067,747578.781,268343.114,127.2033289,21492.75411,21330,3.896,448.667
6/21/2022 23:53,1008.9,43.94,16.898,43.737,439365.305,747554.905,268384.448,126.9960682,21467.21405,21306.557,3.82,446.656
6/21/2022 23:54,1008.9,43.94,16.888,43.736,439356.029,747503.238,268390.533,127.4497459,21463.4554,21306.667,3.929,448.217
6/21/2022 23:55,1008.9,43.94,16.877,43.736,439355.539,747479.49,268401.01,127.4737144,21456.9846,21298.333,4.052,450.25
6/21/2022 23:56,1008.9,43.94,16.869,43.733,439357.838,747523.057,268417.667,127.3612607,21446.69886,21275.41,3.93,448.066
6/21/2022 23:57,1008.9,43.94,16.842,43.731,439363.486,747470.029,268473.2,127.085024,21412.42432,21270,3.797,446.983
6/21/2022 23:58,1008.9,43.94,16.854,43.73,439355.905,747442.638,268436.648,127.4558114,21434.98095,21255,4.129,449.167
6/21/2022 23:59,1008.9,43.94,16.826,43.731,439359.133,747483.638,268487.2,127.29792,21403.78781,21245.902,3.923,447.525
6/22/2022 0:00,1008.9,43.94,16.795,43.73,439360.838,747436.286,268545.981,127.214529,21367.54459,21176.667,3.781,446.183
6/22/2022 0:01,1008.9,43.94,16.789,43.731,439355.486,747405.095,268543.486,127.476307,21369.08236,21231.667,3.818,447.017
6/22/2022 0:02,1008.9,43.94,16.792,43.739,439366.019,747524.21,268542.743,126.9611522,21369.54031,21219.672,4.007,448.016
6/22/2022 0:03,1008.9,43.945,16.771,43.74,439358.8,747559.476,268556.381,127.3142074,21361.13525,21215,3.889,446.65
6/22/2022 0:04,1008.9,43.95,16.778,43.74,439353.352,747601.248,268524.286,127.5806965,21380.91785,21221.667,4.003,447.667
6/22/2022 0:05,1008.9,43.95,16.777,43.74,439351.352,747592.19,268526.524,127.6785367,21379.53811,21178.689,4.14,449.443
6/22/2022 0:06,1008.9,43.95,16.761,43.74,439366.486,747635.819,268574.571,126.9383153,21349.9273,21201.667,4.004,447.55
6/22/2022 0:07,1008.9,43.95,16.774,43.74,439345.667,747634.219,268505.495,127.9566774,21392.50428,21230,4.382,451.35
6/22/2022 0:08,1008.9,43.95,16.777,43.74,439347.933,747561.21,268518.705,127.8458073,21384.35875,21244.262,4.134,449.115
6/22/2022 0:09,1008.9,43.95,16.788,43.74,439350.114,747647.419,268482.895,127.7391026,21406.44336,21211.667,4.609,452.583
6/22/2022 0:10,1008.9,43.95,16.795,43.741,439347.429,747615.019,268479.686,127.8704662,21408.42294,21231.667,4.616,452.767
6/22/2022 0:11,1008.9,43.95,16.764,43.74,439342.029,747594.124,268550.933,128.1346911,21364.49265,21211.475,4.511,451.574
6/22/2022 0:12,1008.9,43.95,16.795,43.739,439333.762,747532.61,268484.724,128.5392769,21405.31511,21200,4.998,454.717
6/22/2022 0:13,1008.9,43.95,16.837,43.735,439331.286,747505.086,268417.267,128.6604701,21446.94583,21290,5.41,457.7
6/22/2022 0:14,1008.9,43.95,16.849,43.74,439306.733,747524.962,268373.057,129.8627237,21474.25102,21301.639,5.907,461.033
6/22/2022 0:15,1008.9,43.95,16.835,43.747,439309.771,747668.543,268374.857,129.7139214,21473.13897,21226.667,5.886,460.2
6/22/2022 0:16,1008.9,43.958,16.824,43.75,439303.162,747746.324,268375.59,130.0376486,21472.68613,21271.667,6.266,462.95
6/22/2022 0:17,1008.9,43.96,16.824,43.75,439307.771,747776.048,268392.686,129.8118807,21462.12559,21219.672,6.169,461.738
6/22/2022 0:18,1008.9,43.96,16.827,43.75,439302.067,747782.076,268376.895,130.0912905,21471.87991,21261.667,6.348,462.417
6/22/2022 0:19,1008.9,43.954,16.86,43.75,439296.124,747675.229,268327.352,130.3824549,21502.49723,21276.667,6.609,464.083
6/22/2022 0:20,1008.9,43.95,16.864,43.744,439286.514,747643,268326.619,130.8533781,21502.95038,21319.672,6.737,464.885
6/22/2022 0:21,1008.9,43.95,16.878,43.74,439286.886,747528.771,268311.533,130.8351465,21512.27774,21268.333,6.821,465.417
6/22/2022 0:22,1008.9,43.95,16.866,43.74,439285.771,747500.733,268355.086,130.8897929,21485.35516,21253.333,6.835,465.417
6/22/2022 0:23,1008.9,43.95,16.835,43.74,439300.952,747498.143,268420.886,130.1459138,21444.71139,21250.82,6.487,463.787
6/22/2022 0:24,1008.9,43.95,16.855,43.74,439282.162,747481.457,268357.6,131.0666826,21483.80161,21253.333,7.21,467.7
6/22/2022 0:25,1008.948,43.95,16.853,43.74,439288.4,747506.114,268370.219,130.7609476,21476.00442,21238.333,6.827,465.283
6/22/2022 0:26,1009,43.95,16.815,43.74,439300.105,747556.733,268449.819,130.1874091,21426.85166,21188.525,6.533,463.23
6/22/2022 0:27,1009,43.95,16.772,43.74,439326.21,747532.762,268538.6,128.9089523,21372.09394,21133.333,6.322,461.917
6/22/2022 0:28,1009,43.95,16.758,43.74,439327.857,747543.314,268562.857,128.8283239,21357.14467,21146.667,5.934,459.417
6/22/2022 0:29,1009,43.95,16.733,43.74,439327.505,747476.857,268607.2,128.8455556,21329.82975,21108.197,5.923,459.328
6/22/2022 0:30,1009,43.942,16.742,43.732,439320.552,747355.124,268599.695,129.1859661,21334.45158,21108.333,6.074,460.367
6/22/2022 0:31,1009,43.94,16.776,43.729,439303.562,747300.219,268522.314,130.0180538,21382.13363,21200,6.733,464.767
6/22/2022 0:32,1009,43.94,16.793,43.725,439315.99,747255.086,268526.781,129.409352,21379.37967,21126.667,6.342,462.517
6/22/2022 0:33,1009,43.94,16.763,43.729,439327.876,747306.562,268604.781,128.8273938,21331.31939,21119.672,6.159,461.574
6/22/2022 0:34,1009,43.94,16.723,43.73,439338.41,747386.524,268675.229,128.3117929,21287.95731,21051.667,5.523,457.167
6/22/2022 0:35,1009,43.94,16.67,43.73,439340.295,747396.657,268743.943,128.2195451,21245.70365,20986.667,5.254,456.067
6/22/2022 0:36,1009,43.94,16.657,43.731,439344.152,747431.352,268762.305,128.0308068,21234.41935,21040.984,5.258,455.869
6/22/2022 0:37,1009,43.94,16.652,43.73,439337.39,747376.552,268771.8,128.3617116,21228.58537,21005,5.313,456.267
6/22/2022 0:38,1009,43.94,16.661,43.73,439331.638,747322.105,268748.41,128.6432402,21242.9582,21046.667,5.724,458.767
6/22/2022 0:39,1009,43.94,16.671,43.73,439334.829,747315.133,268730.229,128.4870528,21254.13343,21050.82,5.794,459.361
6/22/2022 0:40,1009,43.94,16.69,43.73,439325.59,747306.4,268685.295,128.9393051,21281.76498,21048.333,6.246,461.917
6/22/2022 0:41,1009,43.94,16.716,43.73,439311.762,747361.095,268619,129.6164084,21322.56389,21110,6.732,464.95
6/22/2022 0:42,1009,43.94,16.728,43.738,439303.448,747434.095,268572.486,130.0236383,21351.21185,21134.426,6.978,466.689
6/22/2022 0:43,1009,43.948,16.716,43.74,439315.695,747494.162,268610.257,129.4237981,21327.94728,21083.333,6.298,463.583
6/22/2022 0:44,1009,43.95,16.702,43.74,439320.19,747607.648,268626.371,129.203691,21318.0258,21105,6.609,466.617
6/22/2022 0:45,1009,43.95,16.703,43.74,439318.829,747566.552,268613.086,129.2703323,21326.20529,21085.246,6.657,467.459
6/22/2022 0:46,1009,43.95,16.702,43.74,439319.019,747505.362,268629.467,129.2610288,21316.11983,21050,6.694,468.117
6/22/2022 0:47,1009,43.95,16.677,43.74,439314.838,747465.133,268671.562,129.4657661,21290.21336,21081.667,7.03,470.45
6/22/2022 0:48,1009,43.95,16.676,43.74,439318.648,747423.305,268691.667,129.2791952,21277.84555,21042.623,6.945,469.639
6/22/2022 0:49,1009,43.95,16.697,43.737,439309.038,747374.924,268650.581,129.7498228,21303.12377,21083.333,7.295,471.883
6/22/2022 0:50,1009,43.942,16.715,43.735,439295.038,747338.467,268602.981,130.4356663,21332.42789,21066.667,7.612,473.95
6/22/2022 0:51,1009,43.94,16.747,43.73,439275.162,747328.333,268522.152,131.4098278,21382.23351,21165.574,8.209,477.951
6/22/2022 0:52,1009,43.94,16.737,43.735,439286.886,747321.381,268572.971,130.8351465,21350.91304,21076.667,7.795,475.417
6/22/2022 0:53,1009,43.946,16.73,43.74,439279.648,747400.381,268556.124,131.1899131,21361.29363,21110,8.236,478.417
6/22/2022 0:54,1009,43.95,16.744,43.74,439261.067,747417.019,268516.086,132.1009781,21385.97355,21144.262,8.344,479.557
6/22/2022 0:55,1009,43.95,16.732,43.74,439258,747471.838,268515.648,132.2514048,21386.24362,21100,8.565,480.917
6/22/2022 0:56,1009,43.95,16.728,43.74,439264.343,747514.276,268533.333,131.9403148,21375.34059,21106.667,8.283,479.8
6/22/2022 0:57,1009,43.95,16.706,43.74,439295.714,747528.857,268618.067,130.4025437,21323.13834,21072.131,7.633,476.082
6/22/2022 0:58,1009,43.95,16.675,43.74,439306.648,747527.648,268676.419,129.8668872,21287.22521,21006.667,7.876,477.767
6/22/2022 0:59,1009,43.95,16.662,43.74,439288.448,747510.143,268684.981,130.7585953,21281.95813,21011.667,7.657,476.883
6/22/2022 1:00,1009,43.95,16.658,43.74,439285.514,747436.943,268691.448,130.9023888,21277.98025,21034.426,7.786,478.689
6/22/2022 1:01,1009,43.95,16.64,43.74,439295.514,747447.095,268738.076,130.4123433,21249.3098,20980,7.502,477.317
6/22/2022 1:02,1009,43.95,16.63,43.74,439286.333,747454.362,268734.333,130.8622489,21251.61059,20963.333,7.97,480.75
6/22/2022 1:03,1009,43.95,16.647,43.741,439279.695,747488.048,268697.629,131.1876092,21274.17862,21018.033,7.97,481.475
6/22/2022 1:04,1009,43.95,16.61,43.742,439301.238,747493.181,268788.362,130.1319026,21218.4111,20960,7.446,477.783
6/22/2022 1:05,1009,43.95,16.577,43.741,439297.8,747468.305,268832.352,130.300338,21191.39886,20928.333,7.756,479.8
6/22/2022 1:06,1009,43.95,16.604,43.743,439298.495,747511.8,268780,130.2662871,21223.5477,20932.787,8.049,482.016
6/22/2022 1:07,1009,43.95,16.579,43.74,439309.467,747524.076,268824.257,129.7288109,21196.36838,20953.333,7.782,480.233
6/22/2022 1:08,1009,43.95,16.564,43.74,439320.752,747485.01,268875.905,129.1761734,21164.67136,20921.667,7.547,477.5
6/22/2022 1:09,1009,43.95,16.551,43.74,439321.095,747426.914,268917.895,129.1593791,21138.91848,20857.377,7.437,476.279
6/22/2022 1:10,1009,43.95,16.565,43.74,439304.01,747397.59,268850.962,129.9961078,21179.97632,20948.333,7.944,479.517
6/22/2022 1:11,1009,43.95,16.576,43.74,439299.019,747403.981,268825.495,130.2406146,21195.60833,20933.333,7.963,480.183
6/22/2022 1:12,1009,43.95,16.61,43.74,439289.743,747375.819,268763.905,130.6951319,21233.43621,20965.574,8.387,483.639
6/22/2022 1:13,1009,43.95,16.626,43.74,439277,747445.333,268710.676,131.3197212,21266.15514,21021.667,8.55,486.05
6/22/2022 1:14,1009,43.95,16.645,43.74,439271.029,747429.295,268673.2,131.6124619,21289.2056,20978.333,8.873,489.183
6/22/2022 1:15,1009,43.95,16.653,43.742,439264.514,747472.152,268661.838,131.9319289,21296.19644,21001.639,9.015,491.344
6/22/2022 1:16,1009,43.95,16.627,43.74,439276.39,747458.514,268716.762,131.3496255,21262.41295,20951.667,8.727,491.25
6/22/2022 1:17,1009,43.95,16.606,43.74,439281.067,747356.448,268780.819,131.1203559,21223.04458,20936.667,8.661,490.733
6/22/2022 1:18,1009,43.947,16.57,43.739,439292.552,747297.038,268857.8,130.5574805,21175.78001,20881.667,8.318,487.167
6/22/2022 1:19,1009,43.94,16.602,43.733,439276.571,747263.238,268794.248,131.3407522,21214.79581,20913.115,9.13,492.098
6/22/2022 1:20,1009,43.94,16.611,43.73,439281.152,747268.752,268790.8,131.1161895,21216.9136,20913.333,9.093,491.35
6/22/2022 1:21,1009,43.94,16.62,43.739,439271.619,747268.038,268746.286,131.5835338,21244.2636,20968.333,9.674,495.4
6/22/2022 1:22,1009,43.94,16.626,43.74,439256.448,747277.143,268719.514,132.3275305,21260.72089,20965.574,9.927,495.967
6/22/2022 1:23,1009,43.94,16.623,43.74,439259.286,747286.152,268746.019,132.188329,21244.4277,20910,9.506,493.75
6/22/2022 1:24,1009,43.94,16.633,43.735,439255.381,747256.876,268726.686,132.3798687,21256.31152,20965,9.7,495.917
6/22/2022 1:25,1009,43.94,16.634,43.73,439265.352,747242.524,268741.41,131.8908338,21247.26052,20944.262,9.8,495.934
6/22/2022 1:26,1009,43.94,16.632,43.731,439256.886,747276.171,268725.657,132.3060462,21256.94412,20946.667,10.232,498.267
6/22/2022 1:27,1009,43.94,16.629,43.731,439259.029,747230.314,268747.086,132.2009342,21243.77192,20946.667,9.896,495
6/22/2022 1:28,1009,43.94,16.573,43.732,439289.505,747238.962,268873.876,130.7067953,21165.91615,20844.262,8.95,488.689
6/22/2022 1:29,1009,43.94,16.564,43.735,439283.933,747245.352,268871.924,130.9798775,21167.11373,20908.333,9.152,489.333
6/22/2022 1:30,1009.079,43.94,16.548,43.74,439288.41,747306.21,268898.257,130.7604576,21150.96077,20860,8.739,486.867
6/22/2022 1:31,1009.1,43.94,16.517,43.74,439295.933,747282.314,268951.238,130.3918133,21118.47969,20791.803,7.848,480.18
6/22/2022 1:32,1009.1,43.94,16.509,43.74,439311.6,747221.476,268976.038,129.6243425,21103.28384,20841.667,7.706,480.617
6/22/2022 1:33,1009.1,43.94,16.513,43.74,439308.933,747193.21,268979.8,129.7549657,21100.97919,20815,7.82,482.133
6/22/2022 1:34,1009.1,43.94,16.513,43.739,439306.381,747282.257,268961.695,129.8799656,21112.07167,20872.131,7.789,483.033
6/22/2022 1:35,1009.1,43.946,16.493,43.74,439319.467,747350.924,269012.086,129.2390924,21081.20538,20780,7.36,480.85
6/22/2022 1:36,1009.1,43.95,16.461,43.749,439321.124,747389.943,269050.238,129.1579592,21057.85043,20820,7.426,481.183
6/22/2022 1:37,1009.1,43.95,16.449,43.75,439329.781,747407.4,269071.743,128.7341398,21044.69155,20778.689,7.179,480.23
6/22/2022 1:38,1009.1,43.95,16.44,43.75,439332.99,747504.733,269072.886,128.5770632,21043.99227,20763.333,7.167,481.783
6/22/2022 1:39,1009.1,43.95,16.455,43.75,439321.314,747470.657,269020.057,129.1486563,21076.32485,20796.667,7.892,488.15
6/22/2022 1:40,1009.1,43.95,16.45,43.746,439320.362,747419.714,269050.524,129.1952692,21057.6754,20809.836,7.688,486.951
6/22/2022 1:41,1009.1,43.95,16.462,43.74,439303.381,747377.467,269000.886,130.0269204,21088.06389,20815,8.037,489.717
6/22/2022 1:42,1009.1,43.95,16.47,43.74,439289.419,747289.638,268990.038,130.7110098,21094.70788,20838.333,8.207,492.017
6/22/2022 1:43,1009.1,43.945,16.461,43.74,439299.771,747211.848,269046.4,130.2037723,21060.19932,20791.803,8.106,491.18
6/22/2022 1:44,1009.1,43.94,16.482,43.738,439290.533,747134.295,269003.629,130.6564179,21086.38407,20806.667,8.333,494.383
6/22/2022 1:45,1009.187,43.94,16.485,43.74,439298.59,747197.819,268991.619,130.2616327,21093.73951,20828.333,8.309,494.217
6/22/2022 1:46,1009.2,43.944,16.474,43.74,439296.457,747269.229,268994.486,130.366139,21091.98353,20801.639,8.427,495.475
6/22/2022 1:47,1009.2,43.95,16.484,43.749,439289.933,747333.514,268955.029,130.6858208,21116.15647,20813.333,8.537,495.617
6/22/2022 1:48,1009.2,43.95,16.472,43.75,439287,747404.59,268960.39,130.8295594,21112.87132,20830,8.647,497.05
6/22/2022 1:49,1009.226,43.95,16.486,43.742,439282.962,747375.333,268946.79,131.0274703,21121.2057,20818.033,8.92,499.574
6/22/2022 1:50,1009.3,43.95,16.474,43.74,439289.552,747332.295,268970.743,130.704492,21106.52784,20803.333,8.992,500.567
6/22/2022 1:51,1009.3,43.95,16.49,43.74,439283.029,747247.048,268961.39,131.0241863,21112.25856,20838.333,9.154,502.15
6/22/2022 1:52,1009.3,43.95,16.471,43.74,439281.41,747277.657,268994.248,131.103543,21092.12929,20770.492,9.01,501.475
6/22/2022 1:53,1009.3,43.95,16.466,43.74,439268.571,747275.295,268979.762,131.7329847,21101.00247,20825,9.326,504.083
6/22/2022 1:54,1009.25,43.95,16.487,43.74,439261.781,747242.2,268947.124,132.0659605,21121.001,20816.667,9.682,509.5
6/22/2022 1:55,1009.2,43.941,16.5,43.74,439263.438,747236.6,268929.819,131.9846968,21131.60814,20827.869,10.137,511.344
6/22/2022 1:56,1009.2,43.94,16.497,43.74,439269.486,747254.562,268953.467,131.6881187,21117.11369,20816.667,9.981,511.7
6/22/2022 1:57,1009.139,43.949,16.499,43.74,439253.886,747304.686,268920.238,132.4532038,21137.48194,20836.667,10.218,512.933
6/22/2022 1:58,1009.1,43.95,16.489,43.743,439259.114,747355.571,268933.914,132.1967652,21129.09787,20800,9.992,513.066
6/22/2022 1:59,1009.1,43.95,16.49,43.748,439252.162,747382.219,268924.848,132.5377759,21134.6556,20788.333,10.422,516.6
6/22/2022 2:00,1009.1,43.95,16.446,43.75,439280.2,747410.905,269036.533,131.1628546,21066.23858,20776.667,9.368,507.25
6/22/2022 2:01,1009.1,43.95,16.42,43.743,439281.39,747345.762,269085.467,131.1045234,21036.29594,20752.459,9.333,506.311
6/22/2022 2:02,1009.1,43.949,16.453,43.736,439261.886,747231.752,269021.067,132.0608109,21075.70648,20766.667,10.159,510.717
6/22/2022 2:03,1009.1,43.94,16.458,43.73,439266.162,747167.495,269030.562,131.8511128,21069.89363,20796.667,10.053,509.567
6/22/2022 2:04,1009.1,43.94,16.479,43.734,439252.048,747117.229,268983.895,132.5433684,21098.47068,20801.639,10.448,511.754
6/22/2022 2:05,1009.1,43.94,16.476,43.739,439255.457,747161.943,268996.676,132.3761407,21090.64224,20760,10.304,509.533
6/22/2022 2:06,1009.1,43.944,16.468,43.74,439256.143,747249.076,268975.171,132.3424911,21103.815,20800,10.46,511.85
6/22/2022 2:07,1009.1,43.95,16.475,43.745,439246.181,747332.533,268947.762,132.8312098,21120.60999,20803.279,10.738,513.148
6/22/2022 2:08,1009.1,43.95,16.467,43.75,439254.457,747381.238,268961.686,132.4251938,21112.07718,20773.333,10.633,512.067
6/22/2022 2:09,1009.1,43.95,16.452,43.75,439264.733,747365.219,269004.181,131.9211892,21086.04603,20738.333,10.322,510.65
6/22/2022 2:10,1009.1,43.95,16.456,43.742,439257.171,747315.962,268993.2,132.2920669,21092.77117,20824.59,10.515,513.328
6/22/2022 2:11,1009.1,43.949,16.452,43.74,439267.743,747198.429,269035.971,131.7735857,21066.58259,20756.667,10.118,510.933
6/22/2022 2:12,1009.1,43.94,16.461,43.737,439267.4,747136.648,269019.781,131.790405,21076.49383,20755,10.218,511.9
6/22/2022 2:13,1009.1,43.94,16.466,43.733,439262.333,747057.6,269014.324,132.0388886,21079.83503,20759.016,10.312,512.852
6/22/2022 2:14,1009.1,43.94,16.449,43.74,439287.286,747104.762,269085.829,130.8155428,21036.07451,20726.667,9.971,510.867
6/22/2022 2:15,1009.019,43.94,16.415,43.74,439279.362,747166.276,269123.39,131.2039327,21013.10507,20726.667,10.007,511.567
6/22/2022 2:16,1009,43.94,16.422,43.74,439266.352,747225.705,269071.781,131.8417956,21044.66831,20734.426,10.053,511.623
6/22/2022 2:17,1009,43.95,16.403,43.74,439274.562,747252.705,269119.286,131.4392434,21015.61418,20668.333,9.628,507.267
6/22/2022 2:18,1009,43.949,16.408,43.74,439280.019,747186.39,269112.21,131.171727,21019.94064,20733.333,10.037,510.283
6/22/2022 2:19,1009,43.94,16.429,43.736,439271.686,747119.543,269079.905,131.5802488,21039.69828,20745,10.31,511.633
6/22/2022 2:20,1008.95,43.94,16.454,43.73,439269.429,747066.971,269054.743,131.6909135,21055.0935,20737.705,10.125,508.82
6/22/2022 2:21,1008.89,43.94,16.445,43.73,439278.19,747048.486,269095.343,131.2613848,21030.25533,20688.333,9.8,505.567
6/22/2022 2:22,1008.8,43.94,16.433,43.733,439276.829,747118.2,269100.581,131.3281042,21027.05187,20731.667,9.988,506.7
6/22/2022 2:23,1008.8,43.94,16.436,43.74,439263.21,747211.924,269056.505,131.9958783,21054.01525,20785.246,10.452,509.984
6/22/2022 2:24,1008.8,43.948,16.428,43.74,439274.895,747244.381,269071.695,131.4229177,21044.72092,20701.667,9.922,506.667
6/22/2022 2:25,1008.736,43.95,16.413,43.741,439264.143,747251.762,269086.933,131.9501229,21035.39921,20705,9.851,506.2
6/22/2022 2:26,1008.7,43.95,16.399,43.747,439282.448,747261.41,269127.343,131.0526641,21010.68843,20724.59,9.632,503.951
6/22/2022 2:27,1008.7,43.95,16.399,43.746,439280.724,747285.067,269125.276,131.137169,21011.95206,20750,9.537,503.567
6/22/2022 2:28,1008.7,43.95,16.398,43.74,439279.438,747299.562,269123.838,131.2002072,21012.83118,20705,9.51,503.067
6/22/2022 2:29,1008.7,43.95,16.408,43.74,439274.448,747266.381,269100.276,131.4448324,21027.23839,20719.672,9.603,503.246
6/22/2022 2:30,1008.7,43.95,16.417,43.74,439270.324,747218.438,269072.152,131.6470293,21044.44133,20745,9.524,504.183
6/22/2022 2:31,1008.7,43.95,16.431,43.74,439271.933,747281.229,269045,131.5681383,21061.05616,20790,9.821,506.25
6/22/2022 2:32,1008.7,43.95,16.443,43.74,439272.543,747298.6,269029.486,131.5382303,21070.55232,20759.016,9.724,505.852
6/22/2022 2:33,1008.7,43.95,16.429,43.744,439285.829,747309.352,269057.371,130.8869503,21053.48532,20728.333,9.543,504.95
6/22/2022 2:34,1008.7,43.95,16.435,43.741,439267.914,747241.486,269039.59,131.7652006,21064.3674,20763.333,10.089,508.983
6/22/2022 2:35,1008.7,43.948,16.453,43.74,439275.229,747226.533,269009.99,131.4065431,21082.48882,20811.475,9.809,506.787
6/22/2022 2:36,1008.7,43.94,16.466,43.739,439279.981,747085.41,269009.39,131.1735897,21082.85622,20823.333,9.784,506.733
6/22/2022 2:37,1008.7,43.94,16.484,43.736,439281.733,747088.133,268997.848,131.0877106,21089.92445,20783.333,9.914,506.217
6/22/2022 2:38,1008.7,43.94,16.487,43.74,439267.6,747180.143,268964.105,131.7805978,21110.59496,20765.574,10.178,507.344
6/22/2022 2:39,1008.7,43.95,16.485,43.746,439261.981,747294.019,268952.505,132.0561518,21117.70323,20783.333,10.193,506.65
6/22/2022 2:40,1008.7,43.95,16.493,43.75,439259.248,747347.571,268922.648,132.1901928,21136.00437,20856.667,10.54,507.733
6/22/2022 2:41,1008.711,43.95,16.491,43.75,439270.086,747425.371,268935.61,131.6586989,21128.05825,20859.016,10.183,504.41
6/22/2022 2:42,1008.8,43.95,16.488,43.75,439271.933,747427.048,268940.429,131.5681383,21125.10441,20820,10.15,504.583
6/22/2022 2:43,1008.8,43.95,16.499,43.75,439267.21,747400.733,268897.314,131.7997219,21151.53911,20823.333,10.231,509.467
6/22/2022 2:44,1008.88,43.958,16.501,43.75,439264.762,747399.305,268886.505,131.919767,21158.16884,20821.311,10.113,511.672
6/22/2022 2:45,1008.9,43.95,16.512,43.75,439266.733,747340.886,268859.571,131.8231124,21174.69326,20808.333,10.093,512.717
6/22/2022 2:46,1008.9,43.95,16.518,43.744,439284.714,747265.905,268872.781,130.9415984,21166.58794,20816.667,9.506,510.75
6/22/2022 2:47,1008.9,43.95,16.52,43.74,439280.924,747181.933,268873.39,131.1273654,21166.21431,20822.951,9.383,510.787
6/22/2022 2:48,1008.984,43.95,16.501,43.74,439287.238,747230.657,268936.695,130.8178952,21127.39317,20791.667,9.374,509.183
6/22/2022 2:49,1009,43.95,16.497,43.74,439275.21,747202.362,268918.981,131.4074746,21138.25263,20825,9.434,510.983
6/22/2022 2:50,1009.031,43.944,16.519,43.74,439277.114,747142.59,268871.133,131.3141326,21167.59903,20844.262,9.548,512.934
6/22/2022 2:51,1009.1,43.94,16.556,43.74,439279.438,747080.638,268814.638,131.2002072,21202.27421,20863.333,9.471,514.133
6/22/2022 2:52,1009.133,43.94,16.558,43.74,439266.914,747137.39,268791.819,131.8142367,21216.28771,20881.667,9.756,519.35
6/22/2022 2:53,1009.2,43.947,16.56,43.746,439263.971,747190.867,268768.343,131.9585579,21230.70935,20886.885,9.765,520.934
6/22/2022 2:54,1009.2,43.95,16.562,43.75,439272.848,747289.848,268753.886,131.5232765,21239.59285,20896.667,9.438,519.25
6/22/2022 2:55,1009.2,43.95,16.564,43.75,439265.771,747308.495,268739.629,131.8702867,21248.35522,20885,9.892,521.65
6/22/2022 2:56,1009.2,43.95,16.566,43.75,439258.924,747282.6,268738.99,132.2060842,21248.74799,20880.328,10.147,521.738
6/22/2022 2:57,1009.2,43.95,16.586,43.742,439254.629,747264.257,268704.876,132.4167566,21269.72177,20941.667,9.94,518.767
6/22/2022 2:58,1009.2,43.95,16.604,43.74,439255.695,747144.771,268710.952,132.3644663,21265.98543,20968.333,9.848,517.183
6/22/2022 2:59,1009.2,43.94,16.603,43.737,439256.629,747046.067,268739.276,132.3186522,21248.5722,20929.508,9.766,515.311
6/22/2022 3:00,1009.2,43.94,16.595,43.73,439267.4,747031.105,268759.171,131.790405,21236.34513,20933.333,9.812,515.617
6/22/2022 3:01,1009.153,43.94,16.607,43.74,439250.219,746951.619,268727.724,132.6330961,21255.67339,20941.667,10.21,518.783
6/22/2022 3:02,1009.1,43.94,16.606,43.74,439248.381,747069.514,268720.048,132.7232699,21260.39257,20919.672,10.244,518.951
6/22/2022 3:03,1009.1,43.94,16.61,43.742,439246.257,747141.752,268695.971,132.8274808,21275.19834,20910,10.345,518.083
6/22/2022 3:04,1009.1,43.95,16.6,43.745,439242.171,747203.181,268703.057,133.0279718,21270.8404,20925,10.472,518.233
6/22/2022 3:05,1009.1,43.95,16.617,43.74,439239.8,747173.848,268669.086,133.1443219,21291.73674,20937.705,10.592,518.311
6/22/2022 3:06,1009.1,43.95,16.618,43.74,439244.657,747149.745,268686.235,132.9059866,21281.18676,20951.667,10.412,516.9
6/22/2022 3:07,1009.1,43.945,16.614,43.74,439246.571,747109.533,268706.733,132.8120745,21268.57981,20946.667,10.279,514.033
6/22/2022 3:08,1009.123,43.94,16.618,43.74,439252.028,747053.398,268707.343,132.5443495,21268.20469,20911.667,9.923,512.067
6/22/2022 3:09,1009.201,43.94,16.614,43.74,439257.706,747025.245,268716.412,132.2658253,21262.62815,20926.23,10.049,513.311
6/22/2022 3:10,1009.3,43.94,16.62,43.74,439246.657,747104.467,268686.914,132.8078549,21280.76909,20916.667,10.43,514.267
6/22/2022 3:11,1009.368,43.944,16.603,43.74,439255.171,747117.381,268723.324,132.3901698,21258.37843,20933.333,9.865,511.017
6/22/2022 3:12,1009.421,43.949,16.595,43.74,439238.99,747116.305,268709.686,133.1840721,21266.76391,20937.705,10.51,515.066
6/22/2022 3:13,1009.508,43.94,16.603,43.74,439232.305,747044.381,268713.314,133.5121684,21264.53304,20895,10.274,512.05
6/22/2022 3:14,1009.6,43.94,16.603,43.73,439236.343,746927.752,268735.467,133.3139782,21250.91352,20873.333,10.314,511.833
6/22/2022 3:15,1009.66,43.94,16.601,43.73,439244.657,746930.581,268748.343,132.9059866,21242.99938,20898.361,10.466,511.18
6/22/2022 3:16,1009.7,43.94,16.607,43.73,439229.543,746931.905,268730.952,133.6477437,21253.68897,20926.667,11.077,514.35
6/22/2022 3:17,1009.774,43.94,16.615,43.73,439219.505,746895.114,268715.219,134.1405559,21263.36169,20896.667,11.323,514.3
6/22/2022 3:18,1009.8,43.93,16.62,43.73,439215.324,746860.029,268717.629,134.3458613,21261.87987,20862.295,11.779,517.721
6/22/2022 3:19,1009.874,43.937,16.621,43.733,439208.895,746937.314,268704.943,134.6615999,21269.68057,20853.333,11.825,516.3
6/22/2022 3:20,1009.9,43.94,16.582,43.74,439221.19,747103.419,268758.886,134.0578218,21236.52026,20855,11.492,514.517
6/22/2022 3:21,1009.9,43.948,16.557,43.75,439215.276,747200.571,268781.924,134.3482185,21222.36577,20863.934,11.82,516.672
6/22/2022 3:22,1009.9,43.95,16.531,43.75,439236.676,747327.619,268842.467,133.2976351,21185.19005,20805,11.707,515.467
6/22/2022 3:23,1009.9,43.95,16.518,43.75,439239.286,747373.333,268852.981,133.169546,21178.73727,20778.333,11.568,512.75
6/22/2022 3:24,1009.9,43.95,16.504,43.75,439241.981,747253.248,268908.314,133.0372952,21144.79327,20770.492,11.234,509.869
6/22/2022 3:25,1009.9,43.95,16.463,43.74,439265.438,747104.19,269015.143,131.8866165,21079.33356,20728.333,10.116,503
6/22/2022 3:26,1009.9,43.941,16.461,43.74,439253.524,747063.229,269005.181,132.4709616,21085.43364,20738.333,11.032,508.467
6/22/2022 3:27,1009.9,43.94,16.46,43.738,439255.638,746990.552,269040.276,132.3672623,21063.94752,20675.41,10.728,504.443
6/22/2022 3:28,1009.9,43.94,16.414,43.738,439273.657,747020.219,269130.619,131.4836128,21008.68576,20636.667,10.385,501.283
6/22/2022 3:29,1009.869,43.94,16.413,43.74,439252.695,747076.771,269090.143,132.5116287,21033.43578,20715,11.342,505.7
6/22/2022 3:30,1009.8,43.949,16.368,43.747,439272.552,747166.476,269206.381,131.5377891,20962.39715,20642.623,10.219,496.82
6/22/2022 3:31,1009.8,43.95,16.346,43.75,439267.962,747243.914,269209.638,131.7628469,20960.40831,20621.667,10.529,497.3
6/22/2022 3:32,1009.8,43.95,16.332,43.75,439265.448,747293.562,269225.238,131.8861261,20950.88369,20605,10.562,496.6
6/22/2022 3:33,1009.8,43.95,16.355,43.75,439244.19,747262.571,269151.276,132.9289011,20996.05998,20644.262,11.097,498.607
6/22/2022 3:34,1009.8,43.95,16.367,43.743,439248.943,747178.571,269157.305,132.6956972,20992.37568,20658.333,10.828,495.867
6/22/2022 3:35,1009.8,43.95,16.374,43.74,439245.705,747084.257,269168.724,132.8545649,20985.39843,20661.667,10.57,494.2
6/22/2022 3:36,1009.8,43.95,16.357,43.74,439258.581,747060.895,269203.762,132.2229076,20963.99647,20622.951,10.169,490.656
6/22/2022 3:37,1009.8,43.95,16.341,43.74,439243.771,747083.276,269206.933,132.9494606,20962.06007,20626.667,10.722,493.317
6/22/2022 3:38,1009.8,43.95,16.337,43.749,439261.314,747129.076,269217.771,132.0888641,20955.44242,20628.333,10.127,490.55
6/22/2022 3:39,1009.8,43.95,16.333,43.75,439268.8,747193.352,269219.076,131.7217558,20954.64566,20634.426,10.082,490.852
6/22/2022 3:40,1009.8,43.95,16.321,43.75,439266.876,747226.676,269234.752,131.8161001,20945.07591,20605,9.905,490.55
6/22/2022 3:41,1009.8,43.95,16.324,43.75,439273.533,747279.676,269223.552,131.4896922,20951.91298,20613.333,10.093,491.633
6/22/2022 3:42,1009.8,43.959,16.334,43.75,439259.505,747299.114,269192.467,132.1775877,20970.89454,20608.197,10.136,492.049
6/22/2022 3:43,1009.8,43.955,16.341,43.75,439253.552,747246.419,269162.41,132.4695881,20989.25628,20641.667,10.377,494.933
6/22/2022 3:44,1009.8,43.95,16.367,43.749,439251.124,747171,269117.676,132.5886977,21016.59854,20690,10.477,494.983
6/22/2022 3:45,1009.8,43.95,16.381,43.74,439260.152,747115.819,269119.705,132.1458547,21015.358,20722.951,10.384,493.656
6/22/2022 3:46,1009.8,43.947,16.39,43.74,439252.029,747052.638,269107.857,132.5443005,21022.6024,20713.333,10.723,494.15
6/22/2022 3:47,1009.8,43.94,16.394,43.74,439260.057,746996.8,269109.019,132.150514,21021.89184,20683.333,9.968,489.883
6/22/2022 3:48,1009.8,43.94,16.396,43.74,439260.543,746950.076,269111.343,132.1266778,21020.47078,20685,9.962,490.467
6/22/2022 3:49,1009.8,43.94,16.401,43.74,439253.61,746967.248,269084.143,132.4667429,21037.10582,20681.967,9.84,490.311
6/22/2022 3:50,1009.8,43.94,16.391,43.74,439273.81,746980.657,269123.486,131.4761116,21013.04638,20698.333,9.005,486.783
6/22/2022 3:51,1009.8,43.94,16.393,43.74,439268.857,747020.333,269104.486,131.7189608,21024.6638,20745,9.737,491.35
6/22/2022 3:52,1009.8,43.94,16.405,43.74,439259.067,747016.848,269067.324,132.1990704,21047.39521,20765.574,10.053,493.328
6/22/2022 3:53,1009.8,43.944,16.406,43.74,439285.838,747057.695,269082.79,130.8865092,21037.93346,20758.333,9.181,489.3
6/22/2022 3:54,1009.8,43.95,16.406,43.75,439276.962,747091.381,269066.314,131.3215841,21048.01318,20760,9.618,491.8
6/22/2022 3:55,1009.8,43.95,16.416,43.75,439272.371,747159.562,269028.629,131.5466634,21071.07696,20752.459,9.913,494.23
6/22/2022 3:56,1009.791,43.95,16.438,43.75,439270.352,747154.219,268996.562,131.6456564,21090.71205,20768.333,9.495,492.483
6/22/2022 3:57,1009.7,43.95,16.42,43.75,439272.6,747134.41,269044.429,131.5354357,21061.40563,20743.333,9.53,491.983
6/22/2022 3:58,1009.7,43.95,16.411,43.75,439289.143,747128.724,269062.533,130.7245355,21050.32665,20777.049,9.203,488.738
6/22/2022 3:59,1009.7,43.95,16.413,43.749,439285.743,747152.781,269055.924,130.8911652,21054.37079,20771.667,9.326,489.233
6/22/2022 4:00,1009.663,43.95,16.421,43.75,439261.486,747185.267,269015.914,132.0804285,21078.86148,20800,10.102,493.75
6/22/2022 4:01,1009.6,43.95,16.395,43.75,439287.2,747209.362,269097.314,130.8197576,21029.04987,20732.787,9.176,484.869
6/22/2022 4:02,1009.6,43.95,16.392,43.75,439282.276,747157.438,269096.39,131.0610948,21029.61498,20718.333,8.82,483.583
6/22/2022 4:03,1009.6,43.95,16.409,43.747,439263.933,747119.219,269047.019,131.9604214,21059.82048,20746.667,9.95,490.917
6/22/2022 4:04,1009.6,43.95,16.4,43.741,439277.19,747052.181,269096.552,131.3104069,21029.5159,20691.803,8.717,482.213
6/22/2022 4:05,1009.6,43.944,16.402,43.74,439283.543,746929.895,269102.743,130.9989929,21025.7297,20753.333,9.041,484.483
6/22/2022 4:06,1009.6,43.94,16.413,43.739,439277.914,746935.238,269085.971,131.2749148,21035.98765,20781.667,9.12,484.417
6/22/2022 4:07,1009.6,43.94,16.399,43.738,439285.867,746907.362,269135.267,130.8850879,21005.84453,20722.951,8.68,481.377
6/22/2022 4:08,1009.6,43.94,16.38,43.733,439289.581,746924.552,269165.343,130.7030708,20987.46417,20683.333,8.684,481.617
6/22/2022 4:09,1009.568,43.94,16.404,43.73,439275.438,746849.181,269112.857,131.3962968,21019.54503,20703.333,9.123,484.65
6/22/2022 4:10,1009.5,43.94,16.403,43.73,439272.371,746855.819,269123.781,131.5466634,21012.86603,20685.246,9.171,483.59
6/22/2022 4:11,1009.487,43.94,16.384,43.735,439279.152,746886.79,269172.895,131.2142269,20982.85014,20685,8.964,481.517
6/22/2022 4:12,1009.4,43.94,16.358,43.74,439295.267,746991.067,269203.4,130.4244457,20964.21753,20705,8.883,480.033
6/22/2022 4:13,1009.348,43.948,16.341,43.745,439295.695,747088.962,269239.248,130.4034747,20942.33162,20675.41,8.894,479.262
6/22/2022 4:14,1009.3,43.95,16.332,43.75,439288.905,747177.286,269237.181,130.7361991,20943.59326,20693.333,9.17,480.233
6/22/2022 4:15,1009.3,43.95,16.34,43.75,439269.152,747203.305,269186.943,131.7044958,20974.26855,20710,9.532,481.933
6/22/2022 4:16,1009.3,43.96,16.304,43.75,439296.019,747246.486,269290.314,130.3875996,20911.1739,20645.902,8.728,477.344
6/22/2022 4:17,1009.3,43.95,16.315,43.748,439276.743,747170.114,269236.419,131.3323202,20944.05838,20698.333,9.622,483.583
6/22/2022 4:18,1009.3,43.95,16.326,43.742,439277.343,747092,269236.876,131.3029064,20943.77943,20665,9.287,481.933
6/22/2022 4:19,1009.3,43.95,16.322,43.74,439287.095,747016.076,269259.257,130.8249035,20930.12054,20649.18,8.973,480.639
6/22/2022 4:20,1009.253,43.947,16.305,43.74,439297.41,747002.448,269299.4,130.319446,20905.63247,20648.333,8.948,481.1
6/22/2022 4:21,1009.2,43.94,16.31,43.74,439287.371,746970.752,269291.743,130.811377,20910.30233,20641.667,9.08,481.533
6/22/2022 4:22,1009.2,43.94,16.276,43.74,439307.276,746951.638,269386.505,129.8361264,20852.54426,20577.049,8.213,475.525
6/22/2022 4:23,1009.2,43.94,16.265,43.74,439301.971,746924.876,269376.971,130.0959934,20858.3518,20610,8.776,479.667
6/22/2022 4:24,1009.121,43.94,16.259,43.74,439299.705,746951.476,269382,130.2070058,20855.28834,20616.667,8.676,479.167
6/22/2022 4:25,1009.1,43.94,16.216,43.74,439324.133,746936.038,269517.095,129.0106364,20773.07533,20508.197,7.651,472.361
6/22/2022 4:26,1009.1,43.94,16.186,43.739,439335.514,746935.99,269576.638,128.4535265,20736.88986,20495,7.405,470.783
6/22/2022 4:27,1009.1,43.94,16.187,43.738,439331.429,746929.305,269555.952,128.6534705,20749.4577,20516.667,7.776,474
6/22/2022 4:28,1009.021,43.94,16.217,43.74,439326,746991.076,269477.076,128.919233,20797.41281,20545.902,8.032,476.443
6/22/2022 4:29,1009,43.947,16.192,43.744,439351.848,747094.057,269544.248,127.6542718,20756.57013,20505,7.417,472.417
6/22/2022 4:30,1008.921,43.95,16.15,43.75,439355.448,747154.59,269606.714,127.4781658,20718.62366,20490,7.261,472.017
6/22/2022 4:31,1008.9,43.95,16.099,43.746,439367.362,747155.048,269722.381,126.8954788,20648.44756,20390.164,6.525,466.738
6/22/2022 4:32,1008.9,43.95,16.082,43.74,439374.314,747009.095,269760.067,126.5555616,20625.60802,20355,6.328,465.717
6/22/2022 4:33,1008.9,43.94,16.121,43.735,439359.895,746893.219,269690.486,127.2606503,20667.78702,20406.667,6.76,469.75
6/22/2022 4:34,1008.9,43.94,16.124,43.73,439358.733,746923.4,269687.2,127.3174844,20669.77998,20368.852,6.795,470.328
6/22/2022 4:35,1008.9,43.94,16.083,43.73,439378.581,746887.714,269793.4,126.3469598,20605.41678,20341.667,6.352,467.467
6/22/2022 4:36,1008.828,43.94,16.093,43.736,439369.59,746951.2,269741.019,126.7865338,20637.1505,20371.667,6.891,472.15
6/22/2022 4:37,1008.8,43.94,16.109,43.74,439348.752,746932.61,269680.105,127.8057372,20674.08341,20401.639,7.15,474.426
6/22/2022 4:38,1008.8,43.942,16.118,43.74,439355.438,747010.257,269669.181,127.4786549,20680.71014,20395,7.177,476
6/22/2022 4:39,1008.8,43.95,16.107,43.74,439350.4,747061.781,269671.762,127.7251106,20679.14436,20398.333,7.59,478.917
6/22/2022 4:40,1008.8,43.95,16.132,43.748,439336.667,747102.81,269609.629,128.397096,20716.85369,20431.148,8.329,482.541
6/22/2022 4:41,1008.8,43.95,16.124,43.75,439339.733,747135.067,269638.143,128.2470476,20699.54405,20440,7.73,478.45
6/22/2022 4:42,1008.7,43.95,16.086,43.75,439359.39,747157.21,269716.2,127.2853499,20652.19471,20420,7.631,477.55
6/22/2022 4:43,1008.7,43.95,16.051,43.75,439368.029,747114.362,269777.438,126.862863,20615.08446,20393.443,7.356,475.951
6/22/2022 4:44,1008.7,43.95,16.086,43.741,439339.514,747031.152,269697.448,128.2577649,20663.56489,20420,7.847,480.417
6/22/2022 4:45,1008.7,43.944,16.056,43.737,439365.543,746897.362,269810.886,126.9844294,20594.82857,20375,7.133,475.4
6/22/2022 4:46,1008.7,43.94,16.06,43.73,439357.829,746855.876,269800.476,127.3617009,20601.13177,20373.77,7.207,476.377
6/22/2022 4:47,1008.7,43.94,16.081,43.73,439350.562,746825.143,269754.067,127.7171851,20629.24349,20400,7.211,477.1
6/22/2022 4:48,1008.7,43.94,16.066,43.732,439363.067,746838.781,269798.59,127.1055152,20602.27383,20381.667,7.152,477.083
6/22/2022 4:49,1008.7,43.94,16.034,43.74,439365.457,746909.2,269830.276,126.988635,20583.09052,20353.333,6.794,474.767
6/22/2022 4:50,1008.7,43.945,15.987,43.742,439373.581,746949.752,269922.229,126.5913984,20527.46932,20306.557,6.402,471.82
6/22/2022 4:51,1008.7,43.95,15.984,43.749,439371.533,747047.362,269896.838,126.6915303,20542.82075,20318.333,6.698,474.917
6/22/2022 4:52,1008.637,43.95,15.968,43.75,439376.619,747028.171,269930.067,126.4428734,20522.73157,20308.333,6.491,473.083
6/22/2022 4:53,1008.6,43.95,15.942,43.742,439392.324,747041.21,269992.81,125.6752717,20484.82509,20273.77,6.016,469.098
6/22/2022 4:54,1008.6,43.95,15.92,43.74,439398.276,746994.448,270049.19,125.3844482,20450.79173,20246.667,5.878,468.333
6/22/2022 4:55,1008.6,43.948,15.903,43.74,439418.81,746951.829,270097.676,124.381498,20421.54538,20206.667,5.247,463.217
6/22/2022 4:56,1008.6,43.942,15.883,43.74,439415.124,746946.114,270121.695,124.5614923,20407.06481,20206.557,5.189,463.246
6/22/2022 4:57,1008.6,43.94,15.893,43.739,439407.6,746912.886,270095.238,124.9289611,20423.01548,20238.333,5.39,465.483
6/22/2022 4:58,1008.528,43.94,15.909,43.74,439419.133,746874.914,270079.286,124.3657262,20432.6357,20250,5.005,462.417
6/22/2022 4:59,1008.5,43.94,15.912,43.74,439417.295,746862.467,270068.333,124.4554761,20439.24242,20249.18,4.992,462.869
6/22/2022 5:00,1008.5,43.94,15.918,43.74,439415.362,746939.61,270038.276,124.5498698,20457.37775,20296.667,4.857,462.517
6/22/2022 5:01,1008.5,43.95,15.927,43.744,439411.752,747032.076,269990.886,124.7261697,20485.98698,20315,5.062,464.85
6/22/2022 5:02,1008.5,43.95,15.923,43.75,439421.762,747104.067,270000.333,124.2373596,20480.28231,20304.918,4.869,463.115
6/22/2022 5:03,1008.5,43.95,15.904,43.75,439424.743,747149.676,270044.448,124.0918173,20453.65315,20246.667,4.763,461.467
6/22/2022 5:04,1008.5,43.95,15.901,43.742,439418.762,747020.276,270047.381,124.3838418,20451.88329,20283.333,4.861,461.817
6/22/2022 5:05,1008.5,43.944,15.909,43.735,439427.457,746878.162,270094.229,123.9593214,20423.62392,20224.59,4.82,460.721
6/22/2022 5:06,1008.5,43.94,15.917,43.733,439422.419,746830.171,270067.171,124.2052817,20439.94338,20290,5.098,462.233
6/22/2022 5:07,1008.5,43.94,15.937,43.739,439417.486,746856.914,270009.133,124.4461493,20474.96903,20290,5.268,462.583
6/22/2022 5:08,1008.51,43.94,15.951,43.74,439408.952,746898.438,269967.724,124.8629243,20499.97686,20283.607,5.744,465.951
6/22/2022 5:09,1008.6,43.946,15.968,43.742,439400.562,746971.762,269922.962,125.2727638,20527.02623,20285,6.008,466.983
6/22/2022 5:10,1008.6,43.95,15.978,43.75,439387.676,747035.552,269877.619,125.9024135,20554.44426,20300,6.347,468.55
6/22/2022 5:11,1008.68,43.95,15.994,43.75,439378.829,747058.543,269826.086,126.3348365,20585.62673,20378.689,6.751,470.23
6/22/2022 5:12,1008.733,43.95,16.027,43.75,439359.095,747087,269753.733,127.2997786,20629.44587,20403.333,7.289,473.933
6/22/2022 5:13,1008.8,43.95,16.063,43.75,439334.2,747106.8,269691.61,128.5178389,20667.10534,20406.667,8.142,478.417
6/22/2022 5:14,1008.8,43.95,16.084,43.75,439337.457,747144.59,269647.819,128.3584326,20693.67175,20419.672,8.175,480.902
6/22/2022 5:15,1008.899,43.96,16.089,43.758,439337.876,747202.733,269634.048,128.3379266,20702.02952,20393.333,7.667,480.033
6/22/2022 5:16,1008.9,43.96,16.091,43.76,439341.171,747192.705,269619.067,128.1766771,20711.1235,20410,7.842,479.95
6/22/2022 5:17,1008.954,43.96,16.126,43.76,439313.705,747240.543,269542.314,129.5212515,20757.74552,20442.623,8.971,483.738
6/22/2022 5:18,1009.013,43.96,16.148,43.76,439295.067,747221.695,269499.248,130.4342454,20783.92725,20486.667,9.82,487.567
6/22/2022 5:19,1009.1,43.96,16.178,43.754,439278.133,747186.771,269437.933,131.264179,20821.23088,20493.333,10.147,488.067
6/22/2022 5:20,1009.1,43.96,16.217,43.754,439265.152,747195.59,269363.41,131.9006417,20866.6137,20526.23,10.741,489.754
6/22/2022 5:21,1009.06,43.953,16.249,43.75,439257.171,747126.59,269306.733,132.2920669,20901.16068,20548.333,11.3,491.85
6/22/2022 5:22,1009,43.95,16.254,43.75,439261,747037.114,269322.229,132.1042641,20891.71248,20545,10.948,489.717
6/22/2022 5:23,1009,43.95,16.282,43.743,439249.848,746991.133,269278.19,132.6512973,20918.56928,20613.115,11.426,492.393
6/22/2022 5:24,1009,43.95,16.305,43.74,439241.667,746941.476,269234.724,133.0527035,20945.093,20616.667,11.533,490.85
6/22/2022 5:25,1009,43.95,16.327,43.74,439231.771,746876.467,269213.19,133.5383795,20958.23945,20585,11.858,493.05
6/22/2022 5:26,1009,43.95,16.331,43.746,439231.952,746934.076,269204.686,133.5294952,20963.43221,20581.967,11.769,493.459
6/22/2022 5:27,1009,43.95,16.326,43.75,439229.39,746992.371,269201.686,133.6552542,20965.26424,20593.333,11.795,492.85
6/22/2022 5:28,1009,43.95,16.314,43.75,439228.695,747096.39,269204.724,133.6893707,20963.40901,20645,12.025,494.417
6/22/2022 5:29,1009,43.954,16.325,43.75,439247.552,747118.267,269190.152,132.7639428,20972.30849,20642.623,11.213,491.066
6/22/2022 5:30,1009,43.96,16.333,43.75,439252.238,747109.81,269178.562,132.5340476,20979.3881,20621.667,11.412,492.75
6/22/2022 5:31,1009,43.952,16.336,43.75,439233.495,747065.943,269173.343,133.4537594,20982.57644,20596.667,12.023,495.117
6/22/2022 5:32,1009,43.95,16.351,43.75,439220.01,747007.448,269140,134.1157599,21002.95154,20621.311,12.115,496.492
6/22/2022 5:33,1009,43.95,16.363,43.75,439234.629,746946.695,269127.324,133.3981008,21010.70004,20703.333,11.542,499.6
6/22/2022 5:34,1009,43.95,16.36,43.744,439234.933,746977.095,269130.181,133.3831803,21008.95351,20678.333,11.668,500.2
6/22/2022 5:35,1009,43.949,16.362,43.74,439242.067,746909.295,269132.552,133.0330751,21007.50414,20670.492,11.584,497.033
6/22/2022 5:36,1009,43.94,16.362,43.74,439256.752,746877.724,269156.124,132.312619,20993.09736,20635,11.395,494.133
6/22/2022 5:37,1009,43.94,16.363,43.74,439253.171,746811.048,269168.771,132.4882782,20985.36971,20618.333,11.275,493.117
6/22/2022 5:38,1009,43.94,16.376,43.74,439256.095,746832.314,269139.562,132.3448456,21003.21925,20642.623,11.634,494.59
6/22/2022 5:39,1008.965,43.947,16.376,43.746,439252.648,746948.371,269139.524,132.5139344,21003.24248,20633.333,11.283,492.117
6/22/2022 5:40,1008.9,43.95,16.37,43.752,439254.533,747119.505,269126.133,132.4214658,21011.42814,20703.333,11.397,492.35
6/22/2022 5:41,1008.9,43.958,16.378,43.76,439253.829,747183.819,269095.962,132.4559999,21029.87674,20716.393,11.587,492.803
6/22/2022 5:42,1008.9,43.96,16.369,43.76,439266.143,747236.152,269113.99,131.8520445,21018.85226,20663.333,10.765,488.333
6/22/2022 5:43,1008.836,43.96,16.347,43.755,439268.39,747169.143,269172.295,131.7418599,20983.2167,20631.667,10.324,484.833
6/22/2022 5:44,1008.8,43.955,16.329,43.75,439279.743,747082.505,269238.724,131.1852562,20942.65145,20606.557,10.573,485.852
6/22/2022 5:45,1008.8,43.95,16.33,43.743,439262.886,746974.6,269236.952,132.011768,20943.73304,20670,11.307,488.783
6/22/2022 5:46,1008.8,43.95,16.364,43.746,439239.743,746957.133,269147.714,133.1471191,20998.23685,20695,11.97,491.167
6/22/2022 5:47,1008.8,43.95,16.364,43.75,439252.238,747083.771,269153.914,132.5340476,20994.44787,20656.667,11.507,488.133
6/22/2022 5:48,1008.8,43.954,16.337,43.755,439261.829,747139.457,269195.2,132.0636064,20969.22535,20622.951,11.184,491.852
6/22/2022 5:49,1008.8,43.96,16.331,43.759,439264.514,747177.267,269190.648,131.9319289,20972.00554,20625,10.965,494.417
6/22/2022 5:50,1008.8,43.96,16.331,43.76,439274.829,747221.886,269183.886,131.4261534,20976.13586,20620,10.483,494.667
6/22/2022 5:51,1008.8,43.96,16.314,43.76,439288.648,747185.343,269215,130.7487938,20957.13429,20639.344,9.85,494.148
6/22/2022 5:52,1008.728,43.957,16.305,43.751,439291.162,747090.733,269242.914,130.6255943,20940.09408,20650,10.041,492.8
6/22/2022 5:53,1008.7,43.95,16.33,43.749,439283.2,747021.41,269215.114,131.0158048,20957.06469,20686.667,10.466,491.567
6/22/2022 5:54,1008.7,43.95,16.333,43.74,439292.162,746946.876,269231.286,130.5765913,20947.19162,20636.066,9.625,487.639
6/22/2022 5:55,1008.7,43.95,16.338,43.74,439290.886,746865.143,269222.352,130.6391194,20952.64558,20631.667,10.175,492.1
6/22/2022 5:56,1008.7,43.95,16.336,43.74,439288.867,746912.562,269219.19,130.7380613,20954.57606,20615,10.14,490.817
6/22/2022 5:57,1008.769,43.95,16.341,43.741,439284.676,746940.581,269202.324,130.9434608,20964.87462,20662.295,10.464,492.77
6/22/2022 5:58,1008.8,43.95,16.341,43.745,439272.352,746947.095,269204.371,131.5475949,20963.62457,20680,10.677,492.683
6/22/2022 5:59,1008.8,43.95,16.342,43.744,439281.762,746933.181,269205.133,131.0862891,20963.15925,20685,10.638,492.283
6/22/2022 6:00,1008.8,43.95,16.344,43.741,439281.048,746955.362,269206.419,131.1212873,20962.37395,20645.902,10.611,492.475
6/22/2022 6:01,1008.8,43.95,16.341,43.74,439263.571,746955.933,269201.676,131.9781743,20965.27035,20626.667,11.015,493.133
6/22/2022 6:02,1008.8,43.95,16.343,43.742,439273.876,746938.2,269210.867,131.4728758,20959.65787,20618.333,10.553,490.133
6/22/2022 6:03,1008.8,43.95,16.34,43.747,439280.486,746986.562,269212.752,131.1488353,20958.50688,20640.984,10.526,490.18
6/22/2022 6:04,1008.8,43.95,16.34,43.75,439260.324,746964.248,269198.61,132.1374188,20967.14276,20621.667,10.922,492.817
6/22/2022 6:05,1008.8,43.95,16.345,43.75,439264.438,746990.743,269174.476,131.935656,20981.88426,20695,10.895,493.15
6/22/2022 6:06,1008.8,43.95,16.344,43.75,439265.924,746973.8,269185.8,131.8627838,20974.96672,20670.492,10.567,491.443
6/22/2022 6:07,1008.8,43.95,16.34,43.75,439264.429,746970,269196.724,131.9360973,20968.29458,20646.667,10.51,491.283
6/22/2022 6:08,1008.839,43.95,16.339,43.75,439264.743,746946.029,269199.505,131.9206988,20966.59617,20653.333,10.485,491.617
6/22/2022 6:09,1008.9,43.95,16.347,43.75,439261.057,747005.829,269172.886,132.1014686,20982.85564,20621.311,10.649,492.852
6/22/2022 6:10,1008.9,43.95,16.348,43.75,439251.181,747065.61,269157.8,132.5859014,20992.0732,20668.333,10.958,494.667
6/22/2022 6:11,1008.9,43.95,16.354,43.75,439247.914,747100.095,269137.733,132.746182,21004.33719,20700,11.063,494.483
6/22/2022 6:12,1008.9,43.95,16.364,43.75,439241.952,747089.933,269122.286,133.0387182,21013.78002,20701.639,11.184,494.639
6/22/2022 6:13,1008.909,43.95,16.363,43.75,439249.933,747106.133,269117.219,132.6471272,21016.87795,20678.333,11.23,494.55
6/22/2022 6:14,1009,43.95,16.377,43.752,439250.524,747158.876,269103.152,132.618133,21025.47958,20665,11.125,493.867
6/22/2022 6:15,1009,43.959,16.379,43.759,439248.448,747207.295,269096.095,132.7199827,21029.7954,20655.738,11.087,494.279
6/22/2022 6:16,1009,43.96,16.376,43.76,439258.648,747236.6,269095.905,132.2196214,21029.91161,20708.333,10.823,495.7
6/22/2022 6:17,1008.913,43.96,16.379,43.756,439249.248,747181.39,269087.371,132.6807336,21035.1313,20720,11.408,497.7
6/22/2022 6:18,1008.9,43.959,16.383,43.75,439251.971,747113.771,269082.524,132.5471458,21038.09617,20690.164,10.764,494.902
6/22/2022 6:19,1008.9,43.95,16.384,43.749,439248.857,746996.8,269089.695,132.6999165,21033.7098,20683.333,10.622,494.65
6/22/2022 6:20,1008.9,43.95,16.397,43.74,439262.157,746881.167,269089.735,132.0475201,21033.68533,20695,10.322,492.75
6/22/2022 6:21,1008.9,43.94,16.392,43.74,439264.286,746790.686,269113.248,131.9431101,21019.30595,20663.934,10.28,495
6/22/2022 6:22,1008.9,43.94,16.403,43.74,439260.01,746760.933,269085.8,132.1528192,21036.09225,20738.333,10.887,497.267
6/22/2022 6:23,1008.9,43.94,16.398,43.74,439251.743,746840.886,269088.867,132.5583309,21034.21625,20705,10.667,501.733
6/22/2022 6:24,1008.815,43.948,16.402,43.745,439246.533,746927.743,269051.21,132.8139389,21057.25558,20721.311,11.177,504.934
6/22/2022 6:25,1008.8,43.95,16.411,43.75,439246.419,746986.771,269012.667,132.8195323,21080.84962,20718.333,11.002,505.317
6/22/2022 6:26,1008.797,43.95,16.406,43.75,439262.838,747032.752,269033.79,132.014122,21067.91763,20693.333,10.61,506.133
6/22/2022 6:27,1008.7,43.952,16.401,43.75,439256.048,747073.667,269039.505,132.347151,21064.41943,20729.508,11.07,510.328
6/22/2022 6:28,1008.7,43.96,16.378,43.75,439265.486,747094.657,269094.943,131.8842626,21030.49997,20708.333,10.362,509.233
6/22/2022 6:29,1008.7,43.96,16.37,43.75,439260.686,747113.524,269101.19,132.1196643,21026.67943,20698.333,10.935,510.8
6/22/2022 6:30,1008.69,43.96,16.396,43.75,439238.886,747093.743,269040.648,133.1891759,21063.71982,20710,11.295,509.7
6/22/2022 6:31,1008.6,43.96,16.395,43.75,439258.571,747125.638,269075.067,132.2233981,21042.65796,20677.049,10.584,504.607
6/22/2022 6:32,1008.531,43.96,16.359,43.75,439267.105,747074.076,269152.676,131.8048707,20995.20442,20640,10.231,502.917
6/22/2022 6:33,1008.482,43.96,16.334,43.75,439281.124,747140.105,269211.667,131.1175619,20959.16938,20670,10.468,504.433
6/22/2022 6:34,1008.4,43.96,16.331,43.751,439276.295,747118.305,269205.6,131.3542828,20962.87407,20691.803,10.541,505.311
6/22/2022 6:35,1008.4,43.96,16.341,43.75,439273.714,747084.19,269173.448,131.4808182,20982.51229,20675,10.583,505.4
6/22/2022 6:36,1008.4,43.951,16.348,43.75,439275.933,747025.086,269160.543,131.3720295,20990.39708,20665,10.236,502.717
6/22/2022 6:37,1008.4,43.95,16.345,43.745,439276.619,746921.933,269200.676,131.3383991,20965.88104,20618.033,9.886,499.82
6/22/2022 6:38,1008.329,43.95,16.339,43.74,439275.048,746882.295,269213.114,131.4154167,20958.28585,20626.667,9.847,499.617
6/22/2022 6:39,1008.3,43.95,16.344,43.74,439281.314,746903.99,269204.01,131.1082487,20963.84502,20690,9.667,498.367
6/22/2022 6:40,1008.3,43.95,16.34,43.741,439276.933,746878.219,269215.362,131.3230058,20956.91326,20662.295,9.393,496.541
6/22/2022 6:41,1008.269,43.95,16.321,43.749,439287.657,746977.829,269249.867,130.7973606,20935.85063,20626.667,9.138,494.517
6/22/2022 6:42,1008.2,43.95,16.325,43.75,439268.248,747028.771,269205.305,131.7488229,20963.05421,20653.333,10.248,502.333
6/22/2022 6:43,1008.2,43.959,16.32,43.752,439283.486,747079.162,269209.914,131.0017867,20960.23978,20627.869,9.534,497.639
6/22/2022 6:44,1008.2,43.96,16.314,43.751,439282.495,747042.638,269227.781,131.0503604,20949.33125,20640,9.787,500.933
6/22/2022 6:45,1008.2,43.953,16.315,43.75,439288.924,747000.114,269236.219,130.7352679,20944.18046,20653.333,9.49,498.933
6/22/2022 6:46,1008.2,43.95,16.319,43.748,439290.905,746931.333,269236.638,130.6381883,20943.9247,20662.295,9.429,498.426
6/22/2022 6:47,1008.2,43.95,16.341,43.749,439272.8,746916.39,269186.914,131.5256299,20974.28627,20673.333,9.982,503.6
6/22/2022 6:48,1008.2,43.95,16.316,43.75,439271.61,746918.6,269236.676,131.5839751,20943.90151,20623.333,9.743,501.567
6/22/2022 6:49,1008.2,43.95,16.33,43.75,439271.333,746945.952,269208.876,131.5975565,20960.87361,20636.066,9.783,500.689
6/22/2022 6:50,1008.106,43.95,16.344,43.75,439262.695,746894.905,269178.152,132.0211351,20979.63857,20633.333,10.044,501.883
6/22/2022 6:51,1008.1,43.95,16.351,43.748,439260.61,746929.857,269173.029,132.1233917,20982.76827,20648.333,10.202,503.383
6/22/2022 6:52,1008.1,43.95,16.358,43.75,439254.019,746943.8,269143.552,132.4466795,21000.78054,20700,10.575,505.934
6/22/2022 6:53,1008.013,43.95,16.361,43.75,439242.99,746970.086,269120.571,132.9877834,21014.82854,20743.333,10.488,504.05
6/22/2022 6:54,1008,43.95,16.375,43.75,439236.838,747009.019,269097.819,133.2896845,21028.74102,20725,10.882,507.133
6/22/2022 6:55,1008,43.95,16.344,43.75,439266.59,746941.362,269196.629,131.8301247,20968.3526,20652.459,9.304,495.262
6/22/2022 6:56,1008,43.95,16.346,43.75,439257.762,746891.41,269175.238,132.2630785,20981.41874,20690,9.891,499.783
6/22/2022 6:57,1008,43.95,16.37,43.745,439245.752,746880.2,269132.629,132.8522588,21007.45707,20676.667,10.365,503.317
6/22/2022 6:58,1008,43.95,16.378,43.745,439247.629,746860.19,269124.581,132.760165,21012.37695,20665.574,10.512,504.344
6/22/2022 6:59,1008,43.95,16.362,43.74,439251.343,746810.895,269151.257,132.577954,20996.07159,20646.667,10.117,501.117
6/22/2022 7:00,1007.999,43.95,16.357,43.743,439258.114,746847.895,269168.857,132.2458133,20985.31717,20673.333,9.946,499.117
6/22/2022 7:01,1007.9,43.95,16.349,43.749,439259.076,746875.429,269176.048,132.198629,20980.9239,20703.279,10.411,501.984
6/22/2022 7:02,1007.9,43.95,16.339,43.748,439277.743,746848.6,269219.267,131.2832975,20954.52905,20676.667,9.751,497.317
6/22/2022 7:03,1007.9,43.95,16.355,43.747,439247.448,746847.924,269161.029,132.7690454,20990.10011,20681.667,10.502,502.55
6/22/2022 7:04,1007.864,43.95,16.363,43.742,439253.895,746838.124,269150.295,132.4527623,20996.65949,20650.82,10.37,502.443
6/22/2022 7:05,1007.8,43.95,16.387,43.743,439227.79,746820.819,269089.752,133.7337968,21033.67493,20683.333,11.043,508.683
6/22/2022 7:06,1007.8,43.95,16.397,43.746,439240.676,746825.057,269077.838,133.1013338,21040.96276,20703.333,10.553,506.25
6/22/2022 7:07,1007.8,43.95,16.387,43.749,439252.762,746903.543,269113.505,132.508342,21019.14881,20662.295,10.513,506.459
6/22/2022 8:25,1008.5,43.96,14.932,43.76,439525.362,745807,270876.457,119.1863816,19954.56155,20228.333,7.228,455.183
6/22/2022 8:26,1008.5,43.96,14.977,43.76,439533.438,745861.648,270839.352,118.7932551,19976.69265,20258.333,7.094,455
6/22/2022 8:27,1008.559,43.96,15.023,43.76,439543.638,745841.781,270805.552,118.296863,19996.8628,20259.016,6.888,454.016
6/22/2022 8:28,1008.622,43.958,15.036,43.749,439533.901,745828.58,270847.543,118.7707197,19971.80615,20197.674,6.573,452.465
6/22/2022 8:32,1008.7,43.81,15.586,43.575,439423.79,742151.629,270343.867,124.1383446,20273.35699,20421.053,8.386,473.658
6/22/2022 8:33,1008.7,43.789,15.772,43.576,439364.495,741974.857,269958.781,127.0356796,20505.37967,20616.393,9.972,518.377
6/22/2022 8:34,1008.8,43.797,15.924,43.611,439309.848,742495,269574.486,129.7101501,20738.19714,20825,11.787,565
6/22/2022 8:35,1008.8,43.829,16.017,43.659,439264.143,743407.39,269244.905,131.9501229,20938.87892,20921.667,13.273,588.733
6/22/2022 8:36,1008.83,43.869,16.07,43.704,439228.79,744321.714,269040.762,133.6847072,21063.65005,21027.869,14.297,617.787
6/22/2022 8:37,1008.9,43.905,16.124,43.738,439208.057,745020.695,268836.019,134.7027596,21189.14787,21131.667,15.292,643.467
6/22/2022 8:38,1008.9,43.929,16.199,43.755,439181.029,745421.657,268617.171,136.0307965,21323.69002,21155,15.542,646.983
6/22/2022 8:39,1008.9,43.94,16.285,43.76,439167.39,745621.248,268435.924,136.7013356,21435.42785,21313.115,16.73,676.656
6/22/2022 8:40,1008.9,43.94,16.471,43.75,439105.552,745606.257,267991.848,139.7446862,21710.39247,21368.333,17.002,682.817
6/22/2022 8:41,1008.9,43.94,16.514,43.747,439148.371,745497.486,268077.086,137.6367977,21657.48297,21358.333,15.882,678.183
6/22/2022 8:42,1008.9,43.94,16.502,43.741,439203.181,745426.6,268200.41,134.942271,21581.04307,21322.951,14.226,654.787
6/22/2022 8:43,1008.9,43.94,16.533,43.745,439208.057,745412.562,268142.714,134.7027596,21616.78849,21308.333,13.507,639.417
6/22/2022 8:44,1008.9,43.94,16.549,43.75,439197.124,745419.667,268135.705,135.2398389,21621.13285,21333.333,14.117,659.033
6/22/2022 8:45,1008.9,43.94,16.58,43.75,439199.724,745437.657,268073.371,135.1121001,21659.78766,21375.41,13.908,659.197
6/22/2022 8:46,1008.9,43.94,16.584,43.748,439237.048,745445.2,268135.629,133.2793782,21621.17996,21360,12.968,639.633
6/22/2022 8:47,1008.9,43.94,16.551,43.75,439253.752,745482.638,268247.257,132.4597771,21552.04018,21280,11.972,624.95
6/22/2022 8:48,1008.9,43.94,16.422,43.75,439324.571,745519.876,268645.124,128.9891927,21306.48229,21035,9.669,582.683
6/22/2022 8:49,1008.957,43.94,16.296,43.75,439366.267,745583.333,268914.771,126.9490247,21140.83394,20868.852,8.223,551.016
6/22/2022 8:50,1009,43.948,16.24,43.756,439383.714,745646.324,269005.295,126.0960547,21085.36383,20848.333,7.395,534.317
6/22/2022 8:51,1009,43.95,16.23,43.756,439392.457,745641.371,269018.867,125.6687726,21077.05344,20843.333,7.044,530.283
6/22/2022 8:52,1009.062,43.95,16.252,43.757,439378.724,745652.057,268943.695,126.3399694,21123.10261,20921.311,7.443,539.344
6/22/2022 8:53,1009.1,43.95,16.28,43.76,439367.781,745614.629,268898.667,126.8749899,21150.70932,20943.333,7.589,548.75
6/22/2022 8:54,1009.1,43.95,16.274,43.76,439370.733,745737.571,268911.314,126.7306459,21142.95367,20950,7.918,551.167
6/22/2022 8:55,1009.1,43.952,16.416,43.765,439352.762,745789.648,268498.505,127.6095588,21396.81506,21136.066,7.475,553.541
6/22/2022 8:56,1009.1,43.96,16.846,43.769,439284.629,745881.448,267482.419,130.9457644,22027.91129,21928.333,8.631,585.2
6/22/2022 8:57,1009.1,43.96,17.155,43.77,439238.981,745942.648,266954.771,133.1845138,22359.13873,22233.333,9.942,614.067
6/22/2022 8:58,1009.1,43.96,17.23,43.77,439224.248,745959.762,266916.21,133.9076828,22383.43902,22177.049,10.464,621.967
6/22/2022 8:59,1009.1,43.96,17.152,43.77,439234.562,745987.562,267163.286,133.4013892,22227.95872,21953.333,10.292,614.367
6/22/2022 9:00,1009.1,43.96,17.084,43.77,439234.305,745935.152,267332.324,133.4140031,22121.88873,21848.333,10.587,613.283
6/22/2022 9:01,1009.1,43.96,17.122,43.765,439209.467,745850.505,267217.305,134.6335057,22194.03552,21863.934,11.29,627.41
6/22/2022 9:02,1009.1,43.96,17.286,43.76,439199.486,745820.571,266863.248,135.1237928,22416.83535,22143.333,11.427,636.4
6/22/2022 9:03,1009.087,43.951,17.475,43.76,439208.419,745803.514,266533.638,134.6849792,22625.22023,22301.667,9.955,610.117
6/22/2022 9:04,1009,43.955,17.753,43.763,439183.629,745861.886,265937.743,135.9030006,23004.32635,22840.984,10.011,618.361
6/22/2022 9:05,1009,43.96,17.866,43.77,439198.457,745944.305,265854.257,135.1743471,23057.68371,22966.667,9.156,607
6/22/2022 9:06,1009,43.96,17.882,43.77,439198.238,746088.59,265862.667,135.1851066,23052.30602,22838.333,10.049,617.483
6/22/2022 9:07,1009,43.961,17.777,43.771,439228.943,746094.4,266179.867,133.6771967,22849.91966,22601.639,8.452,580.918
6/22/2022 9:08,1009,43.97,17.866,43.771,439223.4,746107.133,265935.095,133.9493159,23006.01781,22768.333,8.205,573.2
6/22/2022 9:09,1009,43.97,17.86,43.775,439228.19,746083.81,266033.124,133.7141608,22943.44004,22773.333,8.392,580.283
6/22/2022 9:10,1009,43.968,17.764,43.77,439230.238,746078.171,266236.829,133.613628,22813.66726,22518.033,8.21,576.77
6/22/2022 9:11,1009,43.96,17.637,43.77,439247.476,746015.619,266558.638,132.7676716,22609.38207,22350,8.088,573.283
6/22/2022 9:12,1009,43.958,17.405,43.76,439297.924,745860.81,267097.838,130.2942627,22269.09281,21950,6.928,549.183
6/22/2022 9:13,1009,43.95,17.259,43.76,439290.21,745726.886,267357.4,130.6722464,22106.17467,21731.148,7.253,550.869
6/22/2022 9:14,1009,43.95,17.244,43.76,439259.21,745705.952,267302.429,132.1920566,22140.62972,21796.667,9.025,587.133
6/22/2022 9:15,1009,43.95,17.209,43.76,439279.41,745767.6,267372.352,131.2015797,22096.80747,21773.333,8.523,582.917
6/22/2022 9:16,1009,43.95,17.101,43.765,439315.819,745899.029,267619.705,129.4177259,21942.12347,21644.262,7.165,557
6/22/2022 9:17,1009,43.959,16.976,43.77,439324.581,745899.562,267872.105,128.9887031,21784.82569,21476.667,6.676,539.6
6/22/2022 9:18,1009,43.96,16.917,43.77,439320.905,745890.238,267965.686,129.1686821,21726.64445,21413.333,7.26,540.817
6/22/2022 9:19,1009,43.96,16.899,43.77,439307.752,745954.181,267951.8,129.8128113,21735.27291,21421.311,7.484,544.59
6/22/2022 9:20,1009,43.96,16.903,43.771,439317.362,746043.086,267931.095,129.3421668,21748.14162,21463.333,7.191,537.8
6/22/2022 9:21,1009,43.961,16.939,43.778,439313.657,746098.8,267828.933,129.5236022,21811.692,21538.333,7.042,531.033
6/22/2022 9:22,1009,43.97,16.967,43.78,439319.962,746128.61,267780.686,129.2148549,21841.73549,21608.197,7.26,536.361
6/22/2022 9:23,1009,43.97,16.944,43.78,439317.61,746110.4,267822.533,129.3300228,21815.67614,21565,7.052,533.983
6/22/2022 9:24,1009.078,43.97,16.958,43.78,439317.952,746144.362,267806.333,129.3132759,21825.76257,21551.667,7.217,539.533
6/22/2022 9:25,1009.1,43.967,16.971,43.77,439307.495,746126.286,267763.743,129.8253995,21852.29067,21562.295,7.562,554
6/22/2022 9:26,1009.1,43.96,16.992,43.774,439301.114,746083.324,267703.952,130.1379774,21889.55912,21593.333,7.851,566.75
6/22/2022 9:27,1009.1,43.967,16.973,43.78,439302.467,746098.695,267760.171,130.0716951,21854.51628,21556.667,7.618,562.233
6/22/2022 9:28,1009.1,43.97,16.932,43.78,439320.61,746122.086,267867.314,129.1831262,21787.80638,21478.689,6.738,543.066
6/22/2022 9:29,1009.1,43.97,16.909,43.78,439326.41,746158.886,267924.638,128.8991611,21752.15557,21466.667,6.552,537.233
6/22/2022 9:30,1009.1,43.97,16.874,43.78,439337.314,746180.352,267979.733,128.3654311,21717.91764,21441.667,6.359,530.767
6/22/2022 9:31,1009.1,43.97,16.9,43.774,439329.829,746132.533,267910.048,128.7317901,21761.22667,21491.803,6.593,536.836
6/22/2022 9:32,1009.1,43.963,16.984,43.77,439303.962,746064.41,267710.705,129.9984592,21885.34836,21593.333,7.495,556.433
6/22/2022 9:33,1009.1,43.96,17.067,43.77,439271.143,745963.476,267547.705,131.6068724,21987.09491,21721.667,9.017,586.5
6/22/2022 9:34,1009.17,43.96,17.03,43.768,439294.467,745902.543,267704.705,130.4636446,21889.08958,21603.279,7.23,551.508
6/22/2022 9:35,1009.2,43.96,16.97,43.77,439322.41,745882.448,267859.2,129.0949942,21792.8549,21508.333,6.405,531.45
6/22/2022 9:36,1009.225,43.96,16.902,43.77,439347.105,746004.295,267996.952,127.8863186,21707.22252,21415,6.068,523.883
6/22/2022 9:37,1009.3,43.961,16.827,43.771,439353.79,746078.41,268133.057,127.5592702,21622.77426,21341.667,6.168,525.633
6/22/2022 9:38,1009.354,43.97,16.77,43.774,439355.79,746112.057,268236.381,127.4614366,21558.77181,21267.213,6.191,526.246
6/22/2022 9:39,1009.4,43.97,16.752,43.778,439344.952,746142.61,268246.924,127.9916622,21552.24627,21238.333,6.411,529.967
6/22/2022 9:40,1009.4,43.97,16.764,43.78,439326.181,746158.2,268173.181,128.910372,21597.90916,21276.667,6.907,545.033
6/22/2022 9:41,1009.4,43.97,16.796,43.78,439308.048,746224,268056.657,129.798313,21670.1581,21350.82,7.91,580.721
6/22/2022 9:42,1009.4,43.97,16.805,43.782,439296.048,746231.895,267992.333,130.3861787,21710.09124,21330,8.159,607.033
6/22/2022 9:43,1009.4,43.978,16.96,43.784,439265.705,746265.038,267567.6,131.8735232,21974.66397,21376.667,7.967,603.15
6/22/2022 9:44,1009.4,43.973,17.253,43.781,439240.362,746174.105,266949.457,133.1167426,22362.48674,21662.295,7.942,608.508
6/22/2022 9:45,1009.4,43.97,17.39,43.78,439246.657,746124,266816,132.8078549,22446.64895,22103.333,8.14,624.65
6/22/2022 9:46,1009.4,43.969,17.318,43.771,439278.924,746019.619,267109.181,131.2254035,22261.96109,21793.333,7.056,586.417
6/22/2022 9:47,1009.418,43.96,17.247,43.77,439294.324,745971.438,267289.648,130.4706515,22148.64439,21804.918,6.972,578.852
6/22/2022 9:48,1009.5,43.96,17.14,43.763,439308.952,745849.667,267559.181,129.7540351,21979.92397,21651.667,6.568,559.85
6/22/2022 9:49,1009.5,43.956,17.065,43.76,439322.438,745798.086,267725.219,129.0936233,21876.29962,21563.333,6.114,542.667
6/22/2022 9:50,1009.5,43.95,17.011,43.76,439325.705,745714.39,267829.438,128.9336751,21811.37764,21503.279,6.022,537.197
6/22/2022 9:51,1009.5,43.95,16.947,43.76,439335.962,745740.781,267991.886,128.4316001,21710.36887,21401.667,6.006,534.367
6/22/2022 9:52,1009.5,43.95,16.854,43.76,439348.676,745756.571,268175.143,127.8094555,21596.69366,21281.667,5.558,516.667
6/22/2022 9:53,1009.5,43.951,16.771,43.762,439352.81,745830.705,268328.543,127.6072107,21501.76095,21193.443,5.446,510.918
6/22/2022 9:54,1009.5,43.96,16.729,43.77,439357.267,745929.829,268372.495,127.38919,21474.59824,21171.667,5.535,511.017
6/22/2022 9:55,1009.5,43.963,16.752,43.78,439340.524,746078.419,268245.229,128.2083386,21553.29532,21190,6.189,524.417
6/22/2022 9:56,1009.5,43.97,16.829,43.78,439305.971,746138.114,268026.838,129.9000487,21688.66568,21345.902,7.375,549.426
6/22/2022 9:57,1009.5,43.97,16.896,43.78,439271.705,746137.876,267862.581,131.5793172,21790.75118,21421.667,8.504,573.783
6/22/2022 9:58,1009.5,43.97,16.942,43.776,439254.171,746065.2,267784.448,132.4392233,21839.39217,21471.667,9.171,590.483
6/22/2022 9:59,1009.5,43.964,16.892,43.77,439288,745996.105,267984.819,130.7805507,21714.75835,21326.23,7.873,567.754
6/22/2022 10:00,1009.5,43.96,16.787,43.77,439328.924,745998.067,268235.952,128.7760912,21559.03735,21173.333,6.772,541.5
6/22/2022 10:01,1009.5,43.96,16.757,43.77,439329.01,746031.067,268256.457,128.7718813,21546.34669,21165,6.572,532.333
6/22/2022 10:02,1009.5,43.96,16.763,43.77,439317.933,745974.924,268242.552,129.3142063,21554.95218,21236.066,6.863,535.426
6/22/2022 10:03,1009.5,43.96,16.766,43.77,439308.029,745913.4,268237.876,129.7992436,21557.84643,21193.333,6.545,528.567
6/22/2022 10:04,1009.5,43.96,16.831,43.77,439289.086,745884.819,268060.267,130.7273289,21667.91802,21336.667,7.575,548.933
6/22/2022 10:05,1009.5,43.96,16.837,43.77,439286.21,745876.962,268062.257,130.8682772,21666.68323,21306.557,7.562,558.344
6/22/2022 10:06,1009.5,43.96,16.821,43.77,439299.381,745866.714,268099.667,130.2228792,21643.47681,21271.667,7.123,561.183
6/22/2022 10:07,1009.5,43.96,16.823,43.77,439308.21,745871.019,268112.114,129.7903781,21635.75827,21190,7.073,554.6
6/22/2022 10:08,1009.5,43.96,16.822,43.77,439313.752,745898.324,268115.581,129.5189498,21633.60857,21265.574,6.846,544.492
6/22/2022 10:09,1009.589,43.96,16.819,43.77,439311.067,746008.581,268116.457,129.6504467,21633.06543,21235,6.904,540.833
6/22/2022 10:10,1009.6,43.96,16.846,43.779,439299.924,746026.562,268047.143,130.1962765,21676.06227,21323.333,7.179,543.95
6/22/2022 10:11,1009.6,43.96,16.864,43.771,439299.552,746026.305,268029.686,130.2145016,21686.8977,21306.557,7.313,546.082
6/22/2022 10:12,1009.6,43.96,16.889,43.77,439309.571,745935.743,267983.705,129.7237171,21715.45032,21345,6.557,535.25
6/22/2022 10:13,1009.6,43.96,16.937,43.763,439309.067,745890.838,267893.724,129.7484024,21771.37802,21443.333,6.837,546.583
6/22/2022 10:14,1009.6,43.96,16.925,43.765,439313.419,745892.371,267958.257,129.5352578,21731.26046,21308.197,7.055,551.689
6/22/2022 10:15,1009.6,43.96,16.85,43.77,439345.971,745890.314,268144.524,127.941803,21615.66667,21273.333,6.004,537.867
6/22/2022 10:16,1009.6,43.96,16.776,43.77,439364.457,745917.152,268298.495,127.0375379,21520.34044,21188.333,4.753,517.95
6/22/2022 10:17,1009.6,43.96,16.765,43.77,439369.562,745918.152,268287.686,126.7879029,21527.02583,21214.754,4.717,515.033
6/22/2022 10:18,1009.6,43.96,16.826,43.769,439348.581,745903.171,268123.505,127.8141034,21628.69573,21293.333,5.339,525.617
6/22/2022 10:19,1009.6,43.96,16.844,43.764,439357.448,745899.705,268134,127.3803367,21622.18972,21278.333,7.233,557.333
6/22/2022 10:20,1009.6,43.952,16.801,43.76,439366.914,745880.629,268236.048,126.9173859,21558.97793,21254.098,7.609,563.508
6/22/2022 10:21,1009.6,43.95,16.818,43.76,439342.438,745883.524,268148.381,128.1146771,21613.27625,21253.333,7.38,566.5
6/22/2022 10:22,1009.6,43.956,16.84,43.767,439337.19,745900.219,268074.724,128.3714997,21658.94828,21310,6.527,565.583
6/22/2022 10:23,1009.6,43.96,16.831,43.77,439345.086,745908.257,268105.124,127.9851056,21640.09269,21273.77,6.751,570.426
6/22/2022 10:24,1009.6,43.958,16.817,43.763,439338.076,745865.267,268137.467,128.3281387,21620.04068,21213.333,6.846,573.95
6/22/2022 10:25,1009.6,43.95,16.848,43.76,439314.41,745787.876,268060.848,129.4867259,21667.55751,21285,7.214,585.633
6/22/2022 10:26,1009.6,43.95,16.847,43.757,439324.562,745760.81,268098.495,128.9896333,21644.20365,21234.426,6.601,576.705
6/22/2022 10:27,1009.6,43.95,16.793,43.753,439362.705,745696.924,268243.562,127.1232191,21554.32706,21213.333,4.951,558.817
6/22/2022 10:28,1009.6,43.943,16.709,43.75,439384.695,745703.448,268468.343,126.0481067,21415.42096,21128.333,4.592,542.867
6/22/2022 10:29,1009.569,43.94,16.643,43.75,439394.543,745606.333,268607.838,125.5668425,21329.43687,21132.787,6.295,564.148
6/22/2022 10:30,1009.5,43.94,16.602,43.75,439405.857,745670.457,268686.124,125.0140994,21281.25504,20995,3.979,520.333
6/22/2022 10:31,1009.5,43.945,16.581,43.751,439412.99,745720.933,268713.057,124.6657081,21264.69106,21033.333,4.171,517.5
6/22/2022 10:32,1009.5,43.95,16.552,43.758,439414.771,745783.743,268758.79,124.578731,21236.57926,20948.333,3.518,495.533
6/22/2022 10:33,1009.5,43.95,16.551,43.76,439411.784,745747.402,268761.127,124.7246069,21235.1432,20980.328,3.58,492.984
6/22/2022 10:34,1009.5,43.949,16.538,43.751,439417.648,745712.352,268778.962,124.4382386,21224.18536,21001.667,3.947,504.583
6/22/2022 10:35,1009.5,43.94,16.646,43.751,439407.876,745671.371,268544.2,124.91548,21368.64229,21266.667,3.459,560.717
6/22/2022 10:36,1009.5,43.94,16.592,43.752,439408.886,745660.571,268704.667,124.8661479,21269.8503,21190.164,3.331,577.967
6/22/2022 10:37,1009.5,43.946,16.456,43.755,439426.876,745715.79,269020.019,123.9876847,21076.34812,21511.667,3.291,679.65
6/22/2022 11:05,1009.6,44.08,16.075,43.888,439383.56,748657.352,269179.637,126.1035818,20978.7314,20661.667,7.077,573.15
6/22/2022 11:06,1009.6,44.061,16.04,43.847,439359.543,747942.876,269207.019,127.2778667,20962.00756,20531.148,7.182,555.098
6/22/2022 11:07,1009.6,44.001,16.182,43.754,439332.781,746180.238,269185.419,128.5872931,20975.19945,20560,6.966,559.067
6/22/2022 11:08,1009.6,43.913,16.257,43.649,439336.933,744049.886,269476.924,128.3840776,20797.50528,20460,6.42,543.267
6/22/2022 11:09,1009.6,43.835,16.303,43.584,439339.876,742551.667,269666.79,128.2400496,20682.16071,20326.23,6.323,526.934
6/22/2022 11:10,1009.6,43.794,16.327,43.574,439329.81,742085.457,269667.79,128.7327202,20681.55402,20300,6.865,535.6
6/22/2022 11:11,1009.6,43.794,16.284,43.605,439326.124,742537.029,269696.829,128.9131625,20663.94026,20298.333,6.955,535.05
6/22/2022 11:12,1009.6,43.822,16.169,43.65,439344.533,743306.705,269834.39,128.0121641,20580.60046,20222.951,6.648,525.328
6/22/2022 11:13,1009.6,43.858,16.044,43.691,439364.333,744187.438,269947.857,127.043602,20511.98022,20218.333,6.358,521.083
6/22/2022 11:14,1009.6,43.891,15.992,43.724,439360.467,744873.171,269893.152,127.2326741,20545.04977,20210,6.575,524.933
6/22/2022 11:15,1009.6,43.916,15.949,43.744,439375.314,745328.343,269923.771,126.5066721,20526.5372,20191.803,6.354,522.443
6/22/2022 11:16,1009.6,43.932,15.908,43.75,439383.79,745581.533,269963.829,126.09234,20502.32989,20171.667,6.241,520.033
6/22/2022 11:17,1009.6,43.94,15.849,43.75,439404.552,745652.305,270104.981,125.077846,20417.14082,20096.667,6.007,511.783
6/22/2022 11:18,1009.6,43.94,15.797,43.75,439404.2,745595.676,270190.476,125.0950409,20365.62558,20041.667,5.956,508.667
6/22/2022 11:19,1009.6,43.94,15.832,43.741,439390.362,745511.21,270081.705,125.7711486,20431.17672,20142.623,6.123,512.098
6/22/2022 11:20,1009.6,43.93,15.818,43.74,439400.429,745440.914,270158.038,125.2792614,20385.16378,20063.333,5.867,501.767
6/22/2022 11:21,1009.6,43.93,15.725,43.735,439420.286,745397.829,270396.162,124.3094273,20241.94647,19916.667,5.807,504.017
6/22/2022 11:22,1009.6,43.93,15.672,43.73,439428.886,745381.933,270488.971,123.8895625,20186.25949,19863.934,5.939,507.443
6/22/2022 11:23,1009.6,43.93,15.634,43.73,439427.019,745319.438,270560.886,123.9807037,20143.1602,19883.333,5.909,505.783
6/22/2022 11:24,1009.6,43.93,15.603,43.737,439423.79,745395.848,270611.933,124.1383446,20112.59428,19930,5.924,505.083
6/22/2022 11:25,1009.6,43.93,15.61,43.74,439410.438,745488.857,270524.333,124.7903454,20165.06118,19891.803,6.27,513.656
6/22/2022 11:26,1009.6,43.938,15.635,43.749,439406.076,745593.771,270451.695,125.003402,20208.61683,19931.667,6.685,521.483
6/22/2022 11:27,1009.6,43.94,15.607,43.75,439416.895,745648.01,270517.2,124.4750087,20169.3363,19858.333,6.423,516.233
6/22/2022 11:28,1009.6,43.94,15.62,43.75,439409.895,745733.267,270451.39,124.8168661,20208.79981,19893.443,6.574,517.705
6/22/2022 11:29,1009.6,43.94,15.812,43.749,439382.162,745711.314,269961.629,126.1719139,20503.65901,20298.333,7.064,528.867
6/22/2022 11:30,1009.6,43.94,16.123,43.75,439343.933,745695.543,269261.933,128.0415228,20928.48769,20438.333,6.887,526.017
6/22/2022 11:31,1009.6,43.94,16.446,43.743,439317.476,745651.781,268623.762,129.3365844,21319.63203,20690.164,6.931,528.115
6/22/2022 11:32,1009.6,43.94,16.58,43.749,439310.257,745681.076,268489.829,129.6901181,21402.16618,20850,6.856,526.467
6/22/2022 11:33,1009.6,43.944,16.391,43.752,439337.733,745794.571,269017.314,128.3449251,21078.00429,20731.667,6.617,519.85
6/22/2022 11:34,1009.6,43.95,16.209,43.76,439366.981,745911.867,269386.333,126.9141096,20852.64902,20500,6.65,519.689
6/22/2022 11:35,1009.6,43.95,16.127,43.76,439374.8,745994.629,269517.657,126.5318011,20772.73365,20450,6.66,520.4
6/22/2022 11:36,1009.6,43.95,16.146,43.758,439350.229,745912.41,269408.114,127.7334764,20839.38424,20548.333,7.364,539.183
6/22/2022 11:37,1009.6,43.95,16.14,43.75,439346.352,745831.257,269452.448,127.9231612,20812.39713,20454.098,7.372,540.148
6/22/2022 11:38,1009.6,43.947,16.164,43.749,439325.743,745754.705,269371.219,128.9318148,20861.85595,20468.333,7.795,548.433
6/22/2022 11:39,1009.6,43.94,16.292,43.742,439289.486,745725.867,269051.257,130.7077264,21057.22682,20780,9.617,578.25
6/22/2022 11:40,1009.6,43.94,16.3,43.75,439295.19,745750.524,269097.686,130.4282186,21028.82236,20675.41,8.699,561.557
6/22/2022 11:41,1009.6,43.947,16.201,43.75,439330.4,745795.076,269367.562,128.7038394,20864.08397,20478.333,7.508,538.75
6/22/2022 11:42,1009.6,43.95,16.068,43.75,439355.743,745821,269679.838,127.4637357,20674.24536,20261.667,6.84,522.55
6/22/2022 11:43,1009.6,43.95,15.901,43.75,439380.676,745842.352,270037.105,126.2445502,20458.08445,20100,6.427,512.754
6/22/2022 11:44,1009.6,43.949,15.782,43.749,439392.81,745737.619,270251.61,125.6515233,20328.82767,20133.333,6.742,522.583
6/22/2022 11:45,1009.6,43.94,15.753,43.749,439399.61,745725.19,270278.971,125.3192737,20312.36889,20075,6.558,516.183
6/22/2022 11:46,1009.6,43.94,15.79,43.75,439405.419,745767.086,270177.305,125.0354946,20373.55771,20132.787,6.694,516.164
6/22/2022 11:47,1009.6,43.94,15.772,43.75,439409.257,745766.343,270213.695,124.8480273,20351.64577,20068.333,6.393,509.933
6/22/2022 11:48,1009.6,43.95,15.769,43.75,439397.724,745854.667,270177.943,125.4114177,20373.17344,20056.667,6.552,514.5
6/22/2022 11:49,1009.6,43.95,15.768,43.75,439392.352,745911.99,270166.829,125.6739035,20379.86786,20101.639,6.565,514.967
6/22/2022 11:50,1009.6,43.95,15.723,43.75,439394.552,745870.438,270261.181,125.5664027,20323.06959,20013.333,6.508,512.417
6/22/2022 11:51,1009.6,43.95,15.729,43.75,439394.019,745787.495,270247.962,125.5924466,20331.02258,20091.667,6.628,512.417
6/22/2022 11:52,1009.6,43.943,15.722,43.748,439404.171,745772.333,270277.333,125.0964575,20313.35404,19972.131,6.043,499.852
6/22/2022 11:53,1009.6,43.94,15.742,43.742,439397.543,745709.41,270214.171,125.4202611,20351.35922,20025,6.118,501.85
6/22/2022 11:54,1009.6,43.94,15.773,43.745,439396.057,745758.105,270156.362,125.4928662,20386.17353,20045,6.091,501.5
6/22/2022 11:55,1009.6,43.94,15.76,43.75,439406.21,745790.867,270200.533,124.9968565,20359.56984,20077.049,6.249,505.279
6/22/2022 11:56,1009.594,43.94,15.764,43.75,439412.029,745823.857,270183.038,124.7126414,20370.10487,20100,6.31,508.267
6/22/2022 11:57,1009.5,43.94,15.806,43.75,439396.143,745788.571,270070.619,125.4886642,20437.86344,20066.667,6.217,504.883
6/22/2022 11:58,1009.5,43.94,15.883,43.749,439378.743,745817.876,269902.352,126.3390406,20539.4865,20236.066,7,521.033
6/22/2022 11:59,1009.5,43.94,15.906,43.75,439388.819,745808.705,269895.019,125.8465538,20543.92073,20248.333,6.878,519.317
6/22/2022 12:00,1009.5,43.94,15.915,43.75,439391.876,745752.114,269883.01,125.6971636,20551.1835,20206.667,6.408,508.9
6/22/2022 12:01,1009.5,43.94,15.895,43.748,439411.419,745739.181,269967.648,124.7424332,20500.02277,20231.148,5.458,495.361
6/22/2022 12:02,1009.5,43.94,15.768,43.744,439443.057,745740.333,270289.914,123.1979335,20305.78803,19976.667,4.863,483.2
6/22/2022 12:03,1009.5,43.94,15.667,43.74,439459.229,745712.41,270488.229,122.4089788,20186.70441,19885,4.79,482.967
6/22/2022 12:04,1009.5,43.94,15.663,43.74,439457.505,745660.61,270474.705,122.4930676,20194.81452,19934.426,4.867,484.115
6/22/2022 12:05,1009.5,43.94,15.596,43.74,439467.162,745638.4,270641.81,122.0220962,20094.71493,19830,4.189,470.783
6/22/2022 12:06,1009.5,43.94,15.503,43.74,439490.171,745689.276,270847.695,120.9004617,19971.71548,19731.667,4.066,466.033
6/22/2022 12:07,1009.5,43.94,15.452,43.74,439501.619,745711.067,270923.39,120.3426679,19926.58555,19860,5.261,483.3
6/22/2022 12:08,1009.5,43.94,15.423,43.741,439505.219,745720.876,270979.171,120.1672981,19893.36004,19816.393,5.024,478.033
6/22/2022 12:09,1009.5,43.94,15.418,43.75,439501.143,745810.219,270947.114,120.3658571,19912.45127,19876.667,5.276,484.7
6/22/2022 12:10,1009.5,43.94,15.429,43.75,439497.914,745822.629,270902.238,120.5231712,19939.19157,19895,5.489,488.5
6/22/2022 12:11,1009.5,43.94,15.402,43.75,439506.333,745903.495,270965.571,120.1130345,19901.45831,19803.279,4.627,471.852
6/22/2022 12:12,1009.5,43.94,15.391,43.75,439505.733,745783.962,270992.981,120.1422606,19885.13836,19691.667,3.55,453.067
6/22/2022 12:13,1009.5,43.94,15.326,43.741,439514.971,745740.352,271164.952,119.6923296,19782.89403,19548.333,3.469,452.317
6/22/2022 12:14,1009.5,43.94,15.245,43.74,439520.857,745710.533,271332.362,119.4057164,19683.60573,19509.836,3.798,457.098
6/22/2022 12:15,1009.5,43.94,15.213,43.74,439512.448,745666.029,271355.067,119.8151992,19670.1583,19431.667,3.405,450.267
6/22/2022 12:16,1009.5,43.94,15.251,43.74,439495.81,745597.686,271230.2,120.625684,19744.16778,19563.333,4.009,463.083
6/22/2022 12:17,1009.5,43.932,15.261,43.74,439505.6,745579.981,271243.562,120.1487392,19736.24163,19578.689,3.852,459.443
6/22/2022 12:18,1009.5,43.94,15.21,43.74,439516.257,745636.495,271366.419,119.629705,19663.43655,19556.667,4.143,463.183
6/22/2022 12:19,1009.5,43.94,15.185,43.748,439518.133,745729.686,271390.819,119.5383531,19648.99255,19610,4.881,476.117
6/22/2022 12:20,1009.5,43.94,15.195,43.75,439523.038,745789.467,271323.457,119.2995267,19688.88108,19557.377,3.915,461.148
6/22/2022 12:21,1009.5,43.948,15.227,43.75,439514.629,745869.038,271240.448,119.7089844,19738.08867,19623.333,4.598,467.483
6/22/2022 12:22,1009.5,43.95,15.269,43.75,439512.505,745874.771,271160.752,119.8124232,19785.38809,19688.333,4.618,470.1
6/22/2022 12:23,1009.5,43.95,15.309,43.75,439520.79,745877.371,271090.505,119.4089786,19827.12483,19678.689,4.283,465.852
6/22/2022 12:24,1009.5,43.948,15.339,43.75,439517.029,745859.467,271042.59,119.5921118,19855.61752,19698.333,3.476,453.7
6/22/2022 12:25,1009.5,43.94,15.351,43.75,439523.819,745894.476,271019.524,119.2615025,19869.34078,19748.333,4.088,464.917
6/22/2022 12:26,1009.5,43.94,15.356,43.744,439510.524,745815.771,271003.79,119.9089034,19878.70444,19742.623,3.806,459.672
6/22/2022 12:27,1009.5,43.94,15.335,43.745,439509.533,745846.324,271071.352,119.9571699,19838.51181,19655,3.663,456.133
6/22/2022 12:28,1009.5,43.94,15.292,43.75,439511.533,745842.114,271169.486,119.8597616,19780.20181,19593.333,3.807,459.55
6/22/2022 12:29,1009.429,43.94,15.256,43.75,439507.905,745868.105,271220.276,120.0364642,19750.05555,19616.393,4.037,461.869
6/22/2022 12:30,1009.4,43.94,15.21,43.75,439509.971,745851.733,271326.067,119.935837,19687.33483,19513.333,3.693,455.033
6/22/2022 12:31,1009.4,43.94,15.182,43.75,439511.714,745835.552,271359.886,119.8509464,19667.30474,19475,3.522,452.383
6/22/2022 12:32,1009.4,43.94,15.204,43.75,439510.714,745865.352,271298.562,119.8996496,19703.63257,19557.377,3.908,456.443
6/22/2022 12:33,1009.4,43.947,15.204,43.75,439511.61,745879.371,271300.905,119.8560115,19702.244,19453.333,3.88,453.3
6/22/2022 12:34,1009.4,43.95,15.183,43.75,439502.41,745947.133,271323.781,120.3041338,19688.68913,19531.667,4.287,466.467
6/22/2022 12:35,1009.4,43.95,15.19,43.75,439498.79,745918.667,271281.886,120.4804918,19713.51689,19554.098,4.343,465.852
6/22/2022 12:36,1009.4,43.95,15.23,43.75,439499.895,745918.057,271203.114,120.4266569,19760.23952,19601.667,3.896,452.883
6/22/2022 12:37,1009.4,43.948,15.241,43.75,439507.057,745893.095,271210.41,120.0777689,19755.90975,19601.667,4.02,457.433
6/22/2022 12:38,1009.456,43.94,15.23,43.743,439507.19,745830.019,271242.438,120.0712906,19736.90831,19616.393,3.961,455.902
6/22/2022 12:39,1009.5,43.94,15.244,43.74,439496.581,745771.267,271190.076,120.588118,19767.978,19605,4.057,459.783
6/22/2022 12:40,1009.5,43.94,15.247,43.74,439504.095,745717.543,271209.381,120.2220506,19756.52038,19550,3.85,458.5
6/22/2022 12:41,1009.5,43.94,15.2,43.74,439519.133,745712.019,271349.676,119.48966,19673.35081,19480.328,3.64,453.23
6/22/2022 12:42,1009.5,43.938,15.184,43.74,439520.057,745630.829,271383.181,119.4446688,19653.51345,19520,3.933,457.317
6/22/2022 12:43,1009.5,43.93,15.196,43.734,439514.362,745597.352,271352.029,119.7219869,19671.95735,19506.667,3.813,455.917
6/22/2022 12:44,1009.5,43.931,15.198,43.738,439514.305,745655.886,271340.333,119.7247628,19678.88426,19544.262,3.866,455.082
6/22/2022 12:45,1009.5,43.94,15.184,43.741,439527.724,745749.067,271377.667,119.0713941,19656.77747,19443.333,3.517,446.55
6/22/2022 12:46,1009.5,43.94,15.182,43.75,439524.629,745888.381,271343.829,119.2220673,19676.81365,19543.333,3.843,452.883
6/22/2022 12:47,1009.5,43.95,15.203,43.75,439499.514,745937.448,271248.133,120.4452188,19733.53053,19639.344,4.744,468.361
6/22/2022 12:48,1009.5,43.95,15.226,43.75,439492.438,745976.924,271212.971,120.7899899,19754.39005,19606.667,4.356,462.267
6/22/2022 12:49,1009.5,43.95,15.249,43.75,439488.59,745946.981,271149.819,120.9775086,19791.88106,19586.667,5.081,479.483
6/22/2022 12:50,1009.5,43.95,15.281,43.75,439473.429,745879.038,271097.343,121.7165231,19823.06022,19608.197,5.353,484.148
6/22/2022 12:51,1009.5,43.945,15.297,43.75,439470.476,745872.533,271058.352,121.860502,19846.24246,19598.333,5.376,484.367
6/22/2022 12:52,1009.413,43.94,15.341,43.746,439443.552,745862.248,270957.571,123.1737795,19906.22274,19625,5.697,488.633
6/22/2022 12:53,1009.4,43.94,15.301,43.74,439438.105,745777.229,271061.838,123.4395894,19844.16931,19570.492,6.37,500.82
6/22/2022 12:54,1009.4,43.94,15.224,43.74,439461.257,745775.4,271256.448,122.3100676,19728.59929,19458.333,6.028,495.667
6/22/2022 12:55,1009.4,43.94,15.169,43.74,439470.362,745682.19,271382.362,121.8660605,19653.99824,19458.333,5.352,481.267
6/22/2022 12:56,1009.4,43.934,15.146,43.735,439459.076,745626.819,271417.41,122.4164413,19633.25739,19416.667,5.923,492.583
6/22/2022 12:57,1009.4,43.93,15.154,43.731,439450.419,745632.905,271376.305,122.8387324,19657.58374,19368.852,5.143,476.098
6/22/2022 12:58,1009.308,43.93,15.211,43.739,439432.076,745602.829,271216.095,123.7338477,19752.53633,19443.333,5.842,490.45
6/22/2022 12:59,1009.3,43.936,15.166,43.74,439442.867,745662.733,271339.943,123.2072048,19679.11526,19385,6.891,513.617
6/22/2022 13:00,1009.3,43.94,15.086,43.74,439458.476,745736.2,271512.257,122.4457062,19577.18142,19281.967,6.604,508.459
6/22/2022 13:01,1009.3,43.94,15.035,43.743,439467.771,745780.571,271616.619,121.9923996,19515.56934,19315,5.718,486.35
6/22/2022 13:02,1009.3,43.94,15.036,43.749,439467.838,745820.305,271579.867,121.9891325,19537.25589,19296.667,5.648,485.15
6/22/2022 13:03,1009.3,43.94,15.036,43.75,439468.219,745865.124,271559.476,121.9705541,19549.29319,19200,5.306,476.836
6/22/2022 13:04,1009.3,43.94,14.999,43.749,439465.229,745853.8,271649.514,122.1163583,19496.16856,19190,6.422,503.067
6/22/2022 13:05,1009.3,43.94,14.956,43.74,439473.39,745793.114,271749.105,121.7184245,19437.48865,19185,5.881,490.833
6/22/2022 13:06,1009.3,43.94,14.963,43.74,439464.162,745705.914,271706.486,122.1683924,19462.58971,19168.852,7.122,518.852
6/22/2022 13:07,1009.3,43.936,14.965,43.74,439461.638,745614.59,271727.61,122.2914858,19450.14648,19138.333,6.579,509.05
6/22/2022 13:08,1009.3,43.93,14.931,43.73,439472.886,745606.095,271822.2,121.7429971,19394.47469,19180,6.242,500.1
6/22/2022 13:09,1009.3,43.93,14.93,43.733,439494.086,745593.676,271827.238,120.7096866,19391.51169,19211.475,5.214,474.426
6/22/2022 13:10,1009.3,43.931,14.959,43.74,439495.676,745672.81,271747.314,120.632213,19438.54317,19213.333,5.177,474.483
6/22/2022 13:11,1009.3,43.94,14.979,43.741,439465.095,745730.695,271643.857,122.122893,19499.50428,19230,5.068,473.617
6/22/2022 13:12,1009.378,43.94,15.02,43.746,439450.81,745771.933,271542.838,122.8196571,19559.11765,19277.049,6.313,501.164
6/22/2022 13:13,1009.4,43.94,15.048,43.745,439446.2,745742.124,271487.39,123.0445736,19591.87594,19301.667,5.83,490.367
6/22/2022 13:14,1009.4,43.94,15.114,43.74,439441.81,745730.6,271342.333,123.2587835,19677.69969,19301.667,5.358,479.217
6/22/2022 13:15,1009.4,43.94,15.219,43.74,439414.162,745732.476,271084.105,124.6084717,19830.92945,19567.213,8.103,538.836
6/22/2022 13:16,1009.4,43.94,15.308,43.74,439399.781,745702.838,270919.476,125.3109194,19928.9179,19600,7.688,530.117
6/22/2022 13:17,1009.4,43.94,15.266,43.74,439435.581,745729.724,271099.638,123.5627726,19821.69612,19241.667,5.379,481.617
6/22/2022 13:18,1009.4,43.94,15.244,43.745,439434.39,745817.61,271112.819,123.620902,19813.86253,19395.082,6.086,496.803
6/22/2022 13:19,1009.4,43.94,15.261,43.75,439429.543,745873.743,271079.257,123.857491,19833.81169,19330,6.053,496.483
6/22/2022 13:20,1009.4,43.94,15.208,43.75,439430.543,745843.648,271210.095,123.8086769,19756.09668,19451.667,7.408,525.5
6/22/2022 13:21,1009.4,43.94,15.124,43.75,439449.095,745856.038,271400.61,122.9033266,19643.19804,19322.951,7.299,523.377
6/22/2022 13:22,1009.4,43.94,15.09,43.743,439446.686,745773.714,271460.21,123.0208609,19607.94336,19301.667,6.8,512.683
6/22/2022 13:23,1009.4,43.938,15.081,43.74,439456.743,745668.295,271487.943,122.5302357,19591.5491,19248.333,5.39,482.45
6/22/2022 13:24,1009.4,43.93,15.099,43.74,439453.038,745633.905,271450.857,122.710966,19613.47384,19244.262,5.36,481.393
6/22/2022 13:25,1009.442,43.934,15.134,43.74,439434.419,745698.429,271325.162,123.6194866,19687.87098,19338.333,6.711,517.15
6/22/2022 13:26,1009.5,43.94,15.139,43.744,439437.838,745776.543,271296.162,123.4526198,19705.05497,19386.667,7.514,547.867
6/22/2022 13:27,1009.5,43.94,15.211,43.75,439411.39,745820.467,271095.495,124.7438495,19824.15866,19557.377,8.175,567.656
6/22/2022 13:28,1009.5,43.94,15.225,43.75,439422.467,745893.305,271094.905,124.2029381,19824.50935,19490,7.635,553.8
6/22/2022 13:29,1009.5,43.948,15.202,43.75,439428.733,745922.495,271145.524,123.8970313,19794.43209,19456.667,7.281,542.433
6/22/2022 13:30,1009.5,43.95,15.19,43.751,439455.695,745955.229,271209.333,122.5813553,19756.54886,19459.016,6.844,523.754
6/22/2022 13:31,1009.5,43.95,15.203,43.75,439456.295,745990.381,271175.59,122.5520882,19776.57762,19503.333,6.697,517.933
6/22/2022 13:32,1009.5,43.948,15.223,43.75,439460.467,745913.095,271169.657,122.3485975,19780.10028,19405,5.618,493.7
6/22/2022 13:33,1009.5,43.94,15.216,43.75,439445.552,745859.562,271188.286,123.0761911,19769.04054,19418.033,5.776,495.148
6/22/2022 13:34,1009.551,43.94,15.207,43.749,439376.181,745878.981,271209.981,126.4642861,19756.16433,19468.333,9.131,515.633
6/22/2022 13:35,1009.6,43.94,15.191,43.75,439295.81,745836.067,271234.371,130.39784,19741.69344,19416.667,7.917,501.717
6/22/2022 13:36,1009.6,43.94,15.188,43.75,439193.495,745871.133,271195.038,135.4181482,19765.03272,19388.525,18.179,542.098
6/22/2022 13:37,1009.6,43.94,15.194,43.75,439167.105,745874.762,271174.467,136.7153499,19777.24437,19380,19.647,550.667
6/22/2022 13:38,1009.6,43.94,15.259,43.745,439093.962,745779.19,271004.848,140.3156678,19878.07473,19508.333,21.692,567.55
6/22/2022 13:39,1009.6,43.94,15.342,43.74,439075.848,745734.657,270825.2,141.2084218,19985.13666,19509.836,17.702,553.262
6/22/2022 13:40,1009.606,43.94,15.4,43.74,439069.248,745715.076,270704.943,141.5338162,20056.95937,19505,13.405,531.8
6/22/2022 13:41,1009.7,43.94,15.466,43.74,438966.533,745740.924,270499.152,146.605555,20180.15523,19545,15.372,550.583
6/22/2022 13:42,1009.7,43.94,15.6,43.74,438923.245,745693.167,270094.225,148.7472932,20423.62633,19770,23.217,652.8
6/22/2022 13:43,1009.7,43.94,15.756,43.74,438863.248,745652.39,269692.705,151.7199647,20666.44126,19685.246,18.661,608.426
6/22/2022 13:44,1009.748,43.938,15.749,43.74,439012.2,745666.01,269927.457,144.3488857,20524.30915,19570,13.83,546.283
6/22/2022 13:45,1009.8,43.93,15.513,43.74,439311.181,745665.486,270722.048,129.6448634,20046.73593,19540,11.406,523.917
6/22/2022 13:46,1009.8,43.935,15.508,43.74,439244.752,745716.705,270588.038,132.9013252,20126.89934,19667.213,14.685,579.918
6/22/2022 13:47,1009.8,43.94,15.537,43.747,439245.6,745830.314,270483.219,132.8597168,20189.70864,19795,14.573,595.6
6/22/2022 13:48,1009.821,43.944,15.555,43.75,439257.981,745920.286,270431.752,132.2523368,20220.58311,19733.333,13.378,573.783
6/22/2022 13:49,1009.9,43.95,15.59,43.757,439244.886,746017.286,270317.819,132.8947502,20289.01126,19750.82,13.375,575.525
6/22/2022 13:50,1009.9,43.95,15.604,43.759,439250.133,746052.695,270282.667,132.6373152,20310.14609,19838.333,13.602,593.45
6/22/2022 13:51,1009.9,43.95,15.691,43.754,439224.257,746063.552,270034.286,133.907241,20459.78576,19865,13.335,589.2
6/22/2022 13:52,1009.9,43.95,15.881,43.75,439166.19,745943.743,269604.895,136.7603438,20719.72818,19783.607,12.262,565.541
6/22/2022 13:53,1009.925,43.947,15.921,43.75,439206.448,745850.314,269619.2,134.7817908,20711.04276,19811.667,11.988,565.65
6/22/2022 13:54,1010,43.94,16.038,43.744,439160.143,745781.724,269334.457,137.0577259,20884.2583,19895,11.99,573.517
6/22/2022 13:55,1010,43.94,16.135,43.74,439167.905,745778.648,269202.19,136.6760119,20964.95645,20037.705,12.939,595.689
6/22/2022 13:56,1010,43.94,16.154,43.74,439169.276,745700.505,269192.943,136.6085984,20970.60382,20340,14.43,636.717
6/22/2022 13:57,1010,43.94,16.166,43.74,439183.381,745695.895,269214.352,135.91519,20957.52995,20486.667,14.718,648.15
6/22/2022 13:58,1010,43.94,16.143,43.74,439209.257,745703.314,269310.705,134.64382,20898.73868,20195.082,12.626,602.344
6/22/2022 13:59,1010,43.94,16.126,43.74,439233.8,745796.524,269373.362,133.4387893,20860.55039,19996.667,10.978,569.5
6/22/2022 14:00,1010,43.94,15.965,43.75,439292.2,745858.667,269789.057,130.5747292,20608.04698,20051.667,10.935,577.817
6/22/2022 14:01,1010,43.94,15.8,43.749,439326.467,745866.943,270118.238,128.8963707,20409.14866,19957.377,10.543,571.377
6/22/2022 14:02,1010,43.94,15.759,43.741,439330.438,745844.914,270163.924,128.7019793,20381.61783,20010,10.608,567.4
6/22/2022 14:03,1010,43.94,15.823,43.74,439285.352,745730.61,269948.838,130.9103287,20511.38744,20121.667,11.82,600.233
6/22/2022 14:04,1010,43.938,16.016,43.74,439242.714,745682.886,269488.514,133.0013266,20790.45541,20495.082,13.4,630.59
6/22/2022 14:05,1010,43.93,15.995,43.737,439260.752,745650.152,269654.981,132.1164273,20689.32569,20240,12.08,610.35
6/22/2022 14:06,1010,43.93,15.931,43.73,439255.6,745592.076,269785.781,132.3691263,20610.03109,20145,12.625,624.983
6/22/2022 14:07,1010,43.93,15.948,43.73,439213.581,745558.971,269693.648,134.4314573,20665.86936,20216.393,14.933,671.951
6/22/2022 14:08,1009.985,43.93,15.949,43.73,439221.8,745567.676,269710.648,134.0278716,20655.56082,20161.667,13.595,652.767
6/22/2022 14:09,1009.9,43.93,15.919,43.739,439231.552,745718.448,269778.438,133.5491291,20614.47873,20096.667,13.285,638.217
6/22/2022 14:10,1009.9,43.939,15.902,43.742,439208.79,745833.819,269759.171,134.6667571,20626.15089,19781.967,9.368,555.164
6/22/2022 14:11,1009.805,43.94,15.934,43.75,439194.6,745944.095,269640.781,135.3638526,20697.94298,20091.667,12.48,617.5
6/22/2022 14:12,1009.8,43.94,15.958,43.75,439238.238,745923.333,269640.714,133.2209769,20697.98364,20253.333,12.505,625.383
6/22/2022 14:13,1009.8,43.94,15.883,43.75,439291.381,745901.067,269875.876,130.6148625,20555.49857,20004.918,10.54,581.869
6/22/2022 14:14,1009.8,43.94,15.866,43.747,439287.286,745836.248,269885.59,130.8155428,20549.62307,19931.667,9.793,564.8
6/22/2022 14:15,1009.8,43.94,16.008,43.74,439287.61,745783.81,269545.448,130.799664,20755.84084,20056.667,10.148,573.5
6/22/2022 14:16,1009.8,43.94,16.253,43.74,439269.457,745721.695,269010.438,131.6895406,21082.21449,20283.607,10.068,577.607
6/22/2022 14:17,1009.8,43.931,16.434,43.74,439217.81,745685.171,268682.39,134.223785,21283.55196,20828.333,11.653,610.983
6/22/2022 14:18,1009.8,43.93,16.498,43.74,439194.657,745692.486,268580.2,135.3610519,21346.45951,20435,10.361,581.75
6/22/2022 14:19,1009.8,43.936,16.6,43.74,439210.181,745723.581,268368.333,134.5984378,21477.16968,20101.639,8.475,543.656
6/22/2022 14:20,1009.8,43.94,16.85,43.741,439163.133,745783.838,267808.867,136.9106761,21824.1847,20220,8.668,548.083
6/22/2022 14:21,1009.8,43.94,16.987,43.745,439143.895,745821.095,267582.248,137.8570245,21965.51367,21465,12.387,629.483
6/22/2022 14:22,1009.8,43.94,16.875,43.74,439195.21,745835.181,267983.295,135.3338802,21715.70499,21256.667,11.442,607.083
6/22/2022 14:23,1009.8,43.94,16.694,43.74,439236.714,745848.029,268427.219,133.2957702,21440.80155,20806.557,10.051,581.016
6/22/2022 14:24,1009.8,43.94,16.583,43.74,439222.81,745739.295,268601.59,133.9782829,21333.28453,20780,10.714,588.667
6/22/2022 14:25,1009.8,43.936,16.551,43.74,439210.752,745710.362,268645.438,134.5703938,21306.28903,20368.333,8.364,544.167
6/22/2022 14:26,1009.867,43.934,16.498,43.74,439228.676,745760.771,268770.581,133.6903034,21229.33431,20726.23,10.98,590.541
6/22/2022 14:27,1009.9,43.94,16.477,43.744,439226.524,745834.8,268770.095,133.795946,21229.63291,20670,10.824,586.85
6/22/2022 14:28,1009.9,43.94,16.442,43.75,439230.838,745898.867,268839.619,133.5841762,21186.93813,20608.333,10.839,585.867
6/22/2022 14:29,1009.9,43.941,16.481,43.75,439205.019,745964.648,268685.676,134.8519838,21281.53061,20773.77,12.067,608.869
6/22/2022 14:30,1009.9,43.95,16.596,43.75,439167.867,745981.876,268401.495,136.6778804,21456.68508,20951.667,13.082,628.45
6/22/2022 14:31,1009.9,43.95,16.628,43.75,439161.467,746015.257,268355.619,136.9926093,21485.02578,20561.667,10.35,576.45
6/22/2022 14:32,1009.9,43.95,16.543,43.75,439183.733,746015.105,268603.19,135.897889,21332.29918,20586.885,11.005,591.41
6/22/2022 14:33,1009.9,43.95,16.437,43.75,439186.619,745954.562,268818.952,135.7560467,21199.62542,20525,11.212,597.317
6/22/2022 14:34,1009.9,43.941,16.539,43.744,439183.238,745911.152,268533.352,135.9222186,21375.32888,20795,11.764,610.35
6/22/2022 14:35,1009.886,43.94,16.641,43.74,439196.667,745939.124,268383.105,135.2622924,21468.04365,21078.689,12.311,624.984
6/22/2022 14:36,1009.8,43.94,16.481,43.747,439241.943,745927.457,268828.962,133.0391599,21193.47991,20641.667,10.563,593.183
6/22/2022 14:37,1009.745,43.94,16.395,43.75,439250.21,745930.048,268968.571,132.6335376,21107.85859,20611.667,11.012,600.933
6/22/2022 14:38,1009.699,43.94,16.361,43.749,439255.495,745919.648,269025.676,132.3742767,21072.88475,20563.934,10.934,596.475
6/22/2022 14:39,1009.6,43.94,16.301,43.742,439259.314,745927.876,269169.895,132.1869557,20984.68299,20543.333,11.525,605.05
6/22/2022 14:40,1009.6,43.94,16.142,43.74,439301.057,745859.619,269572.286,130.1407698,20739.53362,20226.667,10.289,576.867
6/22/2022 14:41,1009.6,43.94,16.049,43.74,439296.752,745838.448,269711.143,130.3516851,20655.2607,20168.852,10.584,579.607
6/22/2022 14:42,1009.6,43.94,16.086,43.74,439269.105,745846.962,269544.143,131.7068004,20756.63394,20333.333,11.652,600.55
6/22/2022 14:43,1009.6,43.94,16.133,43.746,439271.467,745899.571,269454.457,131.5909864,20811.17461,20381.667,11.267,596.7
6/22/2022 14:44,1009.6,43.941,16.091,43.75,439287.171,745981.01,269554.743,130.8211788,20750.19234,20257.377,9.723,570.426
6/22/2022 14:45,1009.551,43.95,16.062,43.75,439282.762,746007.486,269585.057,131.0372733,20731.77592,20201.667,9.25,561.733
6/22/2022 14:46,1009.5,43.95,16.039,43.75,439263.324,746019.867,269602.886,131.9902876,20720.9481,20138.333,8.616,548.967
6/22/2022 14:47,1009.5,43.95,16.084,43.75,439219.638,746001.314,269446.857,134.1340255,20815.79957,20304.918,12.254,616.082
6/22/2022 14:48,1009.5,43.95,16.159,43.75,439198.438,746031.467,269254.276,135.1752806,20933.16002,20128.333,8.747,552.483
6/22/2022 14:49,1009.5,43.946,16.233,43.75,439203.724,745982.924,269136.038,134.915597,21005.37326,20170,9.263,561.383
6/22/2022 14:50,1009.5,43.94,16.191,43.744,439227.848,745899.286,269309.552,133.7309495,20899.44173,20029.508,8.363,543.557
6/22/2022 14:51,1009.5,43.94,16.252,43.74,439198.371,745829.667,269099.99,135.1785723,21027.4133,20040,8.51,545.667
6/22/2022 14:52,1009.44,43.94,16.312,43.74,439214.486,745852.067,269031.029,134.3870136,21069.60776,20403.333,10.855,589.733
6/22/2022 14:53,1009.4,43.94,16.238,43.747,439269.619,745897.6,269274.39,131.6815972,20920.88746,20319.672,10.392,579.475
6/22/2022 14:54,1009.4,43.94,16.185,43.75,439275.124,745982.333,269365.676,131.4116908,20865.23305,20418.333,11.083,593.617
6/22/2022 14:55,1009.4,43.941,16.168,43.75,439281.962,746040.029,269379.667,131.0764859,20856.70948,20363.333,10.268,578.383
6/22/2022 14:56,1009.4,43.945,16.176,43.75,439278.457,746003.619,269356.876,131.2482961,20870.59503,20467.213,10.707,589.295
6/22/2022 14:57,1009.4,43.94,16.179,43.741,439274.343,745899.067,269357.571,131.4499802,20870.17153,20465,10.605,592.867
6/22/2022 14:58,1009.353,43.94,16.186,43.74,439276.705,745853.343,269343.029,131.3341831,20879.03358,20381.667,10.193,583.85
6/22/2022 14:59,1009.3,43.94,16.22,43.74,439284.533,745826.171,269283.752,130.9504696,20915.17643,20349.18,8.944,556.721
6/22/2022 15:00,1009.3,43.94,16.25,43.74,439291.019,745795.981,269221.124,130.6326018,20953.3953,20180,8.383,544.45
6/22/2022 15:01,1009.3,43.94,16.238,43.74,439294.648,745784.752,269281.248,130.4547758,20916.70385,20421.667,9.11,562.6
6/22/2022 15:02,1009.3,43.94,16.215,43.74,439285.019,745791.571,269307.933,130.9266496,20900.42895,20460.656,9.711,576.475
6/22/2022 15:03,1009.3,43.94,16.19,43.74,439310.943,745848,269414.886,129.6565198,20835.26088,20363.333,8.202,544.483
6/22/2022 15:04,1009.3,43.94,16.102,43.744,439330.467,745893.038,269618.162,128.7005597,20711.67293,20126.667,7.392,525.283
6/22/2022 15:05,1009.3,43.94,16.081,43.75,439306.314,745942.352,269595.124,129.8832474,20725.66174,20185.246,7.717,532.59
6/22/2022 15:06,1009.3,43.94,16.081,43.75,439302.771,745999.543,269573.99,130.0568027,20738.49845,20151.667,7.567,530.633
6/22/2022 15:07,1009.3,43.944,16.039,43.75,439338.857,746037.476,269681.848,128.2899173,20673.02616,20128.333,7.356,527.05
6/22/2022 15:08,1009.3,43.945,16.073,43.75,439345.657,745992.733,269580.714,127.9571667,20734.4139,20086.885,7.307,526.574
6/22/2022 15:09,1009.3,43.94,16.134,43.75,439329.181,745958.81,269453.952,128.7635106,20811.48191,20041.667,7.013,521.15
6/22/2022 15:10,1009.3,43.94,16.175,43.745,439328.524,745957.229,269373.933,128.7956722,20860.20253,20110,7.2,524.883
6/22/2022 15:11,1009.3,43.94,16.255,43.742,439298.638,745912.59,269165.714,130.259281,20987.23749,20093.443,7.033,522.689
6/22/2022 15:12,1009.3,43.94,16.373,43.74,439212.6,745870.371,268843.429,134.4796345,21184.5996,20638.333,11.999,622.667
6/22/2022 15:13,1009.3,43.94,16.438,43.74,439207.276,745841.01,268761.952,134.7411205,21234.63626,20806.667,12.125,626.733
6/22/2022 15:14,1009.3,43.939,16.316,43.74,439259.752,745814.886,269151.638,132.1654732,20995.83875,20400,9.515,573.15
6/22/2022 15:15,1009.3,43.93,16.194,43.74,439291.229,745795.848,269430.495,130.6223111,20825.75831,20173.77,8.068,543.672
6/22/2022 15:16,1009.3,43.936,16.145,43.74,439299.457,745799.705,269502.524,130.2191558,20781.93506,20143.333,7.913,540.967
6/22/2022 15:17,1009.393,43.94,16.153,43.746,439296.514,745918.752,269439.733,130.3633462,20820.13531,20135,7.868,540.8
6/22/2022 15:18,1009.4,43.94,16.245,43.75,439246.067,746029.324,269133.038,132.8368032,21007.20705,20311.475,9.275,568
6/22/2022 15:19,1009.4,43.95,16.402,43.752,439168.381,746081.057,268706.962,136.6526062,21268.43898,20500,11.426,609.45
6/22/2022 15:20,1009.4,43.95,16.488,43.75,439173.895,746063.6,268606.029,136.3814963,21330.55085,20763.333,12.267,626.933
6/22/2022 15:21,1009.4,43.946,16.454,43.75,439201.952,746009.79,268743.229,135.0026452,21246.14249,20409.836,10.154,589.098
6/22/2022 15:22,1009.4,43.94,16.431,43.742,439231.438,745902.629,268849.571,133.5547248,21180.82999,20170,8.341,559.817
6/22/2022 15:23,1009.4,43.94,16.348,43.74,439235.476,745776.771,269061.486,133.3565298,21050.9673,20221.667,8.791,565.4
6/22/2022 15:24,1009.4,43.94,16.273,43.74,439233.705,745774.581,269203.743,133.4434521,20964.00807,20181.967,8.431,565.557
6/22/2022 15:25,1009.4,43.94,16.349,43.74,439151.971,745829.314,268899.286,137.4596914,21150.32969,20175,8.502,570.083
6/22/2022 15:26,1009.4,43.94,16.544,43.74,439078.533,745859.486,268373.238,141.0760625,21474.1392,20805,14.961,684.3
6/22/2022 15:27,1009.4,43.94,16.647,43.74,439113.752,745868.971,268275.371,139.3408238,21534.64391,20650.82,12.39,637.623
6/22/2022 15:28,1009.4,43.94,16.581,43.74,439195.905,745863.81,268547.238,135.2997319,21366.76988,20580,10.859,609.683
6/22/2022 15:29,1009.4,43.94,16.421,43.74,439250.505,745848.057,268967.743,132.6190651,21108.3659,20288.333,9.543,585.2
6/22/2022 15:30,1009.443,43.94,16.295,43.74,439295.571,745848.305,269255.886,130.4095504,20932.17755,20308.197,9.254,578.213
6/22/2022 15:31,1009.5,43.94,16.201,43.74,439305.133,745811.143,269443.571,129.9410973,20817.79941,20155,8.094,551.483
6/22/2022 15:32,1009.5,43.94,16.194,43.747,439295.914,745875.476,269374.238,130.3927443,20860.01673,20248.333,8.328,555.367
6/22/2022 15:33,1009.5,43.94,16.242,43.75,439301.39,745942.657,269244.705,130.1244562,20939.00098,20080.328,7.109,528.59
6/22/2022 15:34,1009.51,43.94,16.331,43.75,439292.133,745968.867,269057.238,130.5780124,21053.56671,20131.667,7.049,527.233
6/22/2022 15:35,1009.6,43.94,16.27,43.75,439293.295,746036.914,269218.514,130.5210726,20954.98879,20345,8.372,557.5
6/22/2022 15:36,1009.6,43.94,16.251,43.75,439295.838,746057.314,269239.876,130.3964681,20941.94831,20303.279,8.234,553.525
6/22/2022 15:37,1009.6,43.94,16.255,43.749,439283.724,746003.505,269213.2,130.9901214,20958.23334,20225,7.759,543.833
6/22/2022 15:38,1009.6,43.94,16.366,43.75,439264.114,746030.762,268932.571,131.9515451,21129.92112,20390,8.475,558.65
6/22/2022 15:39,1009.6,43.94,16.457,43.75,439235.838,746042.057,268724.495,133.338763,21257.65851,20498.361,9.094,571.426
6/22/2022 15:40,1009.6,43.94,16.572,43.75,439183.705,746004.267,268446.257,135.8992652,21429.05002,20950,12.743,643.367
6/22/2022 15:41,1009.6,43.94,16.552,43.742,439211.486,745969.019,268594.743,134.5343449,21337.50145,20786.667,11.408,617.883
6/22/2022 15:42,1009.6,43.94,16.466,43.74,439243.819,745881.438,268836.6,132.9471053,21188.79124,20386.885,8.854,566.246
6/22/2022 15:43,1009.6,43.94,16.349,43.74,439298.086,745871.933,269161.257,130.2863256,20989.9608,20358.333,8.466,557.667
6/22/2022 15:44,1009.636,43.94,16.33,43.74,439280.314,745859.295,269130.181,131.1572665,21008.95351,20330,8.38,556.15
6/22/2022 15:45,1009.7,43.94,16.389,43.74,439245.257,745865.124,268920.752,132.8765465,21137.16681,20667.213,10.468,604.279
6/22/2022 15:46,1009.7,43.94,16.499,43.74,439215.438,745888.476,268632.2,134.3402631,21314.4374,20418.333,8.75,565.75
6/22/2022 15:47,1009.7,43.94,16.576,43.74,439190.657,745896.724,268481.848,135.5576046,21407.08922,20316.667,8.025,550.1
6/22/2022 15:48,1009.7,43.94,16.626,43.739,439153.81,745798.038,268360.867,137.3692265,21481.78282,20308.197,7.953,549.639
6/22/2022 15:49,1009.7,43.934,16.762,43.733,439131.067,745756.152,268098.61,138.4883355,21644.13233,20346.667,8.454,563.083
6/22/2022 15:50,1009.7,43.93,16.77,43.74,439165.962,745771.657,268138.333,136.7715556,21619.5039,20393.333,8.723,570.633
6/22/2022 15:51,1009.7,43.94,16.782,43.74,439165.095,745824.876,268100.038,136.8141905,21643.24673,20446.667,9.468,590.633
6/22/2022 15:52,1009.7,43.94,16.867,43.74,439166.667,745899.705,267935.771,136.7368878,21745.23504,20855.738,10.846,626.197
6/22/2022 15:53,1009.7,43.94,16.898,43.746,439167.314,745910.505,267900.152,136.7050728,21767.38039,20546.667,9.477,595.033
6/22/2022 15:54,1009.7,43.94,16.907,43.75,439152.324,745978.829,267866.733,137.4423261,21788.16786,20548.333,9.568,598.25
6/22/2022 15:55,1009.7,43.94,16.953,43.75,439125.095,746010.667,267730.305,138.7823152,21873.12919,20737.705,10.605,623.213
6/22/2022 15:56,1009.7,43.94,16.973,43.746,439138.01,746010.895,267731.981,138.1466181,21872.08448,20511.667,9.177,592.117
6/22/2022 15:57,1009.7,43.94,16.92,43.743,439150.571,746013.533,267880.133,137.528564,21779.83156,20528.333,8.844,584.967
6/22/2022 15:58,1009.7,43.94,16.874,43.74,439126.248,745952.171,267948.971,138.7255534,21737.03099,20560.656,9.462,600.754
6/22/2022 15:59,1009.7,43.94,16.858,43.74,439131.714,745974.238,267984.981,138.4564889,21714.65772,20521.667,9.097,593.267
6/22/2022 16:00,1009.7,43.94,16.918,43.738,439141.486,745890.476,267864.714,137.9755627,21789.42404,20513.333,8.909,588.283
6/22/2022 16:01,1009.7,43.932,16.97,43.73,439175.314,745809.81,267846.629,136.3117342,21800.67769,20509.836,9.017,591.197
6/22/2022 16:02,1009.7,43.93,16.917,43.73,439195.686,745772.133,268002.419,135.3104923,21703.82737,20460,8.324,572.867
6/22/2022 16:03,1009.7,43.93,16.947,43.738,439158.943,745812.848,267866.857,137.1167459,21788.09071,20520,8.729,581.667
6/22/2022 16:04,1009.7,43.938,16.985,43.74,439119.686,745940.676,267716.733,139.0486226,21881.58999,20604.918,9.429,597
6/22/2022 16:05,1009.7,43.94,17.027,43.747,439115.524,746031.067,267638.962,139.2535622,21930.10304,20681.667,9.892,606.233
6/22/2022 16:06,1009.7,43.94,16.975,43.741,439134.476,745970.581,267803.371,138.3205447,21827.60701,20778.333,10.208,610.6
6/22/2022 16:07,1009.7,43.94,16.876,43.736,439172.276,745881.952,268116.162,136.4610942,21633.24834,20944.262,10.967,621.164
6/22/2022 16:08,1009.7,43.93,16.729,43.73,439203.971,745771.495,268474.486,134.9034636,21411.63092,20751.667,10.115,601.167
6/22/2022 16:09,1009.7,43.93,16.597,43.73,439228.571,745749.676,268724.381,133.6954577,21257.72859,20730,10.042,593.1
6/22/2022 16:10,1009.7,43.93,16.607,43.73,439208.324,745767.695,268626.59,134.6896453,21317.89098,20544.262,8.691,570.59
6/22/2022 16:11,1009.7,43.931,16.613,43.737,439213.886,745888.133,268602.143,134.4164789,21332.94396,20465,8.053,555.417
6/22/2022 16:12,1009.628,43.94,16.585,43.74,439221.876,746008.771,268638.838,134.0241401,21310.35133,20475,7.967,552.45
6/22/2022 16:13,1009.6,43.94,16.451,43.748,439277.219,746122.295,268996.686,131.3089852,21090.63611,20475.41,7.817,548.787
6/22/2022 16:14,1009.6,43.945,16.342,43.75,439300.381,746143.343,269202.048,130.1738875,20965.04317,20431.667,7.472,540.467
6/22/2022 16:15,1009.6,43.95,16.276,43.75,439317.638,746176.848,269325.267,129.3286517,20889.8604,20396.667,7.178,533.167
6/22/2022 16:16,1009.6,43.95,16.212,43.75,439348.019,746197.952,269469.514,127.8415996,20802.01318,20357.377,6.754,523.541
6/22/2022 16:17,1009.6,43.95,16.177,43.75,439351.819,746199.124,269518,127.6556905,20772.52512,20346.667,6.697,522.9
6/22/2022 16:18,1009.6,43.95,16.164,43.75,439353.419,746194.724,269535.81,127.5774189,20761.69856,20325,6.486,517.817
6/22/2022 16:19,1009.6,43.95,16.109,43.75,439376.581,746223.295,269681.286,126.4447311,20673.36705,20255.738,5.908,504.197
6/22/2022 16:20,1009.6,43.95,16.061,43.75,439387.724,746179.219,269763.171,125.9000677,20623.72739,20228.333,5.649,499.033
6/22/2022 16:21,1009.6,43.95,16.018,43.75,439392.981,746216.314,269843.057,125.6431674,20575.35511,20191.667,5.413,493.333
6/22/2022 16:22,1009.6,43.95,15.97,43.75,439395.705,746217.343,269925.895,125.5100652,20525.25331,20188.525,5.522,495.098
6/22/2022 16:23,1009.6,43.95,15.974,43.75,439385.848,746182.752,269879.971,125.9917536,20553.02162,20196.667,5.591,496.767
6/22/2022 16:24,1009.6,43.95,15.96,43.749,439399,746148.229,269933.314,125.3490758,20520.76905,20160,5.296,490.567
6/22/2022 16:25,1009.6,43.945,15.933,43.746,439401.562,746112.562,269992.295,125.2239101,20485.1361,20111.475,5.251,489.23
6/22/2022 16:26,1009.6,43.94,15.885,43.74,439412.914,746036.733,270113.21,124.6694197,20412.17968,20015,4.765,477.7
6/22/2022 16:27,1009.6,43.94,15.819,43.74,439422.733,745988.476,270254.676,124.1899509,20326.98303,20013.333,4.834,479.3
6/22/2022 16:28,1009.6,43.94,15.838,43.74,439416.714,745961.2,270175.448,124.4838474,20374.67619,20027.869,4.897,480.754
6/22/2022 16:29,1009.6,43.94,15.845,43.74,439429.076,745940.743,270180.4,123.8802876,20371.69363,20041.667,4.691,475.667
6/22/2022 16:30,1009.6,43.94,15.827,43.74,439423.952,745940.314,270205.257,124.1304354,20356.72562,20026.667,4.79,477.983
6/22/2022 16:31,1009.6,43.94,15.809,43.74,439425.381,745951.581,270232.752,124.0606696,20340.17529,20013.115,4.602,474.18
6/22/2022 16:32,1009.6,43.94,15.784,43.74,439431.41,745991.105,270277.238,123.7663563,20313.41117,19988.333,4.696,476.267
6/22/2022 16:33,1009.6,43.94,15.77,43.74,439430.467,745995.695,270294.581,123.8123867,20302.98171,19991.667,4.613,473.417
6/22/2022 16:34,1009.6,43.94,15.765,43.74,439437.514,746031.152,270308.381,123.4684322,20294.68473,19980.328,4.599,474.033
6/22/2022 16:35,1009.6,43.94,15.735,43.743,439450.276,746029.314,270389.324,122.8457089,20246.05232,19935,4.188,465.333
6/22/2022 16:36,1009.6,43.94,15.71,43.74,439445.657,746002.695,270413.657,123.0710678,20231.44351,19941.667,4.483,471.983
6/22/2022 16:37,1009.6,43.94,15.713,43.74,439440.8,745964.257,270405.6,123.3080702,20236.28013,19915,4.407,470.517
6/22/2022 16:38,1009.6,43.936,15.7,43.74,439459.495,745892.324,270471.067,122.396005,20196.99643,19914.754,3.841,458.82
6/22/2022 16:39,1009.6,43.93,15.664,43.738,439462.943,745834.219,270556.8,122.2278409,20145.60779,19865,3.802,458.117
6/22/2022 16:40,1009.6,43.93,15.602,43.733,439472.819,745805.933,270711.314,121.7462638,20053.15121,19778.333,3.562,451.85
6/22/2022 16:41,1009.6,43.93,15.612,43.733,439467.6,745791.467,270647.686,122.000738,20091.19945,19829.508,3.713,455.557
6/22/2022 16:42,1009.6,43.93,15.503,43.74,439481.905,745862.457,270918.448,121.3033265,19929.53051,19613.333,3.185,442.6
6/22/2022 16:43,1009.6,43.939,15.495,43.741,439474.571,745975.076,270841.352,121.660846,19975.49946,19778.333,3.936,458.483
6/22/2022 16:44,1009.6,43.94,15.466,43.749,439481.057,746047.59,270914.514,121.3446612,19931.87494,19636.066,3.437,447.377
6/22/2022 16:45,1009.6,43.945,15.372,43.75,439500.581,746173.533,271122.352,120.3932362,19808.19791,19508.333,3.368,442.567
6/22/2022 16:46,1009.6,43.95,15.4,43.752,439481,746233.41,270954.495,121.3474397,19908.05481,19773.333,4.38,465.15
6/22/2022 16:47,1009.6,43.95,15.471,43.75,439467.21,746247.514,270801.371,122.0197556,19999.35849,19785.246,4.45,466.443
6/22/2022 16:48,1009.6,43.95,15.51,43.75,439445.752,746160.533,270714.99,123.0664325,20050.9541,19773.333,4.585,467.733
6/22/2022 16:49,1009.6,43.949,15.474,43.75,439463.686,746136.648,270849.324,122.1916059,19970.74373,19715,3.803,452.9
6/22/2022 16:50,1009.6,43.94,15.5,43.749,439466.914,746079.038,270789.752,122.0341896,20006.29482,19755.738,3.753,452.59
6/22/2022 16:51,1009.6,43.94,15.486,43.75,439477.438,746069.419,270839.352,121.5210761,19976.69265,19740,3.71,448.183
6/22/2022 16:52,1009.6,43.94,15.459,43.749,439478.895,746106.41,270885.924,121.4500498,19948.9169,19696.667,3.878,452.6
6/22/2022 16:53,1009.6,43.94,15.464,43.742,439472.467,746044.114,270852.971,121.7634258,19968.56829,19736.066,3.886,453.705
6/22/2022 16:54,1009.6,43.94,15.516,43.74,439465.971,745978.353,270741.382,122.0801743,20035.18328,19733.333,3.847,453.383
6/22/2022 16:55,1009.6,43.94,15.55,43.739,439463.552,745899.324,270708.895,122.1981408,20054.59709,19771.667,4.159,458.75
6/22/2022 16:56,1009.6,43.94,15.524,43.74,439465.838,745912.038,270769.943,122.0866601,20018.1231,19750.82,4.131,458.098
6/22/2022 16:57,1009.6,43.94,15.499,43.74,439478.99,745995.981,270821.505,121.4454188,19987.34162,19740,3.878,452.85
6/22/2022 16:58,1009.6,43.94,15.489,43.741,439478.029,746054.514,270822.886,121.4922655,19986.51751,19735,3.98,455.4
6/22/2022 16:59,1009.6,43.94,15.441,43.75,439492.867,746099.514,270935.952,120.7690853,19919.10076,19603.279,3.709,448.541
6/22/2022 17:00,1009.6,43.94,15.347,43.745,439494.057,746095.762,271128.438,120.7110997,19804.58194,19578.333,4.331,458.9
6/22/2022 17:01,1009.6,43.94,15.308,43.74,439500.562,746063.914,271214.381,120.3941618,19753.55337,19541.667,3.775,449.233
6/22/2022 17:02,1009.6,43.94,15.333,43.74,439486.438,745939.886,271115.743,121.0823875,19812.12497,19614.754,4.058,455.049
6/22/2022 17:03,1009.6,43.933,15.371,43.739,439487.467,745882.571,271075.99,121.0322378,19835.7541,19575,3.788,449.85
6/22/2022 17:04,1009.6,43.93,15.337,43.74,439493.162,745898.124,271169.695,120.7547106,19780.07771,19540,3.721,448.2
6/22/2022 17:05,1009.6,43.935,15.257,43.74,439505.714,745914.276,271331.048,120.1431861,19684.3841,19409.836,3.668,445.967
6/22/2022 17:06,1009.6,43.94,15.207,43.74,439517.267,746006.6,271405.038,119.5805224,19640.57774,19375,3.48,442.6
6/22/2022 17:07,1009.6,43.94,15.175,43.744,439514.771,746040.171,271445.743,119.7020692,19616.49809,19435,3.672,446.367
6/22/2022 17:08,1009.66,43.94,15.191,43.749,439519.486,746089.067,271392.543,119.4724717,19647.9722,19424.59,3.533,443
6/22/2022 17:09,1009.7,43.94,15.133,43.75,439530.305,746130.305,271546,118.9457539,19557.25035,19290,3.307,437.717
6/22/2022 17:10,1009.7,43.942,15.111,43.75,439532.59,746206.743,271563.333,118.8345302,19547.01603,19358.333,3.402,439.55
6/22/2022 17:11,1009.7,43.943,15.097,43.75,439526.752,746103.695,271569.029,119.1187123,19543.65338,19334.426,3.311,437.623
6/22/2022 17:12,1009.7,43.94,15.11,43.75,439524.933,746078.886,271535.829,119.2072671,19563.25705,19383.333,3.287,438.25
6/22/2022 17:13,1009.788,43.94,15.125,43.746,439524.781,746092.905,271509.733,119.2146672,19578.67267,19380,3.34,439.133
6/22/2022 17:14,1009.8,43.94,15.129,43.745,439520.581,746081.657,271484.752,119.4191549,19593.43511,19395.082,3.225,437.574
6/22/2022 17:15,1009.8,43.94,15.149,43.75,439509.133,746118.533,271410.486,119.9766522,19637.35406,19405,3.365,441.75
6/22/2022 17:16,1009.8,43.95,15.142,43.75,439503.924,746108.762,271433.714,120.2303805,19623.61254,19416.667,3.368,442.2
6/22/2022 17:17,1009.8,43.95,15.151,43.75,439496.705,746112.99,271394.533,120.5820763,19646.79444,19439.344,3.259,441.41
6/22/2022 17:18,1009.8,43.94,15.164,43.742,439504.419,746051.143,271391.257,120.2062676,19648.73332,19436.667,3.354,444.633
6/22/2022 17:19,1009.8,43.94,15.183,43.74,439503.39,745995.571,271355.305,120.2563935,19670.01737,19466.667,3.474,447.833
6/22/2022 17:20,1009.8,43.94,15.212,43.74,439504.095,746003.41,271299.229,120.2220506,19703.23727,19514.754,3.603,450.508
6/22/2022 17:21,1009.8,43.94,15.227,43.74,439494.733,745995.333,271269.038,120.6781608,19721.13388,19518.333,3.748,454.2
6/22/2022 17:22,1009.8,43.94,15.236,43.749,439495.524,746090.562,271246.81,120.6396192,19734.31519,19520,3.878,456.1
6/22/2022 17:23,1009.8,43.94,15.24,43.75,439495.962,746109.238,271229.495,120.6182779,19744.58602,19538.333,3.554,449.183
6/22/2022 17:24,1009.8,43.94,15.239,43.75,439498.171,746091.057,271238.486,120.5106499,19739.25246,19526.23,3.474,446.721
6/22/2022 17:25,1009.8,43.94,15.243,43.744,439498.267,746042.114,271238.41,120.5059727,19739.29754,19545,3.546,449.217
6/22/2022 17:26,1009.8,43.94,15.266,43.743,439499.619,746082.143,271188.238,120.4401033,19769.06903,19575,3.81,455.3
6/22/2022 17:27,1009.8,43.94,15.285,43.749,439494.095,746075.743,271153.933,120.7092481,19789.43768,19573.77,3.829,454.328
6/22/2022 17:28,1009.8,43.941,15.295,43.75,439486.448,746093.505,271119,121.0819001,19810.18962,19616.667,4.143,461.85
6/22/2022 17:29,1009.8,43.95,15.322,43.75,439476.029,746154.238,271059.667,121.5897652,19845.4604,19606.667,4.002,458.15
6/22/2022 17:30,1009.8,43.95,15.297,43.75,439486.333,746175.133,271122.524,121.0875049,19808.09571,19598.361,3.87,455.311
6/22/2022 17:31,1009.8,43.95,15.333,43.75,439484.486,746149.257,271029.105,121.1775248,19863.63995,19638.333,3.987,459.183
6/22/2022 17:32,1009.8,43.95,15.368,43.75,439487.314,746165.638,270961.857,121.0396944,19903.67012,19693.333,3.744,453.767
6/22/2022 17:33,1009.8,43.95,15.396,43.752,439481.2,746193.8,270903.79,121.3376908,19938.26649,19693.443,3.827,456.82
6/22/2022 17:34,1009.8,43.952,15.377,43.76,439492.495,746426.067,270946.438,120.7872123,19912.85395,19690,3.894,459.133
6/22/2022 17:35,1009.8,43.96,15.41,43.76,439489.505,746536.952,270832.086,120.9329174,19981.02781,19773.333,3.801,455.983
6/22/2022 17:36,1009.8,43.96,15.431,43.761,439493.752,746617.629,270811.905,120.7259614,19993.0709,19740.984,3.692,453.639
6/22/2022 17:37,1009.8,43.96,15.431,43.761,439503.057,746573.467,270819.457,120.2726153,19988.5638,19771.667,3.732,455.333
6/22/2022 17:38,1009.8,43.96,15.455,43.76,439492.419,746530.086,270767.333,120.7909157,20019.68182,19816.667,3.709,455.967
6/22/2022 17:39,1009.8,43.955,15.491,43.753,439489.524,746372.41,270717.914,120.9319915,20049.20654,19829.508,3.654,455.049
6/22/2022 17:40,1009.8,43.95,15.495,43.75,439492.162,746300.448,270751.238,120.8034391,20029.29526,19800,3.539,452.05
6/22/2022 17:41,1009.8,43.95,15.488,43.75,439488.771,746245.81,270769.381,120.9686877,20018.45873,19818.333,3.509,451.5
6/22/2022 17:42,1009.8,43.945,15.484,43.745,439489.324,746208.19,270786.657,120.9417381,20008.14267,19829.508,3.461,449.967
6/22/2022 17:43,1009.763,43.94,15.502,43.74,439488.886,746112.333,270753.476,120.9630833,20027.95838,19843.333,3.46,448.517
6/22/2022 17:44,1009.7,43.94,15.51,43.743,439489.905,746143.924,270737.324,120.9134244,20037.60779,19845,3.623,452.017
6/22/2022 17:45,1009.7,43.941,15.503,43.75,439490.562,746198.219,270750.086,120.8814076,20029.98343,19826.23,3.491,449.393
6/22/2022 17:46,1009.7,43.95,15.502,43.75,439480.467,746243.267,270735.876,121.3734207,20038.47296,19830,3.654,452.117
6/22/2022 17:47,1009.625,43.95,15.506,43.75,439487.038,746325.419,270731.667,121.0531455,20040.98789,19841.667,3.571,448.367
6/22/2022 17:48,1009.6,43.95,15.502,43.753,439486.6,746348.99,270733.381,121.0744921,20039.96373,19854.098,3.797,454.262
6/22/2022 17:49,1009.6,43.95,15.505,43.756,439482.114,746396.886,270716.105,121.2931392,20050.2877,19840,4.059,457.667
6/22/2022 17:50,1009.6,43.95,15.52,43.751,439467.571,746342.886,270670.781,122.0021521,20077.38509,19881.667,4.194,456.9
6/22/2022 17:51,1009.6,43.95,15.535,43.75,439466.524,746266.267,270670.181,122.0532075,20077.74392,19850.82,4.006,455.082
6/22/2022 17:52,1009.6,43.95,15.556,43.75,439463.295,746207.467,270621.4,122.2106743,20106.9281,19901.667,3.995,454.367
6/22/2022 17:53,1009.51,43.941,15.589,43.75,439467.514,746159.419,270590.076,122.0049316,20125.67907,19903.333,4.091,454.783
6/22/2022 17:54,1009.5,43.94,15.573,43.75,439459.81,746134.267,270609.686,122.3806413,20113.93927,19881.967,4.254,458.148
6/22/2022 17:55,1009.5,43.94,15.568,43.745,439452.343,746155.581,270609.524,122.7448703,20114.03624,19900,4.518,460.333
6/22/2022 17:56,1009.5,43.94,15.594,43.74,439464.21,746155.962,270566.343,122.1660516,20139.89159,19950,4.084,450.467
6/22/2022 17:57,1009.5,43.94,15.605,43.74,439469.61,746149.2,270575.276,121.9027276,20134.54149,19898.361,4.439,456.59
6/22/2022 17:58,1009.5,43.94,15.599,43.741,439455.371,746181.771,270567.895,122.5971598,20138.96203,19918.333,4.756,460.05
6/22/2022 17:59,1009.5,43.942,15.614,43.75,439459.724,746225.038,270516.4,122.3848358,20169.81581,19950,4.424,454.583
6/22/2022 18:00,1009.5,43.95,15.606,43.75,439471.429,746362.981,270547.6,121.8140354,20151.11927,19914.754,4.348,455.279
6/22/2022 18:01,1009.5,43.95,15.609,43.759,439450.457,746393.029,270508.029,122.8368785,20174.83353,19965,4.409,452.433
6/22/2022 18:02,1009.5,43.95,15.603,43.76,439446.514,746390.152,270521.952,123.029253,20166.48817,19951.667,4.669,455.417
6/22/2022 18:03,1009.5,43.95,15.617,43.752,439439.619,746315.59,270491,123.3657032,20185.04288,19993.443,4.771,456.328
6/22/2022 18:04,1009.5,43.949,15.652,43.75,439433.467,746206.6,270423.295,123.6659525,20225.65855,20023.333,4.922,458.867
6/22/2022 18:05,1009.5,43.94,15.678,43.74,439429.048,746071.562,270381.752,123.8816544,20250.59936,20053.333,5.027,457.033
6/22/2022 18:06,1009.5,43.94,15.71,43.74,439431.448,746018.229,270336.076,123.7645014,20278.0386,20045,5.312,463.183
6/22/2022 18:07,1009.5,43.94,15.71,43.741,439404.238,746087.648,270331.21,125.0931846,20280.96284,20026.23,5.964,468.049
6/22/2022 18:08,1009.5,43.94,15.718,43.75,439399.524,746167.971,270289.571,125.3234752,20305.99428,20020,6.085,472.05
6/22/2022 18:09,1009.5,43.947,15.707,43.75,439401.619,746207.333,270324.8,125.2211255,20284.81527,20001.667,6.614,473.4
6/22/2022 18:10,1009.5,43.95,15.698,43.75,439401.076,746251.076,270345.057,125.2476528,20272.64197,20009.836,6.453,469.918
6/22/2022 18:11,1009.5,43.95,15.702,43.75,439405.981,746234.495,270327.438,125.0080424,20283.22978,20023.333,6.453,470.233
6/22/2022 18:12,1009.5,43.95,15.705,43.75,439392.714,746187.333,270323.467,125.6562143,20285.61645,20023.333,6.574,472.85
6/22/2022 18:13,1009.5,43.942,15.732,43.747,439394.905,746149.771,270277.41,125.5491543,20313.30773,20044.262,6.422,471.738
6/22/2022 18:14,1009.5,43.94,15.757,43.749,439395.105,746115.981,270238.638,125.539382,20336.63312,20055,6.244,471.2
6/22/2022 18:15,1009.5,43.94,15.755,43.749,439404.943,746181.819,270240.076,125.0587462,20335.76778,20075,6.256,472.55
6/22/2022 18:16,1009.5,43.95,15.738,43.75,439406.21,746210.21,270263.39,124.9968565,20321.74072,20055.738,6.103,470.639
6/22/2022 18:17,1009.5,43.95,15.723,43.75,439415.895,746254.962,270298.438,124.5238414,20300.6626,20028.333,5.615,462.15
6/22/2022 18:18,1009.5,43.95,15.715,43.75,439411.914,746204.79,270316.2,124.7182578,20289.98444,20036.667,5.854,465.183
6/22/2022 18:19,1009.5,43.946,15.73,43.745,439402.162,746159.638,270286.933,125.1945986,20307.58063,20078.689,5.917,464.098
6/22/2022 18:20,1009.5,43.94,15.736,43.74,439407.495,746042.505,270301.895,124.9340898,20298.58411,20033.333,5.751,463.683
6/22/2022 18:21,1009.5,43.94,15.749,43.74,439409.81,745993.067,270290.19,124.8210177,20305.62206,20050,5.954,468.367
6/22/2022 18:22,1009.5,43.94,15.749,43.741,439406.448,746068.476,270287.381,124.9852311,20307.31122,20032.787,5.947,466.443
6/22/2022 18:23,1009.5,43.94,15.725,43.749,439419.743,746152.495,270312.629,124.3359408,20292.13104,20066.667,5.612,465.283
6/22/2022 18:24,1009.5,43.948,15.737,43.75,439423.286,746232.771,270279.067,124.1629514,20312.31116,20063.333,5.419,461.133
6/22/2022 18:25,1009.5,43.95,15.72,43.754,439425.267,746316.371,270310.676,124.0662352,20293.30507,20034.426,5.466,463.607
6/22/2022 18:26,1009.5,43.95,15.716,43.758,439420.914,746325.686,270301.095,124.278764,20299.06509,20063.333,5.433,465.933
6/22/2022 18:27,1009.5,43.95,15.723,43.76,439410.829,746402.705,270266.076,124.7712487,20320.12497,20060,5.534,467.55
6/22/2022 18:28,1009.5,43.95,15.728,43.753,439407.99,746390.429,270244.59,124.9099118,20333.05153,20072.131,5.545,469.098
6/22/2022 18:29,1009.5,43.95,15.752,43.75,439409.781,746290.952,270222.143,124.8224341,20346.5605,20090,5.532,470.483
6/22/2022 18:30,1009.5,43.95,15.77,43.75,439408.724,746225.724,270191.61,124.8740605,20364.94271,20131.667,5.526,472.1
6/22/2022 18:31,1009.5,43.95,15.77,43.75,439413.686,746208.333,270211.981,124.6317176,20352.67758,20100,5.048,465.016
6/22/2022 18:32,1009.5,43.95,15.77,43.749,439426.4,746228.543,270203.705,124.0109224,20357.66003,20115,4.937,464.15
6/22/2022 18:33,1009.5,43.95,15.77,43.75,439427.486,746246.095,270203.114,123.9579057,20358.01585,20120,4.694,459.633
6/22/2022 18:34,1009.5,43.95,15.766,43.75,439416.943,746256.019,270212.514,124.4726648,20352.35672,20100,4.837,462.328
6/22/2022 18:35,1009.5,43.95,15.769,43.75,439411.419,746173.152,270214.467,124.7424332,20351.18104,20088.333,4.92,464.283
6/22/2022 18:36,1009.51,43.94,15.773,43.746,439418.114,746212.133,270205.962,124.4154836,20356.30118,20093.333,4.988,466.05
6/22/2022 18:37,1009.6,43.948,15.778,43.749,439417.895,746226.257,270193.467,124.4261774,20363.82448,20108.197,4.956,466.164
6/22/2022 18:38,1009.6,43.95,15.77,43.75,439412.686,746304.743,270199.429,124.6805547,20360.23456,20093.333,5.045,469.367
6/22/2022 18:39,1009.6,43.95,15.76,43.75,439419.295,746408.171,270214.324,124.3578159,20351.26712,20071.667,5.061,470.217
6/22/2022 18:40,1009.687,43.95,15.742,43.752,439419.524,746412.181,270242.048,124.3466342,20334.58113,20060.656,4.568,462.016
6/22/2022 18:41,1009.7,43.95,15.73,43.75,439430.771,746380.533,270271.048,123.7975475,20317.13425,20076.667,4.734,466.783
6/22/2022 18:42,1009.7,43.95,15.73,43.75,439439.457,746300.019,270293.695,123.3736089,20303.51446,20058.333,4.345,459.283
6/22/2022 18:43,1009.7,43.948,15.752,43.741,439438.038,746202.21,270257.438,123.4428592,20325.32135,20086.885,4.468,462.393
6/22/2022 18:44,1009.7,43.94,15.76,43.74,439441.505,746147.181,270258.476,123.273667,20324.69688,20068.333,4.556,465.017
6/22/2022 18:45,1009.7,43.94,15.733,43.74,439449.99,746105.524,270343.581,122.8596618,20273.52884,20026.667,4.473,463.35
6/22/2022 18:46,1009.7,43.94,15.732,43.746,439449.714,746180.581,270305.771,122.873127,20296.25382,20080.328,4.661,467.721
6/22/2022 18:47,1009.751,43.95,15.732,43.75,439433.971,746246.657,270284.705,123.6413528,20308.92047,20060,4.65,467.033
6/22/2022 18:48,1009.8,43.95,15.724,43.751,439434.181,746340.79,270280.676,123.631103,20311.34348,20081.667,4.699,467.8
6/22/2022 18:49,1009.8,43.95,15.729,43.753,439430.619,746348.048,270262.59,123.8049671,20322.22197,20065.574,4.745,468.787
6/22/2022 18:50,1009.8,43.95,15.745,43.754,439425.6,746350.229,270227.629,124.049978,20343.25854,20066.667,4.646,467.267
6/22/2022 18:51,1009.823,43.95,15.745,43.75,439429.505,746316.848,270240.248,123.8593459,20335.66428,20053.333,4.768,469.833
6/22/2022 18:52,1009.9,43.95,15.738,43.75,439424.629,746291.952,270245.629,124.097383,20332.42635,20039.344,4.773,469.459
6/22/2022 18:53,1009.9,43.95,15.711,43.75,439444.448,746226.552,270357.838,123.1300592,20264.96314,20015,4.451,463.833
6/22/2022 18:54,1009.9,43.95,15.714,43.75,439439.914,746208.867,270335.524,123.3513069,20278.37032,20021.667,4.777,469.483
6/22/2022 18:55,1009.947,43.95,15.713,43.75,439432,746201.524,270326.314,123.7375573,20283.90532,19993.443,4.871,470.607
6/22/2022 18:56,1010,43.95,15.705,43.75,439434.857,746224.686,270352.781,123.5981088,20268.00122,20000,4.811,470
6/22/2022 18:57,1010,43.95,15.692,43.75,439445.886,746260.895,270381.171,123.0598943,20250.94828,19991.667,4.681,467.883
6/22/2022 18:58,1010,43.95,15.671,43.75,439440.629,746265.619,270413.067,123.3164149,20231.79767,19950,4.537,465.9
6/22/2022 18:59,1010,43.95,15.648,43.75,439450.381,746293.295,270458.267,122.8405863,20204.67422,19896.721,4.486,464.672
6/22/2022 19:00,1010,43.95,15.583,43.75,439473.371,746314.943,270625.229,121.7193509,20104.63658,19845,4.12,457.3
6/22/2022 19:01,1010,43.95,15.594,43.75,439451.41,746220.333,270560.371,122.7903859,20143.46869,19903.333,4.428,463.933
6/22/2022 19:02,1010,43.95,15.613,43.75,439452.819,746188.371,270523.524,122.7216494,20165.54603,19913.115,4.363,462.311
6/22/2022 19:03,1010,43.95,15.606,43.75,439448.543,746221.286,270543.314,122.9302577,20153.68715,19891.667,4.382,463.383
6/22/2022 19:04,1010,43.95,15.596,43.75,439443.381,746278.714,270550.448,123.1821236,20149.41303,19865,4.59,466.233
6/22/2022 19:05,1010,43.95,15.591,43.757,439437.381,746316.124,270555.619,123.4749231,20146.31525,19865.574,4.959,469.705
6/22/2022 19:06,1010,43.951,15.585,43.76,439430.01,746388.495,270544.41,123.8346946,20153.03049,19860,4.993,470.05
6/22/2022 19:07,1010,43.96,15.563,43.76,439437.676,746487,270571.562,123.460526,20136.76578,19846.667,5.132,471.617
6/22/2022 19:08,1010.072,43.96,15.533,43.76,439440.2,746451.676,270653.2,123.33735,20087.90081,19816.393,5.006,469.639
6/22/2022 19:09,1010.1,43.953,15.507,43.755,439453.086,746381.857,270720.695,122.7086244,20047.54451,19745,4.711,465.5
6/22/2022 19:10,1010.1,43.95,15.491,43.75,439460.81,746257.724,270782.295,122.3318686,20010.74712,19740,4.698,465.333
6/22/2022 19:11,1010.1,43.947,15.499,43.745,439447.4,746159.19,270745.6,122.9860242,20032.66333,19770.492,4.926,469.393
6/22/2022 19:12,1010.1,43.94,15.502,43.746,439451.19,746171.181,270741.419,122.8011186,20035.16118,19756.667,4.918,469.783
6/22/2022 19:13,1010.1,43.943,15.49,43.75,439453.714,746216.562,270767.695,122.6779892,20019.46563,19720,4.809,468.767
6/22/2022 19:14,1010.1,43.95,15.449,43.752,439450.762,746261.829,270829.257,122.8219988,19982.71581,19731.148,4.857,470.41
6/22/2022 19:15,1010.1,43.95,15.45,43.76,439447.838,746370.181,270794.743,122.9646542,20003.31514,19695,4.917,471.017
6/22/2022 19:16,1010.1,43.95,15.43,43.76,439459.124,746371.819,270848.267,122.4141001,19971.37426,19670,4.984,471.317
6/22/2022 19:17,1010.1,43.95,15.425,43.759,439457.571,746411.057,270822.133,122.4898483,19986.96686,19713.115,5.135,476.049
6/22/2022 19:18,1010.1,43.95,15.438,43.754,439448.714,746372.333,270818.59,122.9219149,19989.08121,19668.333,4.851,471
6/22/2022 19:19,1010.1,43.95,15.433,43.75,439449.219,746293.486,270822.61,122.8972768,19986.68221,19688.333,5.03,475.35
6/22/2022 19:20,1010.1,43.95,15.478,43.749,439437.476,746205.695,270724.857,123.4702868,20045.05727,19686.885,5.03,475.426
6/22/2022 19:21,1010.1,43.94,15.661,43.74,439362.629,746167.886,270193.476,127.126936,20363.81907,19673.333,5.204,478.583
6/22/2022 19:22,1010.1,43.94,15.815,43.74,439314.676,746145.4,269873.324,129.4736995,20557.04228,19721.667,5.577,487.367
6/22/2022 19:23,1010.1,43.94,15.701,43.746,439366.648,746151.467,270302.876,126.9303934,20297.99431,19606.557,5.311,482.885
6/22/2022 19:24,1010.1,43.94,15.436,43.744,439446.238,746193.895,270955.257,123.0427195,19907.60095,19540,5.203,481.633
6/22/2022 19:25,1010.1,43.94,15.366,43.749,439449.638,746150.781,271020.676,122.8768349,19868.65528,19558.333,5.163,481.667
6/22/2022 19:26,1010.1,43.94,15.346,43.75,439450.076,746150.333,271048.029,122.8554662,19852.38222,19536.066,5.161,480.443
6/22/2022 19:27,1010.1,43.94,15.301,43.742,439447.029,746102.524,271126.905,123.0041255,19805.49274,19520,5.428,484.467
6/22/2022 19:28,1010.1,43.94,15.274,43.741,439456.524,746097.476,271187.438,122.540918,19769.54392,19480,5.109,478.133
6/22/2022 19:29,1010.1,43.94,15.28,43.741,439456.21,746127.867,271155.362,122.5562343,19788.58901,19503.279,5.197,481.754
6/22/2022 19:30,1010.1,43.94,15.242,43.743,439467.438,746139.448,271237.819,122.0086376,19739.64811,19450,5.01,478
6/22/2022 19:31,1010.1,43.94,15.24,43.742,439463.81,746123.4,271209.371,122.1855586,19756.52631,19495,5.213,482.45
6/22/2022 19:32,1010.1,43.942,15.238,43.746,439460.438,746137.629,271212.724,122.3500119,19754.53661,19455,5.189,480.7
6/22/2022 19:33,1010.1,43.95,15.202,43.748,439471.324,746175.505,271298.324,121.819155,19703.77362,19449.18,5.344,484.295
6/22/2022 19:34,1010.1,43.95,15.241,43.75,439448.114,746155.905,271159.276,122.9511883,19786.2646,19515,5.55,489.867
6/22/2022 19:35,1010.1,43.95,15.241,43.75,439461.086,746176.305,271186.21,122.3184075,19770.27288,19483.333,5.291,484.883
6/22/2022 19:36,1010.1,43.95,15.242,43.75,439456.867,746164.371,271169.2,122.5241873,19780.37163,19493.443,5.46,488.934
6/22/2022 19:37,1010.1,43.944,15.239,43.75,439460.924,746144.638,271203.067,122.3263086,19760.26742,19468.333,5.218,484.233
6/22/2022 19:38,1010.1,43.94,15.184,43.75,439479.962,746155.086,271351.486,121.3980371,19672.27892,19381.667,4.819,476.25
6/22/2022 19:39,1010.1,43.94,15.174,43.75,439473.581,746101.362,271338.39,121.7091124,19680.03511,19422.951,5.005,480.443
6/22/2022 19:40,1010.1,43.947,15.215,43.75,439455.648,746160.648,271196.486,122.583648,19764.17327,19463.333,5.112,483.133
6/22/2022 19:41,1010.1,43.95,15.5,43.75,439336.695,746172.733,270388.695,128.3957256,20246.43002,19528.333,5.806,498.217
6/22/2022 19:42,1010.1,43.95,15.512,43.75,439374.143,746210.895,270551.086,126.5639218,20149.03081,19434.426,5.116,484.574
6/22/2022 19:43,1010.1,43.95,15.327,43.75,439453.133,746196.714,271067.438,122.7063317,19840.83917,19463.333,5.23,488.167
6/22/2022 19:44,1010.1,43.95,15.251,43.75,439470.295,746185.286,271201.457,121.8693273,19761.22293,19460,5.388,491.733
6/22/2022 19:45,1010.1,43.95,15.437,43.75,439355.552,746169.21,270563.076,127.4730785,20141.84842,19506.557,5.78,500.836
6/22/2022 19:46,1010.1,43.95,15.711,43.75,439258.276,746222.838,269904.381,132.2378674,20538.25966,19575,6.282,512.45
6/22/2022 19:47,1010.1,43.95,15.68,43.75,439324.676,746188.495,270193.352,128.9840521,20363.89373,19581.667,6.198,511.667
6/22/2022 19:48,1010.1,43.95,15.425,43.75,439437.552,746169.438,270915.295,123.4665777,19931.4095,19509.836,5.482,495.148
6/22/2022 19:49,1010.1,43.947,15.324,43.75,439448.162,746121.962,271097.629,122.9488464,19822.89022,19481.667,5.287,489.917
6/22/2022 19:50,1010.1,43.94,15.295,43.748,439447.895,746055.524,271118.505,122.9618732,19810.48375,19506.667,5.326,492.167
6/22/2022 19:51,1010.1,43.94,15.264,43.742,439458.133,746061.39,271202.99,122.4624362,19760.31312,19467.213,5.056,485.738
6/22/2022 19:52,1010.1,43.94,15.234,43.743,439461.848,746031.267,271256.257,122.2812439,19728.71256,19435,4.771,477.067
6/22/2022 19:53,1010.1,43.94,15.231,43.743,439462.143,746047.486,271231.648,122.2668567,19743.30877,19485,4.88,481.633
6/22/2022 19:54,1010.1,43.94,15.223,43.744,439479.552,746098.638,271259.895,121.4180231,19726.55521,19467.213,4.52,472.902
6/22/2022 19:55,1010.1,43.94,15.218,43.75,439476.438,746108.362,271256.667,121.5698261,19728.46942,19490,4.806,479.75
6/22/2022 19:56,1010.1,43.94,15.233,43.75,439461.171,746133.038,271193.762,122.314262,19765.79009,19530,4.876,481.75
6/22/2022 19:57,1010.1,43.946,15.203,43.75,439486.752,746151.629,271315.81,121.0670841,19693.41173,19418.033,4.163,464.23
6/22/2022 19:58,1010.1,43.95,15.193,43.75,439481.514,746165.81,271281.619,121.3223852,19713.67517,19505,4.72,477.483
6/22/2022 19:59,1010.16,43.95,15.225,43.75,439470.124,746160.705,271200.743,121.8776651,19761.64668,19521.667,4.765,479.033
6/22/2022 20:00,1010.2,43.95,15.211,43.75,439480.019,746137.581,271256.638,121.3952586,19728.48662,19462.295,4.43,468.033
6/22/2022 20:01,1010.2,43.95,15.203,43.75,439481.476,746136.638,271271.638,121.3242375,19719.59234,19486.667,4.308,466.267
6/22/2022 20:02,1010.2,43.95,15.197,43.75,439485.095,746138.914,271288.781,121.1478426,19709.42974,19460,4.135,461.5
6/22/2022 20:03,1010.2,43.95,15.176,43.75,439478.286,746141.829,271326.819,121.4797372,19686.88934,19488.525,4.518,469.869
6/22/2022 20:04,1010.2,43.95,15.21,43.75,439472.952,746143.486,271250.41,121.7397793,19732.18009,19471.667,4.15,462.883
6/22/2022 20:05,1010.2,43.95,15.159,43.75,439496.038,746186.314,271380.952,120.6145749,19654.83287,19430,4.026,457.883
6/22/2022 20:06,1010.2,43.95,15.098,43.75,439518.186,746189.196,271548.539,119.5357723,19555.75103,19295.082,3.801,452.721
6/22/2022 20:07,1010.274,43.95,15.05,43.75,439522.914,746188.095,271617.267,119.3055639,19515.18707,19321.667,4.019,457.417
6/22/2022 20:08,1010.3,43.95,15.065,43.75,439514.476,746182.39,271570.838,119.7164353,19542.58548,19293.333,3.766,451.817
6/22/2022 20:09,1010.3,43.95,15.046,43.75,439520.543,746224.457,271614.19,119.4210051,19517.00228,19295.082,3.819,453.131
6/22/2022 20:10,1010.3,43.95,15.058,43.753,439511.962,746262.019,271550.543,119.8388683,19554.56768,19378.333,4.104,460.383
6/22/2022 20:11,1010.3,43.95,15.032,43.76,439525.448,746320.724,271618.59,119.1821948,19514.40662,19251.667,3.857,454.1
6/22/2022 20:12,1010.362,43.958,14.969,43.76,439528.924,746384.79,271742.981,119.0129783,19441.0945,19226.23,3.89,453.852
6/22/2022 20:13,1010.4,43.953,14.973,43.755,439526.562,746366.895,271700.571,119.1279619,19466.07466,19270,4.011,458.017
6/22/2022 20:14,1010.4,43.95,15.004,43.75,439514.257,746252.352,271626.276,119.7271003,19509.87288,19323.333,4.043,459.9
6/22/2022 20:15,1010.4,43.95,15.031,43.75,439501.733,746163.543,271595.533,120.3371143,19528.01031,19280.328,4.093,461.836
6/22/2022 20:16,1010.4,43.95,15.014,43.75,439502.81,746139.048,271639.571,120.2846478,19502.03175,19288.333,4.181,464.267
6/22/2022 20:17,1010.4,43.95,15.03,43.75,439510.952,746161.41,271582.276,119.8880582,19535.83404,19321.667,4.327,468.317
6/22/2022 20:18,1010.4,43.95,15.032,43.75,439520.219,746249.99,271587.581,119.4367809,19532.70306,19304.918,4.23,466.475
6/22/2022 20:19,1010.4,43.95,14.983,43.75,439524.971,746219.6,271706.19,119.2054171,19462.76409,19250,4.006,461.05
6/22/2022 20:20,1010.4,43.95,14.977,43.75,439514.857,746186.076,271691.838,119.6978812,19471.22046,19258.333,4.087,463.5
6/22/2022 20:21,1010.4,43.95,14.981,43.75,439520.467,746223.933,271682.419,119.4247056,19476.77121,19236.667,3.961,460.833
6/22/2022 20:22,1010.4,43.95,14.926,43.75,439533.81,746221.048,271838.21,118.7751489,19385.05947,19172.131,3.89,459.344
6/22/2022 20:23,1010.4,43.95,14.855,43.75,439542.905,746277.971,272023.581,118.3325304,19276.20639,18971.667,3.557,448.05
6/22/2022 20:24,1010.4,43.95,14.793,43.75,439559.457,746216.029,272139.238,117.5272982,19208.4403,19000,3.725,450.583
6/22/2022 20:25,1010.4,43.95,14.77,43.748,439553.733,746149.124,272158.257,117.8057207,19197.30764,19039.344,3.874,455.41
6/22/2022 20:26,1010.4,43.94,14.766,43.74,439554.981,746128.257,272174.467,117.7450126,19187.82168,18976.667,3.648,450.133
6/22/2022 20:27,1010.4,43.94,14.772,43.74,439548.724,746034.99,272147.381,118.0494013,19203.67346,19040,3.904,457.217
6/22/2022 20:28,1010.4,43.94,14.8,43.74,439555.21,746053.943,272090.705,117.7338733,19236.86289,19040.984,3.742,454.393
6/22/2022 20:29,1010.4,43.94,14.701,43.748,439560.095,746137.581,272354.695,117.4962679,19082.50586,18801.667,3.781,447.8
6/22/2022 20:30,1010.4,43.944,14.645,43.75,439570.457,746203.286,272420.667,116.9923702,19044.02511,18840,3.478,446.233
6/22/2022 20:31,1010.4,43.95,14.605,43.751,439585.59,746252.99,272486.886,116.2567252,19005.43793,18832.787,3.494,446.754
6/22/2022 20:32,1010.442,43.95,14.65,43.75,439579.895,746249.952,272346.171,116.5335337,19087.48054,18916.667,3.739,454.017
6/22/2022 20:33,1010.5,43.95,14.672,43.749,439566.305,746167.981,272301.743,117.1942618,19113.41926,18891.667,3.726,454.317
6/22/2022 20:34,1010.5,43.944,14.675,43.746,439560.733,746097.124,272311.162,117.4652381,19107.91868,18888.525,3.703,453.77
6/22/2022 20:35,1010.5,43.94,14.652,43.74,439559.771,746090.133,272369.352,117.5120262,19073.95335,18913.333,3.769,456.083
6/22/2022 20:36,1010.5,43.942,14.656,43.744,439557.867,746124.276,272337.057,117.6046333,19092.80025,18861.667,3.69,454.083
6/22/2022 20:37,1010.5,43.95,14.612,43.75,439560.143,746184.762,272439.771,117.4939334,19032.88895,18865.574,3.61,451.984
6/22/2022 20:38,1010.5,43.95,14.64,43.75,439551.657,746239.038,272345.276,117.9067109,19088.00291,18893.333,3.674,454.317
6/22/2022 20:39,1010.5,43.95,14.633,43.75,439559.39,746279.314,272362.162,117.5305569,19078.14856,18866.667,3.546,451.717
6/22/2022 20:40,1010.5,43.95,14.639,43.75,439564.848,746301.524,272339.257,117.2651142,19091.51608,18901.639,3.728,456.377
6/22/2022 20:41,1010.5,43.95,14.627,43.75,439556.029,746186.619,272372.086,117.694035,19072.35824,18858.333,3.682,454.3
6/22/2022 20:42,1010.5,43.95,14.635,43.75,439560.829,746147.4,272363.267,117.4605691,19077.50379,18870,3.431,448.933
6/22/2022 20:43,1010.5,43.945,14.636,43.74,439566.314,746083.352,272382.057,117.1938242,19066.54136,18875.41,3.623,454.443
6/22/2022 20:44,1010.5,43.94,14.609,43.74,439563.848,746033.267,272440.648,117.3137449,19032.3778,18853.333,3.587,452.65
6/22/2022 20:45,1010.5,43.94,14.634,43.74,439571.552,745997.371,272399.686,116.9391296,19056.25904,18865,3.503,450.25
6/22/2022 20:46,1010.5,43.94,14.653,43.741,439567.61,745991.99,272348.514,117.1308035,19086.11308,18903.279,3.535,452.016
6/22/2022 20:47,1010.5,43.94,14.67,43.745,439563.981,746119.505,272294.552,117.3072769,19117.61922,18903.333,3.575,454.05
6/22/2022 20:48,1010.5,43.946,14.667,43.75,439553.657,746107.143,272284.6,117.8094177,19123.43251,18891.667,3.7,455.883
6/22/2022 20:49,1010.5,43.95,14.634,43.747,439554.505,746145.429,272378.143,117.768167,19068.82461,18849.18,3.837,456.426
6/22/2022 20:50,1010.5,43.945,14.619,43.744,439543.362,746089.99,272403.59,118.3102929,19053.98235,18785,3.829,454.5
6/22/2022 20:51,1010.5,43.94,14.543,43.741,439553.448,746084.924,272608.79,117.8195846,18934.50057,18701.667,3.697,450.45
6/22/2022 20:52,1010.5,43.94,14.55,43.74,439560.629,745987.105,272562.486,117.4702962,18961.43036,18786.885,3.675,451.377
6/22/2022 20:53,1010.5,43.94,14.584,43.744,439558.648,746037.895,272469.848,117.5666463,19015.36272,18818.333,3.716,454.85
6/22/2022 20:54,1010.5,43.946,14.604,43.75,439557.238,746131.943,272405.524,117.6352278,19052.85455,18836.667,3.655,454.833
6/22/2022 20:55,1010.5,43.95,14.61,43.756,439560.276,746256.095,272367.019,117.4874647,19075.31456,18860.656,3.746,457.508
6/22/2022 20:56,1010.5,43.956,14.614,43.76,439550.886,746368.229,272340.352,117.9442189,19090.87692,18856.667,3.691,456.6
6/22/2022 20:57,1010.5,43.96,14.617,43.76,439556.724,746346.838,272332.829,117.6602292,19095.26831,18878.333,3.706,457.367
6/22/2022 20:58,1010.5,43.954,14.632,43.753,439545.886,746256.01,272316.848,118.1874812,19104.59849,18881.967,3.725,457.934
6/22/2022 20:59,1010.5,43.95,14.648,43.75,439549.505,746163.476,272303.562,118.0114046,19112.35692,18878.333,3.857,461.45
6/22/2022 21:00,1010.5,43.95,14.616,43.75,439558.857,746079.886,272396.181,117.5564809,19058.30316,18856.667,3.806,459.35
6/22/2022 21:01,1010.5,43.95,14.643,43.749,439550.048,746068.238,272306.314,117.9849873,19110.74975,18936.667,4.08,470
6/22/2022 21:02,1010.5,43.95,14.653,43.75,439539.143,746051.981,272289.419,118.5155987,19120.61747,18911.475,3.966,467.623
6/22/2022 21:03,1010.5,43.95,14.647,43.748,439543.571,746069.105,272302.362,118.3001231,19113.05774,18901.667,3.986,467.717
6/22/2022 21:04,1010.5,43.95,14.676,43.749,439534.057,746061.762,272222.695,118.7631269,19159.61238,18963.333,4.08,472.083
6/22/2022 21:05,1010.5,43.95,14.699,43.749,439524.676,746079.076,272167.648,119.2197791,19191.81183,18957.377,4.188,476.443
6/22/2022 21:06,1010.5,43.95,14.731,43.75,439514.086,746092.181,272063.962,119.7354279,19252.53317,18955,4.301,479.217
6/22/2022 21:07,1010.5,43.95,15.016,43.75,439422.019,746099.362,271231.686,124.2248116,19743.28623,18978.333,4.386,482.6
6/22/2022 21:08,1010.5,43.95,14.916,43.75,439488.248,746097.276,271743.905,120.9941757,19440.55042,18962.295,4.394,482.361
6/22/2022 21:09,1010.5,43.95,14.943,43.75,439463.495,746110.038,271548.429,122.2009206,19555.81599,19001.667,4.649,490.033
6/22/2022 21:10,1010.5,43.95,14.895,43.755,439489.905,746218.381,271788.476,120.9134244,19414.31442,18931.667,4.404,481.817
6/22/2022 21:11,1010.5,43.95,14.77,43.76,439516.4,746294.552,272048.543,119.6227414,19261.57085,19006.557,4.667,490.869
6/22/2022 21:12,1010.5,43.96,14.844,43.76,439480.619,746327.219,271741.657,121.3660114,19441.87412,19001.667,4.806,494.483
6/22/2022 21:13,1010.5,43.954,15.089,43.756,439415.733,746249.733,271120.438,124.5317524,19809.33517,19026.667,4.892,496.667
6/22/2022 21:14,1010.5,43.95,14.965,43.75,439475.495,746187.819,271640.533,121.6157986,19501.46444,18986.885,4.794,492.836
6/22/2022 21:15,1010.5,43.95,14.856,43.749,439516.743,746120.581,271914.429,119.6060387,19340.26658,19026.667,4.908,497.1
6/22/2022 21:16,1010.5,43.944,14.823,43.745,439514.257,746041.438,271962.867,119.7271003,19311.82617,19000,4.762,492.867
6/22/2022 21:17,1010.5,43.94,14.811,43.74,439517.095,746007.838,271977.105,119.5888979,19303.47015,19034.426,4.904,498.279
6/22/2022 21:18,1010.5,43.94,14.864,43.74,439491.114,745934.381,271817.086,120.8545081,19397.48261,19006.667,4.869,496.133
6/22/2022 21:19,1010.5,43.94,14.828,43.74,439507.448,745917.162,271953.81,120.0587238,19317.14246,19006.667,4.88,496.75
6/22/2022 21:20,1010.5,43.94,14.802,43.74,439517.229,745976.676,272014.581,119.5823728,19281.48453,18985.246,4.906,497.689
6/22/2022 21:21,1010.5,43.94,14.806,43.743,439503.438,746017.457,271970.133,120.2540552,19307.56167,19013.333,4.979,501.467
6/22/2022 21:22,1010.5,43.945,14.84,43.75,439493.543,746075.095,271839.99,120.7361453,19384.01282,19015,5.005,502.217
6/22/2022 21:23,1010.5,43.95,14.826,43.75,439505.752,746126.505,271918.876,120.1413351,19337.65468,19016.393,4.885,499.77
6/22/2022 21:24,1010.5,43.95,14.81,43.75,439515.562,746104.086,271955.286,119.6635492,19316.27603,19053.333,5.096,507.317
6/22/2022 21:25,1010.5,43.95,14.816,43.75,439515.667,746145.962,271931.276,119.658436,19330.37256,19026.667,5.08,506.867
6/22/2022 21:26,1010.5,43.95,14.815,43.744,439508.286,746080.343,271937.038,120.0179067,19326.98917,19031.148,5.095,505.344
6/22/2022 21:27,1010.5,43.95,14.816,43.748,439515.714,746099.076,271942.352,119.6561473,19323.8691,19030,5.137,507.35
6/22/2022 21:28,1010.5,43.95,14.774,43.75,439523.438,746088.057,272055.324,119.2800519,19257.59599,18985,4.886,500.95
6/22/2022 21:29,1010.5,43.95,14.773,43.75,439519.581,746087.19,272024.848,119.467846,19275.46341,18978.689,4.95,502.689
6/22/2022 21:30,1010.5,43.95,14.802,43.75,439506.438,746087.429,271925.505,120.1079199,19333.76151,19008.333,5.119,507.3
6/22/2022 21:31,1010.5,43.95,14.874,43.75,439493.819,746118.886,271751.181,120.7226966,19436.26636,19011.667,5.122,507.633
6/22/2022 21:32,1010.5,43.95,14.858,43.75,439496.943,746129.114,271824.657,120.5704803,19393.02962,19016.393,5.276,512.098
6/22/2022 21:33,1010.5,43.95,14.855,43.75,439498.257,746156.19,271823.6,120.5064599,19393.65128,19020,5.296,513.533
6/22/2022 21:34,1010.55,43.95,14.81,43.75,439503.419,746142.19,271956.429,120.2549808,19315.60508,18985,5.125,508.633
6/22/2022 21:35,1010.6,43.95,14.766,43.75,439513.667,746123.638,272050.848,119.755833,19260.21967,18970.492,5.151,509.951
6/22/2022 21:36,1010.6,43.95,14.801,43.75,439499.819,746082.81,271919.971,120.4303595,19337.01156,19001.667,5.274,514.25
6/22/2022 21:37,1010.6,43.95,14.989,43.75,439458.886,746119.486,271379.762,122.4257085,19655.5373,19035,5.412,519.8
6/22/2022 21:38,1010.6,43.95,14.95,43.75,439486.705,746106.143,271644.733,121.0693748,19498.98772,19021.311,5.381,520.541
6/22/2022 21:39,1010.6,43.95,14.842,43.75,439496.743,746084.99,271905.333,120.5802249,19345.60955,18961.667,5.335,518.55
6/22/2022 21:40,1010.6,43.95,14.806,43.75,439497.619,746059.067,271970.171,120.5375441,19307.53937,18993.333,5.372,521.383
6/22/2022 21:41,1010.6,43.948,14.759,43.749,439513.133,746062.448,272086.752,119.7818389,19239.1788,18967.213,5.301,518.984
6/22/2022 21:42,1010.6,43.94,14.772,43.749,439503.838,746024.714,272006.829,120.2345698,19286.03131,18996.667,5.524,524.45
6/22/2022 21:43,1010.6,43.94,14.854,43.746,439480.8,745994.162,271758.171,121.3571886,19432.15111,18970,5.551,524.733
6/22/2022 21:44,1010.6,43.94,15.1,43.744,439427.81,745978.714,271111.343,123.9420889,19814.73965,19008.197,5.682,528.656
6/22/2022 21:45,1010.6,43.94,15.122,43.745,439438.914,745984.257,271227.933,123.4001082,19745.51268,19030,5.873,533.383
6/22/2022 21:46,1010.6,43.94,14.968,43.744,439462.41,745956.238,271607.171,122.2538351,19521.14329,19028.333,5.997,537.167
6/22/2022 21:47,1010.6,43.94,14.901,43.746,439481.029,745990.124,271788.714,121.3460261,19414.17437,18927.869,5.528,524.951
6/22/2022 21:48,1010.639,43.94,14.827,43.743,439492.257,746019.924,271923.171,120.7988098,19335.13221,18980,5.723,532.15
6/22/2022 21:49,1010.7,43.94,15.036,43.749,439437.581,746072.571,271267.6,123.4651624,19721.98649,18985,5.791,534.817
6/22/2022 21:50,1010.7,43.949,15.263,43.75,439403.4,746094.429,270751.724,125.1341208,20029.00494,18978.333,5.835,535.4
6/22/2022 21:51,1010.7,43.95,15.254,43.75,439409.552,746094.667,270894.324,124.8336189,19943.90909,18977.049,5.873,535.869
6/22/2022 21:52,1010.7,43.95,15.226,43.75,439416.733,746048.629,270979.933,124.4829195,19892.90635,18990,6.014,541.083
6/22/2022 21:53,1010.7,43.941,15.179,43.742,439427,746010.048,271119.857,123.9816312,19809.68039,19001.667,6.128,544.217
6/22/2022 21:54,1010.7,43.94,15.074,43.74,439444.79,745963.248,271423.2,123.1133716,19629.83198,18993.443,6.315,546.393
6/22/2022 21:55,1010.7,43.94,14.978,43.74,439453.219,745978.676,271599.895,122.7021364,19525.43636,19021.667,6.394,549.3
6/22/2022 21:56,1010.7,43.94,14.948,43.74,439457.257,745971.057,271660.886,122.5051642,19489.46377,19010,6.546,551.717
6/22/2022 21:57,1010.7,43.94,14.908,43.748,439463.267,746048.914,271743.362,122.2120398,19440.87016,19008.197,6.69,552.77
6/22/2022 21:58,1010.7,43.947,14.944,43.75,439460.248,746115.943,271583.286,122.3592787,19535.23792,19013.333,6.809,553.5
6/22/2022 21:59,1010.7,43.95,15.005,43.75,439440.505,746172.133,271412.657,123.322466,19636.06952,19030,6.887,554.25
6/22/2022 22:00,1010.78,43.95,14.993,43.75,439451,746181.695,271514.733,122.8103878,19575.71858,19018.033,6.717,548.82
6/22/2022 22:01,1010.8,43.95,14.917,43.75,439457.086,746153.981,271692.105,122.5135051,19471.06312,19036.667,6.828,554.883
6/22/2022 22:02,1010.8,43.95,14.864,43.75,439468.181,746137.571,271833.867,121.9724071,19387.6133,18980,6.435,543.033
6/22/2022 22:03,1010.8,43.95,14.859,43.75,439463.667,746098.619,271794.971,122.1925325,19410.49267,19040.984,6.712,553.656
6/22/2022 22:04,1010.8,43.95,14.998,43.75,439427.933,746080.476,271352.571,123.9360844,19671.63638,19038.333,6.685,553.1
6/22/2022 22:05,1010.828,43.95,15.133,43.75,439407.438,746071.619,271091.676,124.9368739,19826.42874,19066.667,6.902,558.117
6/22/2022 22:06,1010.9,43.946,15.065,43.75,439431.457,746026.695,271372.61,123.7640621,19659.77119,19022.951,6.934,554.984
6/22/2022 22:07,1010.9,43.94,14.933,43.747,439454.048,746051.886,271699.762,122.6616962,19466.55133,19038.333,7.003,553.5
6/22/2022 22:08,1010.9,43.94,14.916,43.749,439456.305,746028.771,271687.124,122.5516004,19473.99839,19090,7.003,559.867
6/22/2022 22:09,1010.9,43.94,14.933,43.746,439448.248,746057.514,271623.086,122.9446505,19511.7545,19075.41,7.108,559.492
6/22/2022 22:10,1010.9,43.94,15.063,43.749,439424.686,746089.133,271235.552,124.0946002,19740.99286,19100,7.159,559.033
6/22/2022 22:11,1010.9,43.948,15.17,43.75,439409.248,746072.352,271031.486,124.8484669,19862.22334,19106.667,7.21,561.067
6/22/2022 22:12,1010.9,43.95,15.324,43.75,439379.352,746035.067,270655.238,126.3092704,20086.68168,19100,7.31,563.393
6/22/2022 22:13,1010.9,43.948,15.307,43.75,439393.076,746060.419,270813.105,125.6385252,19992.35469,19125,7.356,564.3
6/22/2022 22:14,1010.961,43.94,15.206,43.744,439410.667,746015.781,271065.629,124.7791609,19841.9149,19093.333,7.361,560.3
6/22/2022 22:15,1011,43.94,15.293,43.74,439393.495,745990.819,270820.81,125.6180511,19987.75637,19119.672,7.465,563.77
6/22/2022 22:16,1011,43.94,15.237,43.74,439410.181,745951.143,271039.41,124.8028975,19857.50921,19095,7.465,562.783
6/22/2022 22:17,1011,43.94,15.076,43.74,439430.667,745928.362,271457.01,123.8026241,19609.83545,19071.667,7.436,562.367
6/22/2022 22:18,1011,43.94,15.083,43.74,439427.01,745944.314,271338.686,123.981143,19679.85978,19095.082,7.545,567.18
6/22/2022 22:19,1011,43.94,15.304,43.74,439386.552,745906.229,270720.781,125.9573464,20047.49312,19121.667,7.52,571.1
6/22/2022 22:20,1011,43.94,15.406,43.74,439378.305,745913.352,270549.429,126.3604519,20150.02351,19130,7.593,575.8
6/22/2022 22:21,1011,43.94,15.501,43.74,439366.571,745934.905,270345.676,126.9341588,20272.27004,19145.902,7.616,580.049
6/22/2022 22:22,1011,43.94,15.58,43.741,439348.333,745979.495,270176.581,127.8262369,20373.99377,19163.333,7.736,583.05
6/22/2022 22:23,1011,43.94,15.598,43.745,439352.581,746013.648,270172.124,127.6184133,20376.67833,19175,7.793,583.717
6/22/2022 22:24,1011.086,43.94,15.576,43.745,439350.99,745987.667,270261.981,127.6962464,20322.58833,19188.525,7.841,587.016
6/22/2022 22:25,1011.1,43.94,15.554,43.741,439362.19,745974.886,270300.971,127.1484059,20299.13965,19163.333,7.882,585.417
6/22/2022 22:26,1011.1,43.94,15.551,43.74,439355.086,745885.01,270356.124,127.4958734,20265.99283,19176.667,8.042,585.517
6/22/2022 22:27,1011.1,43.938,15.302,43.738,439389.6,745794.171,271048.638,125.8083865,19852.01998,19170.492,8.154,584.443
6/22/2022 22:28,1011.1,43.93,15.184,43.734,439393.686,745751.781,271260.762,125.6087181,19726.04109,19155,8.145,582.667
6/22/2022 22:29,1011.1,43.93,15.191,43.74,439384.886,745785.067,271162.105,126.0387714,19784.58463,19155,8.28,581.417
6/22/2022 22:30,1011.1,43.939,15.224,43.743,439380.81,745902.8,270991.781,126.2380001,19885.8527,19160.656,8.214,584.098
6/22/2022 22:31,1011.1,43.94,15.486,43.75,439355.581,746050.905,270297.476,127.47166,20301.24102,19171.667,8.392,586.5
6/22/2022 22:32,1011.1,43.946,15.556,43.75,439350.924,746112.99,270228.924,127.6994753,20342.47913,19166.667,8.476,589.033
6/22/2022 22:33,1011.1,43.949,15.318,43.75,439395.305,746058.067,270973.524,125.5296096,19896.72241,19083.607,8.128,573.836
6/22/2022 22:34,1011.112,43.94,15.108,43.74,439411.048,745927.381,271416.314,124.7605527,19633.90582,19118.333,8.223,580.917
6/22/2022 22:35,1011.2,43.94,15.139,43.74,439395.276,745842.01,271243.79,125.5310266,19736.1064,19133.333,8.359,582.767
6/22/2022 22:36,1011.2,43.936,15.318,43.738,439370.781,745805.638,270777.019,126.7282989,20013.89752,19145.902,8.718,581.246
6/22/2022 22:37,1011.2,43.93,15.386,43.738,439364.914,745817.4,270645.2,127.0151891,20092.68673,19148.333,8.919,584.167
6/22/2022 22:38,1011.2,43.93,15.337,43.74,439368.724,745847.648,270857.781,126.8288787,19965.69928,19140,9.135,582.967
6/22/2022 22:39,1011.2,43.931,15.164,43.737,439381.781,745819.705,271299.886,126.190537,19702.8479,19131.148,9.094,580.557
6/22/2022 22:40,1011.2,43.94,15.207,43.74,439371.762,745887.371,271043.886,126.6803336,19854.84659,19141.667,9.085,583.417
6/22/2022 22:41,1011.2,43.94,15.267,43.747,439370.829,745948.19,270931.876,126.725952,19921.52921,19128.333,9.086,577.85
6/22/2022 22:42,1011.2,43.944,15.199,43.75,439384.552,746065.61,271087.533,126.055096,19828.89156,19157.377,9.106,581.295
6/22/2022 22:43,1011.2,43.95,15.31,43.75,439381.133,746028.81,270785.419,126.2222115,20008.88184,19146.667,9.17,578.583
6/22/2022 22:44,1011.2,43.947,15.211,43.744,439400.248,746055.876,271128.667,125.2881041,19804.44589,19116.667,8.753,569.267
6/22/2022 22:45,1011.2,43.94,15.132,43.74,439397.819,745989.781,271283.057,125.4067762,19712.82273,19120,8.933,573.6
6/22/2022 22:46,1011.2,43.94,15.127,43.74,439395.6,745956.352,271273.057,125.5151956,19718.75105,19145.902,8.939,575.738
6/22/2022 22:47,1011.2,43.94,15.295,43.74,439390.514,745954.648,270796.095,125.7637206,20002.50802,19153.333,8.894,575.633
6/22/2022 22:48,1011.2,43.94,15.366,43.741,439380.648,745947.943,270696.333,126.2459189,20062.10641,19125,8.906,572.783
6/22/2022 22:49,1011.2,43.94,15.414,43.74,439383.59,745974.581,270598.095,126.1021154,20120.87799,19154.098,8.847,574.344
6/22/2022 22:50,1011.2,43.94,15.353,43.742,439378.162,745962.971,270819.6,126.3674424,19988.47846,19158.333,8.864,572.95
6/22/2022 22:51,1011.2,43.94,15.17,43.741,439389.057,745975.171,271272.876,125.8349227,19718.85836,19151.667,8.855,570.85
6/22/2022 22:52,1011.2,43.94,15.09,43.75,439398.829,746022.552,271392.238,125.3574303,19648.15271,19155.738,8.681,570.557
6/22/2022 22:53,1011.2,43.94,15.09,43.75,439400.229,746054.867,271313.257,125.2890323,19694.92443,19160,8.585,570.45
6/22/2022 22:54,1011.2,43.94,15.324,43.75,439376.943,746016.143,270691.4,126.4270341,20065.05563,19165,8.722,572.883
6/22/2022 22:55,1011.2,43.94,15.489,43.745,439361.876,745975.314,270376.057,127.1637626,20254.01958,19160.656,8.704,571.934
6/22/2022 22:56,1011.2,43.94,15.542,43.748,439360.238,745979.8,270346.648,127.2438743,20271.68602,19158.333,8.687,571.033
6/22/2022 22:57,1011.2,43.94,15.541,43.75,439366.724,746030.695,270361.2,126.926677,20262.94348,19185,8.599,572.5
6/22/2022 22:58,1011.2,43.949,15.445,43.75,439371.79,746110.638,270609.867,126.6789646,20113.83093,19178.689,8.439,571.82
6/22/2022 22:59,1011.209,43.95,15.435,43.75,439371.79,746063.505,270586.495,126.6789646,20127.82325,19170,8.47,571.2
6/22/2022 23:00,1011.3,43.95,15.519,43.75,439363.667,746124.895,270368.057,127.0761722,20258.82456,19148.333,8.421,572.817
6/22/2022 23:01,1011.3,43.95,15.495,43.751,439373.457,746175.371,270490.476,126.5974609,20185.35708,19186.885,8.49,575.197
6/22/2022 23:02,1011.3,43.95,15.506,43.75,439373.61,746182.114,270421.152,126.5899806,20226.94476,19185,8.435,575.1
6/22/2022 23:03,1011.3,43.95,15.55,43.755,439368.381,746169.114,270313.619,126.8456507,20291.53592,19200,8.432,574.783
6/22/2022 23:04,1011.3,43.95,15.571,43.75,439366.724,746096.695,270310.381,126.926677,20293.48241,19203.279,8.404,576.344
6/22/2022 23:05,1011.3,43.947,15.548,43.743,439363.21,745997.267,270386.524,127.0985218,20247.73368,19175,8.221,571.1
6/22/2022 23:06,1011.3,43.94,15.575,43.74,439363.362,745901.495,270314.648,127.0910882,20290.91736,19205,8.363,575.45
6/22/2022 23:07,1011.3,43.94,15.571,43.74,439378.857,745942.486,270368.029,126.3334678,20258.84138,19221.311,8.306,576.508
6/22/2022 23:08,1011.3,43.94,15.582,43.74,439366.057,745946.924,270312.029,126.9592939,20292.49172,19228.333,8.338,576.783
6/22/2022 23:09,1011.3,43.94,15.624,43.74,439367.305,746018.733,270214.124,126.898266,20351.38751,19218.333,8.445,579.05
6/22/2022 23:10,1011.3,43.94,15.542,43.74,439373.676,745938.048,270481.114,126.5867537,20190.97096,19193.443,8.392,575.656
6/22/2022 23:11,1011.3,43.94,15.46,43.74,439376.219,745949.257,270629.314,126.4624283,20102.192,19211.667,8.43,577.483
6/22/2022 23:12,1011.3,43.94,15.468,43.744,439378.39,745965.648,270602.01,126.3562967,20118.53422,19191.667,8.314,576.25
6/22/2022 23:13,1011.3,43.94,15.333,43.75,439390.876,746044.819,270951.362,125.7460305,19909.92091,19152.459,8.142,569.656
6/22/2022 23:14,1011.3,43.948,15.224,43.75,439395.438,746106.533,271157.029,125.5231111,19787.59901,19203.333,8.244,574.75
6/22/2022 23:15,1011.3,43.95,15.159,43.756,439400.39,746163.867,271260.629,125.2811667,19726.11996,19178.333,8.198,572.633
6/22/2022 23:16,1011.3,43.95,15.161,43.76,439397.147,746217.951,271190.176,125.4396091,19767.91864,19186.885,8.227,572.885
6/22/2022 23:17,1011.3,43.95,15.262,43.76,439390.124,746249.99,270892.257,125.7827792,19945.14131,19206.667,8.038,572.883
6/22/2022 23:18,1011.3,43.95,15.347,43.76,439378.81,746213.619,270708.095,126.3357653,20055.07527,19200,8.077,572.817
6/22/2022 23:19,1011.3,43.95,15.406,43.75,439378.324,746164.876,270604.743,126.3595231,20116.89815,19204.918,8.205,574.426
6/22/2022 23:20,1011.3,43.95,15.471,43.75,439374.448,746060.438,270495.038,126.5490103,20182.62177,19203.333,8.319,577.133
6/22/2022 23:21,1011.3,43.949,15.509,43.75,439366.486,745998.552,270431.133,126.9383153,20220.95458,19205,8.441,580.517
6/22/2022 23:22,1011.3,43.94,15.351,43.75,439376.295,746002.543,270893.105,126.4587129,19944.63578,19157.377,8.254,571.246
6/22/2022 23:23,1011.3,43.94,15.27,43.75,439385.419,745975.59,270994.39,126.0127208,19884.29961,19206.667,8.511,578.867
6/22/2022 23:24,1011.3,43.94,15.381,43.74,439364.79,745875.219,270700.41,127.0212531,20059.66911,19193.333,8.616,578.1
6/22/2022 23:25,1011.3,43.94,15.425,43.74,439371.562,745865.01,270619.095,126.6901124,20108.30761,19191.803,8.659,577.689
6/22/2022 23:26,1011.3,43.94,15.488,43.74,439371.943,745875.943,270483.267,126.6714839,20189.67985,19215,8.635,577.783
6/22/2022 23:27,1011.3,43.94,15.414,43.74,439379.61,745915.486,270737.276,126.2966586,20037.63647,19156.667,8.396,571.667
6/22/2022 23:28,1011.3,43.94,15.235,43.742,439386.895,745911.219,271148.276,125.9405829,19792.79751,19163.934,8.461,573.902
6/22/2022 23:29,1011.3,43.94,15.277,43.745,439381.543,745943.41,270936.21,126.2021705,19918.94705,19188.333,8.533,576.683
6/22/2022 23:30,1011.3,43.94,15.384,43.741,439377.038,745961.686,270675.876,126.4223899,20074.33811,19208.333,8.52,578.383
6/22/2022 23:31,1011.3,43.94,15.453,43.745,439373.248,746006.829,270550.19,126.6076792,20149.5676,19193.333,8.392,575.283
6/22/2022 23:32,1011.3,43.94,15.374,43.74,439392.819,745941.686,270828.295,125.6510835,19983.28983,19149.18,8.297,572.787
6/22/2022 23:33,1011.3,43.94,15.384,43.74,439388.933,745896.438,270738.219,125.8409826,20037.07305,19183.333,8.401,576.867
6/22/2022 23:34,1011.3,43.937,15.469,43.74,439376.238,745821.019,270560.676,126.4614995,20143.28599,19193.333,8.43,577.483
6/22/2022 23:35,1011.365,43.93,15.482,43.731,439381.4,745776.2,270596.486,126.2091604,20121.84127,19186.885,8.463,577.787
6/22/2022 23:36,1011.4,43.93,15.443,43.732,439376.381,745723.352,270687.219,126.4545086,20067.55543,19180,8.479,578.2
6/22/2022 23:37,1011.4,43.93,15.376,43.733,439370.171,745737.514,270846.924,126.7581251,19972.1754,19178.333,8.462,577.65
6/22/2022 23:38,1011.4,43.933,15.234,43.74,439381.248,745826.076,271165.01,126.2165902,19782.85959,19172.131,8.435,577.902
6/22/2022 23:39,1011.4,43.94,15.329,43.74,439384.581,745882.676,270825.648,126.0536786,19984.86933,19200,8.147,574.85
6/22/2022 23:40,1011.4,43.94,15.236,43.748,439402.343,745996.086,271128.933,125.1857564,19804.28785,19211.667,8.016,574.183
6/22/2022 23:41,1011.4,43.94,15.315,43.75,439394.2,745994.41,270826.229,125.5836024,19984.52263,19216.393,8.026,574.787
6/22/2022 23:42,1011.4,43.943,15.461,43.75,439383.933,746032.571,270500.457,126.0853506,20179.37285,19216.667,8.126,577.533
6/22/2022 23:43,1011.4,43.95,15.512,43.75,439382.2,746117.048,270424.076,126.1700564,20225.18981,19221.667,8.102,578.083
6/22/2022 23:44,1011.4,43.95,15.527,43.75,439381.248,746131.771,270413.667,126.2165902,20231.43751,19222.951,8.162,579.197
6/22/2022 23:45,1011.4,43.95,15.522,43.75,439379.952,746121.476,270436.181,126.2799407,20217.92531,19215,8.214,579.95
6/22/2022 23:46,1011.4,43.95,15.51,43.75,439380.657,746100.752,270475.571,126.2454789,20194.29514,19223.333,8.262,580
6/22/2022 23:47,1011.4,43.94,15.489,43.744,439385.552,745953.057,270575.705,126.0062205,20134.28458,19226.23,8.255,578.934
6/22/2022 23:48,1011.4,43.94,15.47,43.74,439396.752,745872.581,270617.705,125.4589085,20109.13953,19201.667,8.307,577.4
6/22/2022 23:49,1011.4,43.94,15.456,43.74,439402.324,745884.905,270657.41,125.1866846,20085.38244,19215,8.301,576.733
6/22/2022 23:50,1011.4,43.94,15.408,43.746,439399.629,745950.724,270769.533,125.3183454,20018.36795,19200,8.327,575.77
6/22/2022 23:51,1011.4,43.94,15.359,43.75,439404.6,745982.79,270865.038,125.0755013,19961.3711,19170,8.307,573.2
6/22/2022 23:52,1011.4,43.94,15.325,43.75,439411.238,746052.2,270941.162,124.7512732,19915.9969,19158.333,8.331,569.45
6/22/2022 23:53,1011.4,43.943,15.317,43.75,439411.886,746088.19,270938.505,124.7196253,19917.57978,19159.016,8.218,567.836
6/22/2022 23:54,1011.4,43.95,15.316,43.752,439404.486,746122.4,270914.762,125.08107,19931.72714,19163.333,8.213,566.95
6/22/2022 23:55,1011.4,43.95,15.298,43.752,439415.01,746131.924,270948.105,124.5670595,19911.86096,19163.333,8.186,568.083
6/22/2022 23:56,1011.4,43.95,15.283,43.75,439416.381,746149.981,270985.21,124.5001086,19889.76456,19140.984,8.236,569.049
6/22/2022 23:57,1011.4,43.95,15.288,43.75,439420.476,746110.39,270959.752,124.3001501,19904.92378,19138.333,8.203,567.717
6/22/2022 23:58,1011.4,43.95,15.271,43.75,439414.829,746101.676,271000.181,124.5758985,19880.85254,19143.333,8.254,569.05
6/22/2022 23:59,1011.4,43.95,15.228,43.75,439411.895,746084.505,271091.39,124.7191858,19826.59875,19124.59,8.267,569
6/23/2022 0:00,1011.4,43.95,15.202,43.75,439409.59,746020.295,271123.171,124.8317629,19807.71128,19113.333,8.276,569.017
6/23/2022 0:01,1011.4,43.94,15.236,43.75,439412.533,746043.648,271029.762,124.6880269,19863.24905,19111.667,8.312,568.7
6/23/2022 0:02,1011.4,43.94,15.184,43.75,439401.581,746067.143,271192.086,125.2229819,19766.7849,19113.115,8.414,568.164
6/23/2022 0:03,1011.4,43.94,15.106,43.75,439405.105,746049.943,271364.933,125.0508328,19664.31638,19118.333,8.397,568.217
6/23/2022 0:04,1011.4,43.948,15.065,43.75,439415.314,746128.933,271442.829,124.5522138,19618.22144,19121.667,8.389,568.967
6/23/2022 0:05,1011.4,43.95,15.033,43.751,439410.076,746103.171,271462.81,124.8080258,19606.4061,19093.443,8.13,568.951
6/23/2022 0:06,1011.4,43.95,15.008,43.752,439416.105,746105.686,271509.971,124.5135864,19578.53205,19095,8.161,570.033
6/23/2022 0:07,1011.4,43.95,15.075,43.75,439415.705,746057.4,271319.743,124.5331198,19691.08146,19103.333,8.326,573.017
6/23/2022 0:08,1011.4,43.949,15.132,43.75,439421.686,746017.2,271212.067,124.2410704,19754.92648,19095.082,8.21,573.967
6/23/2022 0:09,1011.4,43.94,15.165,43.743,439427.352,746059.552,271142.105,123.9644473,19796.46293,19093.333,8.278,576.683
6/23/2022 0:10,1011.4,43.94,15.178,43.748,439419.124,745996.2,271136.01,124.3661656,19800.08352,19083.333,8.508,579.967
6/23/2022 0:11,1011.4,43.94,15.18,43.749,439425.21,745998.229,271143.39,124.069018,19795.69964,19083.607,8.586,582.197
6/23/2022 0:12,1011.4,43.94,15.159,43.749,439427.562,745980.324,271196.257,123.9541956,19764.30919,19066.667,8.584,583.367
6/23/2022 0:13,1011.4,43.94,15.147,43.747,439441.181,746028.81,271240.2,123.2894777,19738.23578,19098.333,8.604,583.917
6/23/2022 0:14,1011.4,43.94,15.121,43.749,439446.41,745998.495,271309.029,123.0343273,19697.42972,19065.574,8.58,583.459
6/23/2022 0:15,1011.4,43.94,15.094,43.75,439449.714,745966.905,271355.705,122.873127,19669.7805,19071.667,8.608,584.05
6/23/2022 0:16,1011.4,43.94,15.076,43.75,439458.371,746017.981,271402.4,122.4508276,19642.13877,19053.333,8.496,582.933
6/23/2022 0:17,1011.314,43.94,15.071,43.749,439469.086,746032.676,271423.571,121.928278,19629.6125,19053.333,8.586,584.633
6/23/2022 0:18,1011.3,43.94,15.05,43.75,439476.61,746060.467,271462.619,121.561441,19606.51902,19055.738,8.678,585.672
6/23/2022 0:19,1011.3,43.94,15.028,43.75,439461.857,746080.276,271483.505,122.280805,19594.17217,19041.667,8.677,584.933
6/23/2022 0:20,1011.3,43.949,15.02,43.75,439453.257,746093.324,271482.533,122.7002826,19594.74668,19046.667,8.651,583.767
6/23/2022 0:21,1011.3,43.945,15.028,43.75,439461.448,746048.838,271461.829,122.3007523,19606.98611,19026.23,8.608,582.672
6/23/2022 0:22,1011.3,43.94,15.023,43.75,439461.619,746025.305,271492.219,122.2924124,19589.02195,19013.333,8.585,582.633
6/23/2022 0:23,1011.3,43.94,15.016,43.75,439463.448,746044.867,271502.076,122.2032127,19583.19698,19021.667,8.645,585.733
6/23/2022 0:24,1011.3,43.94,15.016,43.749,439463.848,745974.676,271497.248,122.1837055,19586.04997,19001.639,8.682,588.77
6/23/2022 0:25,1011.3,43.94,15.019,43.742,439452.914,745969.81,271486.667,122.7170151,19592.30326,19016.667,8.679,589.933
6/23/2022 0:26,1011.3,43.94,15.014,43.74,439448.571,745913.086,271499.067,122.9288917,19584.97505,18990,8.692,590.967
6/23/2022 0:27,1011.254,43.94,15.011,43.74,439443.295,745920.114,271500.924,123.18632,19583.87771,19001.639,8.777,593.344
6/23/2022 0:28,1011.2,43.94,15.009,43.743,439444.695,745975.162,271497.419,123.1180071,19585.94892,18990,8.866,595.717
6/23/2022 0:29,1011.2,43.94,14.974,43.75,439423.771,745996.762,271562.619,124.1392723,19547.43757,18978.333,8.855,596.4
6/23/2022 0:30,1011.2,43.946,14.925,43.753,439421.333,746172.924,271657.067,124.2583058,19491.71528,18983.607,8.847,597.459
6/23/2022 0:31,1011.2,43.95,14.891,43.756,439425.305,746195.8,271720.771,124.06438,19454.17461,18956.667,8.448,590.667
6/23/2022 0:32,1011.2,43.95,14.891,43.753,439454.8,746192.124,271709.067,122.6250131,19461.06915,18961.667,8.368,588.65
6/23/2022 0:33,1011.2,43.95,14.91,43.75,439456.514,746097.229,271674.333,122.5414058,19481.53701,18950.82,8.335,587.836
6/23/2022 0:34,1011.2,43.95,14.928,43.75,439465.819,746116.79,271628.914,122.0875866,19508.31692,18941.667,8.363,588.567
6/23/2022 0:35,1011.2,43.95,14.936,43.75,439469.362,746125.743,271606.2,121.9148201,19521.71618,18946.667,8.534,592.2
6/23/2022 0:36,1011.2,43.95,14.94,43.75,439456.438,746118.838,271590.695,122.5451129,19530.86532,18945.902,8.539,593.377
6/23/2022 0:37,1011.2,43.95,14.958,43.75,439457.514,746114.61,271553.457,122.4926286,19552.84703,18948.333,8.547,594.483
6/23/2022 0:38,1011.2,43.95,14.964,43.75,439460.143,746062.076,271557.038,122.3643998,19550.73264,18951.667,8.527,595.2
6/23/2022 0:39,1011.2,43.943,14.952,43.75,439455.924,746039.619,271591.295,122.570185,19530.51123,18947.541,8.503,596.328
6/23/2022 0:40,1011.2,43.94,14.923,43.748,439447.895,746034.476,271656.467,122.9618732,19492.06902,18933.333,8.446,597.15
6/23/2022 0:41,1011.2,43.94,14.92,43.742,439450.857,745980.724,271662.771,122.8173642,19488.3525,18943.333,8.444,598.9
6/23/2022 0:42,1011.2,43.94,14.909,43.74,439436.848,745909.124,271689.038,123.5009359,19472.87046,18919.672,8.489,600.885
6/23/2022 0:43,1011.2,43.94,14.879,43.74,439436.133,745944.514,271747.638,123.5358316,19438.3524,18900,8.474,600.4
6/23/2022 0:44,1011.2,43.94,14.896,43.746,439445.705,745989.81,271704.81,123.0687258,19463.57713,18910,8.449,599.583
6/23/2022 0:45,1011.107,43.945,14.913,43.751,439446.648,746101.99,271650.771,123.0227149,19495.4274,18895.082,8.473,599.23
6/23/2022 0:46,1011.1,43.95,14.874,43.76,439455.352,746219.438,271729.838,122.5980866,19448.83428,18901.667,8.476,598.55
6/23/2022 0:47,1011.1,43.95,14.865,43.76,439465.952,746246.048,271749.924,122.0811009,19437.00644,18890,8.442,597.083
6/23/2022 0:48,1011.1,43.95,14.861,43.759,439475.086,746203.086,271762.886,121.6357383,19429.37547,18873.77,8.47,596.705
6/23/2022 0:49,1011.1,43.95,14.88,43.75,439473.162,746179.581,271719.486,121.7295407,19454.93152,18885,8.294,593.333
6/23/2022 0:50,1011.1,43.948,14.919,43.75,439450.371,746072.352,271628.581,122.8410741,19508.51333,18880,8.239,591.883
6/23/2022 0:51,1011.1,43.94,14.962,43.749,439440.21,746066.19,271522.067,123.336862,19571.38591,18883.607,8.156,590.59
6/23/2022 0:52,1011.1,43.94,14.972,43.75,439445.695,746014.143,271515.448,123.0692137,19575.29616,18885,8.219,591.533
6/23/2022 0:53,1011.1,43.94,14.975,43.745,439446.276,745957.057,271526.952,123.0408654,19568.50028,18893.333,8.172,590.35
6/23/2022 0:54,1011.1,43.94,14.936,43.74,439439.981,745921.838,271654.667,123.3480373,19493.13028,18890.164,8.033,588.082
6/23/2022 0:55,1011.1,43.94,14.886,43.74,439437.248,745863.657,271754.733,123.4814141,19434.17512,18880,7.87,585.217
6/23/2022 0:56,1011.1,43.94,14.872,43.74,439431.095,745825.895,271784.562,123.7817322,19416.61765,18895,7.816,583.483
6/23/2022 0:57,1011.1,43.94,14.916,43.74,439446.286,745884.343,271623.971,123.0403775,19511.23248,18880.328,7.819,582.475
6/23/2022 0:58,1011.1,43.94,14.983,43.74,439439.657,745928.733,271465.448,123.3638487,19604.84643,18890,7.74,581.633
6/23/2022 0:59,1011.1,43.94,15.002,43.744,439438.762,745995.676,271441.829,123.4075261,19618.81286,18905,7.743,581.167
6/23/2022 1:00,1011.1,43.94,14.974,43.75,439432.514,746057.19,271503.476,123.7124685,19582.36972,18888.525,7.871,581.902
6/23/2022 1:01,1011.1,43.94,14.977,43.75,439420.543,746012.505,271475.324,124.2968787,19599.00796,18875,7.898,580.283
6/23/2022 1:02,1011.1,43.94,14.978,43.747,439423.629,746015.99,271489.59,124.1462051,19590.57569,18906.667,7.804,579.417
6/23/2022 1:03,1011.1,43.94,15.038,43.75,439415.705,745980.971,271339.933,124.5331198,19679.12118,18904.918,7.798,579.623
6/23/2022 1:04,1011.1,43.94,15.11,43.75,439400.876,746025.467,271178.419,125.2574236,19774.89804,18915,7.886,579.917
6/23/2022 1:05,1011.1,43.94,15.106,43.75,439402.086,746070.638,271216.8,125.1983114,19752.11801,18920,8.017,581.267
6/23/2022 1:06,1011.1,43.94,14.975,43.749,439411.143,745948.971,271583.695,124.7559129,19534.99653,18921.311,7.989,577.115
6/23/2022 1:07,1011.1,43.94,14.934,43.746,439417.314,745912.181,271631.667,124.4545483,19506.69319,18920,8.074,578.967
6/23/2022 1:08,1011.1,43.94,15.036,43.746,439405.933,745912.371,271352.295,125.0103871,19671.79983,18930,8.208,580.55
6/23/2022 1:09,1011.1,43.94,15.047,43.749,439410.438,745894.81,271364.99,124.7903454,19664.28263,18934.426,8.285,580.131
6/23/2022 1:10,1011.1,43.94,15.07,43.748,439412.819,745897.019,271323.752,124.6740593,19688.70631,18955,8.428,581.017
6/23/2022 1:11,1011.1,43.94,14.966,43.742,439418.257,745861.886,271615.657,124.4085008,19516.13684,18951.667,8.482,581.967
6/23/2022 1:12,1011.1,43.94,14.908,43.743,439430.705,745945.676,271754.829,123.8007692,19434.11861,18944.262,8.537,583.443
6/23/2022 1:13,1011.1,43.94,14.881,43.75,439422.429,745949.562,271758.171,124.2047934,19432.15111,18950,8.511,583.567
6/23/2022 1:14,1011.1,43.94,14.86,43.75,439426.8,745975.79,271816.743,123.9913949,19397.68436,18908.333,8.23,576.983
6/23/2022 1:15,1011.1,43.945,14.829,43.75,439436.4,746037.762,271857.2,123.5228005,19373.89463,18937.705,8.381,582.246
6/23/2022 1:16,1011.1,43.95,14.822,43.75,439434.571,746034.114,271854.486,123.6120678,19375.49009,18936.667,8.392,583.533
6/23/2022 1:17,1011.1,43.95,14.82,43.75,439426.39,746048.705,271846.438,124.0114106,19380.22158,18936.667,8.513,583.7
6/23/2022 1:18,1011.1,43.95,14.817,43.75,439431.457,746088.6,271863.4,123.7640621,19370.25012,18953.333,8.698,584.883
6/23/2022 1:19,1011.1,43.95,14.793,43.75,439434.524,746111.505,271920.41,123.6143618,19336.75374,18927.869,8.538,581.672
6/23/2022 1:20,1011.1,43.95,14.806,43.75,439425.295,746109.343,271865.79,124.0648682,19368.8453,18966.667,8.718,586.9
6/23/2022 1:21,1011.1,43.95,14.862,43.75,439407.4,746090.99,271683.886,124.93873,19475.90663,18963.333,8.86,588.367
6/23/2022 1:22,1011.1,43.95,14.994,43.75,439398.038,746066.952,271338.257,125.3960763,19680.11389,18959.016,8.712,586.41
6/23/2022 1:23,1011.1,43.95,15.07,43.75,439393.457,746040.81,271226.133,125.619908,19746.58057,18983.333,8.485,585.167
6/23/2022 1:24,1011.1,43.943,15.071,43.744,439407.229,745992.286,271298.133,124.9470825,19703.88682,18961.667,8.575,586.417
6/23/2022 1:25,1011.1,43.94,14.944,43.74,439414.933,745900.733,271664.905,124.5708197,19487.09448,18959.016,8.497,582.852
6/23/2022 1:26,1011.1,43.94,14.881,43.74,439425.8,745860.219,271802.39,124.040214,19406.12767,18965,8.448,581.85
6/23/2022 1:27,1011.07,43.94,14.845,43.742,439420.876,745953.6,271850.781,124.2806194,19377.66822,18960,8.463,581.217
6/23/2022 1:28,1011,43.941,14.829,43.75,439431.019,746030.314,271853.781,123.7854419,19375.90454,18980.328,8.52,583.344
6/23/2022 1:29,1011,43.95,14.827,43.758,439438.886,746198.895,271832.638,123.4014746,19388.33602,18991.667,8.493,584.7
6/23/2022 1:30,1011,43.954,14.817,43.76,439429.048,746297.848,271828.771,123.8816544,19390.61013,18968.333,8.303,579.15
6/23/2022 1:31,1011,43.96,14.784,43.76,439439.2,746314.257,271902.343,123.3861509,19347.36603,18962.295,8.239,578.377
6/23/2022 1:32,1011,43.96,14.804,43.76,439436.162,746274.086,271851.095,123.5344162,19377.48362,19001.667,8.269,579.55
6/23/2022 1:33,1011,43.951,14.809,43.752,439434.762,746173.371,271846.114,123.6027455,19380.41208,18993.333,8.275,577.083
6/23/2022 1:34,1011,43.95,14.812,43.75,439429.99,746075.133,271857.752,123.8356709,19373.57014,19001.639,8.246,575
6/23/2022 1:35,1011,43.948,14.825,43.746,439436.21,746013.705,271844.667,123.5320736,19381.26284,18998.333,8.276,574.983
6/23/2022 1:36,1011,43.94,14.833,43.742,439434.076,745953.933,271834.8,123.6362279,19387.06465,19008.333,8.166,572.817
6/23/2022 1:37,1011,43.94,14.829,43.744,439440.352,745954.105,271852.029,123.3299324,19376.93452,19019.672,8.044,568.852
6/23/2022 1:38,1011,43.942,14.831,43.75,439437.724,746003.686,271827.324,123.4581834,19391.46111,19033.333,8.097,571.717
6/23/2022 1:39,1011,43.95,14.836,43.75,439445.781,746125.133,271824.038,123.0650176,19393.39368,19008.333,8.066,567.133
6/23/2022 1:40,1011,43.95,14.83,43.755,439445.562,746197.095,271815.952,123.0757032,19398.14963,19022.951,8.159,569.541
6/23/2022 1:41,1011,43.955,14.83,43.76,439441.676,746289.657,271805.133,123.2653225,19404.51393,19031.667,8.236,569.917
6/23/2022 1:42,1011,43.96,14.82,43.76,439447.505,746332.771,271820.943,122.9809012,19395.214,19030,8.03,567.467
6/23/2022 1:43,1011,43.96,14.813,43.76,439449.819,746347.59,271830.305,122.8680044,19389.708,19049.18,8.085,567.984
6/23/2022 1:44,1011,43.958,14.913,43.755,439443.924,746240.581,271538.952,123.1556277,19561.41261,19063.333,7.805,568.883
6/23/2022 1:45,1011,43.95,15.128,43.75,439409.81,746158.629,271054.438,124.8210177,19848.57026,19053.333,7.667,568.117
6/23/2022 1:46,1011,43.95,15.169,43.748,439423.41,746022.705,271065.438,124.1568973,19842.02848,19073.77,7.675,569.869
6/23/2022 1:47,1011,43.941,15.135,43.74,439431.829,745956.543,271202.905,123.7459041,19760.36356,19068.333,7.619,570.567
6/23/2022 1:48,1011,43.94,15.188,43.74,439425.933,745877.41,271065.238,124.033721,19842.14741,19058.333,7.649,572.033
6/23/2022 1:49,1011,43.94,15.096,43.74,439436.695,745943.324,271371.619,123.508403,19660.35789,19052.459,7.482,569.967
6/23/2022 1:50,1011,43.94,14.968,43.744,439447.21,745963.895,271633.143,122.9952944,19505.82267,19088.333,7.685,575.567
6/23/2022 1:51,1011,43.94,14.936,43.749,439446.6,745987.048,271662.095,123.0250569,19488.75102,19095,7.607,574.917
6/23/2022 1:52,1011,43.94,14.925,43.75,439445.4,746065.59,271671.99,123.0836076,19482.91805,19070.492,7.55,575.967
6/23/2022 1:53,1011,43.949,14.92,43.75,439446.733,746092.124,271667.695,123.0185677,19485.44979,19080,7.606,580
6/23/2022 1:54,1011,43.95,14.919,43.75,439446.39,746128.067,271658.114,123.0353031,19491.098,19083.333,7.658,585.117
6/23/2022 1:55,1011,43.95,14.896,43.755,439455.952,746147.076,271702.048,122.5688192,19465.20443,19070.492,7.367,580.623
6/23/2022 1:56,1011,43.95,14.882,43.751,439454.21,746138.81,271713.724,122.6537937,19458.32568,19076.667,7.431,583.933
6/23/2022 1:57,1011,43.95,14.893,43.75,439446.219,746078.6,271702.61,123.0436466,19464.87331,19065,7.402,585.75
6/23/2022 1:58,1011,43.95,14.885,43.75,439450.848,746013.914,271713.01,122.8178032,19458.74629,19068.333,7.35,587.45
6/23/2022 1:59,1011,43.945,14.888,43.75,439447.133,745986.771,271706.01,122.9990513,19462.87014,19078.689,7.332,589.738
6/23/2022 2:00,1011,43.94,14.882,43.744,439451.133,746001.4,271717.4,122.8038994,19456.16026,19058.333,7.302,590.483
6/23/2022 2:01,1011,43.94,14.879,43.74,439449.143,745867.867,271735.371,122.9009847,19445.57577,19051.667,7.195,588.4
6/23/2022 2:02,1011,43.94,14.876,43.745,439441.124,745870.343,271736.095,123.2922593,19445.14941,19065.574,7.212,590.607
6/23/2022 2:03,1011,43.94,14.873,43.75,439452.505,745983.352,271734.181,122.7369673,19446.27657,19083.333,7.199,591.9
6/23/2022 2:04,1011,43.945,14.843,43.75,439472.133,746096.286,271815.6,121.7797104,19398.35668,18986.667,6.715,576.267
6/23/2022 2:05,1011,43.95,14.817,43.75,439475.752,746038.686,271875.876,121.6032694,19362.91742,19026.23,6.914,583.18
6/23/2022 2:06,1011,43.945,14.823,43.747,439455.219,745995.505,271828.629,122.6045743,19390.69363,19050,6.954,585.1
6/23/2022 2:07,1011,43.94,14.824,43.74,439463.59,745888.667,271854.829,122.1962876,19375.28845,19008.333,6.753,576.467
6/23/2022 2:08,1011,43.94,14.81,43.74,439483.21,745861.343,271936.343,121.2397177,19327.39726,19001.639,6.467,570.59
6/23/2022 2:09,1011,43.94,14.811,43.74,439476.81,745946.924,271890.143,121.5516909,19354.53371,18998.333,6.6,575.75
6/23/2022 2:10,1011,43.94,14.809,43.747,439472.429,746002,271881.057,121.7652786,19359.87271,19015,6.578,575.85
6/23/2022 2:11,1011,43.94,14.792,43.75,439483.629,746022.667,271929.714,121.2192952,19331.2898,18962.295,6.33,567.393
6/23/2022 2:12,1011,43.95,14.779,43.75,439490.229,746090.933,271942.876,120.8976352,19323.56145,18993.333,6.431,570.983
6/23/2022 2:13,1011,43.95,14.776,43.75,439486.514,746090.667,271941.105,121.0786835,19324.60125,18993.333,6.407,568.583
6/23/2022 2:14,1011,43.95,14.787,43.75,439487.038,746134.752,271917.362,121.0531455,19338.54389,19008.197,6.536,572.328
6/23/2022 2:15,1011,43.95,14.799,43.75,439485.105,746066.152,271898.524,121.1473552,19349.60961,19000,6.564,573.1
6/23/2022 2:16,1011,43.943,14.806,43.746,439475.629,745954.362,271881.429,121.6092658,19359.65411,19011.667,6.543,573.2
6/23/2022 2:17,1011,43.94,14.81,43.742,439480.562,745929.743,271891.429,121.3687899,19353.77811,18986.885,6.467,571.246
6/23/2022 2:18,1011,43.94,14.804,43.749,439480.81,745942.952,271904.762,121.3567011,19345.94498,19003.333,6.441,570.833
6/23/2022 2:19,1011,43.94,14.802,43.75,439469.276,745960.286,271891.133,121.9190135,19353.95203,18998.333,6.424,570.467
6/23/2022 2:20,1011,43.95,14.79,43.75,439478.695,746073.771,271906.048,121.4597993,19345.18953,18980.328,6.369,566.426
6/23/2022 2:21,1011,43.95,14.76,43.753,439491.8,746081.048,271989.152,120.8210792,19296.40136,18933.333,6.084,557.583
6/23/2022 2:22,1011,43.95,14.736,43.752,439511.61,746099.229,272069.276,119.8560115,19249.4189,18921.667,5.96,553.45
6/23/2022 2:23,1011,43.95,14.731,43.75,439504.686,746056.933,272069.171,120.1932615,19249.48043,18963.934,6.102,556.951
6/23/2022 2:24,1011,43.95,14.747,43.75,439493.79,746043.467,272024.848,120.7241097,19275.46341,18955,6.193,558.383
6/23/2022 2:25,1011,43.95,14.747,43.75,439490.324,746045.543,272024.505,120.8930057,19275.66455,18946.667,6.249,553.683
6/23/2022 2:26,1011,43.95,14.741,43.75,439482.314,746074.486,272028.143,121.2833906,19273.53123,18945.902,6.284,554.475
6/23/2022 2:27,1011,43.946,14.736,43.749,439486.629,745986.971,272035.41,121.0730787,19269.27023,18940,6.413,554.083
6/23/2022 2:28,1011,43.94,14.731,43.74,439486.48,745919.549,272064.147,121.0803405,19252.42474,18923.333,6.436,547.483
6/23/2022 2:29,1011,43.94,14.716,43.74,439489.2,745895.752,272118.6,120.947781,19220.52415,18891.803,6.215,540.902
6/23/2022 2:30,1011,43.94,14.698,43.741,439503.8,745902.41,272180.067,120.2364209,19184.54512,18873.333,6.014,535.417
6/23/2022 2:31,1011,43.94,14.681,43.747,439504.733,745891.676,272197.114,120.190972,19174.57261,18920,6.212,542.05
6/23/2022 2:32,1011,43.94,14.692,43.75,439500.057,746046.067,272153.295,120.4187645,19200.21182,18888.525,6.182,540.984
6/23/2022 2:33,1011,43.94,14.693,43.75,439501.705,746076.752,272150.048,120.3384783,19202.11235,18875,6.202,538.117
6/23/2022 2:34,1010.972,43.946,14.665,43.75,439507.667,746094.143,272215.343,120.0480567,19163.91139,18853.333,6.134,534.3
6/23/2022 2:35,1010.9,43.941,14.669,43.75,439503.219,746082.657,272189.143,120.2647236,19179.23534,18878.689,6.172,535.672
6/23/2022 2:36,1010.9,43.94,14.674,43.75,439499.743,746049.229,272183.714,120.4340621,19182.41141,18870,6.184,534.267
6/23/2022 2:37,1010.9,43.94,14.671,43.749,439495.571,746010.524,272188.286,120.6373291,19179.73669,18871.667,6.153,531.2
6/23/2022 2:38,1010.9,43.94,14.665,43.75,439505.829,746002.438,272223.667,120.1375844,19159.04405,18840.984,6.082,528.705
6/23/2022 2:39,1010.9,43.94,14.664,43.749,439506.819,746003.524,272220.352,120.0893616,19160.98237,18850,6.092,527.85
6/23/2022 2:40,1010.9,43.94,14.667,43.75,439496.667,746001.752,272214.038,120.5839278,19164.67452,18855,6.013,525.033
6/23/2022 2:41,1010.9,43.94,14.665,43.75,439504.124,746040.714,272221.324,120.2206379,19160.41402,18846.667,5.955,523.533
6/23/2022 2:42,1010.9,43.942,14.639,43.75,439513.971,746111.943,272294.743,119.7410283,19117.50766,18801.639,5.718,516.934
6/23/2022 2:43,1010.9,43.95,14.62,43.751,439512.095,746145.467,272301.886,119.8323909,19113.33574,18820,5.82,519.067
6/23/2022 2:44,1010.9,43.95,14.623,43.754,439511.362,746148.133,272287.838,119.8680898,19121.541,18823.333,5.768,518.483
6/23/2022 2:45,1010.9,43.95,14.622,43.758,439511.295,746204.952,272284.543,119.8713529,19123.46581,18793.443,5.717,517.23
6/23/2022 2:46,1010.9,43.95,14.614,43.759,439515.895,746258.924,272306.257,119.6473331,19110.78304,18801.667,5.717,516.933
6/23/2022 2:47,1010.9,43.95,14.607,43.758,439512.619,746239.448,272316.771,119.8068712,19104.64345,18806.667,5.729,516.25
6/23/2022 2:48,1010.9,43.95,14.604,43.754,439525.057,746225.895,272338.229,119.2012303,19092.11613,18786.885,5.722,515.508
6/23/2022 2:49,1010.9,43.95,14.601,43.75,439522.352,746174.981,272348.867,119.3329263,19085.90706,18793.333,5.745,515.583
6/23/2022 2:50,1010.9,43.945,14.606,43.748,439526.81,746060.295,272343.257,119.1158888,19089.18132,18795,5.882,518.317
6/23/2022 2:51,1010.921,43.94,14.605,43.747,439525.21,745981.2,272361.829,119.1937816,19078.34287,18777.049,5.603,514.082
6/23/2022 2:52,1011,43.94,14.658,43.744,439503.467,745958.619,272172.848,120.2526425,19188.769,18763.333,5.51,514.05
6/23/2022 2:53,1011,43.94,14.758,43.75,439481.124,745986.629,271924.314,121.3413954,19334.46095,18768.333,5.54,516.25
6/23/2022 2:54,1011,43.94,14.782,43.743,439472.648,746006.562,271878.79,121.754601,19361.20493,18739.344,5.471,515.541
6/23/2022 2:55,1011,43.94,14.807,43.744,439464.733,745958.648,271845.943,122.1405464,19380.51261,18776.667,5.563,519.417
6/23/2022 2:56,1011,43.94,14.833,43.74,439465.133,745975.2,271794.676,122.1210399,19410.66625,18780,5.627,521.45
6/23/2022 2:57,1011,43.94,14.849,43.741,439463.562,745994.4,271766.171,122.1976531,19427.44177,18786.885,5.701,524.492
6/23/2022 2:58,1011,43.94,14.844,43.743,439468.857,745979.476,271802.79,121.9394443,19405.89234,18805,5.75,526.55
6/23/2022 2:59,1011,43.94,14.817,43.74,439475.81,745953.448,271876.6,121.6004418,19362.49193,18771.667,5.704,526.133
6/23/2022 3:00,1011,43.94,14.656,43.74,439521.971,745937.838,272355.095,119.3514765,19082.27243,18688.525,5.376,518.344
6/23/2022 3:01,1011,43.94,14.605,43.74,439528.676,745925.124,272410.21,119.0250507,19050.12207,18730,5.597,525.133
6/23/2022 3:02,1011,43.94,14.606,43.744,439524.648,746003.476,272360.514,119.2211423,19079.11019,18763.333,5.664,527.783
6/23/2022 3:03,1011,43.943,14.68,43.75,439500.029,746112.857,272113.771,120.4201286,19223.35212,18763.934,5.693,529.885
6/23/2022 3:04,1011,43.95,14.825,43.756,439460.771,746207.4,271699.876,122.3337707,19466.48416,18781.667,5.765,533.35
6/23/2022 3:05,1011,43.95,14.864,43.76,439463.952,746270.324,271660.533,122.1786336,19489.67187,18773.333,5.826,536.617
6/23/2022 3:06,1011,43.95,14.795,43.76,439488.781,746316.01,271896.019,120.9682004,19351.08131,18785.246,5.899,540.164
6/23/2022 3:07,1011,43.95,14.714,43.751,439509.267,746233.324,272084.524,119.9701256,19240.48415,18803.333,5.939,542.55
6/23/2022 3:08,1011,43.948,14.703,43.746,439502.733,746084.867,272128.038,120.2883988,19214.99761,18786.667,5.984,545.717
6/23/2022 3:09,1011,43.94,14.781,43.74,439470.476,745989.448,271874.076,121.860502,19363.97528,18819.672,6.082,549.852
6/23/2022 3:10,1011,43.94,14.796,43.74,439464.81,745890.781,271897.352,122.1367914,19350.29816,18816.667,6.132,552.783
6/23/2022 3:11,1011,43.94,14.728,43.745,439486.314,746002.629,272067.048,121.0884309,19250.72459,18840,6.199,555.967
6/23/2022 3:12,1010.972,43.942,14.768,43.75,439460.438,746050.571,271933.59,122.3500119,19329.01377,18844.262,6.262,559.066
6/23/2022 3:13,1010.9,43.95,14.708,43.756,439476.886,746147.562,272062.533,121.5479859,19253.37068,18833.333,6.222,559.467
6/23/2022 3:14,1010.9,43.95,14.798,43.76,439446.181,746173.933,271766.19,123.0455006,19427.43058,18810,6.064,556.733
6/23/2022 3:15,1010.9,43.95,14.869,43.758,439445.286,746208.21,271644.438,123.08917,19499.16167,18847.541,6.176,560.541
6/23/2022 3:16,1010.9,43.95,14.889,43.752,439439.019,746118.467,271627.829,123.394984,19508.95687,18836.667,6.169,560.483
6/23/2022 3:17,1010.9,43.95,14.917,43.75,439439.705,746076.914,271583.79,123.3615063,19534.94046,18811.667,6.158,560.933
6/23/2022 3:18,1010.9,43.95,14.888,43.75,439450.895,746120.895,271677.057,122.8155103,19479.93145,18822.951,6.187,563.131
6/23/2022 3:19,1010.9,43.95,14.911,43.751,439442.905,746151.781,271593.714,123.2053506,19529.08371,18823.333,6.228,565.283
6/23/2022 3:20,1010.9,43.95,14.91,43.758,439444.39,746151.19,271619.438,123.1328893,19513.90639,18831.667,6.22,566.733
6/23/2022 3:21,1010.9,43.95,14.788,43.758,439469.533,746164.59,271946.248,121.9064821,19321.58175,18798.361,6.221,567.787
6/23/2022 3:22,1010.9,43.95,14.737,43.76,439479.048,746170.8,272028.638,121.4425914,19273.24098,18783.333,6.28,569.667
6/23/2022 3:23,1010.9,43.95,14.691,43.752,439485.457,746145.6,272124.133,121.1301992,19217.28414,18813.333,6.302,570.583
6/23/2022 3:24,1010.9,43.95,14.669,43.75,439487.629,746087.057,272152.371,121.0243427,19200.75265,18811.667,6.361,573.117
6/23/2022 3:25,1010.9,43.945,14.661,43.75,439483.267,746009.943,272164.048,121.2369395,19193.91854,18814.754,6.407,575.82
6/23/2022 3:26,1010.9,43.94,14.658,43.75,439481.429,746001.076,272176.629,121.3265284,19186.55666,18791.667,6.415,576.967
6/23/2022 3:27,1010.9,43.94,14.651,43.75,439486.057,745960.61,272190.276,121.1009564,19178.57255,18820,6.443,578.883
6/23/2022 3:28,1010.9,43.94,14.649,43.75,439493.381,745992.029,272197.038,120.7440392,19174.61706,18793.443,6.437,580.23
6/23/2022 3:29,1010.9,43.94,14.648,43.75,439497.838,745965.105,272204,120.526874,19170.545,18795,6.447,582.7
6/23/2022 3:30,1010.9,43.94,14.667,43.75,439482.152,746038.343,272105.733,121.291287,19228.05981,18808.333,6.473,585.417
6/23/2022 3:31,1010.9,43.95,14.682,43.75,439484.838,746108.533,272081.019,121.1603685,19242.53777,18809.836,6.527,589.656
6/23/2022 3:32,1010.847,43.95,14.649,43.75,439487.79,746077.914,272165.048,121.0164963,19193.33333,18795,6.603,594
6/23/2022 3:33,1010.8,43.95,14.638,43.75,439480.61,746050.371,272176.505,121.3664501,19186.62921,18805,6.727,599.15
6/23/2022 3:34,1010.8,43.95,14.623,43.75,439485.543,746049.971,272210.6,121.1260077,19166.68505,18795.082,6.631,596.131
6/23/2022 3:35,1010.8,43.941,14.624,43.75,439472.19,745956.695,272183.181,121.7769313,19182.72324,18813.333,6.656,596.2
6/23/2022 3:36,1010.8,43.94,14.796,43.75,439441.4,745965.229,271730.171,123.2787908,19448.63816,18806.667,6.638,595.483
6/23/2022 3:37,1010.8,43.94,14.899,43.75,439424.771,745916.171,271552.657,124.0904503,19553.3194,18798.361,6.641,596.59
6/23/2022 3:38,1010.8,43.94,14.937,43.75,439412.962,745964.2,271464.8,124.6670755,19605.22954,18818.333,6.649,598.433
6/23/2022 3:39,1010.8,43.946,14.901,43.75,439427.552,746029.333,271598.467,123.9546838,19526.27898,18815,6.688,601.65
6/23/2022 3:40,1010.8,43.95,14.935,43.75,439416.171,746021.638,271473.8,124.5103635,19599.90886,18818.033,6.775,606.098
6/23/2022 3:41,1010.8,43.941,14.991,43.744,439413.105,745925.21,271365.067,124.6600918,19664.23704,18831.667,6.837,610.55
6/23/2022 3:42,1010.8,43.94,15.023,43.74,439414.505,745837.467,271364.99,124.5917211,19664.28263,18813.333,6.89,614.783
6/23/2022 3:43,1010.8,43.94,14.977,43.74,439422.743,745800.095,271493.933,124.1894626,19588.00901,18818.033,6.893,616.721
6/23/2022 3:44,1010.8,43.94,14.867,43.74,439452.79,745898.705,271792.552,122.7230641,19411.916,18818.333,6.854,618.133
6/23/2022 3:45,1010.8,43.94,14.747,43.749,439471.286,745985.829,272027.962,121.8210077,19273.63737,18796.667,6.77,616.517
6/23/2022 3:46,1010.8,43.94,14.703,43.75,439470.419,746068.124,272067.048,121.8632812,19250.72459,18809.836,6.799,620.016
6/23/2022 3:47,1010.8,43.95,14.678,43.75,439477.295,746137.933,272095.657,121.5280473,19233.9619,18800,6.787,621.517
6/23/2022 3:48,1010.8,43.95,14.658,43.751,439493.295,746198.086,272124.905,120.7482298,19216.83209,18811.667,6.799,623.85
6/23/2022 3:49,1010.8,43.949,14.653,43.75,439483.39,746099.6,272131.61,121.2309443,19212.90618,18800,6.804,625.787
6/23/2022 3:50,1010.8,43.94,14.652,43.748,439479.029,745985.067,272138.619,121.4435176,19208.80268,18785,6.794,627.3
6/23/2022 3:51,1010.8,43.94,14.645,43.742,439468.181,745969.743,272146.81,121.9724071,19204.0077,18788.333,6.815,628.633
6/23/2022 3:52,1010.8,43.94,14.632,43.75,439478.695,745947.095,272175.467,121.4597993,19187.23656,18759.016,6.86,630.557
6/23/2022 3:53,1010.8,43.94,14.62,43.75,439473.238,745982.114,272184.438,121.7258353,19181.98784,18773.333,6.876,630.55
6/23/2022 3:54,1010.8,43.94,14.608,43.75,439472.095,746029.743,272195.952,121.7815632,19175.2523,18758.333,6.984,632.617
6/23/2022 3:55,1010.8,43.94,14.599,43.75,439484.067,746044.952,272230.848,121.1979468,19154.84554,18767.213,7.043,632.934
6/23/2022 3:56,1010.8,43.94,14.594,43.75,439476.124,745975.971,272232.8,121.5851339,19153.70435,18768.333,7.071,632
6/23/2022 3:57,1010.8,43.94,14.643,43.745,439465.257,745867.705,272107.362,122.1149929,19227.1057,18740,6.968,627.567
6/23/2022 3:58,1010.8,43.94,14.675,43.74,439469.286,745884.667,272060.914,121.9185259,19254.31956,18727.869,6.954,624.787
6/23/2022 3:59,1010.8,43.94,14.675,43.741,439475.305,745868.819,272083.21,121.6250615,19241.25403,18705,6.844,620.283
6/23/2022 4:00,1010.8,43.94,14.668,43.741,439473.686,745889.676,272086.571,121.7039932,19239.28484,18706.667,6.894,619.567
6/23/2022 4:01,1010.8,43.94,14.679,43.74,439469.762,745855.476,272071.01,121.8953161,19248.40274,18695,6.979,619.233
6/23/2022 4:02,1010.8,43.934,14.661,43.74,439478.552,745821.571,272129.619,121.4667702,19214.07191,18688.525,7.054,618.754
6/23/2022 4:03,1010.8,43.934,14.658,43.74,439479.152,745796.2,272134.714,121.4375218,19211.08885,18678.333,7.09,617.283
6/23/2022 4:04,1010.8,43.94,14.625,43.741,439488.352,745906.076,272227.124,120.9891073,19157.02279,18671.667,7.072,615.167
6/23/2022 4:05,1010.8,43.94,14.58,43.744,439485.448,745886.505,272328.133,121.1306378,19098.00975,18663.934,7.146,614.967
6/23/2022 4:06,1010.8,43.94,14.558,43.75,439481.362,745955.419,272350.133,121.3297943,19085.1682,18651.667,7.189,614.517
6/23/2022 4:07,1010.8,43.941,14.542,43.75,439487.114,746059.933,272374.905,121.0494416,19070.71361,18648.333,7.318,616.683
6/23/2022 4:08,1010.8,43.95,14.53,43.75,439485.971,746143.257,272374.876,121.1051478,19070.73053,18655.738,7.347,617.262
6/23/2022 4:09,1010.8,43.95,14.52,43.75,439488.724,746104.41,272402.486,120.9709782,19054.62615,18648.333,7.359,617.283
6/23/2022 4:10,1010.8,43.944,14.523,43.75,439487.133,746036,272412.705,121.0485156,19048.66727,18650,7.371,617.317
6/23/2022 4:11,1010.8,43.94,14.531,43.744,439497,745978.886,272402.743,120.5677031,19054.47628,18644.262,7.378,617.967
6/23/2022 4:12,1010.8,43.94,14.532,43.745,439488.276,745922.981,272395.99,120.9928111,19058.41455,18636.667,7.402,619.617
6/23/2022 4:13,1010.709,43.94,14.536,43.745,439471.171,745918.762,272366.286,121.8266149,19075.74224,18628.333,7.453,622.25
6/23/2022 4:14,1010.7,43.94,14.513,43.74,439472.876,745864.067,272415.648,121.7434847,19046.95132,18622.951,7.452,622.852
6/23/2022 4:15,1010.7,43.94,14.51,43.74,439475.029,745838.676,272420.971,121.6385172,19043.84788,18620,7.487,625.9
6/23/2022 4:16,1010.7,43.94,14.504,43.74,439479.533,745898.2,272442.781,121.4189493,19031.13463,18620,7.507,628.717
6/23/2022 4:17,1010.7,43.94,14.497,43.75,439482.762,745899.324,272441.867,121.261554,19031.66733,18629.508,7.588,633.869
6/23/2022 4:18,1010.7,43.94,14.471,43.75,439473.305,745880.467,272474.438,121.7225687,19012.68876,18631.667,7.552,635.683
6/23/2022 4:19,1010.7,43.94,14.446,43.743,439485,745933.6,272517.286,121.1524728,18987.73586,18608.333,7.479,636.05
6/23/2022 4:20,1010.7,43.94,14.445,43.74,439480.514,745892.267,272511.876,121.3711296,18990.88555,18596.721,7.318,632.279
6/23/2022 4:21,1010.7,43.94,14.467,43.74,439485.086,745809.933,272484.314,121.1482812,19006.93599,18586.667,7.223,630.7
6/23/2022 4:22,1010.7,43.94,14.483,43.74,439480.314,745783.714,272469.638,121.3808787,19015.48507,18570,7.139,629.217
6/23/2022 4:23,1010.7,43.94,14.484,43.74,439491.286,745839.314,272465.219,120.8461264,19018.05959,18554.098,7.102,629.098
6/23/2022 4:24,1010.7,43.94,14.465,43.743,439499.057,745913.81,272494.981,120.4674836,19000.7234,18566.667,7.13,630.917
6/23/2022 4:25,1010.7,43.94,14.467,43.75,439508.886,745954.714,272486.895,119.9886826,19005.43269,18563.333,7.19,634.55
6/23/2022 4:26,1010.7,43.94,14.483,43.75,439492.362,745973.762,272458.914,120.7936933,19021.73319,18562.295,7.189,635.049
6/23/2022 4:27,1010.7,43.94,14.478,43.75,439490.467,745997.571,272465.467,120.8860371,19017.9151,18571.667,7.113,633.4
6/23/2022 4:28,1010.7,43.94,14.454,43.75,439483.438,745968.857,272500.143,121.2286047,18997.71734,18543.333,7.069,632.517
6/23/2022 4:29,1010.7,43.94,14.454,43.75,439485.886,745999.724,272490.133,121.1092905,19003.54681,18545.902,7.059,632.852
6/23/2022 4:30,1010.7,43.95,14.435,43.75,439503.914,746065.038,272552.99,120.2308676,18966.95538,18536.667,6.966,629.733
6/23/2022 4:31,1010.7,43.947,14.41,43.75,439505.914,745987.562,272602.105,120.133444,18938.38734,18545,6.973,630.2
6/23/2022 4:32,1010.7,43.94,14.401,43.747,439501.743,745916.21,272624.924,120.3366271,18925.12158,18542.623,6.904,626.934
6/23/2022 4:33,1010.7,43.94,14.403,43.74,439499.076,745872.314,272620.267,120.4665579,18927.82855,18511.667,6.878,625.833
6/23/2022 4:34,1010.7,43.94,14.396,43.74,439508.619,745879.895,272641.924,120.0016873,18915.2416,18490,6.852,623.933
6/23/2022 4:35,1010.7,43.94,14.389,43.74,439500.886,745886.419,272656.8,120.3783774,18906.59807,18516.393,6.893,624.918
6/23/2022 4:36,1010.7,43.94,14.38,43.74,439513.581,745855.333,272694.648,119.7600212,18884.6155,18493.333,6.913,625.483
6/23/2022 4:37,1010.7,43.94,14.356,43.74,439520.238,745859.695,272732.21,119.4358558,18862.81122,18453.333,6.872,623.633
6/23/2022 4:38,1010.7,43.94,14.35,43.74,439504.429,745866.286,272715.105,120.2057805,18872.73896,18472.131,6.856,622.131
6/23/2022 4:39,1010.7,43.94,14.349,43.743,439498.39,745939.724,272717.438,120.49998,18871.38474,18483.333,6.859,621.55
6/23/2022 4:40,1010.7,43.94,14.342,43.75,439502.829,746008.943,272723.648,120.2837222,18867.78029,18480,6.942,623.533
6/23/2022 4:41,1010.7,43.947,14.325,43.75,439511.019,746044.667,272774.848,119.884795,18838.07509,18439.344,6.728,616.475
6/23/2022 4:42,1010.7,43.95,14.288,43.753,439524.267,746124.562,272856.476,119.2396913,18790.76282,18413.333,6.548,610.45
6/23/2022 4:43,1010.7,43.95,14.259,43.758,439525.533,746133.095,272899.171,119.1780567,18766.03926,18421.667,6.505,607.583
6/23/2022 4:44,1010.654,43.95,14.24,43.751,439526.914,745988.352,272940.914,119.1108259,18741.88214,18396.721,6.398,603.098
6/23/2022 4:45,1010.6,43.945,14.239,43.744,439523.933,745849.343,272957.562,119.2559523,18732.25194,18378.333,6.316,599.083
6/23/2022 4:46,1010.6,43.939,14.265,43.738,439515.876,745750.257,272929.029,119.6482584,18748.75859,18370,6.36,598.733
6/23/2022 4:47,1010.6,43.93,14.302,43.73,439500.352,745634.762,272826.714,120.4043926,18808.00649,18375,6.417,597.983
6/23/2022 4:48,1010.6,43.93,14.331,43.73,439488.905,745583.848,272774.257,120.9621574,18838.41785,18373.77,6.506,597.803
6/23/2022 4:49,1010.6,43.93,14.349,43.738,439488.457,745641.724,272721.295,120.9839902,18869.14599,18360,6.67,598.733
6/23/2022 4:50,1010.6,43.93,14.309,43.74,439500.381,745707.21,272837.276,120.4029798,18801.88615,18360,6.742,597.983
6/23/2022 4:51,1010.6,43.93,14.331,43.74,439477.686,745721.981,272731.295,121.5089863,18863.34222,18357.377,6.867,597.721
6/23/2022 4:52,1010.6,43.939,14.393,43.74,439469.152,745794.914,272591.419,121.9250598,18944.60115,18360,7.018,598.65
6/23/2022 4:53,1010.6,43.94,14.379,43.74,439474.01,745764.552,272647.343,121.6881968,18912.09273,18338.333,7.154,598.817
6/23/2022 4:54,1010.6,43.94,14.361,43.74,439471.914,745733.095,272680.562,121.7903882,18892.79537,18357.377,7.315,599.426
6/23/2022 4:55,1010.6,43.94,14.345,43.74,439481.105,745787.99,272748.933,121.3423215,18853.10763,18350,7.414,598.617
6/23/2022 4:56,1010.6,43.94,14.292,43.74,439489.657,745776.952,272892.286,120.9255101,18770.02512,18346.667,7.517,598.833
6/23/2022 4:57,1010.6,43.94,14.259,43.74,439498.029,745789.924,272950.714,120.5175683,18736.21295,18314.754,7.605,598.639
6/23/2022 4:58,1010.6,43.94,14.244,43.74,439500.467,745807.667,272969.686,120.39879,18725.2402,18335,7.654,598.8
6/23/2022 4:59,1010.6,43.94,14.232,43.749,439500.905,745836.79,272987.133,120.3774517,18715.15219,18323.333,7.656,597.917
6/23/2022 5:00,1010.6,43.94,14.22,43.75,439506.152,745908.286,273005.867,120.121851,18704.32294,18306.557,7.758,596.377
6/23/2022 5:01,1010.6,43.94,14.209,43.75,439502.648,745920.467,273018.171,120.2925396,18697.21222,18323.333,7.892,595.383
6/23/2022 5:02,1010.515,43.949,14.222,43.75,439501.914,746016.476,272954.343,120.3282967,18734.11382,18305,7.704,592.917
6/23/2022 5:03,1010.5,43.95,14.282,43.756,439486.581,746058.638,272792.638,121.0754181,18827.75898,18306.557,7.643,591.803
6/23/2022 5:04,1010.5,43.95,14.336,43.758,439475.286,746118.324,272644.943,121.6259878,18913.48729,18310,7.58,590.317
6/23/2022 5:05,1010.5,43.95,14.351,43.752,439472.524,746051.676,272642.562,121.7606467,18914.87085,18306.667,7.593,589.717
6/23/2022 5:06,1010.5,43.95,14.395,43.75,439462.933,746032.171,272528.657,122.2283286,18981.11651,18285.246,7.606,590.393
6/23/2022 5:07,1010.5,43.95,14.404,43.75,439459.743,745972.257,272517.99,122.3839091,18987.32601,18278.333,7.639,587.4
6/23/2022 5:08,1010.5,43.95,14.419,43.75,439457.933,745931.029,272498.848,122.4721913,18998.47145,18268.333,7.632,586.15
6/23/2022 5:09,1010.5,43.941,14.414,43.75,439460.124,745908.048,272531.229,122.3653265,18979.61943,18254.098,7.702,584.656
6/23/2022 5:10,1010.5,43.94,14.343,43.744,439484.076,745851.305,272782.314,121.1975082,18833.74536,18248.333,7.814,581.35
6/23/2022 5:11,1010.5,43.94,14.28,43.747,439492.781,745836.933,272915.486,120.773276,18756.59581,18240,7.826,581.3
6/23/2022 5:12,1010.557,43.94,14.345,43.75,439471.724,745857.933,272684.143,121.799652,18890.71569,18234.426,7.893,579.066
6/23/2022 5:13,1010.6,43.94,14.315,43.75,439476,745913.162,272804.552,121.591179,18820.85177,18233.333,7.879,578.933
6/23/2022 5:14,1010.6,43.94,14.212,43.75,439489.876,745910.324,273050.714,120.9148376,18678.41125,18231.667,8.008,578.317
6/23/2022 5:15,1010.6,43.94,14.173,43.75,439489.771,745924.457,273125.171,120.9199545,18635.42969,18195.082,8.106,577.639
6/23/2022 5:16,1010.6,43.94,14.151,43.75,439489.343,745903.695,273159.686,120.9408122,18615.5215,18191.667,8.351,576.783
6/23/2022 5:17,1010.6,43.948,14.141,43.75,439486,745937.343,273153.352,121.1037344,18619.17418,18190,8.436,576.35
6/23/2022 5:18,1010.6,43.95,14.202,43.755,439481.657,745984.99,272966.19,121.3154149,18727.26193,18185.246,8.429,575.984
6/23/2022 5:19,1010.6,43.95,14.152,43.756,439485.362,746025.676,273143.838,121.1348293,18624.66133,18196.667,8.493,575.15
6/23/2022 5:20,1010.6,43.95,14.121,43.754,439484.81,746011.762,273205.181,121.1617332,18589.29572,18163.333,8.702,573.033
6/23/2022 5:21,1010.6,43.95,14.111,43.753,439477.867,746006.61,273223.143,121.5001628,18578.94635,18173.77,8.768,573.213
6/23/2022 5:22,1010.6,43.95,14.095,43.755,439481.524,746010.924,273239.229,121.3218978,18569.68025,18180,8.788,572.517
6/23/2022 5:23,1010.6,43.95,14.08,43.756,439485.657,746021.21,273270.629,121.1204515,18551.59917,18168.333,8.709,573.45
6/23/2022 5:24,1010.6,43.95,14.06,43.75,439495.162,745969.352,273327.2,120.6572576,18519.04525,18163.934,8.55,572.131
6/23/2022 5:25,1010.6,43.95,14.067,43.75,439490.81,745977,273278.267,120.8693222,18547.20226,18146.667,8.405,572.233
6/23/2022 5:26,1010.6,43.95,14.167,43.75,439467.295,745911.524,272983.676,122.0156107,18717.15085,18145,8.359,571.667
6/23/2022 5:27,1010.6,43.95,14.252,43.75,439459.495,745946.552,272787.219,122.396005,18830.90107,18142.623,8.228,572.59
6/23/2022 5:28,1010.6,43.95,14.248,43.75,439462.229,745942.676,272855.867,122.2626624,18791.11559,18178.333,8.21,574.017
6/23/2022 5:29,1010.6,43.95,14.293,43.75,439461.505,745933.981,272719.257,122.2979723,18870.32891,18151.667,8.255,573.367
6/23/2022 5:30,1010.6,43.95,14.279,43.75,439460.6,745910.971,272803.695,122.3421107,18821.34858,18161.667,8.222,572.433
6/23/2022 5:31,1010.6,43.94,14.184,43.75,439467.419,745887.352,273060.476,122.0095641,18672.77325,18122.951,8.167,573.115
6/23/2022 5:32,1010.6,43.94,14.12,43.75,439473.076,745876.448,273210.333,121.7337336,18586.32695,18121.667,8.166,574.15
6/23/2022 5:33,1010.6,43.94,14.116,43.75,439478.305,745893.133,273177.2,121.4788109,18605.42338,18135,8.169,574.3
6/23/2022 5:34,1010.6,43.946,14.158,43.75,439475.552,745891.724,273047.438,121.6130197,18680.30347,18134.426,8.131,576.59
6/23/2022 5:35,1010.6,43.94,14.183,43.75,439480.029,745873.219,272981.933,121.3947712,18718.1586,18128.333,8.14,577.85
6/23/2022 5:36,1010.6,43.94,14.131,43.748,439486.857,745822.829,273182.848,121.0619668,18602.16745,18153.333,8.206,579.267
6/23/2022 5:37,1010.6,43.94,14.082,43.746,439492,745779.981,273286.143,120.8113332,18542.66886,18122.951,8.271,579.689
6/23/2022 5:38,1010.6,43.94,14.079,43.745,439491.294,745848.794,273263.765,120.8457366,18555.55095,18105,8.3,578.65
6/23/2022 5:39,1010.604,43.942,14.061,43.75,439490.454,745887.815,273315.917,120.8866706,18525.53588,18106.667,8.291,578.95
6/23/2022 5:40,1010.7,43.95,14.035,43.75,439487.265,745984.412,273338.265,121.0420824,18512.68109,18101.639,8.312,579.59
6/23/2022 5:41,1010.7,43.95,14.023,43.752,439490.629,745991.762,273359.495,120.8781426,18500.47335,18086.667,8.175,579.317
6/23/2022 5:42,1010.7,43.95,14.012,43.753,439492.219,745957.762,273379.562,120.8006615,18488.93794,18076.667,8.082,579.517
6/23/2022 5:43,1010.7,43.95,14.001,43.75,439490.676,745944.219,273404.743,120.8758522,18474.46766,18050.82,8.032,579.41
6/23/2022 5:44,1010.7,43.95,13.983,43.75,439507.114,745922.61,273448.629,120.0749925,18449.26158,18036.667,8.035,580.5
6/23/2022 5:45,1010.7,43.95,13.972,43.75,439505.648,745929.914,273481.533,120.146401,18430.37391,18035,8.128,582.95
6/23/2022 5:46,1010.7,43.95,13.939,43.75,439506.105,745949.857,273561.105,120.1241403,18384.7362,18024.59,8.104,584
6/23/2022 5:47,1010.7,43.95,13.911,43.75,439509.295,745943.781,273601.962,119.9687618,18361.32425,17993.333,7.9,582.917
6/23/2022 5:48,1010.7,43.95,13.915,43.75,439533.962,745920.362,273570.229,118.7677507,18379.50671,17985,7.739,582.267
6/23/2022 5:49,1010.7,43.95,13.914,43.75,439538.771,745888.343,273572.943,118.5337022,18377.95129,17981.967,7.701,582.754
6/23/2022 5:50,1010.7,43.95,13.907,43.75,439522.524,745913.686,273601.962,119.324552,18361.32425,17938.333,7.632,583.117
6/23/2022 5:51,1010.7,43.95,13.888,43.75,439533.543,745930.733,273633.048,118.7881445,18343.5209,17940,7.705,585
6/23/2022 5:52,1010.7,43.95,13.867,43.75,439532.914,745946.267,273666,118.8187599,18324.65795,17906.557,7.756,586.852
6/23/2022 5:53,1010.7,43.95,13.85,43.75,439539.143,745893.286,273703.638,118.5155987,18303.12399,17906.667,7.819,587.883
6/23/2022 5:54,1010.7,43.94,13.846,43.748,439538.895,745852.086,273707.867,118.5276677,18300.70519,17900,7.889,589.433
6/23/2022 5:55,1010.7,43.94,13.85,43.741,439526.905,745835.562,273704.429,119.111264,18302.67156,17914.754,7.919,590.361
6/23/2022 5:56,1010.7,43.94,13.843,43.743,439522.79,745811.638,273714.733,119.3116011,18296.77849,17906.667,7.909,590.783
6/23/2022 5:57,1010.7,43.94,13.835,43.748,439533.952,745857.305,273703.238,118.7682374,18303.35278,17896.667,7.841,590.767
6/23/2022 5:58,1010.7,43.945,13.823,43.75,439537.095,745976.99,273726.619,118.6152676,18289.98177,17863.934,7.781,590.885
6/23/2022 5:59,1010.7,43.95,13.804,43.752,439534.467,745991.848,273780.819,118.7431715,18259.00424,17848.333,7.795,591.067
6/23/2022 6:00,1010.7,43.95,13.797,43.75,439532.752,745991.99,273793.943,118.826645,18251.50714,17843.333,7.816,591.767
6/23/2022 6:01,1010.7,43.95,13.785,43.75,439546.476,745951.314,273806.067,118.1587744,18244.5826,17837.705,7.814,592.131
6/23/2022 6:02,1010.7,43.95,13.766,43.75,439541.429,745959.162,273846.448,118.4043539,18221.52839,17816.667,7.84,592.733
6/23/2022 6:03,1010.7,43.95,13.76,43.75,439541.476,745899.819,273858.162,118.4020668,18214.84329,17805,7.857,593.667
6/23/2022 6:04,1010.7,43.942,13.753,43.75,439531.295,745806.495,273869.771,118.8975642,18208.21927,17806.557,7.953,595.803
6/23/2022 6:05,1010.7,43.94,13.759,43.746,439515.057,745720.638,273861.714,119.6881415,18212.81642,17816.667,8.117,599.517
6/23/2022 6:06,1010.7,43.94,13.764,43.744,439516.79,745756.648,273859.781,119.60375,18213.91943,17811.667,8.149,601.283
6/23/2022 6:07,1010.7,43.942,13.754,43.751,439510.762,745842.486,273863.41,119.8973119,18211.84867,17819.672,8.288,605.705
6/23/2022 6:08,1010.7,43.95,13.725,43.76,439512.762,745992.99,273902.905,119.7999069,18189.31962,17798.333,8.244,606.117
6/23/2022 6:09,1010.7,43.95,13.689,43.76,439523.467,746017.343,273976.648,119.27864,18147.29046,17758.333,7.907,600.667
6/23/2022 6:10,1010.7,43.95,13.66,43.756,439531.857,745967.686,274021.752,118.8702086,18121.60689,17745.902,7.826,599.623
6/23/2022 6:11,1010.7,43.95,13.63,43.75,439558.933,745867.152,274117.619,117.5527844,18067.07545,17733.333,7.74,598.6
6/23/2022 6:12,1010.7,43.945,13.64,43.75,439543.181,745778.686,274088.333,118.3191003,18083.72564,17708.333,7.786,599.883
6/23/2022 6:13,1010.7,43.94,13.648,43.743,439526.019,745707,274042.695,119.1543966,18109.68726,17718.333,8.064,604.917
6/23/2022 6:14,1010.7,43.94,13.66,43.74,439510.667,745687.619,274013.419,119.9019387,18126.35063,17744.262,8.295,609.344
6/23/2022 6:15,1010.7,43.94,13.678,43.74,439514.114,745640.648,273997.352,119.7340643,18135.49881,17756.667,8.387,612.4
6/23/2022 6:16,1010.7,43.94,13.661,43.741,439521.181,745708.019,274030.638,119.3899409,18116.54899,17735,8.403,615
6/23/2022 6:17,1010.7,43.94,13.64,43.749,439535.714,745848.638,274070.829,118.6824792,18093.68085,17731.148,8.306,615.475
6/23/2022 6:18,1010.7,43.95,13.617,43.756,439534.781,745925.533,274089.257,118.7278887,18083.2002,17731.667,8.276,616.567
6/23/2022 6:19,1010.7,43.95,13.619,43.76,439518.905,745970.581,274056.581,119.5007619,18101.78618,17710,8.245,618.417
6/23/2022 6:20,1010.7,43.95,13.622,43.759,439504.705,745945.419,274032.924,120.1923359,18115.24792,17701.639,8.237,620.787
6/23/2022 6:21,1010.7,43.95,13.628,43.752,439512.19,745922.638,274039.286,119.8277642,18111.62722,17703.333,8.197,622.55
6/23/2022 6:22,1010.7,43.95,13.627,43.75,439521.171,745862.248,274060.695,119.3904278,18099.44565,17680,8.092,622.867
6/23/2022 6:23,1010.7,43.95,13.615,43.75,439529.39,745877.029,274087.41,118.990294,18084.25052,17690.164,8.051,624.016
6/23/2022 6:24,1010.7,43.95,13.597,43.75,439536.152,745904.295,274137.105,118.661162,18056.00102,17673.333,7.956,623.65
6/23/2022 6:25,1010.7,43.95,13.593,43.75,439536.162,745885.533,274130.781,118.6606753,18059.59477,17658.333,7.961,625.033
6/23/2022 6:26,1010.7,43.95,13.596,43.75,439524.429,745909.848,274111.638,119.2318043,18070.47528,17675.41,7.975,626.328
6/23/2022 6:27,1010.7,43.95,13.585,43.76,439525.162,746008.638,274121.638,119.1961184,18064.79108,17646.667,7.947,625.95
6/23/2022 6:28,1010.7,43.95,13.579,43.76,439540.714,746060.895,274151.095,118.4391475,18048.05213,17628.333,7.953,625.95
6/23/2022 6:29,1010.7,43.95,13.565,43.76,439534.733,746009.8,274162.086,118.7302249,18041.8084,17639.344,7.927,625.23
6/23/2022 6:30,1010.7,43.95,13.558,43.76,439535.333,745949.486,274182.105,118.7010225,18030.43875,17626.667,7.949,625.117
6/23/2022 6:31,1010.7,43.95,13.519,43.759,439563.848,745955.914,274307.076,117.3137449,17959.54024,17590,7.702,620.533
6/23/2022 6:32,1010.7,43.95,13.486,43.754,439570.381,745910.143,274366.676,116.9960655,17925.7753,17586.885,7.592,618.049
6/23/2022 6:33,1010.7,43.95,13.482,43.75,439565.99,745892.743,274368.99,117.2095797,17924.46497,17573.333,7.576,617.317
6/23/2022 6:34,1010.7,43.95,13.462,43.75,439563.181,745844.286,274405.543,117.3461823,17903.77259,17531.667,7.488,615.283
6/23/2022 6:35,1010.7,43.941,13.47,43.75,439562.79,745763.286,274391.095,117.3651976,17911.95012,17527.869,7.591,616.738
6/23/2022 6:36,1010.7,43.94,13.477,43.75,439562.771,745724.429,274383.514,117.3661216,17916.24167,17555,7.663,616.983
6/23/2022 6:37,1010.7,43.94,13.444,43.75,439578.438,745788.562,274469.771,116.6043591,17867.44142,17536.667,7.664,616.45
6/23/2022 6:38,1010.7,43.948,13.405,43.751,439591.419,745876.857,274526.467,115.9734494,17835.40029,17542.623,7.627,616.295
6/23/2022 6:39,1010.7,43.95,13.408,43.76,439575.133,745952.638,274475.867,116.7650272,17863.99501,17525,7.508,615.25
6/23/2022 6:40,1010.7,43.95,13.434,43.76,439560.495,745972.8,274414.41,117.4768134,17898.75478,17523.333,7.39,614.067
6/23/2022 6:41,1010.7,43.956,13.433,43.76,439560.638,746087.705,274403.086,117.4698585,17905.16312,17545.902,7.467,618.82
6/23/2022 6:42,1010.7,43.96,13.438,43.76,439557.038,746058.914,274373.457,117.6449559,17921.93562,17540,7.423,621.083
6/23/2022 6:43,1010.7,43.958,13.448,43.76,439556.219,746029.076,274359.676,117.6847931,17929.73939,17555,7.481,626.3
6/23/2022 6:44,1010.7,43.95,13.47,43.757,439552.895,745928.505,274328.724,117.8464858,17947.27256,17554.098,7.57,632.213
6/23/2022 6:45,1010.7,43.95,13.483,43.75,439550.286,745900.267,274306.857,117.9734086,17959.66437,17578.333,7.627,636.833
6/23/2022 6:46,1010.7,43.95,13.492,43.751,439547.733,745829.257,274284.695,118.0976161,17972.22755,17570,7.683,640.533
6/23/2022 6:47,1010.7,43.95,13.497,43.759,439547.362,745823.2,274269.381,118.1156666,17980.91121,17590.164,7.747,644.311
6/23/2022 6:48,1010.7,43.95,13.541,43.76,439533.2,745858.476,274121.19,118.8048393,18065.04571,17606.667,7.842,650.233
6/23/2022 6:49,1010.7,43.95,13.582,43.76,439523.324,745895.457,274049,119.2856022,18106.09954,17626.667,7.872,652.7
6/23/2022 6:50,1010.7,43.95,13.548,43.76,439532.762,745887.038,274141.733,118.8261583,18053.37128,17629.508,7.891,654.607
6/23/2022 6:51,1010.7,43.95,13.532,43.757,439538.095,745831.819,274185.19,118.5666004,18028.68695,17625,7.883,655.2
6/23/2022 6:52,1010.7,43.95,13.506,43.75,439544.81,745801.848,274245.695,118.2398357,17994.34611,17633.333,7.889,657.267
6/23/2022 6:53,1010.7,43.943,13.512,43.75,439536.305,745708.371,274227.438,118.6537156,18004.70492,17606.557,7.841,655.984
6/23/2022 6:54,1010.7,43.94,13.606,43.743,439513.086,745627.219,273963.029,119.7841279,18155.04896,17605,7.811,655.05
6/23/2022 6:55,1010.7,43.94,13.668,43.744,439512.61,745625.61,273867.076,119.8073095,18209.75692,17626.667,7.854,656.567
6/23/2022 6:56,1010.7,43.94,13.702,43.748,439500.876,745658.933,273796.895,120.3788645,18249.82101,17600,7.863,656.951
6/23/2022 6:57,1010.7,43.94,13.707,43.745,439499.114,745676.562,273808.648,120.4647066,18243.10864,17620,7.906,657.683
6/23/2022 6:58,1010.7,43.94,13.714,43.75,439493.39,745744.705,273775.524,120.7436006,18262.02944,17626.667,7.947,658.55
6/23/2022 6:59,1010.7,43.942,13.739,43.75,439485.505,745783.819,273721.352,121.1278597,18292.99343,17611.667,7.99,659.333
6/23/2022 7:00,1010.7,43.95,13.675,43.75,439510.19,745805.638,273902.076,119.9251707,18189.79237,17634.426,8.024,659.23
6/23/2022 7:01,1010.7,43.95,13.629,43.75,439521.59,745782.267,274003.657,119.3700269,18131.90862,17635,8.06,659.817
6/23/2022 7:02,1010.7,43.95,13.597,43.75,439529.276,745774.829,274075.01,118.9958434,18091.30271,17655,8.062,659.283
6/23/2022 7:03,1010.7,43.945,13.587,43.75,439531.495,745754.495,274092.067,118.887829,18081.60231,17637.705,8.065,658.918
6/23/2022 7:04,1010.7,43.94,13.609,43.75,439529.362,745743.495,274025.99,118.991657,18119.19454,17650,8.07,657.867
6/23/2022 7:05,1010.7,43.94,13.621,43.75,439515.629,745708.743,273987.619,119.6602865,18141.04163,17646.667,8.077,656.633
6/23/2022 7:06,1010.7,43.94,13.607,43.75,439516.2,745717.362,274046.381,119.6324807,18107.58978,17657.377,8.096,655.869
6/23/2022 7:07,1010.7,43.941,13.636,43.75,439504.876,745748.543,273936.2,120.1840062,18170.33764,17656.667,8.133,655.267
6/23/2022 7:08,1010.7,43.95,13.613,43.751,439516.762,745830.638,274028.038,119.6051135,18118.02884,17636.667,8.123,653.933
6/23/2022 7:09,1010.7,43.95,13.581,43.75,439523.6,745832.971,274098.143,119.2721647,18078.14747,17645.902,8.17,654.721
6/23/2022 7:10,1010.7,43.95,13.578,43.75,439533.333,745858.067,274116.781,118.7983658,18067.55179,17648.333,8.183,653.983
6/23/2022 7:11,1010.7,43.95,13.573,43.75,439532.81,745806.962,274125.638,118.8238219,18062.51764,17653.333,8.208,653.317
6/23/2022 7:12,1010.7,43.943,13.547,43.75,439527.01,745739.99,274175.905,119.1061524,18033.95962,17640.984,8.185,651.377
6/23/2022 7:13,1010.7,43.94,13.541,43.744,439524.733,745710.943,274195.352,119.217004,18022.9171,17651.667,8.194,650.65
6/23/2022 7:14,1010.7,43.94,13.54,43.74,439536.505,745667.305,274205.362,118.6439819,18017.23442,17653.333,8.232,650.583
6/23/2022 7:15,1010.7,43.937,13.603,43.74,439512.267,745581.638,274017.152,119.8240141,18124.22546,17667.213,8.279,650.361
6/23/2022 7:16,1010.7,43.93,13.718,43.74,439481.667,745576.333,273760.695,121.3149274,18270.50299,17638.333,8.261,649.1
6/23/2022 7:17,1010.7,43.934,13.743,43.742,439474,745624.695,273727.067,121.6886843,18289.72562,17660,8.17,646.3
6/23/2022 7:18,1010.7,43.94,13.674,43.75,439505.162,745740.19,273920.486,120.1700747,18179.29524,17631.148,8.272,647.967
6/23/2022 7:19,1010.7,43.941,13.703,43.75,439486.41,745810.962,273786.886,121.0837521,18255.53828,17628.333,8.321,648.167
6/23/2022 7:20,1010.7,43.95,13.646,43.75,439511.4,745817.648,273981.2,119.8662391,18144.69762,17660,8.388,648.783
6/23/2022 7:21,1010.7,43.95,13.633,43.75,439510.829,745829.876,273982,119.8940487,18144.24195,17655.738,8.423,648.361
6/23/2022 7:22,1010.7,43.95,13.627,43.75,439514.01,745774.143,274007.01,119.739129,18129.9995,17651.667,8.428,647.033
6/23/2022 7:23,1010.7,43.95,13.608,43.75,439511.238,745813.124,274050.448,119.874129,18105.27563,17665,8.476,647.35
6/23/2022 7:24,1010.7,43.95,13.601,43.752,439509.467,745879.59,274040.629,119.9603844,18110.86295,17670.492,8.542,648.377
6/23/2022 7:25,1010.7,43.95,13.597,43.759,439511.867,745963.467,274044.752,119.843495,18108.51673,17671.667,8.545,648.067
6/23/2022 7:26,1010.7,43.95,13.591,43.754,439510,745926.238,274055.562,119.9344246,18102.36593,17666.667,8.578,649.55
6/23/2022 7:27,1010.7,43.95,13.624,43.75,439497.876,745845.371,273952.39,120.5250226,18161.11092,17698.361,8.626,652.607
6/23/2022 7:28,1010.7,43.949,13.705,43.75,439478.505,745785.848,273778.705,121.4690613,18260.21201,17693.333,8.606,654.25
6/23/2022 7:29,1010.7,43.94,13.65,43.75,439505.429,745740.752,273967.543,120.1570687,18152.47724,17690,8.558,655
6/23/2022 7:30,1010.7,43.94,13.643,43.75,439510.238,745703.562,273974.01,119.9228328,18148.79315,17706.557,8.504,655.607
6/23/2022 7:31,1010.7,43.94,13.639,43.75,439511.533,745660.8,273981.857,119.8597616,18144.3234,17721.667,8.466,656.767
6/23/2022 7:32,1010.7,43.94,13.69,43.75,439499.79,745664.552,273846.352,120.4317723,18221.58318,17700,8.411,657.5
6/23/2022 7:33,1010.7,43.94,13.69,43.75,439509.495,745708.857,273888.505,119.9590207,18197.53223,17695.082,8.31,656.049
6/23/2022 7:34,1010.7,43.94,13.624,43.75,439521.924,745792.752,274025.152,119.3537649,18119.67153,17718.333,8.311,658.767
6/23/2022 7:35,1010.7,43.949,13.599,43.758,439533.981,745806.714,274066.952,118.7668259,18095.8862,17728.333,8.054,650.717
6/23/2022 7:36,1010.7,43.95,13.605,43.75,439536.21,745824.99,274036.819,118.6583392,18113.03118,17704.918,7.986,649.754
6/23/2022 7:37,1010.7,43.94,13.645,43.75,439528.876,745712.076,273958.39,119.0153149,18157.69208,17711.667,7.888,647.417
6/23/2022 7:38,1010.7,43.94,13.656,43.749,439521.61,745665.838,273950.686,119.3690532,18162.08193,17695,7.803,645.083
6/23/2022 7:39,1010.7,43.94,13.654,43.749,439525.933,745659.076,273971.124,119.1585833,18150.43719,17711.475,7.744,644.656
6/23/2022 7:40,1010.7,43.94,13.636,43.75,439528.267,745672.705,274014.257,119.0449607,18125.87355,17693.333,7.693,643.017
6/23/2022 7:41,1010.7,43.94,13.625,43.75,439540.429,745773.829,274026.152,118.4530165,18119.10233,17706.667,7.682,641.433
6/23/2022 7:42,1010.7,43.947,13.616,43.75,439544.438,745813.657,274042.267,118.2579363,18109.93082,17724.59,7.613,638.426
6/23/2022 7:43,1010.7,43.95,13.606,43.758,439546.438,745872.21,274059.848,118.1606233,18099.92751,17706.667,7.56,635.55
6/23/2022 7:44,1010.7,43.95,13.606,43.76,439543.562,745936.829,274047.895,118.3005611,18106.72829,17698.333,7.55,634.183
6/23/2022 7:45,1010.7,43.95,13.605,43.76,439543.343,745973.81,274047.219,118.3112174,18107.11294,17711.475,7.523,631.918
6/23/2022 7:46,1010.7,43.95,13.6,43.76,439540.876,745962.476,274056.933,118.4312642,18101.58592,17703.333,7.482,629.5
6/23/2022 7:47,1010.7,43.95,13.594,43.76,439541.724,745915.933,274074.714,118.3899987,18091.47107,17703.333,7.501,628.883
6/23/2022 7:48,1010.7,43.95,13.599,43.76,439540.286,745869.114,274063.743,118.4599754,18097.71168,17708.333,7.494,627.75
6/23/2022 7:49,1010.7,43.95,13.606,43.76,439531.181,745834.924,274045.257,118.9031132,18108.22937,17737.705,7.499,627.361
6/23/2022 7:50,1010.7,43.95,13.61,43.76,439534.229,745874.229,274031.143,118.7547553,18116.26157,17711.667,7.478,626.267
6/23/2022 7:51,1010.7,43.95,13.608,43.76,439534.181,745882.943,274033.39,118.7570915,18114.9827,17726.667,7.431,624.517
6/23/2022 7:52,1010.7,43.95,13.606,43.76,439541.619,745907.648,274036.486,118.3951082,18113.2207,17739.344,7.421,624.066
6/23/2022 7:53,1010.7,43.95,13.607,43.76,439534.286,745895.943,274028.848,118.751981,18117.5678,17735,7.424,623.85
6/23/2022 7:54,1010.7,43.95,13.615,43.759,439530.429,745835.914,274022.057,118.9397179,18121.43327,17730,7.416,623.25
6/23/2022 7:55,1010.7,43.95,13.62,43.755,439533.61,745800.057,274014.524,118.7848834,18125.72155,17742.623,7.454,623.656
6/23/2022 7:56,1010.7,43.95,13.622,43.76,439532.152,745848.8,274003.6,118.8558495,18131.94108,17740,7.456,622.7
6/23/2022 7:57,1010.7,43.95,13.631,43.758,439533.038,745816.933,274008.724,118.8127244,18129.02362,17766.667,7.511,622.45
6/23/2022 7:58,1010.7,43.95,13.61,43.754,439538.657,745776.514,274051.267,118.5392501,18104.80963,17795.082,7.502,620.295
6/23/2022 7:59,1010.7,43.948,13.617,43.75,439529.267,745689.143,274031.267,118.9962815,18116.19099,17760,7.226,611.4
6/23/2022 8:00,1010.7,43.94,13.624,43.747,439531.419,745636.562,274029.714,118.8915284,18117.0749,17761.667,7.217,607.5
6/23/2022 8:01,1010.7,43.94,13.641,43.74,439533.324,745563.276,274023.086,118.7988038,18120.84753,17763.934,7.26,606.393
6/23/2022 8:02,1010.7,43.94,13.65,43.74,439525.848,745502.876,274015.724,119.1627214,18125.0384,17756.667,7.319,604.117
6/23/2022 8:03,1010.7,43.94,13.658,43.741,439520,745561.238,273984.029,119.4474442,18143.0863,17781.667,7.506,605.683
6/23/2022 8:04,1010.7,43.94,13.651,43.75,439520.676,745606.095,273991.019,119.4145293,18139.10528,17791.803,7.615,605.213
6/23/2022 8:05,1010.7,43.94,13.661,43.75,439507.457,745609.867,273952.914,120.0582854,18160.81233,17793.333,7.586,603.2
6/23/2022 8:06,1010.7,43.94,13.672,43.75,439512.276,745710.248,273935.067,119.8235758,18170.98342,17806.667,7.734,603.517
6/23/2022 8:07,1010.7,43.94,13.694,43.75,439503.19,745731.629,273902.867,120.2661363,18189.34129,17822.951,7.899,603.607
6/23/2022 8:08,1010.7,43.947,13.693,43.75,439500.571,745735.819,273902.629,120.3937234,18189.47701,17810,7.803,600.867
6/23/2022 8:09,1010.7,43.95,13.697,43.756,439512.695,745791.524,273903.267,119.8031699,18189.11319,17803.333,7.862,600.267
6/23/2022 8:10,1010.7,43.95,13.694,43.76,439513.981,745886.61,273893,119.7405413,18194.96845,17813.115,7.938,598.525
6/23/2022 8:11,1010.7,43.95,13.679,43.76,439512.581,745920.733,273911.086,119.8087219,18184.65462,17828.333,8.089,598.7
6/23/2022 8:12,1010.7,43.95,13.687,43.76,439502.086,745892.486,273897.667,120.3199176,18192.30675,17823.333,8.14,597.617
6/23/2022 8:13,1010.7,43.95,13.701,43.756,439507.019,745863.229,273890.229,120.0796198,18196.5489,17831.148,8.227,597.902
6/23/2022 8:14,1010.7,43.95,13.709,43.75,439492.562,745752.41,273872.324,120.7839475,18206.7627,17830,8.246,597.45
6/23/2022 8:15,1010.7,43.949,13.71,43.75,439483.295,745683.038,273869.238,121.2355747,18208.52337,17843.333,8.149,595.917
6/23/2022 8:16,1010.7,43.94,13.71,43.75,439487.324,745671.838,273882.295,121.039207,18201.07446,17803.279,8.022,593.623
6/23/2022 8:17,1010.7,43.94,13.712,43.75,439498.962,745650.695,273881.019,120.472112,18201.80235,17846.667,8.085,592.817
6/23/2022 8:18,1010.7,43.94,13.735,43.75,439495.581,745647.79,273845.352,120.6368419,18222.15393,17848.333,8.057,591.517
6/23/2022 8:19,1010.7,43.94,13.731,43.75,439493.248,745670.229,273849.61,120.75052,18219.72374,17872.131,8.291,593.18
6/23/2022 8:20,1010.7,43.94,13.747,43.75,439487.067,745647.781,273826.924,121.0517322,18232.67323,17861.667,8.328,592.933
6/23/2022 8:21,1010.7,43.946,13.72,43.75,439492.076,745749.581,273871.038,120.8076298,18207.4964,17856.667,8.251,591.433
6/23/2022 8:22,1010.7,43.95,13.711,43.756,439504.21,745775.01,273878.943,120.2164486,18202.98661,17883.607,8.18,588.279
6/23/2022 8:23,1010.7,43.95,13.724,43.753,439502.676,745753.886,273850,120.2911756,18219.50116,17905,8.233,587.617
6/23/2022 8:24,1010.7,43.942,13.751,43.75,439510.848,745672.867,273805.714,119.8931233,18244.78419,17913.333,7.977,581.083
6/23/2022 8:25,1010.7,43.94,13.753,43.742,439503.105,745570.476,273821.543,120.270277,18235.74543,17868.852,7.758,579.115
6/23/2022 8:26,1010.7,43.94,13.985,43.742,439474.962,745522.733,273124.762,121.6417836,18635.66567,17961.667,7.781,582.617
6/23/2022 8:27,1010.7,43.94,13.948,43.74,439481.533,745546.152,273290.819,121.3214591,18539.97763,17960,7.781,580.817
6/23/2022 10:30,1009.9,43.99,12.738,43.8,439709.876,745754.01,275822.676,110.226767,17110.40234,16998.333,2.388,417.733
6/23/2022 10:31,1009.9,43.99,12.72,43.794,439709.038,745632.648,275814.352,110.2673535,17115.01204,17133.333,2.265,416.867
6/23/2022 10:32,1009.9,43.985,12.595,43.785,439718.886,745443.105,276157.686,109.7904507,16925.37379,16826.23,2.703,418.82
6/23/2022 10:33,1009.862,43.974,12.585,43.774,439716.276,745189.781,276156.543,109.9168306,16926.00344,16903.333,2.339,416.817
6/23/2022 10:34,1009.8,43.967,12.517,43.769,439730.59,745010.333,276327.295,109.2238407,16832.06549,16671.667,2.055,416.217
6/23/2022 10:35,1009.8,43.96,12.533,43.764,439727.333,744977.79,276275.267,109.3814987,16860.66174,16862.295,2.467,419.279
6/23/2022 10:36,1009.8,43.96,12.496,43.77,439732.19,745080.419,276349.429,109.1463966,16819.90699,16725,2.178,417.133
6/23/2022 10:37,1009.8,43.97,12.676,43.779,439715.286,745187.21,275821.524,109.9647702,17111.04027,17273.333,2.005,415.933
6/23/2022 10:38,1009.8,43.971,12.696,43.781,439721.095,745346.057,275868.829,109.683495,17084.85437,16827.869,2.361,419.803
6/23/2022 10:39,1009.8,43.98,12.694,43.787,439718.733,745359.733,275849,109.7978589,17095.82846,16998.333,2.099,418.717
6/23/2022 10:40,1009.8,43.98,12.764,43.79,439711.752,745461.838,275730.248,110.1359111,17161.62091,17075,2.215,421.633
6/23/2022 10:41,1009.8,43.988,12.975,43.801,439687.038,745733.229,275128.219,111.3332118,17497.03035,17608.197,2.2,420.623
6/23/2022 10:42,1009.8,43.999,12.91,43.814,439703.638,745959.876,275351.562,110.528912,17372.2352,17316.667,2.126,417.883
6/23/2022 10:43,1009.8,44.01,12.893,43.82,439703.448,746003.981,275340.4,110.5381157,17378.4619,17300,2.135,424.517
6/23/2022 10:44,1009.8,44.006,13.106,43.81,439681.695,745919.371,274783.467,111.5921697,17690.50616,17783.607,2.256,425.754
6/23/2022 10:45,1009.8,43.998,13.209,43.798,439678.695,745684.533,274690.381,111.7375871,17742.92154,17890,2.08,418.25
6/23/2022 10:46,1009.8,43.987,13.202,43.788,439673.257,745431.724,274841.105,112.0012117,17658.08839,17643.333,2.273,417.85
6/23/2022 10:47,1009.822,43.977,12.942,43.78,439703.629,745226,275516.705,110.529348,17280.23576,17134.426,2.223,419.689
6/23/2022 10:48,1009.9,43.97,12.907,43.771,439699.676,745113.124,275530.762,110.7208438,17272.41558,17200,2.522,431.717
6/23/2022 10:49,1009.9,43.97,12.824,43.77,439713.895,745072.124,275719.638,110.0321301,17167.50509,16886.667,2.084,422.75
6/23/2022 10:50,1009.9,43.97,13.038,43.773,439675.99,745050.629,275123.419,111.8687157,17499.7171,17175.41,2.247,437.279
6/23/2022 10:51,1009.9,43.97,13.042,43.782,439680.61,745254.029,275212.733,111.6447609,17449.75685,17191.667,2.199,437.917
6/23/2022 10:52,1009.9,43.98,12.99,43.796,439693.371,745480.752,275298.057,111.0263222,17402.09258,17150,2.18,436.833
6/23/2022 10:53,1009.9,43.99,12.863,43.802,439710.867,745695.657,275549.19,110.1787716,17262.16631,17150.82,2.098,427.902
6/23/2022 10:54,1009.9,43.998,12.81,43.81,439711.067,745841.267,275647.762,110.1690855,17207.3922,17043.333,2.643,441
6/23/2022 10:55,1009.9,44,12.858,43.81,439701.895,745841.381,275432,110.6133458,17327.39473,17376.667,2.323,451.933
6/23/2022 10:56,1009.9,43.996,12.798,43.798,439690.333,745633.181,275642.952,111.1735332,17210.06306,17103.279,3.193,431.475
6/23/2022 10:57,1009.9,43.985,12.86,43.783,439699.771,745329.295,275514.086,110.7162415,17281.69295,17221.667,2.586,422.5
6/23/2022 10:58,1009.9,43.972,13.101,43.77,439670.057,745123.981,274932.048,112.1563609,17606.99674,17731.667,2.861,450.333
6/23/2022 10:59,1009.9,43.964,13.244,43.77,439649.638,744965.114,274705.581,113.1466876,17734.35755,17932.787,2.972,418.82
6/23/2022 11:00,1009.962,43.96,13.187,43.77,439656.543,744949.886,274906.667,112.8117296,17621.24859,17431.667,2.716,430.167
6/23/2022 11:01,1010,43.96,13.189,43.765,439656.6,744877.505,274895.2,112.8089649,17627.68932,17656.667,2.394,433.317
6/23/2022 11:02,1010,43.96,13.286,43.76,439656.019,744813.143,274645.876,112.8371463,17768.00799,17790.164,2.822,443.492
6/23/2022 11:03,1010,43.96,13.329,43.763,439654.171,744812.6,274611.676,112.9267868,17787.29733,17825,2.064,423.417
6/23/2022 11:04,1010,43.96,13.299,43.771,439651.076,744927.867,274723.514,113.0769256,17724.25628,17680,3.001,433.133
6/23/2022 11:05,1010,43.967,13.229,43.784,439664.971,745183.057,274887.4,112.40298,17632.07103,17477.049,2.424,435.672
6/23/2022 11:06,1010,43.978,13.295,43.796,439653.2,745479.219,274599.086,112.9738887,17794.40082,17788.333,2.583,451.4
6/23/2022 11:07,1010,43.99,13.2,43.807,439673.714,745699.057,274914.952,111.9790556,17616.59582,17323.333,2.235,418.117
6/23/2022 11:08,1010,43.998,13.025,43.81,439689.943,745891.181,275317.01,111.1924321,17391.51343,17178.333,2.696,419.383
6/23/2022 11:09,1010,43.999,12.924,43.805,439702.162,745737.914,275496.686,110.6004116,17291.37564,17139.344,2.131,417.082
6/23/2022 11:10,1010,43.99,12.775,43.793,439708.448,745516.867,275874.143,110.2959292,17081.91398,16826.667,2.364,417.067
6/23/2022 11:11,1010,43.981,12.777,43.785,439712.819,745339.41,275793.248,110.0842377,17126.70177,17100,1.997,415.167
6/23/2022 11:12,1010,43.975,12.838,43.78,439706.895,745191.248,275687.276,110.3711487,17185.45867,17388.525,2.401,415.951
6/23/2022 11:13,1010,43.97,12.736,43.78,439714.819,745108.762,275966.01,109.9873846,17031.11975,16993.333,2.099,416.767
6/23/2022 11:14,1010,43.97,12.567,43.77,439722.886,745018.171,276348.552,109.596783,16820.38865,16570,2.199,415.7
6/23/2022 11:15,1010,43.96,12.654,43.77,439716.733,745033.59,276038.81,109.8947013,16990.91942,16967.213,2.258,420.705
6/23/2022 11:16,1010,43.969,12.859,43.778,439696.752,745121,275533.019,110.8625054,17271.16013,17261.667,2.192,422.683
6/23/2022 11:17,1010,43.972,12.922,43.786,439688.971,745272.181,275463.067,111.2395351,17310.09121,17356.667,2.138,426.1
6/23/2022 11:18,1010,43.984,12.983,43.8,439688.429,745568.61,275265.743,111.2658009,17420.13668,17454.098,2.567,421.311
6/23/2022 11:19,1010,43.997,12.986,43.815,439693.181,745861.514,275235.571,111.0355286,17436.9928,17436.667,2.438,426.433
6/23/2022 11:20,1010,44.009,13.061,43.826,439698.114,746078.143,275023.752,110.796518,17555.54959,17628.333,2.197,423.45
6/23/2022 11:21,1010,44.01,12.985,43.821,439695.127,746079.235,275270.059,110.9412382,17417.72611,17229.508,2.208,415.918
6/23/2022 11:22,1010,44.01,13.092,43.816,439688.295,745953.095,275002.029,111.2722947,17567.72994,17483.333,2.022,415.217
6/23/2022 11:23,1010,44.005,12.813,43.81,439708.257,745826.562,275788.171,110.3051801,17129.51454,16990,2.174,415.65
6/23/2022 11:24,1010,44,12.878,43.802,439703.19,745726.981,275517.99,110.5506135,17279.52082,17491.803,2.394,422.918
6/23/2022 11:25,1010,44,12.794,43.8,439704.019,745665.429,275740.981,110.5104563,17155.66949,17028.333,2.738,441.483
6/23/2022 11:26,1010,43.99,12.67,43.8,439732.857,745619.943,276051.629,109.1141132,16983.84546,16910,2.326,443.433
6/23/2022 11:27,1010,43.99,12.61,43.793,439722.219,745542.21,276101.343,109.6290756,16956.42494,16875.41,2.549,448.082
6/23/2022 11:28,1009.924,43.984,12.534,43.79,439726.581,745380.124,276315.771,109.417902,16838.39744,16928.333,2.667,444.567
6/23/2022 11:29,1009.9,43.98,12.678,43.787,439721.952,745343.057,275912.505,109.6420025,17060.6944,17156.667,2.323,428.267
6/23/2022 11:30,1009.9,43.98,12.775,43.781,439698.99,745218.514,275719.629,110.754078,17167.51008,17322.951,2.773,425.262
6/23/2022 11:31,1009.9,43.98,12.936,43.787,439687.695,745238.324,275348.048,111.3013718,17374.19536,17496.667,2.451,437.033
6/23/2022 11:32,1009.9,43.98,13.247,43.796,439647.781,745416.781,274560.705,113.2367808,17816.06444,17853.333,2.487,436.3
6/23/2022 11:33,1009.9,43.987,12.967,43.8,439697.219,745566.248,275492.714,110.8398795,17293.58633,16983.607,2.138,419.361
6/23/2022 11:34,1009.9,43.99,12.93,43.803,439706.971,745666.552,275416.076,110.3674676,17336.26721,17228.333,2.007,414.467
6/23/2022 11:35,1009.9,43.99,13.154,43.8,439683.733,745637.695,274854.438,111.4933898,17650.59348,17673.333,1.941,412.1
6/23/2022 11:36,1009.9,43.99,13.208,43.8,439671.857,745628.876,274811.676,112.0690878,17674.63679,17824.59,2.409,420.836
6/23/2022 11:37,1009.9,43.99,13.465,43.8,439642.562,745635.495,274125.619,113.4900082,18062.52844,17600,2.172,421.633
6/23/2022 11:38,1009.9,43.992,13.166,43.809,439680.781,745708.162,275096.59,111.6364723,17514.73805,17058.333,2.104,420.917
6/23/2022 11:39,1009.9,44,13.083,43.81,439692.905,745848.143,275136.143,111.0489021,17492.59539,17418.033,2.602,445.623
6/23/2022 11:40,1009.9,44,12.955,43.81,439690.324,745829.838,275410.705,111.1739693,17339.2603,17025,2.812,449.467
6/23/2022 11:41,1009.9,44,13.254,43.81,439649.019,745810.552,274509.686,113.1767181,17844.88101,17668.333,2.739,436.2
6/23/2022 11:42,1009.9,44,13.38,43.81,439650.981,745747.533,274454.724,113.0815342,17875.94972,17442.623,2.04,414.607
6/23/2022 11:43,1009.9,43.992,13.025,43.801,439691.943,745629.181,275495.886,111.0955166,17291.82089,16875,2.199,418.6
6/23/2022 11:44,1009.9,43.99,12.512,43.8,439749,745548.238,276658.276,108.3329608,16650.69281,16093.333,2.233,420.767
6/23/2022 11:45,1009.9,43.988,12.218,43.799,439764.943,745438.276,277175.362,107.5618356,16369.22301,15921.311,2.491,440.426
6/23/2022 11:46,1009.9,43.98,12.159,43.79,439773.2,745404.771,277254.781,107.1626005,16326.1959,15871.667,2.03,415.833
6/23/2022 11:47,1009.9,43.98,12.194,43.79,439752.8,745364.819,277011.152,108.1491323,16458.35966,16438.333,2.164,419.117
6/23/2022 11:48,1009.9,43.982,12.407,43.799,439725.343,745475.286,276481.914,109.4778335,16747.21931,16796.721,2.778,433.016
6/23/2022 11:49,1009.9,43.99,12.597,43.805,439724.552,745613.105,276019.562,109.5161269,17001.54378,16490,2.218,421.483
6/23/2022 11:50,1009.9,43.997,12.622,43.812,439722.124,745803.124,276022.886,109.633675,16999.7088,16780,2.058,426.667
6/23/2022 11:51,1009.9,44,12.58,43.818,439720.486,745846.238,276100.59,109.712981,16956.84011,17049.18,2.338,431
6/23/2022 11:52,1009.9,44,12.79,43.81,439708.457,745768.552,275535.438,110.2954933,17269.81461,17121.667,2.188,416.433
6/23/2022 11:53,1009.9,43.997,12.912,43.803,439687.362,745604.362,275376.438,111.3175098,17358.36204,17245,2.416,421.2
6/23/2022 11:54,1009.9,43.99,13.067,43.8,439672.343,745500.59,275070.924,112.0455248,17529.11365,17793.443,2.843,422.082
6/23/2022 11:55,1009.9,43.982,13.066,43.79,439669.724,745355.171,275116.686,112.172507,17503.48618,17785,3.727,446.967
6/23/2022 11:56,1009.9,43.975,13.073,43.78,439685.229,745171.143,275104.21,111.4208838,17510.47115,17406.667,2.602,437.517
6/23/2022 11:57,1009.9,43.964,13.08,43.768,439695,744927.429,275203.457,110.9473916,17454.94244,17463.934,1.998,415.918
6/23/2022 11:58,1009.8,43.955,13.066,43.76,439686.105,744714.829,275316.971,111.3784285,17391.5352,17298.333,2.402,415.567
6/23/2022 11:59,1009.8,43.95,12.965,43.764,439700.067,744769.238,275597.152,110.7019016,17235.50453,17113.333,2.339,415.333
6/23/2022 12:00,1009.8,43.96,13.041,43.776,439680.41,744968.838,275240.686,111.6544553,17434.13466,17268.852,3.172,427.41
6/23/2022 12:01,1009.8,43.97,13.299,43.792,439643.505,745232.381,274542.276,113.4442508,17826.47093,18333.333,3.614,440
6/23/2022 12:02,1009.8,43.98,13.467,43.8,439652.029,745378.476,274193.952,113.030694,18023.71195,18101.667,2.41,429.15
6/23/2022 12:03,1009.8,43.98,13.622,43.791,439632.057,745307.838,273915.229,113.9998266,18182.29241,18291.667,2.735,437.8
6/23/2022 12:04,1009.8,43.976,13.511,43.782,439640.362,745179.39,274279.8,113.596764,17975.003,17983.607,2.607,437.754
6/23/2022 12:05,1009.8,43.97,13.42,43.78,439661.905,745111.848,274558.876,112.5516667,17817.09711,17645,2.332,427.317
6/23/2022 12:06,1009.8,43.97,13.41,43.779,439663.371,745083.79,274539.181,112.4805709,17828.2189,17530,2.211,415.5
6/23/2022 12:07,1009.8,43.97,13.441,43.78,439667.571,745174.41,274486.476,112.2769021,17857.9979,17659.016,2.2,417.148
6/23/2022 12:08,1009.8,43.97,13.307,43.784,439680.038,745245.505,274836,111.6724871,17660.95848,17273.333,1.973,411.95
6/23/2022 12:09,1009.8,43.972,13.32,43.79,439665.724,745290.695,274769.533,112.3664649,17698.34745,17376.667,2.291,414.883
6/23/2022 12:10,1009.8,43.98,13.03,43.79,439706.248,745390.638,275515.21,110.4024871,17281.06756,16947.541,2.136,413.754
6/23/2022 12:11,1009.8,43.98,12.974,43.79,439702.648,745372.743,275516.324,110.5768688,17280.44774,17070,2.448,416.033
6/23/2022 12:12,1009.8,43.98,12.875,43.79,439700.581,745319.495,275734.667,110.6770009,17159.17046,16995,2.63,416.683
6/23/2022 12:13,1009.8,43.978,12.937,43.784,439699.981,745290.39,275564.533,110.7060679,17253.63508,17052.459,2.199,414.902
6/23/2022 12:14,1009.8,43.97,12.938,43.78,439694.619,745090.105,275503.581,110.9658521,17287.53842,17311.667,2.337,414.483
6/23/2022 12:15,1009.8,43.97,13.08,43.772,439686.667,745003.524,275162.076,111.3511917,17478.08482,17561.667,2.08,412.4
6/23/2022 12:16,1009.8,43.97,13.293,43.777,439674.486,745043.867,274745.59,111.9416285,17711.82516,17757.377,2.42,413.475
6/23/2022 12:17,1009.741,43.97,13.076,43.783,439697.943,745180.152,275365.19,110.8048026,17364.63431,17233.333,2.199,412.717
6/23/2022 12:18,1009.7,43.975,12.971,43.79,439700.571,745344.971,275475.952,110.6774853,17302.91703,17663.333,2.135,413.217
6/23/2022 12:19,1009.7,43.98,13.143,43.799,439678.943,745455.876,275019.562,111.7255655,17557.89866,17142.623,2.366,418.393
6/23/2022 12:20,1009.7,43.98,13.135,43.8,439683.2,745485.714,275091.39,111.5192233,17517.65012,17501.667,2.231,412.65
6/23/2022 12:21,1009.7,43.98,13.241,43.791,439678.819,745419.229,274753.181,111.7315763,17707.55159,17693.333,2.254,412.283
6/23/2022 12:22,1009.7,43.98,13.307,43.79,439665.6,745327.886,274736.124,112.372478,17717.155,17237.705,2.324,414.148
6/23/2022 12:23,1009.7,43.973,13.148,43.782,439682.81,745196.971,275141.838,111.5381261,17489.40831,17335,2.171,412.4
6/23/2022 12:24,1009.7,43.97,13.406,43.78,439650.781,745149.219,274427.952,113.0912367,17891.0927,17455,2.483,415.083
6/23/2022 12:25,1009.645,43.97,13.538,43.788,439644.667,745209.01,274261.857,113.3878685,17985.17836,17163.934,2.123,417.639
6/23/2022 12:26,1009.6,43.977,13.251,43.79,439669.038,745289.276,274996.99,112.2057692,17570.55595,17245,2.26,417.217
6/23/2022 12:27,1009.6,43.98,13.137,43.79,439680.6,745386.238,275209.686,111.6452457,17451.46014,17116.667,2.441,415.383
6/23/2022 12:28,1009.6,43.978,12.92,43.789,439705.267,745315.543,275683.352,110.4500043,17187.63621,16965.574,2.09,413.049
6/23/2022 12:29,1009.6,43.97,12.74,43.778,439718.114,745160.495,276140.514,109.827831,16934.83455,16620,2.345,415.233
6/23/2022 12:30,1009.6,43.962,12.685,43.769,439718.486,744935.819,276171.543,109.8098186,16917.74125,16765,2.294,414.717
6/23/2022 12:31,1009.6,43.953,12.696,43.76,439715.705,744732.962,276152.343,109.9444804,16928.31719,16498.361,2.053,412.574
6/23/2022 12:32,1009.6,43.95,12.487,43.76,439730.79,744683.762,276732.667,109.21416,16610.05732,16443.333,2.28,414.867
6/23/2022 12:33,1009.6,43.95,12.417,43.763,439738.057,744747.695,276697.981,108.8624487,16628.99835,16756.667,2.212,414.217
6/23/2022 12:34,1009.6,43.952,12.44,43.77,439730.981,744871.857,276695.524,109.204915,16630.34044,16763.934,2.336,413.361
6/23/2022 12:35,1009.6,43.96,12.167,43.77,439765.638,744923.81,277231.029,107.528228,16339.05842,16640,2.026,412.233
6/23/2022 12:36,1009.6,43.955,12.574,43.763,439712.848,744845.171,276115.99,110.0828333,16948.35022,17153.333,2.313,413.833
6/23/2022 12:37,1009.6,43.95,12.772,43.76,439702.781,744756.59,275791.276,110.570426,17127.79427,16924.59,2.416,430.574
6/23/2022 12:38,1009.6,43.951,12.813,43.765,439713.8,744837.771,275835.733,110.0367306,17103.17279,17078.333,2.841,418.4
6/23/2022 12:39,1009.6,43.963,13.04,43.782,439679.438,745157.276,275193.524,111.7015709,17460.49614,17491.667,3.126,426.583
6/23/2022 12:40,1009.6,43.976,13.088,43.799,439692.429,745529.076,275079.143,111.0719669,17524.50954,17675.41,2.044,415.689
6/23/2022 12:41,1009.6,43.992,13.142,43.813,439692.01,745829.095,274931.181,111.09227,17607.48348,17550,2.184,416.283
6/23/2022 12:42,1009.6,44,13.238,43.82,439684.048,746007.162,274780.143,111.4781226,17692.37657,17633.333,2.559,416.5
6/23/2022 12:43,1009.6,44,13.013,43.815,439706.248,745958.19,275291.905,110.4024871,17405.52716,17534.426,2.303,415.639
6/23/2022 12:44,1009.6,43.999,13.259,43.803,439683.295,745760.648,274693.152,111.5146188,17741.36015,17596.667,2.304,413.617
6/23/2022 12:45,1009.6,43.99,13.209,43.791,439690.381,745528.848,274962.79,111.1712072,17589.74202,17166.667,2.224,413.917
6/23/2022 12:46,1009.6,43.98,12.878,43.79,439729.762,745412.619,275858.352,109.2639194,17090.6523,16753.333,2.016,411.683
6/23/2022 12:47,1009.6,43.98,12.929,43.784,439726.457,745363.362,275591.048,109.4239047,17238.89661,17160.656,2.499,417.18
6/23/2022 12:48,1009.6,43.978,12.902,43.783,439711.886,745288.762,275575.829,110.1294216,17247.35541,17080,2.179,413.567
6/23/2022 12:49,1009.6,43.97,12.935,43.779,439702.314,745180.619,275554.276,110.5930484,17259.3381,17078.333,2.01,411.883
6/23/2022 12:50,1009.6,43.965,12.95,43.769,439707.952,744998.038,275508.505,110.3199526,17284.79836,17322.951,2.025,418.328
6/23/2022 12:51,1009.6,43.957,12.922,43.76,439705.019,744823.505,275632.752,110.4620171,17215.7275,16961.667,2.337,426.05
6/23/2022 12:52,1009.6,43.95,12.897,43.76,439703.419,744762.562,275666.362,110.5395205,17197.06599,16966.667,2.384,421.417
6/23/2022 12:53,1009.6,43.95,13.009,43.76,439695.067,744704.571,275405.724,110.9441453,17342.03627,17336.066,2.048,422.295
6/23/2022 12:54,1009.6,43.95,12.956,43.761,439701.2,744745.076,275532.4,110.6470139,17271.50444,17316.667,2.118,425.983
6/23/2022 12:55,1009.6,43.951,13.184,43.77,439675.21,744863.848,274912.457,111.9065291,17617.99693,17486.667,2.37,426.483
6/23/2022 12:56,1009.6,43.96,13.119,43.78,439687.571,745011.105,275249.676,111.3073811,17429.11182,17483.607,2.138,420.852
6/23/2022 12:57,1009.6,43.969,13.154,43.789,439677.095,745254.038,274969.371,111.8151481,17586.04932,17728.333,2.194,433.967
6/23/2022 12:58,1009.588,43.981,13.218,43.804,439674.81,745515.495,274948.829,111.9259209,17597.57697,17271.667,2.536,426.1
6/23/2022 12:59,1009.5,43.994,12.746,43.817,439707.267,745852.895,276083.895,110.3531306,16966.04623,17006.557,3.433,422.016
6/23/2022 13:00,1009.5,44,12.626,43.82,439722.295,745900.933,276173.067,109.625396,16916.90192,16823.333,2.533,416.967
6/23/2022 13:01,1009.5,44,13.02,43.812,439687.124,745852.6,275094.933,111.3290439,17515.66597,18086.667,2.138,431.7
6/23/2022 13:02,1009.5,43.996,12.924,43.804,439705.324,745678.762,275491.571,110.4472434,17294.22252,17208.197,2.076,428.672
6/23/2022 13:03,1009.5,43.988,13.225,43.794,439671.667,745476.229,274728.352,112.0782998,17721.53162,17455,2.192,424.367
6/23/2022 13:04,1009.5,43.977,13.098,43.782,439691.733,745224.171,275194.914,111.1056924,17459.71892,16950,2.141,443.367
6/23/2022 13:05,1009.5,43.967,13.364,43.773,439666.467,745045.59,274503.333,112.3304356,17848.47088,17516.393,2.08,426.869
6/23/2022 13:06,1009.5,43.96,13.227,43.769,439671.524,744878.419,275006.752,112.085233,17565.08135,17203.333,2.28,422.183
6/23/2022 13:07,1009.5,43.958,13.199,43.769,439676.619,744856.886,275094.848,111.8382232,17515.71357,17681.667,2.015,415.3
6/23/2022 13:08,1009.5,43.955,13.091,43.77,439677.8,744863.19,275294.895,111.7809724,17403.85784,17014.754,2.297,424.393
6/23/2022 13:09,1009.5,43.96,13.326,43.773,439661.457,744983.448,274566.524,112.5733937,17812.77917,18096.667,2.116,424.683
6/23/2022 13:10,1009.5,43.96,13.437,43.78,439658.248,745076.038,274425.524,112.729031,17892.46635,17890,2.072,414.183
6/23/2022 13:11,1009.5,43.96,13.376,43.78,439669.81,745141.505,274677.019,112.1683371,17750.4516,17426.23,2.12,426.033
6/23/2022 13:12,1009.5,43.96,13.223,43.777,439669.848,745100.952,275005.267,112.1664946,17565.9141,17563.333,2.568,417.617
6/23/2022 13:13,1009.5,43.96,13.242,43.776,439680,745066.667,274959.352,111.674329,17591.67128,17406.667,2,411.817
6/23/2022 13:14,1009.5,43.96,12.997,43.773,439720.476,745076.914,275681,109.7134652,17188.94147,16939.344,1.984,411.361
6/23/2022 13:15,1009.5,43.96,12.672,43.771,439740.305,745058.819,276280.095,108.7536637,16858.00714,16656.667,2.058,412.067
6/23/2022 13:16,1009.5,43.96,12.565,43.77,439749.686,744934.629,276469.667,108.2997735,16753.93228,16413.333,2.016,411.583
6/23/2022 13:17,1009.5,43.952,12.534,43.763,439743.171,744802.457,276486.752,108.6149824,16744.56781,16649.18,2.245,413.607
6/23/2022 13:18,1009.58,43.945,12.391,43.75,439754.505,744587.695,276878.257,108.0666578,16530.66765,16223.333,2.204,414.25
6/23/2022 13:19,1009.6,43.94,12.359,43.75,439747.629,744463.876,276858.848,108.3992891,16541.24078,16371.667,2.23,415.033
6/23/2022 13:20,1009.6,43.93,12.482,43.75,439744.362,744433.219,276546.124,108.5573551,16712.04491,16532.787,1.999,413.18
6/23/2022 13:21,1009.587,43.94,12.442,43.756,439752.743,744587.571,276675.581,108.1518896,16641.23584,16585,2.393,428.25
6/23/2022 13:22,1009.5,43.947,12.579,43.77,439727.438,744863.667,276218.581,109.3764158,16891.84469,16918.333,2.441,425.7
6/23/2022 13:23,1009.5,43.964,12.556,43.788,439725.19,745235.99,276291.924,109.4852404,16851.50399,16798.361,2.603,415.738
6/23/2022 13:24,1009.5,43.977,12.874,43.8,439693.952,745534.076,275406.79,110.9981704,17341.44216,17451.667,2.309,412.983
6/23/2022 13:25,1009.5,43.987,12.712,43.8,439713.962,745648.657,275957.457,110.0288855,17035.84573,16888.333,2.199,412.1
6/23/2022 13:26,1009.5,43.986,12.473,43.797,439734.486,745514.876,276564.295,109.0352705,16702.09723,16360.656,2.403,415.23
6/23/2022 13:27,1009.5,43.977,12.309,43.785,439757.848,745301.19,276924.724,107.9049611,16505.36775,16370,2.27,414.067
6/23/2022 13:28,1009.5,43.97,12.542,43.78,439735.467,745161.076,276232.4,108.9877923,16884.24031,17181.667,2.171,412.367
6/23/2022 13:29,1009.5,43.97,12.533,43.779,439749.438,745206.029,276417.533,108.3117712,16782.52299,16606.557,2.32,413.918
6/23/2022 13:30,1009.49,43.97,12.534,43.787,439742.695,745359.248,276341.524,108.6380145,16824.24882,16730,2.003,411.65
6/23/2022 13:31,1009.4,43.98,12.55,43.798,439746.39,745578.429,276321.771,108.4592334,16835.10055,16805,2.16,412.683
6/23/2022 13:32,1009.4,43.99,12.526,43.809,439746.695,745824.429,276267.276,108.4444769,16865.05592,16849.18,2.323,413.246
6/23/2022 13:33,1009.4,43.999,12.51,43.812,439745.924,745922.495,276328.305,108.4817796,16831.51059,16681.667,2.128,412.733
6/23/2022 13:34,1009.4,43.997,12.545,43.808,439739.029,745778.019,276229.59,108.8154109,16885.78648,16480,2.423,415.333
6/23/2022 13:35,1009.4,43.99,12.53,43.797,439734.552,745641.724,276327.467,109.0320762,16831.97099,16708.197,2.397,417.721
6/23/2022 13:36,1009.4,43.986,12.589,43.79,439738.457,745582.381,276180.286,108.8430914,16912.92639,16986.667,2.134,419.85
6/23/2022 13:37,1009.4,43.98,12.575,43.79,439741.714,745482.752,276216.324,108.6854829,16893.08683,16948.333,2.193,425.883
6/23/2022 13:38,1009.4,43.98,12.505,43.79,439754.181,745524.533,276416.2,108.08233,16783.25432,16501.667,2.137,419.05
6/23/2022 13:39,1009.4,43.983,12.515,43.8,439754.19,745594.41,276359.2,108.0818947,16814.54099,16891.803,2.257,433.098
6/23/2022 13:40,1009.4,43.99,12.763,43.8,439712.61,745658.238,275577.914,110.0943592,17246.19644,17365,2.234,453.017
6/23/2022 13:41,1009.4,43.99,12.831,43.8,439718.848,745699.19,275656.962,109.7922906,17202.28424,16796.667,2.146,435.083
6/23/2022 13:42,1009.4,43.99,12.844,43.807,439714.886,745771.533,275555.781,109.9841401,17258.50124,17342.623,2.433,435.59
6/23/2022 13:43,1009.4,43.999,12.733,43.81,439715.571,745861.105,275871.01,109.9509693,17083.64753,16896.667,2.664,436.8
6/23/2022 13:44,1009.4,44,12.353,43.809,439764.714,745822.657,276862.41,107.5729094,16539.30012,16223.333,2.257,414.983
6/23/2022 13:45,1009.4,43.991,12.369,43.798,439762.095,745697.286,276677.295,107.6995612,16640.2993,16339.344,2.035,417.77
6/23/2022 13:46,1009.4,43.984,12.243,43.788,439770.667,745467.4,277011.686,107.285064,16458.06942,16403.333,2.04,414.6
6/23/2022 13:47,1009.493,43.974,12.321,43.78,439761.705,745279.886,276741.01,107.7184219,16605.50299,16521.667,2.224,415.017
6/23/2022 13:48,1009.5,43.97,12.605,43.778,439723.067,745196.962,276060.59,109.5880201,16978.90131,17067.213,2.72,422.246
6/23/2022 13:49,1009.5,43.966,12.546,43.777,439730.067,745129.114,276348.105,109.249156,16820.63416,16801.667,2.544,421.45
6/23/2022 13:50,1009.5,43.969,12.806,43.78,439698.524,745175.4,275593.248,110.7766544,17237.674,17461.667,2.458,425.217
6/23/2022 13:51,1009.5,43.97,12.847,43.782,439700.771,745245.638,275620.019,110.6677964,17222.79987,17116.393,2.577,417.656
6/23/2022 13:52,1009.5,43.97,12.817,43.79,439701.467,745332.21,275728.962,110.6340795,17162.33406,16880,2.534,418.15
6/23/2022 13:53,1009.5,43.98,12.739,43.79,439720.219,745471.038,275949.962,109.7259085,17039.98763,16628.333,2.284,418.85
6/23/2022 13:54,1009.5,43.98,12.855,43.8,439694.752,745545.305,275540.048,110.9594078,17267.25054,17186.885,2.849,430.164
6/23/2022 13:55,1009.44,43.988,13.148,43.8,439669.2,745629.514,274869.667,112.1979142,17642.03463,17351.667,2.681,417.933
6/23/2022 13:56,1009.4,43.99,12.904,43.8,439700.6,745641.838,275630.943,110.6760804,17216.7322,16960,2.328,415.717
6/23/2022 13:57,1009.4,43.99,12.561,43.8,439748.743,745643.362,276426.438,108.3453941,16777.63776,16270.492,2.288,414.197
6/23/2022 13:58,1009.4,43.982,12.812,43.795,439726.21,745570.162,275657.057,109.4358619,17202.2315,16921.667,2.199,413.983
6/23/2022 13:59,1009.4,43.978,12.656,43.784,439732.381,745374.752,276185.333,109.137152,16910.14726,16750,2.565,417.983
6/23/2022 14:00,1009.369,43.969,12.534,43.775,439739.162,745132.514,276427.133,108.8089748,16777.25651,16793.443,2.142,412.836
6/23/2022 14:01,1009.3,43.96,12.575,43.77,439734.924,745022.619,276338.457,109.0140721,16825.93352,16706.667,2.312,414.933
6/23/2022 14:02,1009.3,43.96,12.31,43.77,439757.724,744956.19,277008.905,107.9109586,16459.58099,16443.333,2.959,420.517
6/23/2022 14:03,1009.3,43.953,12.356,43.77,439753.457,744924.114,276805.781,108.1173513,16570.16575,16477.049,2.485,417.885
6/23/2022 14:04,1009.3,43.95,12.317,43.768,439764.343,744919.257,276861.533,107.5908499,16539.77792,16583.333,2.106,416.717
6/23/2022 14:05,1009.3,43.958,12.515,43.77,439733.343,745029,276314.295,109.0905906,16839.20852,16971.667,2.197,413.633
6/23/2022 14:06,1009.268,43.96,12.501,43.78,439730.667,745109.676,276404.514,109.2201137,16789.66636,16706.557,2.323,421.377
6/23/2022 14:07,1009.2,43.969,12.526,43.78,439718.514,745263.438,276295.933,109.8084629,16849.30026,16966.667,2.84,438.65
6/23/2022 14:08,1009.2,43.97,12.496,43.78,439732.714,745240.571,276362.133,109.1210345,16812.93042,16680,2.358,424.8
6/23/2022 14:09,1009.2,43.97,12.637,43.78,439716.667,745217.19,276016.495,109.8978972,17003.23697,17013.115,2.297,413.902
6/23/2022 14:10,1009.2,43.97,12.659,43.779,439726.886,745152.229,276080.429,109.4031373,16967.95779,16930,2.331,414.15
6/23/2022 14:11,1009.2,43.962,12.507,43.771,439732.01,745104.419,276469.333,109.1551089,16754.11537,16973.333,2.986,419.067
6/23/2022 14:12,1009.2,43.96,13.109,43.77,439676.733,745101.114,274798.99,111.8326968,17681.77263,18580.328,2.663,422.754
6/23/2022 14:13,1009.2,43.964,13.092,43.779,439692.819,745198.61,275176.41,111.0530693,17470.06685,17548.333,2.667,434.017
6/23/2022 14:14,1009.2,43.97,13.02,43.787,439698.686,745375.457,275261.962,110.7688059,17422.24857,17485,2.238,420
6/23/2022 14:15,1009.15,43.978,12.963,43.79,439709.876,745478.371,275450.99,110.226767,17316.8168,17203.279,2.243,419.689
6/23/2022 14:16,1009.1,43.98,12.962,43.79,439712.486,745455.971,275448.2,110.1003643,17318.37071,17195,2.12,414.567
6/23/2022 14:17,1009.1,43.98,12.733,43.79,439736.305,745406.943,276084.286,108.9472361,16965.83059,16810,2.16,412.7
6/23/2022 14:18,1009.1,43.973,12.664,43.786,439738.295,745327.733,276090.352,108.8509311,16962.48536,16909.836,2.274,413.492
6/23/2022 14:19,1009.1,43.967,12.581,43.774,439743.524,745117.971,276294.61,108.5979021,16850.02749,16915,2.122,412.117
6/23/2022 14:20,1009.1,43.956,12.576,43.762,439746.057,744841.962,276333.505,108.4753447,16828.65383,17023.333,2.203,413.567
6/23/2022 14:21,1009.1,43.95,12.641,43.756,439739.276,744698.21,276198.152,108.8034581,16903.08945,16931.148,2.42,414.607
6/23/2022 14:22,1009.1,43.95,12.711,43.763,439739.771,744838.01,275994.724,108.7795043,17015.25837,17308.333,2.176,411.917
6/23/2022 14:23,1009.1,43.955,12.579,43.776,439750.952,745031.324,276338.848,108.2385286,16825.71874,16685,1.951,410.917
6/23/2022 14:24,1009.1,43.965,12.742,43.784,439721.162,745270.2,275815.829,109.6802511,17114.19406,17078.689,2.053,413.852
6/23/2022 14:25,1009.1,43.975,12.809,43.797,439715.962,745494.238,275744.143,109.9320355,17153.91636,17356.667,2.132,413.383
6/23/2022 14:26,1009.1,43.982,12.6,43.8,439734.886,745641.648,276139.962,109.0159112,16935.13871,17018.333,2.081,417.9
6/23/2022 14:27,1009.1,43.99,12.986,43.801,439698.333,745668.505,275058.4,110.7859079,17536.13043,17988.333,2.088,429.367
6/23/2022 14:28,1009.1,43.99,13.324,43.8,439665.629,745608.2,274375.39,112.3710717,17920.84115,18765.574,2.156,422.066
6/23/2022 14:29,1009.1,43.99,13.313,43.8,439677.114,745621.971,274642.581,111.814227,17769.86599,17545,2.336,427.033
6/23/2022 14:30,1009.1,43.99,13.159,43.804,439700.295,745764.59,275102.79,110.6908561,17511.26626,17803.333,2.33,422.383
6/23/2022 14:31,1009.1,43.995,12.996,43.814,439718.48,745951.333,275335.598,109.8101091,17381.14101,17185.246,2.149,415.607
6/23/2022 14:32,1009.1,44.003,13.102,43.824,439700.943,746125.562,275040.143,110.659464,17546.36164,18215,2.397,415.433
6/23/2022 14:33,1009.1,44.01,12.891,43.83,439725.971,746320.8,275625.21,109.4474318,17219.91643,18328.333,2.705,417.2
6/23/2022 14:34,1009.1,44.01,12.998,43.83,439706.21,746304.838,275205.638,110.4043277,17453.72312,18344.262,2.09,412.836
6/23/2022 14:35,1009.1,44.01,13.259,43.824,439686.848,746146.562,274549.79,111.3424198,17822.22757,18305,2.048,414.5
6/23/2022 14:36,1009.1,44.003,13.259,43.806,439682.667,745880.552,274740.505,111.5450571,17714.68818,18318.333,2.441,414.467
6/23/2022 14:37,1009.1,43.99,13.42,43.792,439672.867,745573.676,274366.857,112.0201198,17925.6728,18450.82,1.976,411.033
6/23/2022 14:38,1009.1,43.98,13.097,43.784,439711.876,745425.524,275327.219,110.1299059,17385.81627,17505,2.044,417.817
6/23/2022 14:39,1009.1,43.974,13.187,43.78,439708.61,745403.124,274986.038,110.2880829,17576.69888,17816.667,1.982,412.833
6/23/2022 14:40,1009.1,43.973,12.779,43.788,439753.81,745457.486,276086.324,108.1002759,16964.70666,16596.721,1.986,425.18
6/23/2022 14:41,1009.1,43.981,13.139,43.798,439703.438,745614.933,274962.6,110.5386001,17589.84863,18145,2.041,412.983
6/23/2022 14:42,1009.1,43.99,13.09,43.81,439707.41,745855.952,275144.6,110.3462043,17487.86272,18018.333,2.076,411.45
6/23/2022 14:43,1009.1,44,12.891,43.81,439725.162,745883.524,275617.657,109.4865959,17224.11196,17440.984,1.975,410.705
6/23/2022 14:44,1009.1,43.988,12.863,43.795,439725.562,745643.038,275612.962,109.4672316,17226.72018,17505,1.96,410.967
6/23/2022 14:45,1009.1,43.972,12.744,43.772,439741,745188.133,276038.981,108.7200327,16990.82505,16873.333,1.953,410.8
6/23/2022 14:46,1009.1,43.956,12.77,43.76,439736.962,744909.171,275980.305,108.9154404,17023.22243,17385.246,1.97,412.721
6/23/2022 14:47,1009.1,43.958,13.135,43.776,439702.524,745209.419,275019.886,110.5828755,17557.71701,17895,2.195,412.75
6/23/2022 14:48,1009.1,43.975,12.946,43.799,439729.39,745661.981,275551.371,109.2819261,17260.95348,17666.667,2.073,417.633
6/23/2022 14:49,1009.1,43.994,12.72,43.818,439746.667,746014.686,275942.714,108.4458316,17043.99349,17301.639,2.025,435.295
6/23/2022 14:50,1009.1,44,12.771,43.82,439733.419,746101.886,275746.81,109.0869123,17152.43774,17543.333,2.108,418.233
6/23/2022 14:51,1009.1,44,12.912,43.818,439706.933,746046.457,275471.648,110.3693081,17305.31328,17598.333,2.793,415.75
6/23/2022 14:52,1009.1,44,12.713,43.817,439733.771,746085.162,276062.771,109.0698756,16977.69807,17281.967,2.994,417.148
6/23/2022 14:53,1009.1,44,12.372,43.811,439756.476,746090.01,276787.371,107.9713212,16580.20606,16666.667,3.59,421.567
6/23/2022 14:54,1009.1,44,12.285,43.808,439763.543,745964.79,276904.838,107.6295364,16516.19282,16606.667,3.149,419.25
6/23/2022 14:55,1009.1,43.991,12.005,43.799,439807.619,745795.19,277648.419,105.4994064,16113.73398,16077.049,2.604,415.59
6/23/2022 14:56,1009.1,43.984,12.076,43.791,439785.257,745579.467,277341.381,106.5797984,16279.34014,16400,3.071,419.05
6/23/2022 14:57,1009.1,43.98,11.953,43.79,439807.752,745556.876,277654.438,105.4929827,16110.49564,16126.667,2.366,414.117
6/23/2022 14:58,1009.1,43.98,11.84,43.79,439817.724,745505.781,277905.181,105.01142,15975.86752,16013.115,2.377,414.525
6/23/2022 14:59,1009.1,43.98,12.095,43.789,439788.448,745473.057,277155.495,106.4255874,16379.99491,16741.667,2.236,413.7
6/23/2022 15:00,1009.1,43.98,12.036,43.79,439806.229,745560.2,277422.495,105.5665426,16235.51113,16358.333,2.111,412.733
6/23/2022 15:01,1009.1,43.98,11.916,43.79,439820.476,745576.095,277652.295,104.8785457,16111.64858,16237.705,2.142,413.754
6/23/2022 15:02,1009.1,43.98,11.809,43.79,439824.229,745572.124,277917.324,104.697357,15969.36147,16026.667,2.071,412.633
6/23/2022 15:03,1009.1,43.977,11.829,43.785,439823.962,745427.448,277799.99,104.7102467,16032.28049,16286.667,2.032,413.933
6/23/2022 15:04,1009.1,43.97,11.787,43.78,439830.733,745404.581,277895.476,104.3834001,15981.06824,16285.246,2.051,415.951
6/23/2022 15:05,1009.1,43.97,12.039,43.78,439806.381,745408,277239.59,105.559201,16334.42179,16588.333,2.101,421.1
6/23/2022 15:06,1009.1,43.97,11.966,43.788,439819.21,745509.695,277519.724,104.9396705,16183.04912,16416.667,2.094,412.333
6/23/2022 15:07,1009.1,43.98,12.008,43.794,439809.8,745601.067,277358.39,105.3940707,16270.14483,16472.131,2.209,413.279
6/23/2022 15:08,1009.1,43.986,11.982,43.802,439799.457,745800.314,277439.352,105.8936641,16226.40974,17025,2.348,416.3
6/23/2022 15:09,1009.1,43.995,11.924,43.811,439812.362,746018.314,277557.524,105.2703421,16162.67526,16320,2.177,413.05
6/23/2022 15:10,1009.1,44,11.749,43.82,439827.952,746111.752,277974.457,104.5176357,15938.7674,16003.279,3.004,415.869
6/23/2022 15:11,1009.1,44,11.734,43.818,439822.314,746121.895,277881.352,104.7898077,15988.63846,16083.333,2.464,414.917
6/23/2022 15:12,1009.1,44,11.963,43.814,439799.229,746111.838,277333.105,105.9046787,16283.81516,16480,2.324,414.4
6/23/2022 15:13,1009.1,44.005,11.909,43.818,439800.771,746120.667,277522.257,105.8301864,16181.68347,16406.557,3.089,421.951
6/23/2022 15:14,1009.1,44.01,12.029,43.822,439781.495,746261.076,277213.019,106.7616218,16348.81468,16531.667,3.068,421.433
6/23/2022 15:15,1009.1,44.01,12.06,43.827,439806.543,746300.705,277115.086,105.5513763,16401.91516,16785,2.324,415.25
6/23/2022 15:16,1009.1,44.01,12.216,43.82,439795.162,746226.619,276759.457,106.1011665,16595.43515,16931.667,2.101,413.083
6/23/2022 15:17,1009.1,44.005,12.033,43.814,439813.352,746063.314,277324.686,105.2225337,16288.36811,16418.033,2.032,412.246
6/23/2022 15:18,1009.1,43.995,12.014,43.796,439808.6,745735.381,277303.143,105.4520262,16300.02122,16625,1.979,414.367
6/23/2022 15:19,1009.1,43.982,12.087,43.784,439784.514,745438.124,277177.01,106.6157072,16368.32962,16425,2.018,411.5
6/23/2022 15:27,1009.1,44,12.009,43.82,439812.095,746081.343,277307.305,105.2832361,16297.76959,16788.889,2.095,430.741
6/23/2022 15:28,1009.1,44.004,11.987,43.82,439816.933,746149.952,277336.733,105.0496136,16281.85335,16396.667,2.002,415.983
6/23/2022 15:29,1009.1,44.002,12.132,43.814,439797.305,746038.543,276965.505,105.9976295,16483.17901,16614.754,2.039,413.803
6/23/2022 15:30,1009.1,43.998,12.182,43.803,439791.4,745845.581,276912.743,106.282939,16511.88927,17543.333,2.099,847.483
6/23/2022 15:31,1009.1,43.987,11.928,43.789,439819.448,745601.952,277648.81,104.9281792,16113.52361,16168.333,2.054,414.167
6/23/2022 15:32,1009.1,43.974,12.026,43.775,439783.581,745247.124,277274.733,106.6607997,16315.39496,16649.18,2.381,415.295
6/23/2022 15:33,1009.1,43.963,12.17,43.77,439777.676,745110.648,277011.676,106.9462198,16458.07486,16675,2.116,414.583
6/23/2022 15:34,1009.1,43.961,12.349,43.775,439764.781,745168.352,276629.981,107.5696694,16666.16122,17006.667,2.052,414.733
6/23/2022 15:35,1009.1,43.971,12.224,43.786,439786.81,745382.924,276953.333,106.504745,16489.80024,16601.639,2.02,412.705
6/23/2022 15:36,1009.1,43.982,12.129,43.802,439795.79,745734,277173.79,106.0708246,16370.07523,16356.667,2.591,418.367
6/23/2022 15:37,1009.1,43.992,12.07,43.81,439798.486,745922.79,277219.457,105.9405733,16345.32681,16386.667,2.429,417.933
6/23/2022 15:38,1009.1,44,11.956,43.82,439808.914,746069.01,277507.819,105.436861,16189.46835,16109.836,2.596,419.377
6/23/2022 15:39,1009.1,44.007,12.114,43.82,439781.486,746106.01,276953.876,106.7620568,16489.50483,16691.667,2.695,419.667
6/23/2022 15:40,1009.1,44.01,12.023,43.816,439804.457,746115.971,277362.238,105.652133,16268.0649,16198.333,2.419,416.85
6/23/2022 15:41,1009.1,44.004,11.774,43.81,439828.238,746073.819,277966.79,104.5038303,15942.87136,15865.574,2.567,417.967
6/23/2022 15:42,1009.1,44,12.1,43.81,439795.848,745959.181,276922.61,106.0680224,16506.51836,16861.667,2.295,415.317
6/23/2022 15:43,1009.1,44,12.23,43.808,439786.514,745904.819,276780.21,106.5190499,16584.11226,16743.333,2.166,414.233
6/23/2022 15:44,1009.1,44,12.191,43.801,439795.21,745882.933,276938.41,106.0988473,16497.91967,16503.279,2.581,419.23
6/23/2022 15:45,1009.1,43.998,12.161,43.8,439804.181,745827.343,277009.352,105.6654646,16459.33803,16518.333,1.972,412.783
6/23/2022 15:46,1009.1,43.99,12.126,43.798,439801.162,745756.267,277089.505,105.8112981,16415.79907,16448.333,2.021,413.8
6/23/2022 15:47,1009.001,43.984,12.079,43.785,439790.771,745463.095,277216.295,106.3133329,16347.03982,16431.148,2.234,415.852
6/23/2022 15:48,1009,43.973,12.142,43.774,439769.829,745239.733,277036.305,107.3255809,16444.69104,16598.333,2.524,419.25
6/23/2022 15:49,1009,43.966,12.269,43.77,439745.076,745103.752,276741.257,108.5228086,16605.36816,16543.333,2.691,421.333
6/23/2022 15:50,1009,43.96,12.22,43.77,439765.552,745120.486,277029.848,107.5323866,16448.19938,16250.82,2.382,417.951
6/23/2022 15:51,1009,43.967,12.312,43.777,439755.533,745236.829,276664.648,108.0169331,16647.21029,16770,2.259,417.3
6/23/2022 15:52,1009,43.975,12.369,43.795,439754.048,745530.676,276586.61,108.0887635,16689.8848,16701.667,2.584,420.817
6/23/2022 15:53,1009,43.988,12.108,43.808,439798.543,745821.505,277235.952,105.9378196,16336.39205,16283.607,1.991,413.508
6/23/2022 15:54,1009,43.999,12.048,43.817,439792.162,745986.238,277248.99,106.2461191,16329.33148,16270,1.988,413.35
6/23/2022 15:55,1009,44,12.096,43.819,439786.029,746061.657,277043.171,106.5424888,16440.96087,16738.333,1.998,413.3
6/23/2022 15:56,1009,44,12.187,43.811,439783.848,745957.838,276938.829,106.6478953,16497.69167,16429.508,1.955,413.098
6/23/2022 15:57,1009,44,12.234,43.81,439767.067,745957.848,276752.362,107.459129,16599.30705,16513.333,2.585,419.283
6/23/2022 15:58,1009,44,12.121,43.813,439778.514,746016.238,277155.619,106.9057119,16379.92766,16416.667,2.408,417.35
6/23/2022 15:59,1009,44.009,12.092,43.82,439768.467,746163.467,277101.19,107.3914349,16409.45642,16444.262,2.87,422.443
6/23/2022 16:00,1009,44.013,12.132,43.83,439780.01,746310.048,277038.952,106.8333995,16443.25293,16415,2.398,417.483
6/23/2022 16:01,1009,44.02,12.021,43.83,439792.943,746343.095,277293.981,106.2083819,16304.97837,16285,2.378,416.917
6/23/2022 16:02,1009,44.014,11.983,43.82,439786.8,746181.086,277352.41,106.5052283,16273.37742,16326.23,2.354,416.721
6/23/2022 16:03,1008.948,44.007,11.997,43.812,439782.333,745981.648,277304.657,106.7211182,16299.20214,16286.667,2.652,420.35
6/23/2022 16:04,1008.9,44,12.043,43.805,439782.114,745825.638,277216.962,106.7317032,16346.67847,16470,1.997,413.25
6/23/2022 16:05,1008.9,43.992,12.042,43.8,439796.59,745711.676,277248.619,106.0321734,16329.53237,16373.77,1.961,413.164
6/23/2022 16:06,1008.9,43.989,12.174,43.791,439785.79,745563.657,276942.267,106.5540392,16495.82094,16605,1.995,417.567
6/23/2022 16:07,1008.825,43.98,12.271,43.79,439764.086,745454.19,276736.619,107.6032779,16607.8999,16601.667,2.282,416.65
6/23/2022 16:08,1008.8,43.98,12.234,43.79,439766.971,745435.933,276892.324,107.4637709,16523.00663,16677.049,2.218,415.557
6/23/2022 16:09,1008.8,43.98,12.177,43.79,439784.914,745480.571,277082.362,106.5963753,16419.6769,16468.333,2.149,415.033
6/23/2022 16:10,1008.786,43.98,12.096,43.79,439790.438,745543.829,277257.162,106.3294241,16324.90678,16430,2.334,417.417
6/23/2022 16:11,1008.758,43.98,12.072,43.79,439782.171,745560.648,277209.352,106.7289482,16350.80149,16447.541,3.11,426.066
6/23/2022 16:12,1008.8,43.98,12.201,43.785,439770.638,745535.362,276867.419,107.2864661,16536.57129,16566.667,2.591,420.35
6/23/2022 16:13,1008.8,43.973,12.168,43.78,439792.562,745412.133,277105.952,106.2267914,16406.87193,16580,2.036,414.983
6/23/2022 16:14,1008.894,43.97,11.96,43.78,439812.067,745351.219,277595.2,105.2845883,16142.38047,16025,1.954,412.983
6/23/2022 16:15,1008.9,43.967,11.878,43.772,439819.076,745216.667,277733.562,104.9461404,16067.95424,16190.164,1.986,413.328
6/23/2022 16:16,1008.9,43.96,11.85,43.764,439825.219,745082.2,277775.914,104.6495647,16045.20561,16093.333,1.955,412.9
6/23/2022 16:17,1008.9,43.96,11.958,43.767,439809.133,745045.057,277482.295,105.4262841,16203.23512,16478.333,2.452,419
6/23/2022 16:18,1008.9,43.96,11.963,43.773,439811.076,745196.971,277528.952,105.3324467,16178.07418,16172.131,1.981,413.377
6/23/2022 16:19,1008.9,43.968,11.86,43.788,439823.467,745469.505,277759.533,104.7341436,16054.00255,16250,1.982,413.617
6/23/2022 16:20,1008.864,43.98,11.741,43.798,439827.038,745684.933,277966.895,104.5617557,15942.81516,15821.667,2.74,419.567
6/23/2022 16:21,1008.8,43.993,11.944,43.814,439795.457,746022.943,277376.362,106.0869135,16260.43162,16327.869,2.178,418.984
6/23/2022 16:22,1008.8,44.004,11.869,43.82,439805.133,746192.476,277546.467,105.6194806,16168.63362,16070,2.058,416.817
6/23/2022 16:23,1008.8,44.01,11.692,43.82,439823.19,746256.238,278066.943,104.7475163,15889.30172,15786.667,2.047,415.883
6/23/2022 16:24,1008.8,44.007,11.702,43.813,439818.448,746101.829,277904.41,104.9764622,15976.28065,16129.508,2.051,427.869
6/23/2022 16:25,1008.794,44,11.761,43.81,439819.6,746025.057,277805.571,104.9208403,16029.28506,15921.667,2.726,425.983
6/23/2022 16:26,1008.7,44,11.66,43.81,439821.752,746087.219,278130.867,104.8169404,15855.15528,15658.333,2.548,419.833
6/23/2022 16:27,1008.763,44.001,11.656,43.814,439833.867,746157.619,278041.914,104.2321383,15902.6811,16206.557,2.225,416.59
6/23/2022 16:28,1008.8,44.01,11.583,43.819,439853.81,746205.057,278271.895,103.2699081,15779.94628,15790,1.974,413.667
6/23/2022 16:29,1008.8,44.005,11.485,43.813,439858.8,746115.133,278468.6,103.0292304,15675.33089,15740,2.12,414.8
6/23/2022 16:30,1008.8,44,11.597,43.807,439844.248,745963.638,278106.695,103.7311975,15868.06316,16122.951,2.02,413.639
6/23/2022 16:31,1008.8,43.993,11.681,43.8,439834.114,745871.324,277971.467,104.2202175,15940.36782,16073.333,1.997,413.433
6/23/2022 16:32,1008.8,43.99,11.706,43.8,439826.467,745833.467,277943.733,104.5893192,15955.21626,15931.667,1.965,413.1
6/23/2022 16:33,1008.8,43.99,11.756,43.8,439806.981,745841.219,277800.886,105.5302211,16031.79957,16196.721,2.55,418.852
6/23/2022 16:34,1008.8,43.99,11.615,43.808,439806.419,745857.857,278217.638,105.5573656,15808.86082,15731.667,3.578,429.483
6/23/2022 16:35,1008.8,43.99,11.368,43.802,439849.305,745804.581,278817.352,103.4872224,15490.66897,15458.333,2.629,419.65
6/23/2022 16:36,1008.8,43.99,11.389,43.796,439841.562,745706.971,278647.305,103.8607977,15580.57709,15709.836,2.559,418.902
6/23/2022 16:37,1008.8,43.984,11.558,43.79,439827.048,745574.038,278229.238,104.561273,15802.67684,15870,2.169,415.167
6/23/2022 16:38,1008.8,43.98,11.585,43.789,439817.048,745490.152,278214.41,105.0440607,15810.58188,15810,2.536,418.75
6/23/2022 16:39,1008.8,43.978,11.513,43.782,439811.619,745410.057,278435.752,105.3062234,15692.7776,15614.754,3.398,427.295
6/23/2022 16:40,1008.8,43.97,11.44,43.78,439836.457,745356.067,278593.219,104.1071427,15609.22584,15735,2.199,415.717
6/23/2022 16:41,1008.8,43.97,11.221,43.78,439872.914,745439.571,279186.581,102.348668,15296.30454,15265,1.966,414.217
6/23/2022 16:42,1008.8,43.97,11.057,43.78,439883.686,745376.762,279527.476,101.8294365,15117.89623,15054.098,1.977,414.164
6/23/2022 16:43,1008.8,43.97,11.059,43.773,439883.705,745286.029,279382.857,101.8285208,15193.46091,15395,1.962,413.217
6/23/2022 16:44,1008.8,43.97,11.19,43.772,439868.924,745281.905,279080.771,102.5410341,15351.88373,15600,2.018,415.617
6/23/2022 16:45,1008.8,43.97,11.234,43.78,439868.962,745352.733,278926.686,102.5392019,15432.99269,15629.508,2.019,415.18
6/23/2022 16:46,1008.8,43.97,11.443,43.787,439854.229,745455.762,278430.543,103.2496976,15695.54513,15848.333,1.95,412.817
6/23/2022 16:47,1008.8,43.977,11.377,43.79,439862.19,745525.876,278694.333,102.8657433,15555.68733,15660,1.974,413.583
6/23/2022 16:48,1008.8,43.981,11.381,43.795,439863.019,745720.867,278662.276,102.8257661,15572.65156,15572.131,2.196,415.852
6/23/2022 16:49,1008.8,43.993,11.369,43.811,439856.562,745969.686,278646.705,103.1371694,15580.89476,15605,2.224,416.183
6/23/2022 16:50,1008.8,44.007,11.422,43.829,439840.648,746344.705,278424.276,103.9049008,15698.87508,16005,2.768,422.2
6/23/2022 16:51,1008.887,44.021,11.449,43.844,439852.571,746629.638,278340.876,103.3296728,15743.22161,16039.344,1.988,413.639
6/23/2022 16:52,1008.9,44.03,11.6,43.844,439833.124,746619.41,277865.295,104.2679978,15997.24682,16273.333,2.024,415.517
6/23/2022 16:53,1008.9,44.024,11.59,43.827,439833.857,746372.771,278078.771,104.2326209,15882.98088,15938.333,2.009,414.433
6/23/2022 16:54,1008.9,44.013,11.621,43.812,439839.41,746078.029,278001.286,103.9646395,15924.41047,16078.689,1.997,417.607
6/23/2022 16:55,1008.9,44.001,11.737,43.8,439819.952,745797.429,277729.257,104.9038451,16070.26746,16166.667,1.984,413.783
6/23/2022 16:56,1008.9,43.995,11.846,43.8,439808.657,745790.981,277564.39,105.4492733,16158.97587,16351.667,2.165,416.133
6/23/2022 16:57,1008.9,44,11.713,43.809,439838.419,745921.743,277966.029,104.0124609,15943.27874,16061.667,1.974,414.4
6/23/2022 16:58,1008.9,44.007,11.473,43.82,439863.943,746142.657,278513.114,102.7812088,15651.70279,15618.033,1.986,414.41
6/23/2022 16:59,1008.9,44.014,11.459,43.829,439860.705,746341.429,278408.657,102.9373574,15707.17567,15836.667,2.107,416.883
6/23/2022 17:00,1008.9,44.02,11.547,43.832,439852.314,746399.505,278160.029,103.3420698,15839.58941,15840,2.125,416.117
6/23/2022 17:01,1008.9,44.02,11.485,43.828,439860.8,746352.6,278331.533,102.9327759,15748.19332,15911.475,2.003,415.377
6/23/2022 17:02,1008.9,44.015,11.4,43.816,439864.838,746129.676,278586.181,102.738051,15612.95564,15701.667,2.172,423.7
6/23/2022 17:03,1008.813,44.005,11.589,43.805,439834.4,745903.724,278000.81,104.2064145,15924.66514,16121.667,2.105,429.517
6/23/2022 17:04,1008.8,44,11.724,43.8,439820.162,745789.105,277779.8,104.893706,16043.11909,16159.016,2.316,417.541
6/23/2022 17:05,1008.88,43.99,11.723,43.8,439825.029,745771.438,277874.419,104.6587368,15992.35505,16180,1.995,414.2
6/23/2022 17:06,1008.9,43.99,11.581,43.8,439838.448,745729.943,278210.019,104.0110615,15812.92315,15953.333,1.961,413.217
6/23/2022 17:07,1008.9,43.99,11.493,43.8,439846.343,745703.514,278443.362,103.6301199,15688.73484,15762.295,1.955,413.197
6/23/2022 17:08,1008.9,43.99,11.612,43.796,439832.124,745632.295,278075.4,104.3162622,15884.78221,16281.667,2.503,419.383
6/23/2022 17:09,1008.9,43.99,11.493,43.8,439851.429,745676.638,278462.743,103.3847604,15678.44107,15681.667,2.012,415.3
6/23/2022 17:10,1008.9,43.99,11.406,43.805,439867.181,745797.276,278623.419,102.6250745,15593.22613,15675.41,2.022,414.525
6/23/2022 17:11,1008.9,43.99,11.424,43.805,439867.695,745809.933,278505.086,102.6002911,15655.9628,15788.333,2.111,416.333
6/23/2022 17:12,1008.9,43.99,11.294,43.8,439875.295,745727.486,278897.038,102.2338855,15448.62255,15455,2.079,416.467
6/23/2022 17:13,1008.9,43.99,11.448,43.8,439863.267,745709.305,278460.248,102.8138069,15679.76605,15747.541,2.048,419.902
6/23/2022 17:14,1008.922,43.99,11.541,43.803,439847.295,745774.657,278179.419,103.5841907,15829.24361,15940,2.3,417.783
6/23/2022 17:15,1009,44.001,11.547,43.817,439838.514,746065.019,278197.505,104.0078766,15819.5965,15898.333,2.59,418.017
6/23/2022 17:16,1009,44.01,11.527,43.828,439853.362,746268.219,278239.352,103.2915177,15797.286,15893.443,1.963,413.361
6/23/2022 17:17,1009,44.019,11.443,43.83,439863.095,746292.219,278452.99,102.8221012,15683.62074,15851.667,1.958,412.567
6/23/2022 17:18,1009,44.014,11.455,43.821,439859.543,746182.467,278374.952,102.9933969,15725.09505,16073.333,1.977,412.9
6/23/2022 17:19,1008.916,44.005,11.511,43.806,439853.752,745900.99,278244.086,103.2727057,15794.76304,16027.869,2.27,416
6/23/2022 17:20,1008.9,43.993,11.589,43.792,439838.419,745588.352,278129.524,104.0124609,15855.87231,16058.333,1.996,413.95
6/23/2022 17:21,1008.9,43.982,11.66,43.789,439825.505,745441.524,278027.371,104.6357582,15910.45761,16001.667,2.541,418.35
6/23/2022 17:22,1008.9,43.981,11.589,43.791,439837.219,745610.924,278226.343,104.0703696,15804.22006,15947.541,2.481,417.475
6/23/2022 17:23,1008.9,43.99,11.575,43.802,439834.943,745767.848,278190.324,104.1802085,15823.42652,16046.667,2.819,420.25
6/23/2022 17:24,1008.9,43.999,11.731,43.81,439826.4,745942.505,277672.81,104.5925535,16100.61304,16445,2.193,415.417
6/23/2022 17:25,1008.97,44,11.677,43.81,439836.886,745963.162,277983.667,104.0864396,15933.83818,16000,2.176,415.295
6/23/2022 17:26,1009,44,11.381,43.806,439869.352,745867.105,278703.457,102.5203983,15550.86061,15640,1.99,414
6/23/2022 17:27,1009,43.99,11.444,43.79,439853.086,745559.114,278468.943,103.3048309,15675.14876,15878.333,2.021,416.567
6/23/2022 17:28,1009,43.979,11.446,43.78,439856.724,745299.352,278539.724,103.1293559,15637.58629,15672.131,2.19,417.918
6/23/2022 17:29,1009,43.97,11.474,43.782,439851.743,745272.171,278484.419,103.3696136,15666.93219,15661.667,2.026,418.267
6/23/2022 17:30,1009,43.979,11.431,43.793,439852.695,745461.505,278573.657,103.3236914,15619.59381,15718.333,1.998,414.283
6/23/2022 17:31,1009.011,43.988,11.317,43.8,439869.076,745709.429,278783.714,102.5337055,15508.43449,15634.426,2.096,419.951
6/23/2022 17:32,1009.1,43.99,11.41,43.8,439862.057,745786.524,278455.39,102.8721571,15682.34606,15853.333,1.992,414.983
6/23/2022 17:33,1009.1,43.99,11.461,43.8,439858.076,745783.724,278398.371,103.0641483,15712.64322,15810,2.096,417.5
6/23/2022 17:34,1009.1,43.99,11.341,43.796,439863.438,745668.924,278723.419,102.8055609,15540.30296,15596.721,2.051,415.852
6/23/2022 17:35,1009.1,43.99,11.364,43.79,439863.162,745590.962,278646.429,102.8188703,15581.04089,15783.333,1.985,413.85
6/23/2022 17:36,1009.1,43.98,11.195,43.786,439877.6,745487.2,279107.876,102.1227741,15337.63701,15386.667,2.002,414.55
6/23/2022 17:37,1009.1,43.98,11.152,43.78,439882.171,745357.457,279162.219,101.9024529,15309.09272,15349.18,1.974,413.361
6/23/2022 17:38,1009.192,43.97,11.161,43.774,439886.6,745284.657,279118.838,101.6890031,15331.87705,15543.333,1.987,413.6
6/23/2022 17:39,1009.2,43.97,11.182,43.774,439870.019,745252.514,279075.676,102.4882397,15354.56242,15511.667,2.4,416.817
6/23/2022 17:40,1009.2,43.97,11.108,43.78,439873.581,745354.19,279273.057,102.3165127,15250.95249,15391.803,2.066,415.393
6/23/2022 17:41,1009.2,43.98,10.944,43.791,439899.829,745556.343,279648.162,101.0516087,15054.97443,15068.333,1.984,413.717
6/23/2022 17:42,1009.2,43.985,10.839,43.8,439908.781,745633.362,279839.362,100.6204226,14955.54531,15061.667,1.982,414.033
6/23/2022 17:43,1009.2,43.99,10.709,43.8,439926.235,745714.235,280152.706,99.7800399,14793.27786,14816.393,2.039,413.967
6/23/2022 17:44,1009.2,43.99,10.703,43.8,439921.029,745709.952,280095.105,100.0306571,14823.04361,14943.333,1.984,413.75
6/23/2022 17:45,1009.2,43.99,10.679,43.8,439913.038,745757.714,280099.8,100.4154164,14820.61637,14958.333,2.07,414.983
6/23/2022 17:46,1009.2,43.992,10.798,43.8,439908.476,745821.048,279757.8,100.6351116,14997.92128,15260.656,1.967,413.656
6/23/2022 17:47,1009.2,44,10.954,43.809,439899.971,745893.886,279357.133,101.0447682,15206.92077,15503.333,2.03,415.75
6/23/2022 17:48,1009.2,44.004,11.11,43.814,439881.371,746062.571,278995.81,101.9410106,15396.58118,15671.667,2.056,416.2
6/23/2022 17:49,1009.2,44.013,11.213,43.827,439863.152,746277.219,278715.219,102.8193525,15544.63942,15893.333,2.152,414.317
6/23/2022 17:50,1009.2,44.02,11.239,43.83,439867.562,746401.133,278717.438,102.6067039,15543.46588,15703.279,2.338,415.557
6/23/2022 17:51,1009.2,44.02,11.169,43.83,439883.848,746438.467,278952.095,101.8216289,15419.60356,15513.333,2.066,414.15
6/23/2022 17:52,1009.2,44.02,11.13,43.824,439889.99,746289.8,279016.686,101.5256447,15385.59269,15541.667,1.997,414.017
6/23/2022 17:53,1009.233,44.015,11.137,43.815,439886.048,746158.381,279019.467,101.7156046,15384.12914,15650.82,2.005,414.41
6/23/2022 17:54,1009.3,44.008,11.108,43.806,439888.381,745950.39,279115.562,101.6031778,15333.59831,15536.667,1.996,414.333
6/23/2022 17:55,1009.3,44,11.22,43.8,439877.667,745842.371,278792.952,102.1195446,15503.55458,15761.667,2.075,415.583
6/23/2022 17:56,1009.3,44,11.267,43.803,439869.038,745843.076,278736.305,102.5355376,15533.48954,15767.213,2.078,414.803
6/23/2022 17:57,1009.3,44.001,11.327,43.81,439861.971,745980.524,278584.381,102.8763044,15613.90962,15830,2.032,414.95
6/23/2022 17:58,1009.3,44.01,11.382,43.818,439853.99,746135.314,278482.124,103.2612257,15668.15053,15811.667,2.314,416.783
6/23/2022 17:59,1009.3,44.019,11.337,43.833,439862.152,746422.229,278560,102.8675758,15626.83404,15839.344,2.143,415.967
6/23/2022 18:00,1009.3,44.03,11.351,43.847,439866.429,746634.305,278524.79,102.6613342,15645.50797,15833.333,2.118,414.15
6/23/2022 18:01,1009.3,44.04,11.366,43.85,439872.438,746759.19,278441.848,102.3716158,15689.5391,15930,2.042,413.533
6/23/2022 18:02,1009.3,44.04,11.391,43.846,439867.619,746720.79,278365.99,102.6039555,15729.86137,16019.672,2.067,414.902
6/23/2022 18:03,1009.3,44.032,11.455,43.829,439856.724,746493.61,278221.095,103.1293559,15807.01777,16081.667,2.137,413.933
6/23/2022 18:04,1009.3,44.018,11.51,43.813,439841.362,746162.829,278157.029,103.8704482,15841.19039,16095,2.609,416.8
6/23/2022 18:05,1009.371,44.006,11.467,43.802,439836.438,745858.657,278325.676,104.1080596,15751.3104,15957.377,2.371,415.098
6/23/2022 18:06,1009.4,43.996,11.512,43.791,439831.171,745660.952,278226.876,104.3622594,15803.93593,16113.333,2.439,416.733
6/23/2022 18:07,1009.4,43.99,11.538,43.791,439846.429,745633.581,278222.21,103.6259708,15806.42334,16020,2.092,415.967
6/23/2022 18:08,1009.4,43.992,11.508,43.802,439855.81,745766.39,278273.371,103.17344,15779.16005,16029.508,2.032,416.672
6/23/2022 18:09,1009.4,44.002,11.584,43.814,439829.952,745998.667,278025.114,104.421097,15911.66465,16086.667,2.494,419.35
6/23/2022 18:10,1009.377,44.013,11.65,43.826,439836.171,746277.419,277854.867,104.1209448,16002.83859,16286.667,2.077,415.183
6/23/2022 18:11,1009.356,44.025,11.683,43.842,439834.276,746550.638,277802.6,104.212399,16030.87962,16134.426,2.115,418.508
6/23/2022 18:12,1009.4,44.031,11.568,43.849,439847.552,746677.676,278049.752,103.571792,15898.49068,16061.667,2.049,416.067
6/23/2022 18:13,1009.4,44.036,11.521,43.839,439852.267,746602.714,278176.686,103.3443369,15830.70165,15973.333,2.047,414.167
6/23/2022 18:14,1009.364,44.028,11.54,43.826,439835.733,746414.219,278100.886,104.1420826,15871.16593,16049.18,2.479,418.295
6/23/2022 18:15,1009.3,44.017,11.5,43.812,439843.267,746166.505,278282.229,103.7785299,15774.44197,15850,2.354,416.367
6/23/2022 18:16,1009.3,44.008,11.508,43.805,439852.276,745986.933,278294.657,103.3439028,15767.82354,15855,2.235,415.4
6/23/2022 18:17,1009.347,44,11.465,43.801,439857.324,745934.733,278383,103.1004173,15720.81541,15911.475,2.072,414.492
6/23/2022 18:18,1009.4,44,11.51,43.804,439856.686,745954.381,278233.79,103.1311887,15800.25048,16060,2.004,414.417
6/23/2022 18:19,1009.4,44,11.533,43.802,439854.829,745949.933,278196.524,103.2207569,15820.11969,16038.333,2.099,414.883
6/23/2022 18:20,1009.4,44,11.521,43.806,439853.01,745931.105,278220.524,103.3084968,15807.32218,15940.984,2.053,415
6/23/2022 18:21,1009.4,44,11.496,43.801,439849.029,745861.438,278303.733,103.5005372,15762.99102,15925,2.09,415.633
6/23/2022 18:22,1009.4,44,11.525,43.8,439856,745824.61,278246.571,103.1642758,15793.43875,16023.333,2.082,415.667
6/23/2022 18:23,1009.4,44,11.473,43.8,439859.381,745846.181,278401.686,103.0012098,15710.88102,15844.262,1.976,413.443
6/23/2022 18:24,1009.4,44,11.468,43.809,439864.057,745976.314,278348.857,102.7757115,15738.97526,15915,2.009,414.4
6/23/2022 18:25,1009.4,44.01,11.408,43.818,439868.429,746137.8,278503.848,102.5649006,15656.61979,15766.667,2.01,413.367
6/23/2022 18:26,1009.4,44.014,11.393,43.82,439870.181,746286.038,278494.086,102.4804292,15661.8008,15837.705,2.221,416.508
6/23/2022 18:27,1009.4,44.02,11.421,43.82,439861.133,746344.333,278406.629,102.9167168,15708.25358,15856.667,2.22,416.467
6/23/2022 18:28,1009.4,44.02,11.482,43.82,439838.19,746331.914,278215.924,104.0235117,15809.77465,16003.333,2.554,419.9
6/23/2022 18:29,1009.4,44.02,11.498,43.82,439840.686,746295.324,278235.943,103.9030671,15799.10292,15927.869,2.03,414.508
6/23/2022 18:30,1009.4,44.02,11.477,43.82,439846.01,746273.076,278252.648,103.6461858,15790.20046,15935,2,414.1
6/23/2022 18:31,1009.4,44.018,11.526,43.816,439834.79,746168.362,278133.676,104.1875925,15853.65559,16035,2.04,416.983
6/23/2022 18:32,1009.4,44.01,11.577,43.81,439837.143,746038.371,278030.219,104.0740372,15908.93457,16100,1.973,414.23
6/23/2022 18:33,1009.4,44.008,11.593,43.802,439841.505,745931.219,278044.19,103.8635481,15901.46423,16088.333,1.971,413.667
6/23/2022 18:34,1009.4,44,11.601,43.8,439834.905,745907.981,278032.914,104.1820424,15907.49341,16073.333,1.993,414.1
6/23/2022 18:35,1009.49,44,11.655,43.803,439831.933,745911.276,277883.943,104.3254808,15987.2496,16171.667,1.974,414.3
6/23/2022 18:36,1009.5,44.002,11.71,43.808,439829.162,745970.39,277775.181,104.4592291,16045.5992,16242.623,2.043,415.475
6/23/2022 18:37,1009.5,44.01,11.755,43.816,439831.4,746133.343,277695.829,104.3512064,16088.23485,16255,2.129,415.583
6/23/2022 18:38,1009.5,44.02,11.77,43.831,439831.695,746464.99,277655.6,104.336968,16109.87049,16221.667,2.046,414.767
6/23/2022 18:39,1009.5,44.035,11.732,43.853,439831.429,746798.114,277722.552,104.3498067,16073.8706,16129.508,2.203,416.443
6/23/2022 18:40,1009.5,44.048,11.677,43.865,439825.838,747044.01,277798.038,104.619683,16033.32823,16086.667,2.358,417.95
6/23/2022 18:41,1009.5,44.05,11.637,43.865,439834.695,747065.848,277849.943,104.1921773,16005.47929,16098.333,2.04,417.4
6/23/2022 18:42,1009.5,44.048,11.58,43.85,439837.962,746842.476,278011.029,104.0345143,15919.19826,16008.197,1.972,413.836
6/23/2022 18:43,1009.5,44.034,11.588,43.824,439836.705,746408.829,278019.171,104.0951745,15914.84316,16060,2.312,416.2
6/23/2022 18:44,1009.5,44.015,11.645,43.803,439823.343,745955.133,277925.924,104.7401299,15964.75447,16118.333,2.074,416.083
6/23/2022 18:45,1009.5,43.998,11.7,43.79,439827.771,745666.857,277847.419,104.5263727,16006.83297,16242.623,1.995,413.803
6/23/2022 18:46,1009.5,43.99,11.751,43.783,439818.562,745498.181,277748.067,104.9709579,16060.1614,16228.333,1.982,413.35
6/23/2022 18:47,1009.5,43.99,11.83,43.786,439806.629,745455.914,277527.533,105.5472226,16178.83913,16385,2.018,413.433
6/23/2022 18:48,1009.5,43.99,11.951,43.79,439786.981,745539.667,277263.438,106.4964812,16321.50905,16577.049,2.087,414.59
6/23/2022 18:49,1009.5,43.994,12.052,43.802,439787.876,745804.6,277050.267,106.4532294,16437.10618,16618.333,2.102,418.15
6/23/2022 18:50,1009.5,44.008,12.144,43.824,439782.733,746174.057,276829.638,106.7017851,16557.15913,16656.667,1.982,413.433
6/23/2022 18:51,1009.5,44.03,12.119,43.854,439783.086,746674.514,276871.486,106.6847239,16534.35581,16601.639,2.21,414.754
6/23/2022 18:52,1009.5,44.049,12.076,43.87,439780.238,747080.981,276872.886,106.8223789,16533.5932,16648.333,2.301,416.85
6/23/2022 18:53,1009.5,44.06,12.056,43.87,439792.457,747161.229,276918.095,106.2318649,16508.97591,16611.667,2.111,419.467
6/23/2022 18:54,1009.5,44.059,12.141,43.863,439790.505,747044.343,276736.81,106.3261865,16607.79564,16780.328,2.022,417.443
6/23/2022 18:55,1009.5,44.05,12.226,43.851,439778.724,746875,276566.029,106.8955609,16701.1481,16871.667,2.432,419.75
6/23/2022 18:56,1009.5,44.04,12.169,43.838,439791.333,746598.829,276829.486,106.2861765,16557.24199,16546.667,2.072,422.3
6/23/2022 18:57,1009.5,44.031,12.056,43.829,439801.971,746482.838,277113.629,105.772218,16402.70578,16431.148,2.027,416.574
6/23/2022 18:58,1009.5,44.027,12.03,43.821,439799.495,746339.581,277098.629,105.8918283,16410.84644,16511.667,2.02,416.583
6/23/2022 18:59,1009.5,44.02,12.145,43.816,439783.333,746173.543,276825.162,106.6727859,16559.59903,16745,2.177,417.717
6/23/2022 19:00,1009.5,44.013,12.148,43.81,439788.238,746041.457,276886.619,106.4357356,16526.11342,16657.377,2.022,415.033
6/23/2022 19:01,1009.5,44.009,12.221,43.8,439776.686,745913.343,276686.238,106.9940765,16635.41321,16866.667,2.011,415.167
6/23/2022 19:02,1009.461,44,12.293,43.8,439769.038,745825.695,276585.724,107.3638262,16690.36961,16860,2.006,414.617
6/23/2022 19:03,1009.4,44,12.276,43.8,439764.619,745747.629,276648.286,107.5775033,16656.15339,16857.377,2.014,413.77
6/23/2022 19:04,1009.4,44,12.326,43.795,439751.029,745701.371,276497.01,108.2348036,16738.9465,16990,2.012,413.45
6/23/2022 19:05,1009.4,44,12.536,43.798,439731.248,745670.886,276001.238,109.1919914,17011.66108,17293.333,2.136,414.867
6/23/2022 19:06,1009.4,44,12.669,43.8,439727.648,745782.886,275770.6,109.3662502,17139.25099,17385.246,2.191,415.607
6/23/2022 19:07,1009.4,44.004,12.644,43.809,439734.714,745980.552,275858.686,109.0242357,17090.46745,17391.667,2.025,413.35
6/23/2022 19:08,1009.4,44.011,12.66,43.819,439741.143,746170.848,275780.657,108.713113,17133.67788,17373.333,2.087,413.517
6/23/2022 19:09,1009.4,44.02,12.685,43.82,439740.41,746306.362,275767.676,108.7485827,17140.8715,17257.377,2.14,414.377
6/23/2022 19:10,1009.4,44.021,12.771,43.827,439741.914,746396.867,275556.829,108.6758053,17257.91851,17513.333,2.135,418.9
6/23/2022 19:11,1009.466,44.03,12.738,43.835,439741.314,746551.648,275681.143,108.7048384,17188.86211,17333.333,2.147,417.167
6/23/2022 19:12,1009.5,44.035,12.606,43.84,439749.724,746656.619,275933.371,108.2979351,17049.15789,17163.934,2.062,414.574
6/23/2022 19:13,1009.5,44.04,12.671,43.84,439745.933,746610.952,275737.438,108.4813442,17157.63396,17328.333,2.135,416.333
6/23/2022 19:14,1009.5,44.03,12.758,43.83,439731.476,746520.019,275577.105,109.1809556,17246.64613,17351.667,2.163,419.067
6/23/2022 19:15,1009.405,44.03,12.763,43.827,439730.314,746431.333,275600.6,109.2372002,17233.58857,17345.902,2.173,422.082
6/23/2022 19:16,1009.4,44.027,12.773,43.821,439727.076,746325.829,275576.571,109.3939396,17246.94296,17528.333,2.035,414.95
6/23/2022 19:17,1009.4,44.02,12.794,43.819,439735.676,746290.638,275570.714,108.9776774,17250.19881,17513.333,2.032,415.117
6/23/2022 19:18,1009.4,44.02,12.93,43.82,439722.533,746324.105,275243.238,109.6138733,17432.70875,17673.77,2.092,414.59
6/23/2022 19:19,1009.4,44.02,12.797,43.82,439741.181,746384.486,275615.533,108.7112742,17225.29189,17368.333,2.011,413.383
6/23/2022 19:20,1009.4,44.02,12.728,43.82,439750.39,746365.457,275741.162,108.265716,17155.56914,17343.333,2.062,418
6/23/2022 19:21,1009.4,44.019,12.728,43.813,439747.057,746172.81,275726.171,108.4269629,17163.88185,17303.279,2.085,415.984
6/23/2022 19:22,1009.4,44.01,12.737,43.801,439749.181,746019.943,275787.105,108.3242043,17130.10516,17243.333,2.002,413.25
6/23/2022 19:23,1009.4,44.001,12.739,43.8,439752.952,745928.162,275784.924,108.1417796,17131.31357,17323.333,2.012,413.967
6/23/2022 19:24,1009.4,44,12.772,43.804,439751.295,745949.01,275713.971,108.2219357,17170.64834,17285.246,2.001,413.803
6/23/2022 19:25,1009.4,44.011,12.7,43.818,439755.638,746219.743,275891.19,108.0118543,17072.48303,17195,2.046,414.817
6/23/2022 19:26,1009.4,44.022,12.495,43.83,439777.305,746489.714,276317.99,106.9641538,16837.1781,16848.333,2.03,413.833
6/23/2022 19:27,1009.4,44.03,12.471,43.831,439772.543,746529.829,276280.067,107.1943638,16858.02253,17033.333,2.131,414.533
6/23/2022 19:28,1009.4,44.029,12.53,43.826,439760.6,746433.829,276129.971,107.7718619,16940.64437,16998.361,2.356,417.393
6/23/2022 19:29,1009.4,44.02,12.52,43.82,439763.848,746332.267,276228.943,107.6147871,16886.14249,16786.667,2.208,415.2
6/23/2022 19:30,1009.4,44.02,12.567,43.82,439765.8,746342.076,276081.695,107.5203944,16967.25955,17146.667,2.196,417.017
6/23/2022 19:31,1009.4,44.023,12.608,43.829,439754.952,746423.048,275972.933,108.0450361,17027.2949,17150.82,2.222,416.279
6/23/2022 19:32,1009.4,44.032,12.65,43.843,439754.99,746679.629,275887.39,108.043198,17074.5851,17155,2.158,417.383
6/23/2022 19:33,1009.4,44.04,12.446,43.85,439775.79,746892.705,276363.743,107.0373903,16812.04636,16791.667,2.064,414.283
6/23/2022 19:34,1009.4,44.04,12.403,43.849,439780.381,746834.971,276398.648,106.8154668,16792.88544,16786.885,2.22,413.918
6/23/2022 19:35,1009.4,44.038,12.335,43.834,439778.657,746612.81,276578.39,106.8987996,16694.3829,16770,2.235,414.283
6/23/2022 19:36,1009.31,44.025,12.255,43.814,439793.133,746255.124,276781.829,106.1992014,16583.22908,16601.667,2.194,413.3
6/23/2022 19:37,1009.3,44.007,12.322,43.795,439786.181,745887.667,276653.79,106.5351429,16653.14477,16796.721,2.127,415.525
6/23/2022 19:38,1009.3,43.995,12.356,43.787,439782.762,745636.562,276635.571,106.7003835,16663.10472,16750,2.31,415.517
6/23/2022 19:39,1009.3,43.99,12.356,43.79,439782.552,745661.457,276664.629,106.7105333,16647.22068,16660,2.294,415.783
6/23/2022 19:40,1009.3,43.995,12.298,43.802,439781.933,745845.895,276754.476,106.7404515,16598.15335,16645.902,2.754,420.082
6/23/2022 19:41,1009.3,44.004,12.281,43.81,439793.552,746069.057,276742.229,106.1789562,16604.8376,16706.667,2.016,413.233
6/23/2022 19:42,1009.3,44.01,12.237,43.817,439787.724,746168.99,276815.448,106.4605748,16564.8948,16630,2.331,416.367
6/23/2022 19:43,1009.3,44.017,12.24,43.82,439797.219,746311.905,276790.067,106.0017844,16578.73555,16675.41,2.442,417.738
6/23/2022 19:44,1009.3,44.02,12.242,43.821,439792.81,746372.838,276777.743,106.2148083,16585.45807,16605,2.169,414.85
6/23/2022 19:45,1009.3,44.02,12.22,43.821,439804.295,746387.648,276791.133,105.6599581,16578.15413,16628.333,2.208,419.033
6/23/2022 19:46,1009.3,44.02,12.244,43.816,439792.467,746285.295,276752.438,106.2313817,16599.26557,16693.443,2.194,415.361
6/23/2022 19:47,1009.3,44.011,12.228,43.806,439795.743,746080.705,276824.781,106.0730954,16559.80673,16641.667,2.111,415.267
6/23/2022 19:48,1009.3,44.005,12.236,43.8,439782.324,745940.457,276810.724,106.7215532,16567.47047,16733.333,2.236,414.933
6/23/2022 19:49,1009.3,44,12.289,43.8,439782.438,745888.495,276698.39,106.7160433,16628.77494,16808.197,2.268,415.393
6/23/2022 19:50,1009.3,44,12.403,43.801,439771.381,745919.905,276400.133,107.2505432,16792.07049,17093.333,2.235,415.85
6/23/2022 19:51,1009.3,44.005,12.482,43.81,439748.324,746044.114,276219.038,108.365665,16891.59318,16990,3.082,424
6/23/2022 19:52,1009.3,44.01,12.574,43.817,439736.371,746142.048,275988.505,108.944042,17018.6931,17291.803,2.383,417.311
6/23/2022 19:53,1009.3,44.019,12.676,43.825,439739.219,746269.238,275780.438,108.8062164,17133.79923,17381.667,2.123,416.233
6/23/2022 19:54,1009.3,44.022,12.632,43.83,439747.276,746421.733,275903.543,108.4163674,17065.65051,17210,2.402,417.183
6/23/2022 19:55,1009.3,44.03,12.625,43.83,439743.571,746427.162,275902.514,108.5956279,17066.21961,17214.754,2.195,417.016
6/23/2022 19:56,1009.3,44.03,12.647,43.829,439740.905,746399.448,275851.305,108.7246297,17094.55261,17216.667,2.107,416.55
6/23/2022 19:57,1009.343,44.022,12.68,43.82,439741.99,746314.457,275789.962,108.6721278,17128.52226,17376.667,2.087,416.383
6/23/2022 19:58,1009.4,44.02,12.68,43.82,439742.724,746296.657,275850.238,108.6366113,17095.1432,17157.377,2.045,415.23
6/23/2022 19:59,1009.4,44.02,12.64,43.82,439751.01,746266.638,275948.99,108.2357228,17040.52481,17065,2.078,417.5
6/23/2022 20:00,1009.4,44.02,12.56,43.82,439761.829,746290.229,276135.81,107.7124252,16937.42661,16981.667,2.021,413.75
6/23/2022 20:01,1009.4,44.02,12.596,43.82,439761.076,746282.962,276000.829,107.7488414,17011.88693,17127.869,2,413.738
6/23/2022 20:02,1009.4,44.02,12.568,43.82,439761.571,746247.143,276118.886,107.7249024,16946.7539,16961.667,2.058,414.317
6/23/2022 20:03,1009.4,44.02,12.565,43.818,439756.886,746150.619,276074.648,107.9514903,16971.14633,17053.333,2.099,414.667
6/23/2022 20:04,1009.4,44.01,12.639,43.81,439741.752,746051.171,275920.152,108.6836442,17056.46605,17118.033,2.073,415
6/23/2022 20:05,1009.4,44.01,12.62,43.81,439748.362,745995.533,276016.286,108.3638266,17003.35236,17033.333,2.055,414.383
6/23/2022 20:06,1009.4,44.01,12.618,43.812,439743.238,746060.829,276001.4,108.6117405,17011.57162,17008.333,1.998,413.5
6/23/2022 20:07,1009.4,44.01,12.603,43.82,439747.238,746181.048,276023.943,108.4182059,16999.12531,17008.197,2.193,415.852
6/23/2022 20:08,1009.4,44.019,12.644,43.82,439743.924,746291.429,275922.248,108.5785478,17055.30717,17146.667,2.476,417.883
6/23/2022 20:09,1009.4,44.02,12.688,43.828,439745.971,746455.952,275822.771,108.4795056,17110.34974,17111.667,2.351,418.367
6/23/2022 20:10,1009.497,44.03,12.523,43.838,439763.238,746571.419,276267.067,107.6442859,16865.17085,16750.82,2.427,416.869
6/23/2022 20:11,1009.5,44.03,12.377,43.832,439776.171,746551.981,276539.257,107.0189721,16715.80498,16686.667,2.359,416.483
6/23/2022 20:12,1009.5,44.025,12.335,43.821,439770.457,746302.371,276613.648,107.2952173,16675.09334,16625,2.292,416.617
6/23/2022 20:13,1009.5,44.014,12.333,43.805,439779.657,746016.048,276646.952,106.8504622,16656.88263,16636.066,2.107,414.459
6/23/2022 20:14,1009.5,44.002,12.379,43.8,439776.276,745841.362,276578.724,107.0138963,16694.20012,16715,2.184,415.7
6/23/2022 20:15,1009.5,44,12.375,43.801,439770.19,745884.857,276577.324,107.3081266,16694.96627,16636.667,2.051,414.633
6/23/2022 20:16,1009.5,44.005,12.385,43.813,439767.952,746061.019,276504.029,107.4163364,16735.10066,16791.803,2.064,415.033
6/23/2022 20:17,1009.5,44.012,12.38,43.82,439766.2,746237.448,276489.648,107.5010523,16742.98073,16781.667,2.056,415.117
6/23/2022 20:18,1009.502,44.02,12.379,43.82,439769.895,746283.762,276448.543,107.3223897,16765.51403,16873.333,1.998,413.883
6/23/2022 20:19,1009.6,44.015,12.418,43.812,439758.857,746125.552,276373.629,107.8561601,16806.61843,16888.525,2.018,415.639
6/23/2022 20:20,1009.6,44.006,12.452,43.798,439761.705,745913.724,276345.619,107.7184219,16821.99957,16853.333,2.118,419.133
6/23/2022 20:21,1009.6,43.998,12.498,43.79,439751.114,745715.61,276281.695,108.2306917,16857.12745,16868.333,2.135,419.967
6/23/2022 20:22,1009.6,43.99,12.528,43.791,439756.629,745750.962,276212.362,107.9639208,16895.26744,16906.667,2.048,417.05
6/23/2022 20:23,1009.6,43.996,12.58,43.8,439747.143,745820.105,276068.99,108.4228021,16974.26732,16986.885,2.064,419.574
6/23/2022 20:24,1009.6,44.003,12.586,43.809,439746.371,745998.686,276041.505,108.4601527,16989.43211,17031.667,2.145,423.117
6/23/2022 20:25,1009.6,44.01,12.544,43.815,439755.333,746138.21,276126.733,108.026607,16942.4289,16961.667,2.04,416.033
6/23/2022 20:26,1009.6,44.01,12.542,43.81,439753.505,746095.933,276125.886,108.1150294,16942.89571,16963.934,2.025,415.721
6/23/2022 20:27,1009.6,44.006,12.562,43.801,439745.124,745940.371,276100.467,108.5204862,16956.90793,16998.333,1.998,414.967
6/23/2022 20:28,1009.6,44,12.647,43.796,439740.705,745816.857,275947.714,108.7343076,17041.23002,17070,2.071,418.6
6/23/2022 20:29,1009.6,44,12.644,43.8,439746.59,745788.267,275989.571,108.449557,17018.10433,17027.869,2.031,415.41
6/23/2022 20:30,1009.6,44.001,12.653,43.805,439733.686,745947.381,275923.038,109.0739896,17054.87039,17098.333,2.16,419.3
6/23/2022 20:31,1009.6,44.01,12.658,43.816,439729.81,746183.81,275903.21,109.261596,17065.83468,17006.667,2.088,418.967
6/23/2022 20:32,1009.6,44.02,12.635,43.828,439733.229,746391.752,275907.714,109.0961082,17063.34381,17090.164,2.099,418.213
6/23/2022 20:33,1009.6,44.025,12.635,43.83,439734.81,746443.381,275880.067,109.0195895,17078.63635,17078.333,2.04,415.9
6/23/2022 20:34,1009.6,44.022,12.689,43.821,439733.667,746364.952,275790.724,109.0749092,17128.10009,17095,2.029,415.333
6/23/2022 20:35,1009.6,44.02,12.71,43.82,439725.429,746272.257,275746.924,109.4736702,17152.37454,17129.508,2.065,415.426
6/23/2022 20:36,1009.6,44.019,12.742,43.813,439725.619,746167.743,275708.133,109.4644722,17173.88673,17161.667,2.138,415.95
6/23/2022 20:37,1009.6,44.01,12.719,43.81,439737.219,746133.733,275793.981,108.9030029,17126.29568,17083.333,2.056,415.183
6/23/2022 20:38,1009.6,44.01,12.738,43.81,439726.267,746055.876,275708.829,109.4331025,17173.50063,17193.443,2.101,415.23
6/23/2022 20:39,1009.6,44.01,12.785,43.81,439723.733,746061.8,275631.648,109.5557767,17216.34065,17211.667,2.208,416.467
6/23/2022 20:40,1009.6,44.01,12.832,43.81,439720.238,746118.305,275523.324,109.7249886,17276.55327,17261.667,2.066,415.333
6/23/2022 20:41,1009.6,44.01,12.839,43.815,439716.848,746160.105,275522.276,109.8891327,17277.1363,17234.426,2.036,415.23
6/23/2022 20:42,1009.6,44.019,12.813,43.82,439721.724,746273.886,275574.971,109.6530412,17247.83235,17243.333,2.056,415.15
6/23/2022 20:43,1009.6,44.02,12.854,43.823,439714.371,746292.419,275491.171,110.0090792,17294.44516,17228.333,2.384,418.283
6/23/2022 20:44,1009.6,44.025,12.834,43.83,439722.267,746473.724,275543.533,109.6267517,17265.31231,17206.557,1.965,414.131
6/23/2022 20:45,1009.6,44.03,12.773,43.839,439722.362,746596.448,275676.581,109.6221522,17191.39395,17121.667,2.014,414.65
6/23/2022 20:46,1009.6,44.03,12.652,43.837,439732.905,746619.324,275936.371,109.1117899,17047.49954,16845,2.221,416.2
6/23/2022 20:47,1009.6,44.03,12.59,43.828,439734.238,746502.333,276066.171,109.0472733,16975.8224,16806.557,2.196,415.836
6/23/2022 20:48,1009.6,44.022,12.508,43.817,439731.608,746238.745,276293.412,109.1745665,16850.68603,16646.667,2.562,419.283
6/23/2022 20:49,1009.6,44.012,12.451,43.805,439739.819,746025.714,276414.095,108.7771815,16784.40924,16608.333,3.02,423.8
6/23/2022 20:50,1009.6,44.002,12.413,43.797,439751.086,745817.267,276550.752,108.2320462,16709.51105,16529.508,2.488,418.344
6/23/2022 20:51,1009.6,43.994,12.342,43.79,439759.714,745682.924,276714.505,107.8147117,16619.97377,16460,2.365,417.317
6/23/2022 20:52,1009.6,43.99,12.297,43.783,439766.038,745608.505,276799.771,107.5088858,16573.44312,16465,2.54,417.633
6/23/2022 20:53,1009.6,43.982,12.289,43.78,439755.981,745465.352,276794.924,107.9952637,16576.08651,16475.41,2.258,414.721
6/23/2022 20:54,1009.6,43.98,12.295,43.775,439764.876,745400.438,276786.6,107.5650755,16580.62661,16473.333,2.168,414.417
6/23/2022 20:55,1009.6,43.975,12.335,43.772,439765.352,745314.743,276688.962,107.5420578,16633.92506,16626.667,2.046,414.267
6/23/2022 20:56,1009.6,43.973,12.36,43.775,439772.514,745364.886,276654.219,107.1957658,16652.91028,16667.213,2.062,415.754
6/23/2022 20:57,1009.6,43.98,12.326,43.781,439776.733,745525,276720.943,106.9918045,16616.4583,16596.667,2.048,414.85
6/23/2022 20:58,1009.6,43.987,12.347,43.79,439770.829,745652.286,276627.01,107.2772315,16667.78582,16601.667,2.051,415.35
6/23/2022 20:59,1009.6,43.995,12.334,43.8,439773.648,745888.914,276636.2,107.1409419,16662.76081,16606.557,2.033,415.148
6/23/2022 21:00,1009.6,44.003,12.334,43.81,439773.267,746081.771,276592.505,107.1593614,16686.65934,16640,2.002,414.15
6/23/2022 21:01,1009.6,44.01,12.371,43.81,439765.448,746146.267,276497.505,107.5374156,16738.67526,16691.667,2.017,414.317
6/23/2022 21:02,1009.6,44.01,12.383,43.814,439760.305,746207.2,276468.238,107.7861289,16754.71564,16678.689,2.058,415.475
6/23/2022 21:03,1009.6,44.018,12.4,43.82,439771.276,746293.229,276432.41,107.2556197,16774.36194,16746.667,2.031,414.65
6/23/2022 21:04,1009.6,44.02,12.386,43.825,439770.514,746415.8,276453.486,107.2924614,16762.80357,16701.667,2.399,419.3
6/23/2022 21:05,1009.6,44.026,12.389,43.83,439776.381,746531.133,276430.476,107.0088204,16775.42276,16711.475,2.026,414.59
6/23/2022 21:06,1009.6,44.03,12.415,43.829,439767.552,746491.029,276358.562,107.4356775,16814.89134,16770,2.242,416.25
6/23/2022 21:07,1009.6,44.025,12.457,43.821,439752.505,746428.038,276273.952,108.1634025,16861.38481,16828.333,2.379,417.217
6/23/2022 21:08,1009.6,44.02,12.465,43.82,439756.829,746359.152,276280.257,107.9542472,16857.91807,16832.787,2.333,416.148
6/23/2022 21:09,1009.531,44.02,12.495,43.82,439753.686,746399.705,276195.324,108.1062741,16904.64635,16888.333,2.271,416.4
6/23/2022 21:10,1009.5,44.025,12.486,43.828,439757.133,746453.552,276229.924,107.9395435,16885.6027,16816.667,2.107,415.3
6/23/2022 21:11,1009.5,44.03,12.461,43.83,439757.924,746467.895,276293.971,107.9012853,16850.37875,16772.131,2.332,415.803
6/23/2022 21:12,1009.5,44.021,12.46,43.821,439752.505,746355.086,276273.724,108.1634025,16861.51018,16783.333,2.264,415.567
6/23/2022 21:13,1009.5,44.019,12.505,43.811,439766.838,746235.095,276195.352,107.470202,16904.63093,16825,2.247,415.617
6/23/2022 21:14,1009.5,44.01,12.496,43.803,439767.476,746111.381,276263.105,107.4393524,16867.34973,16762.295,2.37,415.705
6/23/2022 21:15,1009.5,44.01,12.486,43.8,439769.019,746016.21,276296.905,107.3647449,16848.76598,16778.333,2.06,415.1
6/23/2022 21:16,1009.5,44.001,12.446,43.8,439773.057,745984.257,276409.867,107.1695139,16786.72906,16703.333,2.292,415.117
6/23/2022 21:17,1009.5,44,12.429,43.8,439775.095,745976.533,276438.276,107.0709883,16771.14456,16688.525,2.081,414.164
6/23/2022 21:18,1009.5,44.003,12.436,43.801,439770.752,746040.457,276410.248,107.2809543,16786.52,16670,2.347,416.417
6/23/2022 21:19,1009.5,44.01,12.438,43.806,439769.171,746110.171,276384.305,107.3573955,16800.75769,16725,2.323,417.083
6/23/2022 21:20,1009.5,44.01,12.402,43.81,439779.952,746132.305,276484.771,106.836203,16745.65349,16613.115,2.171,416.869
6/23/2022 21:21,1009.5,44.01,12.372,43.81,439782.638,746182.733,276535.543,106.7063767,16717.83877,16598.333,2.536,416.467
6/23/2022 21:22,1009.5,44.01,12.391,43.807,439776.895,746120.514,276471.21,106.9839733,16753.08644,16695,2.155,417.9
6/23/2022 21:23,1009.5,44.01,12.426,43.804,439775.048,746073.314,276416.219,107.0732604,16783.2439,16698.333,2.257,416.067
6/23/2022 21:24,1009.5,44.01,12.424,43.801,439771.829,746039.838,276419.086,107.2288834,16781.67097,16729.508,2.211,415.967
6/23/2022 21:25,1009.5,44.01,12.436,43.806,439779.905,746066.867,276377.8,106.8384748,16804.32858,16753.333,2.082,415.083
6/23/2022 21:26,1009.5,44.01,12.483,43.8,439770.562,746071.019,276289.886,107.2901406,16852.62432,16761.667,2.391,417.067
6/23/2022 21:27,1009.5,44.01,12.512,43.809,439768.448,746127.524,276229.648,107.3923536,16885.75456,16814.754,2.202,416.672
6/23/2022 21:28,1009.5,44.012,12.482,43.817,439779.19,746271.581,276307.143,106.8730356,16843.13891,16763.333,2.229,416.45
6/23/2022 21:29,1009.5,44.02,12.451,43.821,439776.667,746410.448,276335.381,106.9949949,16827.62325,16736.667,2.043,415.483
6/23/2022 21:30,1009.5,44.024,12.45,43.83,439764.629,746479.305,276297.752,107.5770197,16848.30041,16808.197,2.05,416.23
6/23/2022 21:31,1009.5,44.03,12.511,43.826,439747.095,746458.895,276145.619,108.4251244,16932.02173,16845,2.494,419.133
6/23/2022 21:32,1009.5,44.03,12.552,43.823,439750.448,746472.314,276085.133,108.2629102,16965.36348,16846.667,2.481,421.75
6/23/2022 21:33,1009.5,44.03,12.568,43.83,439744.914,746503.029,276050.257,108.5306468,16984.60251,16896.721,2.098,418.197
6/23/2022 21:34,1009.5,44.033,12.574,43.841,439754.419,746675.219,276029.752,108.0708177,16995.91879,16886.667,2.058,418.167
6/23/2022 21:35,1009.5,44.04,12.573,43.85,439757,746847.048,276013.971,107.9459764,17004.63045,16943.333,2.106,420.25
6/23/2022 21:36,1009.5,44.04,12.559,43.85,439766.571,746875.924,276021.886,107.4831127,17000.26083,16932.787,2.098,419.23
6/23/2022 21:37,1009.5,44.04,12.565,43.836,439769.533,746745.752,276020.152,107.3398925,17001.21807,16958.333,2.079,416.917
6/23/2022 21:38,1009.5,44.032,12.604,43.822,439756.562,746464.952,275944.933,107.9671615,17042.76703,16991.667,2.211,424.367
6/23/2022 21:39,1009.5,44.02,12.573,43.808,439763.514,746206.562,276098.819,107.6309388,16957.81658,16844.262,2.081,415.852
6/23/2022 21:40,1009.5,44.009,12.571,43.799,439760.267,745955.819,276129.752,107.7879667,16940.76506,16868.333,2.141,415.583
6/23/2022 21:41,1009.5,44,12.606,43.79,439757.257,745836.362,276055.171,107.9335459,16981.89111,16915,2.192,420.917
6/23/2022 21:42,1009.5,44,12.63,43.791,439754.686,745799.752,276014.381,108.0579026,17004.40409,16916.393,2.095,417.295
6/23/2022 21:43,1009.5,44,12.664,43.8,439747.848,745936.229,275946.648,108.3886938,17041.81917,17001.667,2.023,416.533
6/23/2022 21:44,1009.5,44.008,12.669,43.813,439765.629,746198.6,275918.505,107.5286632,17057.3767,17048.333,2.032,416.4
6/23/2022 21:45,1009.5,44.02,12.639,43.828,439772.61,746508.79,275948.105,107.1911246,17041.01392,16996.721,2.075,416.869
6/23/2022 21:46,1009.5,44.03,12.651,43.835,439757.714,746647.333,275870.981,107.9114422,17083.66357,17015,2.06,417.517
6/23/2022 21:47,1009.5,44.03,12.692,43.84,439760.305,746712.076,275765.429,107.7861289,17142.11685,17136.667,2.168,420.117
6/23/2022 21:48,1009.5,44.03,12.728,43.831,439747.229,746598.876,275723.667,108.4186413,17165.27054,17098.361,2.12,418.475
6/23/2022 21:49,1009.5,44.03,12.729,43.827,439756.962,746575.886,275740.895,107.9478143,17155.71717,17120,2.073,417.217
6/23/2022 21:50,1009.5,44.03,12.739,43.82,439753.981,746507.695,275711.152,108.0920044,17172.21203,17166.667,2.111,417.917
6/23/2022 21:51,1009.5,44.022,12.737,43.816,439754.886,746347.81,275727.267,108.0482285,17163.27404,17096.721,2.065,416.934
6/23/2022 21:52,1009.5,44.015,12.721,43.806,439753.4,746155.133,275780.743,108.1201086,17133.63022,17110,2.072,416.867
6/23/2022 21:53,1009.5,44.005,12.761,43.795,439749.971,745868.381,275730.571,108.2859859,17161.44179,17161.667,2.062,416.567
6/23/2022 21:54,1009.5,43.994,12.784,43.784,439747.286,745677.59,275724.571,108.4158836,17164.76919,17137.705,2.05,416.344
6/23/2022 21:55,1009.5,43.99,12.812,43.781,439747.552,745599.79,275694.038,108.4030143,17181.70655,17133.333,2.023,416.217
6/23/2022 21:56,1009.5,43.991,12.805,43.793,439742.667,745798.819,275693.343,108.6393694,17182.09217,17143.333,2.088,417.483
6/23/2022 21:57,1009.418,44.001,12.793,43.805,439742.352,746039.8,275670.467,108.6546114,17194.78741,17208.197,2.04,416.066
6/23/2022 21:58,1009.4,44.01,12.797,43.81,439744.267,746205.257,275621.505,108.5619516,17221.97442,17215,2.059,418.6
6/23/2022 21:59,1009.4,44.017,12.808,43.816,439736.2,746280.8,275578.181,108.9523177,17246.04803,17243.333,2.033,417.383
6/23/2022 22:00,1009.4,44.02,12.825,43.816,439734.962,746296.105,275544.581,109.012233,17264.72947,17273.77,2.037,417.852
6/23/2022 22:01,1009.4,44.02,12.853,43.811,439731,746242.181,275508.133,109.2039954,17285.00536,17280,2.031,417
6/23/2022 22:02,1009.4,44.016,12.856,43.81,439739.781,746276.295,275518.429,108.7790204,17279.27657,17250,2.015,415.983
6/23/2022 22:03,1009.4,44.01,12.878,43.81,439732.505,746194.352,275467.819,109.1311502,17307.4452,17298.361,2.072,417.393
6/23/2022 22:04,1009.4,44.01,12.913,43.808,439726.362,746180.505,275418.276,109.4285036,17335.04129,17270,2.063,417.65
6/23/2022 22:05,1009.4,44.013,12.934,43.811,439727.248,746267.105,275364.095,109.3856134,17365.24497,17336.667,2.034,417.483
6/23/2022 22:06,1009.4,44.02,12.925,43.82,439731.362,746408.552,275374.781,109.1864735,17359.28597,17331.148,1.959,416.967
6/23/2022 22:07,1009.4,44.02,12.926,43.82,439735.476,746425.676,275352.162,108.9873568,17371.90052,17365,2.059,418.583
6/23/2022 22:08,1009.4,44.02,12.954,43.819,439736.543,746393.362,275321.933,108.935718,17388.76602,17365,2.075,418.4
6/23/2022 22:09,1009.4,44.02,12.975,43.812,439731.086,746378.981,275287.771,109.1998327,17407.8353,17357.377,2.069,418.131
6/23/2022 22:10,1009.4,44.02,12.987,43.815,439731.267,746360.076,275267.029,109.1910718,17419.41841,17358.333,2.055,418.05
6/23/2022 22:11,1009.4,44.02,12.987,43.82,439732.771,746425.229,275254.362,109.1182756,17426.49396,17393.333,2.083,420.317
6/23/2022 22:12,1009.4,44.02,12.978,43.82,439733.4,746432.752,275259.267,109.0878319,17423.75395,17438.333,2.036,419.083
6/23/2022 22:13,1009.4,44.02,12.998,43.816,439721.933,746346.086,275229.133,109.6429224,17440.59051,17422.951,2.131,420.426
6/23/2022 22:14,1009.4,44.02,13.019,43.81,439724.448,746317.857,275206.114,109.5211618,17453.45702,17486.667,2.096,419.183
6/23/2022 22:15,1009.4,44.02,13.013,43.81,439733.829,746273.924,275220.79,109.0670685,17445.25332,17471.667,2.056,419.383
6/23/2022 22:16,1009.4,44.019,13.012,43.81,439721.705,746261.79,275201.143,109.6539611,17456.23616,17440.984,2.037,419.295
6/23/2022 22:17,1009.4,44.01,13.045,43.81,439716.181,746214.695,275123.657,109.9214308,17499.58388,17511.667,2.067,420.083
6/23/2022 22:18,1009.4,44.01,13.067,43.81,439711.295,746177.8,275100.457,110.1580435,17512.57262,17516.667,2.04,417.917
6/23/2022 22:19,1009.4,44.01,13.065,43.806,439715.19,746149.038,275128.629,109.969419,17496.80086,17473.77,2.014,417.803
6/23/2022 22:20,1009.4,44.01,13.081,43.81,439721.171,746208.733,275092.324,109.6798154,17517.12705,17476.667,2.102,420.25
6/23/2022 22:21,1009.4,44.015,13.064,43.815,439724.21,746330.962,275130.733,109.5326839,17495.62324,17460,2.058,418.85
6/23/2022 22:22,1009.4,44.02,13.024,43.82,439720.629,746409.267,275191.057,109.7060573,17461.87561,17439.344,2.037,418.459
6/23/2022 22:23,1009.4,44.02,13.035,43.813,439716.695,746387.19,275151.924,109.8965414,17483.76459,17453.333,2.087,419.117
6/23/2022 22:24,1009.4,44.016,13.069,43.81,439715.533,746265.448,275099.01,109.9528094,17513.38289,17526.667,2.06,421.233
6/23/2022 22:25,1009.4,44.01,13.081,43.808,439720.705,746180.857,275106.4,109.7023776,17509.24493,17480.328,2.049,419.279
6/23/2022 22:26,1009.4,44.01,13.063,43.81,439720.667,746270.105,275157,109.7042175,17480.9246,17430,2.036,419.217
6/23/2022 22:27,1009.4,44.014,13.033,43.816,439715.086,746344.257,275183.514,109.9744551,17466.09375,17455,2.081,423.467
6/23/2022 22:28,1009.4,44.02,13.086,43.82,439703.495,746441.79,275029.362,110.535839,17552.40465,17563.934,2.217,427.738
6/23/2022 22:29,1009.441,44.022,13.108,43.827,439703.99,746552.486,274984.01,110.5118611,17577.83649,17540,2.037,423.417
6/23/2022 22:30,1009.5,44.03,13.113,43.83,439702.629,746617.667,274985.4,110.5777891,17577.05677,17510,2.117,423.117
6/23/2022 22:31,1009.5,44.03,13.084,43.83,439705.657,746660.619,275036.819,110.4311135,17548.22472,17496.721,2.117,423.475
6/23/2022 22:32,1009.5,44.03,13.108,43.83,439697.219,746656.352,274960.61,110.8398795,17590.96533,17555,2.244,428.233
6/23/2022 22:33,1009.5,44.03,13.116,43.83,439693.79,746617.886,274953.848,111.0060199,17594.7601,17551.667,2.236,427.983
6/23/2022 22:34,1009.5,44.03,13.115,43.827,439695.324,746581.962,274952.733,110.9316932,17595.38587,17529.508,2.158,428.393
6/23/2022 22:35,1009.5,44.03,13.175,43.82,439694.79,746496.371,274839.457,110.9575666,17659.01489,17601.667,2.221,429.067
6/23/2022 22:36,1009.5,44.03,13.167,43.82,439711.029,746507.876,274918.6,110.1709259,17614.54733,17510,2.044,422.267
6/23/2022 22:37,1009.598,44.03,13.151,43.82,439715.143,746574.162,274926.848,109.9716949,17609.91618,17555.738,2.18,431.311
6/23/2022 22:38,1009.6,44.03,13.178,43.824,439713.581,746576.819,274841.21,110.0473361,17658.02936,17605,2.296,437.683
6/23/2022 22:39,1009.6,44.03,13.21,43.83,439704.371,746575.21,274749,110.4934055,17709.90534,17636.667,2.312,468.417
6/23/2022 22:40,1009.6,44.03,13.161,43.83,439708.629,746580.6,274903.276,110.2871627,17623.15312,17486.885,2.148,429.984
6/23/2022 22:41,1009.6,44.03,13.113,43.828,439711.457,746575.686,275011.581,110.1501978,17562.37352,17476.667,2.094,424.467
6/23/2022 22:42,1009.6,44.026,13.039,43.819,439721.114,746465.981,275200.048,109.6825751,17456.84837,17336.667,2.039,422.633
6/23/2022 22:43,1009.6,44.018,13.034,43.808,439709.229,746275.752,275213.743,110.2581028,17449.19227,17347.541,2.491,426.148
6/23/2022 22:44,1009.6,44.01,13.065,43.8,439700.724,746046.486,275149.219,110.6700733,17485.27811,17396.667,2.66,433.95
6/23/2022 22:45,1009.6,44.001,13.071,43.8,439711.352,745988.819,275178.981,110.155283,17468.6289,17375,2.292,432.967
6/23/2022 22:46,1009.6,44,13.032,43.8,439701.457,746034.371,275212.267,110.6345639,17450.01734,17298.361,2.89,454.148
6/23/2022 22:47,1009.6,44,12.962,43.8,439709.8,745993.629,275400.752,110.2304478,17344.80744,17198.333,2.188,425.367
6/23/2022 22:48,1009.654,44,12.932,43.795,439714.971,745862.067,275480.352,109.980024,17300.4675,17151.667,2.124,423.233
6/23/2022 22:49,1009.7,43.995,12.89,43.79,439728.876,745750.933,275603.876,109.3068066,17231.76828,17114.754,2.141,422.279
6/23/2022 22:50,1009.7,43.99,12.839,43.783,439729.933,745696.819,275685.124,109.2556422,17186.65286,17100,2.334,422.367
6/23/2022 22:51,1009.7,43.985,12.83,43.78,439722.914,745549.343,275696.371,109.5954274,17180.41209,17103.333,2.277,421.767
6/23/2022 22:52,1009.7,43.98,12.833,43.771,439718.505,745475.657,275701.238,109.8088986,17177.71182,17136.066,2.102,422.131
6/23/2022 22:53,1009.7,43.98,12.887,43.776,439716.667,745503.124,275593.181,109.8978972,17237.71123,17156.667,2.481,424.65
6/23/2022 22:54,1009.7,43.98,12.882,43.784,439718.467,745609.819,275600.486,109.8107386,17233.65192,17185,2.397,423.567
6/23/2022 22:55,1009.7,43.989,12.832,43.79,439720.181,745756.229,275671,109.7277484,17194.49156,17095.082,2.299,420.902
6/23/2022 22:56,1009.7,43.99,12.807,43.79,439710.952,745790.095,275690.819,110.174655,17183.49267,17126.667,2.823,424.467
6/23/2022 22:57,1009.7,43.99,12.817,43.783,439719.79,745706.876,275671.686,109.7466799,17194.1108,17155,2.182,423.917
6/23/2022 22:58,1009.7,43.984,12.819,43.778,439719.238,745538.048,275699.552,109.773407,17178.64721,17134.426,2.45,423.098
6/23/2022 22:59,1009.7,43.98,12.836,43.772,439713.505,745477.295,275667.324,110.0510165,17196.53199,17165,2.251,424.383
6/23/2022 23:00,1009.7,43.98,12.851,43.78,439722.314,745567.2,275649.638,109.6244762,17206.35056,17158.333,2.2,421.867
6/23/2022 23:01,1009.7,43.989,12.858,43.791,439717.771,745776.629,275595.648,109.8444394,17236.34029,17193.443,2.337,425.951
6/23/2022 23:02,1009.763,43.997,12.859,43.801,439719.943,745983.857,275572.2,109.7392719,17249.37273,17190,2.11,423.35
6/23/2022 23:03,1009.8,44.007,12.841,43.811,439724.486,746226.143,275601.543,109.5193221,17233.06459,17175,2.207,420.833
6/23/2022 23:04,1009.8,44.016,12.849,43.82,439721.019,746397.286,275534.371,109.6871747,17270.4081,17263.333,2.434,422.617
6/23/2022 23:05,1009.8,44.02,12.844,43.82,439719.79,746488.514,275541.714,109.7466799,17266.32396,17201.639,2.802,423.852
6/23/2022 23:06,1009.8,44.02,12.844,43.82,439731.143,746479.952,275543.19,109.1970737,17265.50307,17196.667,2.188,421.733
6/23/2022 23:07,1009.8,44.02,12.9,43.82,439728.457,746454.086,275432.105,109.3270888,17327.33624,17295,2.099,423.133
6/23/2022 23:08,1009.8,44.02,12.923,43.82,439722.667,746503.048,275351.038,109.6073858,17372.52749,17354.098,2.196,424.279
6/23/2022 23:09,1009.8,44.02,12.935,43.82,439714.867,746498.857,275330.362,109.9850602,17384.06249,17335,2.168,424.75
6/23/2022 23:10,1009.8,44.02,12.946,43.814,439719.933,746391.105,275341.067,109.739756,17378.08978,17333.333,2.153,424.983
6/23/2022 23:11,1009.8,44.02,12.995,43.81,439717.476,746299.81,275247.581,109.8587237,17430.28226,17355.738,2.057,422.951
6/23/2022 23:12,1009.8,44.02,13.009,43.813,439711.581,746369.571,275214.21,110.1441925,17448.93122,17381.667,2.046,422.983
6/23/2022 23:13,1009.8,44.02,13.02,43.82,439710.343,746450.114,275174.371,110.2041495,17471.20729,17440,2.156,429.167
6/23/2022 23:14,1009.85,44.023,13.084,43.825,439702.105,746554.4,275004.867,110.6031729,17566.13841,17526.23,2.337,443
6/23/2022 23:15,1009.9,44.03,13.101,43.83,439696.019,746662.076,274966.99,110.8980195,17587.38529,17546.667,2.207,428.667
6/23/2022 23:16,1009.9,44.03,13.103,43.83,439696.352,746648.876,274960.848,110.8818854,17590.83177,17535,2.133,425.967
6/23/2022 23:17,1009.9,44.03,13.113,43.827,439694.981,746592.448,274934,110.9483122,17605.90089,17590.164,2.239,428.557
6/23/2022 23:18,1009.9,44.025,13.115,43.815,439695.495,746416.457,274950.543,110.9234079,17596.61498,17551.667,2.04,422.317
6/23/2022 23:19,1009.9,44.014,13.138,43.804,439687.114,746131.714,274940.076,111.3295286,17602.49004,17583.333,2.032,422.183
6/23/2022 23:20,1009.9,44.002,13.185,43.791,439682.905,745873.057,274890.819,111.5335215,17630.15032,17608.197,2.23,425.377
6/23/2022 23:21,1009.9,43.993,13.215,43.79,439685.124,745763.581,274848.095,111.4259727,17654.15889,17640,2.149,428.867
6/23/2022 23:22,1009.9,43.99,13.245,43.79,439680.41,745765.81,274778.648,111.6544553,17693.21784,17616.667,2.056,425.533
6/23/2022 23:23,1009.9,43.997,13.259,43.798,439684.638,745941.086,274764.933,111.4495272,17700.93644,17660.656,2.264,429.869
6/23/2022 23:24,1009.9,44.006,13.288,43.812,439688.41,746200.829,274674.21,111.2667216,17752.03479,17625,2.068,425.683
6/23/2022 23:25,1009.9,44.021,13.282,43.83,439688.457,746596.105,274645.495,111.264444,17768.22283,17685,2.32,432.433
6/23/2022 23:26,1009.9,44.035,13.26,43.848,439690.333,746869.419,274666.105,111.1735332,17756.60325,17681.967,2.183,434.623
6/23/2022 23:27,1009.9,44.04,13.242,43.85,439696.286,746999.4,274659.076,110.8850832,17760.56568,17733.333,2.089,425.9
6/23/2022 23:28,1009.9,44.04,13.258,43.841,439693.105,746864.257,274620.4,111.0392111,17782.3759,17725,2.12,423.617
6/23/2022 23:29,1009.9,44.033,13.265,43.819,439686.543,746523.067,274651.981,111.3572012,17764.56574,17703.279,2.069,422.148
6/23/2022 23:30,1009.9,44.014,13.32,43.797,439686.467,746103.79,274594.295,111.3608844,17797.10434,17781.667,2.23,425.033
6/23/2022 23:31,1009.9,43.996,13.359,43.781,439686.638,745732.314,274572.771,111.3525971,17809.25259,17775,2.08,421.5
6/23/2022 23:32,1009.9,43.984,13.361,43.77,439690.171,745550.99,274602.448,111.1813835,17792.50379,17788.525,2.088,422.705
6/23/2022 23:33,1009.9,43.98,13.378,43.77,439678.533,745482.486,274568.029,111.74544,17811.92953,17775,2.134,424.367
6/23/2022 23:34,1009.9,43.98,13.4,43.77,439668.667,745437.352,274497.533,112.2237582,17851.74857,17845,2.24,428.183
6/23/2022 23:35,1010,43.982,13.412,43.782,439680.448,745647.981,274486.324,111.6526134,17858.08382,17808.197,2.107,424.098
6/23/2022 23:36,1010,43.994,13.394,43.797,439686.067,745936.99,274501.067,111.3802701,17849.75141,17793.333,2.039,422.85
6/23/2022 23:37,1010,44.006,13.374,43.808,439689.457,746226.362,274500.21,111.2159835,17850.23571,17826.667,2.042,422.767
6/23/2022 23:38,1010,44.014,13.382,43.812,439679.619,746334.771,274435.048,111.6927973,17887.07841,17863.934,2.17,427.328
6/23/2022 23:39,1010,44.02,13.375,43.813,439681.914,746377.41,274460.59,111.5815547,17872.63257,17831.667,2.164,423.85
6/23/2022 23:40,1010,44.02,13.372,43.81,439679.438,746324.048,274478.133,111.7015709,17862.71399,17820,2.145,424.5
6/23/2022 23:41,1010,44.01,13.389,43.801,439680.648,746155.267,274457.838,111.642919,17874.18875,17819.672,1.993,420.426
6/23/2022 23:42,1010,44.005,13.418,43.796,439672.524,746013.076,274445.876,112.0367494,17880.95371,17818.333,2.061,422.367
6/23/2022 23:43,1010,44,13.417,43.797,439677.238,746004.267,274452.314,111.8082159,17877.31263,17825,2.059,422.117
6/23/2022 23:44,1010,44.007,13.428,43.801,439668.505,746133.533,274399.79,112.2316133,17907.02856,17860.656,2.062,422.049
6/23/2022 23:45,1010,44.01,13.43,43.811,439669.676,746265.181,274386.705,112.1748343,17914.4352,17870,2.099,422.583
6/23/2022 23:46,1010,44.019,13.446,43.82,439675.419,746422.21,274340.733,111.896397,17940.46892,17861.667,2.067,421.133
6/23/2022 23:47,1010,44.02,13.404,43.82,439672.229,746473.724,274396.838,112.0510519,17908.69938,17852.459,2.063,421.016
6/23/2022 23:48,1010,44.02,13.4,43.814,439678.79,746382.019,274402.829,111.7329821,17905.30857,17846.667,2.068,421.983
6/23/2022 23:49,1010,44.013,13.426,43.803,439676.343,746150.505,274389.257,111.851603,17912.99055,17840,2.008,421.417
6/23/2022 23:50,1010,44.004,13.455,43.792,439669.257,745952.562,274380.648,112.1951504,17917.86421,17847.541,2.164,423.557
6/23/2022 23:51,1010,44,13.479,43.79,439666.381,745906.324,274359.667,112.3346058,17929.74449,17830,2.075,422.8
6/23/2022 23:52,1010,44,13.469,43.798,439661.324,745941.114,274353.457,112.579844,17933.26157,17890,2.072,422.3
6/23/2022 23:53,1010,44,13.467,43.8,439674.647,746072.794,274336.049,111.9338232,17943.12247,17867.213,2.068,422.738
6/23/2022 23:54,1010,44.004,13.481,43.8,439673.19,746128.524,274319.752,112.00446,17952.3564,17871.667,2.061,422.417
6/23/2022 23:55,1010,44.01,13.504,43.806,439667.657,746207.8,274264.048,112.272732,17983.93571,17896.667,2.203,425.967
6/23/2022 23:56,1010,44.013,13.497,43.817,439659.01,746350.571,274256.133,112.6920725,17988.42499,17915,2.288,429.333
6/23/2022 23:57,1010,44.02,13.48,43.82,439663.257,746524.39,274270.333,112.4860994,17980.37133,17870.492,2.272,428.328
6/23/2022 23:58,1010,44.028,13.511,43.822,439660.19,746620.61,274196.333,112.6348418,18022.36015,17880,2.281,433.8
6/23/2022 23:59,1010,44.03,13.539,43.823,439664.39,746629.905,274118.476,112.4311548,18066.58833,17948.333,2.266,460.15
6/24/2022 0:00,1010,44.03,13.531,43.829,439673.019,746664.552,274113.181,112.0127505,18069.59815,17942.623,2.242,486.721
6/24/2022 0:01,1010,44.03,13.527,43.83,439662.133,746675.105,274098.057,112.5406093,18078.19637,17953.333,2.248,480.583
6/24/2022 0:02,1010,44.03,13.536,43.822,439671.095,746623.724,274125.705,112.1060329,18062.47956,17925,2.211,447.083
6/24/2022 0:03,1010,44.026,13.532,43.817,439654.295,746528.952,274112.914,112.9207718,18069.74993,17945.902,2.254,483.377
6/24/2022 0:04,1010,44.02,13.539,43.81,439646.524,746312.562,274124.076,113.2977674,18063.4054,17955,2.308,463
6/24/2022 0:05,1010,44.01,13.549,43.801,439655.248,746114.667,274156.343,112.8745444,18045.07073,17950,2.312,450.55
6/24/2022 0:06,1010,44.001,13.565,43.795,439658.267,746009.695,274147,112.7281094,18050.37866,17924.59,2.202,454.197
6/24/2022 0:07,1010,44,13.58,43.79,439659.867,745899.743,274128.648,112.6505073,18060.80697,17953.333,2.267,463.25
6/24/2022 0:08,1010,44,13.583,43.793,439652.41,745960.895,274137.352,113.0122115,18055.86066,17928.333,2.171,451.717
6/24/2022 0:09,1010,44,13.588,43.8,439652.752,746093.819,274107.829,112.995621,18072.64062,17893.443,2.286,443.984
6/24/2022 0:10,1010,44.006,13.644,43.805,439647.305,746164.514,273955.057,113.2598749,18159.59121,17915,2.323,452.967
6/24/2022 0:11,1010,44.01,13.647,43.81,439651.2,746316.248,273948.343,113.0709101,18163.41711,17961.667,2.611,473.05
6/24/2022 0:12,1010,44.013,13.611,43.814,439654.762,746358.905,273998.305,112.8981188,18134.95613,17977.049,2.423,479.131
6/24/2022 0:13,1010,44.02,13.607,43.813,439653.79,746397.533,274017.505,112.9452684,18124.02451,17936.667,2.481,459.75
6/24/2022 0:14,1010,44.014,13.601,43.81,439652.124,746307.943,274028.533,113.0260855,18117.74709,17921.667,2.272,464.45
6/24/2022 0:15,1010,44.01,13.592,43.801,439663.943,746200.867,274068.152,112.4528318,18095.20359,17940.984,2.257,477.049
6/24/2022 0:16,1010,44.004,13.608,43.796,439646.924,746023.086,274006.667,113.2783601,18130.19479,17995,2.506,481.017
6/24/2022 0:17,1010,43.997,13.628,43.786,439645.962,745803.895,274003.343,113.325035,18132.08741,17980,2.308,475.4
6/24/2022 0:18,1010,43.99,13.628,43.78,439647.657,745677.762,274025.819,113.2427969,18119.29187,17986.885,2.435,477.18
6/24/2022 0:19,1010,43.981,13.623,43.775,439645.714,745516.676,274019.59,113.3370678,18122.83759,18021.667,2.18,495.85
6/24/2022 0:20,1010,43.978,13.66,43.77,439648.229,745395.371,273957.39,113.2150454,18158.26187,18010,2.371,507.117
6/24/2022 0:21,1010,43.97,13.706,43.77,439640.086,745363.048,273886.286,113.6101574,18198.79793,18057.377,2.416,514.082
6/24/2022 0:22,1010,43.97,13.686,43.77,439646.914,745420.467,273938.171,113.2788453,18169.21424,18023.333,2.341,505.8
6/24/2022 0:23,1010,43.979,13.641,43.78,439648.286,745586.724,274031.314,113.21228,18116.16424,17966.667,2.316,475.2
6/24/2022 0:24,1010,43.982,13.626,43.788,439646.229,745682.81,274040.848,113.3120804,18110.73832,17977.049,2.34,477.246
6/24/2022 0:25,1010,43.99,13.602,43.788,439645.2,745719.305,274109.143,113.362007,18071.89362,17906.667,2.564,448.9
6/24/2022 0:26,1010,43.99,13.614,43.782,439630.886,745713.524,274088.105,114.0566658,18083.8553,17933.333,3.329,455.483
6/24/2022 0:27,1010,43.99,13.611,43.78,439633.667,745662.067,274102.457,113.9216819,18075.6947,17940.984,2.813,452.115
6/24/2022 0:28,1010,43.99,13.603,43.781,439637.124,745684.667,274113.352,113.7539011,18069.50094,17955,2.478,459.917
6/24/2022 0:29,1010,43.99,13.6,43.782,439650.476,745697.59,274117.133,113.1060332,18067.3517,17935,2.265,454.667
6/24/2022 0:30,1010,43.99,13.616,43.79,439650.124,745741.19,274029.657,113.1231098,18117.10734,17950.82,2.287,487.656
6/24/2022 0:31,1010,43.99,13.623,43.79,439652.733,745850.533,274047.2,112.9965427,18107.12375,17935,2.7,456.383
6/24/2022 0:32,1010,43.991,13.66,43.796,439649.648,745930.99,273962.514,113.1462024,18155.34238,17988.333,2.505,468.667
6/24/2022 0:33,1010,44,13.644,43.799,439654.39,746040.59,273986.514,112.9161636,18141.67097,17991.803,2.265,480.049
6/24/2022 0:34,1010,44,13.65,43.8,439640.4,746139.457,273925.676,113.5949199,18176.3365,18013.333,2.368,487.917
6/24/2022 0:35,1010,44.007,13.661,43.808,439640.943,746216.924,273885.362,113.5685701,18199.32498,18045,2.414,482.533
6/24/2022 0:36,1010,44.01,13.688,43.81,439627.924,746321.562,273786.057,114.2004466,18256.01185,18081.967,2.585,513.82
6/24/2022 0:37,1010.083,44.01,13.673,43.81,439629.333,746347.029,273859.819,114.1320497,18213.89774,17983.333,2.868,481.15
6/24/2022 0:38,1010.1,44.01,13.667,43.81,439634.467,746324.4,273865.048,113.8828535,18210.91404,18003.333,2.527,492.283
6/24/2022 0:39,1010.1,44.01,13.744,43.81,439633.448,746310.038,273723.19,113.9323113,18291.94244,18075.41,2.643,491.115
6/24/2022 0:40,1010.1,44.01,13.71,43.81,439638.286,746276.61,273829.552,113.6975087,18231.1729,17988.333,2.757,470.467
6/24/2022 0:41,1010.1,44.01,13.726,43.805,439631.638,746178,273796.876,114.0201642,18249.83186,18030,3.058,463.3
6/24/2022 0:42,1010.1,44.007,13.712,43.8,439649.8,746102.286,273866.924,113.1388283,18209.84364,18004.918,2.293,467.754
6/24/2022 0:43,1010.1,44,13.71,43.793,439644.971,745960.562,273865.619,113.3731182,18210.58824,18021.667,2.277,481.35
6/24/2022 0:44,1010.1,43.996,13.676,43.79,439655.019,745905.829,273931.029,112.8856525,18173.28508,17996.667,2.251,478.933
6/24/2022 0:45,1010.1,43.99,13.707,43.781,439646.029,745748.543,273881.057,113.3217842,18201.78067,18060,2.538,487.8
6/24/2022 0:46,1010.1,43.986,13.752,43.78,439635.238,745646.2,273802.6,113.8454335,18246.56262,18081.967,2.516,481.066
6/24/2022 0:47,1010.1,43.98,13.723,43.78,439642.486,745680.219,273865.067,113.493696,18210.9032,18055,2.209,479.15
6/24/2022 0:48,1010.1,43.98,13.705,43.78,439652,745662.876,273895.029,113.0321009,18193.81124,18040,2.219,480.017
6/24/2022 0:49,1010.1,43.98,13.698,43.777,439643.01,745513.39,273858.838,113.4682696,18214.45753,18086.885,2.249,507.607
6/24/2022 0:50,1010.1,43.973,13.701,43.764,439636.981,745312.886,273885.467,113.7608411,18199.26509,18071.667,2.174,477.25
6/24/2022 0:51,1010.1,43.962,13.733,43.753,439632.19,745077.895,273864.114,113.993371,18211.44697,18058.333,2.246,494.9
6/24/2022 0:52,1010.1,43.954,13.743,43.75,439624.867,744949.676,273888.41,114.3488515,18197.58641,18072.131,2.149,473.443
6/24/2022 0:53,1010.1,43.953,13.751,43.753,439621.848,745021.419,273832.695,114.4954242,18229.37864,18098.333,2.275,508.533
6/24/2022 0:54,1010.1,43.961,13.767,43.763,439614.343,745239.848,273783.895,114.8598465,18257.24694,18145,2.163,494.45
6/24/2022 0:55,1010.1,43.972,13.73,43.777,439624.6,745536.057,273864.2,114.3618139,18211.3979,18078.689,2.104,471.098
6/24/2022 0:56,1010.1,43.981,13.669,43.788,439627.543,745710.248,273988.81,114.2189419,18140.36333,18021.667,2.011,441.483
6/24/2022 0:57,1010.1,43.99,13.604,43.789,439621.505,745716,274120.314,114.5120777,18065.54362,17940,2.027,435.867
6/24/2022 0:58,1010.1,43.984,13.57,43.78,439634.676,745655.133,274187.133,113.8727098,18027.58367,17924.59,2.056,446.951
6/24/2022 0:59,1010.1,43.98,13.542,43.771,439635.057,745522.648,274271.486,113.8542182,17979.71747,17900,1.992,431.417
6/24/2022 1:00,1010.1,43.973,13.522,43.764,439641.4,745378.981,274327.486,113.5463938,17947.97401,17855,2.003,432.15
6/24/2022 1:01,1010.1,43.97,13.477,43.76,439652.314,745291.79,274444.552,113.0168685,17881.70255,17755.738,2.045,441.344
6/24/2022 1:02,1010.1,43.965,13.448,43.76,439656.067,745279.276,274492.2,112.8348181,17854.76261,17746.667,2.053,441.7
6/24/2022 1:03,1010.1,43.96,13.414,43.76,439653.219,745303.61,274540.438,112.972967,17827.50897,17715,2.103,455.483
6/24/2022 1:04,1010.1,43.96,13.383,43.76,439659.314,745296.381,274588.905,112.6773282,17800.14611,17663.934,2.14,474.164
6/24/2022 1:05,1010.1,43.967,13.348,43.76,439670.143,745331.638,274685.438,112.1521911,17745.70695,17591.667,2.079,456.883
6/24/2022 1:06,1010.1,43.97,13.339,43.761,439659.676,745417.771,274659.543,112.6597709,17760.3024,17608.333,2.172,488.467
6/24/2022 1:07,1010.1,43.974,13.339,43.772,439655.162,745584.21,274628.029,112.878716,17778.07272,17601.639,2.194,489.131
6/24/2022 1:08,1010.1,43.984,13.282,43.785,439670.219,745854.638,274795.895,112.1485062,17683.51377,17528.333,2.035,442.7
6/24/2022 1:09,1010.1,43.997,13.229,43.799,439662.362,746127.267,274861.962,112.5295035,17646.36467,17516.667,2.046,432.7
6/24/2022 1:10,1010.1,44.009,13.199,43.81,439683.667,746433.629,274869.705,111.4965887,17642.01328,17498.361,2.149,463.18
6/24/2022 1:11,1010.1,44.018,13.203,43.818,439676.981,746578.067,274867.543,111.8206745,17643.22822,17498.333,2.055,434.183
6/24/2022 1:12,1010.1,44.025,13.172,43.823,439678.629,746717.39,274916.486,111.7407865,17615.73441,17453.333,2.004,436.617
6/24/2022 1:13,1010.011,44.03,13.118,43.83,439691.352,746867.257,275019.048,111.1241545,17558.18683,17414.754,2.01,435.607
6/24/2022 1:14,1010,44.038,13.117,43.83,439692.486,746919.829,274994.248,111.0692049,17572.09383,17413.333,2.137,435.8
6/24/2022 1:15,1010,44.037,13.117,43.83,439694.248,746852.362,275033.171,110.9838281,17550.2695,17361.667,2.023,438.133
6/24/2022 1:16,1010,44.034,13.125,43.829,439695.143,746888.295,274996.6,110.940463,17570.77468,17404.918,2.205,451.754
6/24/2022 1:17,1010,44.04,13.094,43.834,439703.048,747030.19,275063.933,110.5574921,17533.03031,17375,1.972,431.817
6/24/2022 1:18,1010,44.04,13.03,43.84,439711.448,747119.467,275193.667,110.1506337,17460.41618,17273.333,2.047,435.25
6/24/2022 1:19,1010,44.04,13.014,43.837,439712.657,747080.419,275211.286,110.0920831,17450.56572,17263.934,2.092,453.082
6/24/2022 1:20,1010,44.04,13.016,43.832,439708.248,746998.495,275200.143,110.305616,17456.79526,17295,2.086,442.117
6/24/2022 1:21,1010,44.04,13.069,43.83,439693.952,746935.343,275062.952,110.9981704,17533.57994,17391.667,2.288,466.917
6/24/2022 1:22,1010,44.04,13.039,43.833,439704.629,746964.448,275143.01,110.4809082,17488.75246,17316.393,2.044,446.148
6/24/2022 1:23,1010,44.04,13.018,43.832,439697.648,746925.305,275167.438,110.8190949,17475.08529,17318.333,2.105,457.167
6/24/2022 1:24,1010,44.033,13.024,43.823,439700.124,746751.486,275157.867,110.6991402,17480.43954,17375,2.014,449.967
6/24/2022 1:25,1010,44.027,13.022,43.813,439704.914,746620.657,275218.562,110.4671031,17446.49862,17300,1.986,435.18
6/24/2022 1:26,1010,44.02,13.025,43.81,439708.048,746481.4,275227.667,110.3153029,17441.4098,17303.333,1.999,440
6/24/2022 1:27,1010,44.02,13.032,43.81,439704.476,746450.438,275202.324,110.4883194,17455.57588,17281.667,2.027,442.983
6/24/2022 1:28,1010,44.02,13.052,43.81,439701.457,746525.771,275170.771,110.6345639,17473.22091,17316.393,2.071,437.344
6/24/2022 1:29,1010,44.02,13.034,43.819,439711.143,746605.19,275210.686,110.1654048,17450.90113,17255,2.089,437.417
6/24/2022 1:30,1010,44.024,13.049,43.821,439703.038,746719.657,275172.295,110.5579765,17472.36846,17340,2.014,433.617
6/24/2022 1:31,1010,44.03,13.025,43.828,439706.743,746842.648,275194.819,110.378511,17459.77204,17273.77,2.227,441.754
6/24/2022 1:32,1010,44.03,13.043,43.83,439707.276,746875.895,275152.657,110.3526947,17483.35447,17283.333,2.25,446.6
6/24/2022 1:33,1010,44.03,13.055,43.83,439713.467,746910.848,275131.981,110.0528567,17494.92474,17320,2.179,442.5
6/24/2022 1:34,1010,44.03,13.015,43.83,439710.419,746872.286,275215.952,110.2004687,17447.95749,17257.377,2.049,443.852
6/24/2022 1:35,1010,44.03,12.99,43.821,439713.333,746706.657,275258.476,110.059346,17424.1958,17286.667,2.11,448.033
6/24/2022 1:36,1010,44.022,12.976,43.807,439716.229,746494.981,275307.257,109.9191065,17396.95696,17266.667,1.986,438.133
6/24/2022 1:37,1010,44.011,12.978,43.795,439719.219,746258.2,275339.924,109.774327,17378.72746,17257.377,2.032,444.492
6/24/2022 1:38,1010,43.997,12.986,43.783,439711.314,745970.152,275345.657,110.1571233,17375.52916,17273.333,2.109,448.05
6/24/2022 1:39,1010,43.987,13.027,43.77,439708.6,745771.933,275295.4,110.2885673,17403.57591,17291.667,2.243,443.567
6/24/2022 1:40,1010,43.98,13.044,43.772,439701.571,745685.905,275265.143,110.6290414,17420.47181,17295.082,2.149,452.574
6/24/2022 1:41,1010,43.986,13.035,43.782,439704.457,745881.905,275252.667,110.4892398,17427.44086,17326.667,2.059,457.667
6/24/2022 1:42,1010,43.993,12.992,43.792,439711.057,746075.895,275347.895,110.1695698,17374.28071,17235,2.042,448.9
6/24/2022 1:43,1010,44.003,12.982,43.8,439705.476,746265.962,275301.867,110.4398808,17399.96568,17329.508,2.065,450.197
6/24/2022 1:44,1010,44.01,12.977,43.803,439711.524,746359.876,275302.286,110.146953,17399.73178,17321.667,2.02,441.667
6/24/2022 1:45,1010,44.01,12.976,43.8,439714.324,746314.914,275306.59,110.0113553,17397.32927,17318.333,2.038,442.067
6/24/2022 1:46,1010,44.01,12.983,43.799,439704.971,746234.914,275307.676,110.4643421,17396.72308,17316.667,2.048,442.367
6/24/2022 1:47,1010,44.002,13.004,43.79,439698.39,746126.39,275280.714,110.7831464,17411.77578,17300,2.076,446.607
6/24/2022 1:48,1010,44,12.995,43.79,439696.552,746062.695,275305.21,110.8721954,17398.09957,17301.667,2.042,440.15
6/24/2022 1:49,1010,44,13.015,43.79,439702.219,746094.467,275281.4,110.5976504,17411.39271,17295,2.089,437.567
6/24/2022 1:50,1010,44.001,12.999,43.799,439707.276,746222.829,275290.971,110.3526947,17406.04863,17286.885,2.116,455.18
6/24/2022 1:51,1010,44.01,12.998,43.807,439704.648,746409.295,275256.514,110.4799879,17425.29179,17316.667,2.182,444.083
6/24/2022 1:52,1010,44.017,12.991,43.813,439706.19,746575.819,275257.695,110.4052964,17424.63207,17278.333,2.121,455.45
6/24/2022 1:53,1010,44.02,12.97,43.82,439704.771,746707.438,275269.4,110.4740299,17418.09417,17300,2.459,450.754
6/24/2022 1:54,1010,44.023,12.98,43.82,439705.648,746731.362,275270.048,110.4315495,17417.73226,17248.333,2.081,453
6/24/2022 1:55,1010,44.03,12.978,43.82,439702.229,746731.429,275247.276,110.597166,17430.45266,17270,2.087,467.367
6/24/2022 1:56,1010,44.03,13.01,43.82,439707.152,746840.41,275185.6,110.3587007,17464.92719,17308.197,2.043,450.164
6/24/2022 1:57,1010,44.033,13.005,43.83,439697.933,746960.467,275168.429,110.8052871,17474.53094,17346.667,2.16,461.667
6/24/2022 1:58,1010,44.04,12.974,43.83,439708.229,746964.943,275208.076,110.3065363,17452.36018,17298.333,2.136,470.317
6/24/2022 1:59,1010,44.034,12.953,43.826,439703.181,746843.933,275288.476,110.5510495,17407.44167,17268.852,2.211,449.984
6/24/2022 2:00,1010,44.029,12.917,43.813,439706.952,746657.438,275351.857,110.3683878,17372.07065,17228.333,2.162,462.217
6/24/2022 2:01,1010,44.017,12.94,43.799,439705.981,746375.533,275345.219,110.4154198,17375.7735,17261.667,2.059,457.567
6/24/2022 2:02,1010,44.004,12.968,43.784,439706.638,746067.733,275334.743,110.3835968,17381.61805,17263.934,2.1,471.475
6/24/2022 2:03,1010,44,12.981,43.78,439706.648,746013.667,275337.543,110.3831124,17380.05584,17256.667,2.047,449.65
6/24/2022 2:04,1010,44,12.975,43.788,439709.686,746131.771,275365.943,110.2359691,17364.21437,17230,2.16,447.867
6/24/2022 2:05,1010,44.006,12.926,43.801,439716.619,746339.4,275418.248,109.9002215,17335.05689,17190.164,2.125,453.951
6/24/2022 2:06,1009.915,44.01,12.927,43.81,439705.114,746470.105,275369.038,110.4574154,17362.48841,17200,2.192,451.983
6/24/2022 2:07,1009.9,44.02,12.905,43.81,439719.505,746535.667,275441.286,109.7604792,17322.2218,17198.333,2.118,450.583
6/24/2022 2:08,1009.9,44.018,12.884,43.807,439718.81,746493.657,275460.686,109.7941306,17311.41707,17172.131,2.385,466.82
6/24/2022 2:09,1009.9,44.01,12.905,43.8,439712.39,746401.114,275449.257,110.1050134,17317.782,17201.667,2.094,444.217
6/24/2022 2:10,1009.9,44.01,12.892,43.8,439713.552,746359.114,275472.79,110.0487404,17304.67746,17211.667,2.093,442.917
6/24/2022 2:11,1009.9,44.01,12.892,43.8,439716.819,746374.2,275493.448,109.890537,17293.1778,17195.082,2.035,443.541
6/24/2022 2:12,1009.9,44.01,12.911,43.802,439716.514,746406.476,275440.171,109.9053059,17322.84289,17220,2.11,446.35
6/24/2022 2:13,1009.9,44.017,12.895,43.809,439717.59,746551.714,275457.552,109.8532037,17313.16232,17188.333,2.098,447.483
6/24/2022 2:14,1009.9,44.023,12.893,43.819,439720.781,746738.4,275433.781,109.6986979,17326.40254,17224.59,2.096,446.131
6/24/2022 2:15,1009.9,44.03,12.879,43.824,439714.752,746862.6,275440.152,109.9906291,17322.85348,17196.667,2.168,444.717
6/24/2022 2:16,1009.9,44.03,12.88,43.83,439717.857,746898.362,275412.552,109.8402752,17338.23099,17256.667,2.048,447.267
6/24/2022 2:17,1009.9,44.03,12.914,43.824,439722.924,746858.99,275339.695,109.5949433,17378.85522,17281.967,2.074,455.18
6/24/2022 2:18,1009.9,44.03,12.931,43.815,439719.819,746755.79,275334.952,109.7452757,17381.50144,17260,2.108,445.5
6/24/2022 2:19,1009.9,44.03,12.958,43.81,439722.448,746683.676,275302.114,109.6179886,17399.82779,17270,2.127,453.383
6/24/2022 2:20,1009.9,44.03,12.935,43.813,439720.162,746748.457,275343.657,109.7286683,17376.64488,17273.77,2.029,444.197
6/24/2022 2:21,1009.9,44.03,12.91,43.819,439715.667,746750.581,275383.562,109.9463205,17354.39001,17243.333,2.065,448.1
6/24/2022 2:22,1009.853,44.03,12.929,43.817,439709.8,746709.6,275340.124,110.2304478,17378.61588,17260,2.17,446.967
6/24/2022 2:23,1009.8,44.03,12.965,43.817,439713.686,746712.552,275277.057,110.0422512,17413.81794,17304.918,2.168,453.295
6/24/2022 2:24,1009.8,44.03,12.965,43.82,439720.029,746841.924,275285.333,109.7351079,17409.19658,17265,2.243,451.917
6/24/2022 2:25,1009.8,44.034,12.937,43.828,439721.943,747012.533,275324.905,109.6424382,17387.10752,17241.667,2.105,455.683
6/24/2022 2:26,1009.8,44.04,12.947,43.83,439717.095,747032.086,275286.562,109.8771724,17408.51035,17311.475,2.052,443.475
6/24/2022 2:27,1009.8,44.04,12.948,43.83,439715.01,747008.505,275272.4,109.9781354,17416.41869,17316.667,2.146,448.267
6/24/2022 2:28,1009.735,44.039,12.943,43.824,439719.905,746958.781,275298.981,109.7411118,17401.57675,17291.667,2.145,452.933
6/24/2022 2:29,1009.7,44.03,12.983,43.819,439713.286,746793.143,275206.848,110.061622,17453.04667,17342.623,2.109,470.443
6/24/2022 2:30,1009.7,44.03,13.018,43.814,439700.61,746716.714,275161.79,110.675596,17478.24482,17343.333,2.057,448.467
6/24/2022 2:31,1009.7,44.03,13.016,43.818,439716.524,746790.314,275193.457,109.9048217,17460.53361,17311.667,2.119,453.95
6/24/2022 2:32,1009.7,44.035,12.989,43.827,439706.381,746956.448,275196.571,110.396045,17458.79243,17319.672,2.1,460
6/24/2022 2:33,1009.609,44.04,12.975,43.83,439707.39,747056.914,275213.305,110.347173,17449.43711,17326.667,2.108,447.883
6/24/2022 2:34,1009.6,44.04,12.979,43.83,439702,747034.276,275187.114,110.6082593,17464.08053,17331.667,2.07,463.983
6/24/2022 2:35,1009.6,44.04,12.976,43.823,439698,746895.181,275209.114,110.802041,17451.7799,17324.59,2.029,451.951
6/24/2022 2:36,1009.6,44.03,13.006,43.813,439699.514,746783.695,275159.076,110.7286921,17479.76315,17341.667,2.059,467.167
6/24/2022 2:37,1009.6,44.03,13.016,43.81,439695.848,746673.114,275159.962,110.9063046,17479.26747,17355,2.08,456.583
6/24/2022 2:38,1009.507,44.03,13.035,43.81,439707.648,746689.8,275124.057,110.3346768,17499.35998,17362.295,2.071,466.721
6/24/2022 2:39,1009.5,44.03,13.04,43.818,439705.4,746779.905,275121.486,110.4435621,17500.79914,17341.667,2.09,465.033
6/24/2022 2:40,1009.5,44.031,13.027,43.824,439703.781,746941.667,275131.086,110.5219851,17495.42566,17336.667,2.103,465.717
6/24/2022 2:41,1009.5,44.04,13.002,43.831,439709.733,747047.867,275184.724,110.2336928,17465.41707,17313.115,2.029,449.525
6/24/2022 2:42,1009.5,44.04,13.001,43.831,439715.333,747070.867,275162.971,109.9624943,17477.58414,17338.333,2.094,469.817
6/24/2022 2:43,1009.5,44.04,13.006,43.828,439708.571,746937.562,275144.305,110.2899719,17488.0278,17348.333,2.125,466.933
6/24/2022 2:44,1009.5,44.033,13.034,43.82,439701.676,746858.924,275114.181,110.6239548,17504.88855,17346.667,2.057,452.917
6/24/2022 2:45,1009.5,44.03,13.05,43.815,439708.248,746772.733,275101.048,110.305616,17512.24169,17352.459,2.088,471.377
6/24/2022 2:46,1009.5,44.03,13.032,43.811,439715.962,746790.105,275142.019,109.9320355,17489.30702,17340,2.078,460.367
6/24/2022 2:47,1009.5,44.03,13.038,43.818,439716.752,746827.905,275119.495,109.8937813,17501.91368,17366.667,2.059,457.433
6/24/2022 2:48,1009.5,44.03,13.043,43.815,439713.714,746774.476,275120.057,110.0408953,17501.59907,17337.705,2.093,466.475
6/24/2022 2:49,1009.498,44.03,13.078,43.818,439705.695,746867.39,275039.505,110.4292729,17546.71923,17403.333,2.119,462.067
6/24/2022 2:50,1009.4,44.034,13.069,43.828,439708.41,746988.657,275072.248,110.2977697,17528.37193,17361.667,2.069,447.65
6/24/2022 2:51,1009.4,44.041,13.042,43.842,439709.514,747178.448,275120.933,110.2442995,17501.1087,17337.705,2.017,449.18
6/24/2022 2:52,1009.4,44.05,13.018,43.85,439710,747287.829,275130.257,110.2207615,17495.88966,17348.333,2.003,445.917
6/24/2022 2:53,1009.4,44.05,13.045,43.85,439709.038,747338.162,275069.314,110.2673535,17530.0156,17386.667,2.045,446.317
6/24/2022 2:54,1009.4,44.05,13.047,43.841,439715.267,747238.514,275074.39,109.9656903,17527.172,17368.852,2.027,449.852
6/24/2022 2:55,1009.4,44.047,13.026,43.833,439723.743,747129.61,275135.419,109.5552926,17493.00058,17330,2.034,447.5
6/24/2022 2:56,1009.4,44.04,13.03,43.823,439720.248,746984.029,275145.8,109.7245044,17487.19123,17353.333,2.007,443.35
6/24/2022 2:57,1009.4,44.031,13.034,43.815,439717.438,746831.543,275154.305,109.8605637,17482.43241,17336.066,2.035,450
6/24/2022 2:58,1009.4,44.028,13.037,43.81,439708.304,746692.5,275155.804,110.3029037,17481.59373,17355,2.045,452.95
6/24/2022 2:59,1009.4,44.02,13.06,43.808,439711.61,746610.648,275124.743,110.1427881,17498.97599,17363.333,2.028,450.867
6/24/2022 3:00,1009.4,44.02,13.068,43.806,439704.067,746578.333,275116.581,110.5081312,17503.54496,17357.377,2.068,449.672
6/24/2022 3:01,1009.4,44.02,13.056,43.801,439699.343,746568.333,275126.771,110.7369764,17497.84083,17365,2.024,445.767
6/24/2022 3:02,1009.4,44.02,13.055,43.809,439705.467,746579.19,275126.819,110.4403167,17497.81396,17366.667,2.023,448.9
6/24/2022 3:03,1009.4,44.02,13.057,43.809,439709.838,746573.705,275135.314,110.2286074,17493.05935,17349.18,2.022,447.967
6/24/2022 3:04,1009.4,44.02,13.059,43.8,439704.486,746529.229,275130.21,110.487835,17495.91596,17341.667,2.073,455.383
6/24/2022 3:05,1009.4,44.02,13.079,43.803,439700.286,746520.524,275086.619,110.6912921,17520.32216,17365,2.039,447.583
6/24/2022 3:06,1009.305,44.02,13.077,43.81,439712.086,746611.676,275101.914,110.1197358,17511.75677,17365.574,2.037,449.18
6/24/2022 3:07,1009.3,44.02,13.071,43.816,439703.724,746769.067,275066.486,110.5247462,17531.59996,17385,2.122,463.717
6/24/2022 3:08,1009.3,44.03,13.066,43.82,439709.152,746809.362,275097.267,110.2618321,17514.35893,17363.333,2.017,449.933
6/24/2022 3:09,1009.3,44.03,13.063,43.82,439712.229,746875.686,275103.962,110.1128104,17510.61002,17340.984,2.029,449.459
6/24/2022 3:10,1009.3,44.03,13.076,43.82,439707.505,746884.029,275049.781,110.341603,17540.96015,17393.333,2.063,454.917
6/24/2022 3:11,1009.3,44.03,13.086,43.82,439695.124,746823.619,275029.429,110.9413836,17552.36709,17378.333,2.105,459.183
6/24/2022 3:12,1009.275,44.03,13.085,43.82,439707.419,746851.381,275048.867,110.3457684,17541.47236,17359.016,2.079,459.082
6/24/2022 3:13,1009.2,44.03,13.073,43.82,439707.324,746896.629,275087.333,110.3503698,17519.92227,17331.667,2.041,450.6
6/24/2022 3:14,1009.2,44.03,13.054,43.82,439694.943,746916.381,275110.676,110.9501534,17506.85085,17328.333,2.056,452.967
6/24/2022 3:15,1009.2,44.03,13.062,43.82,439694.314,746814.41,275100.514,110.9806302,17512.5407,17344.262,2.056,451.656
6/24/2022 3:16,1009.2,44.03,13.081,43.82,439700.886,746810.457,275051.524,110.6622253,17539.9834,17355,2.091,458.583
6/24/2022 3:17,1009.138,44.03,13.077,43.82,439697.076,746820.133,275056.305,110.8468077,17537.30432,17378.333,2.072,453.967
6/24/2022 3:18,1009.1,44.03,13.089,43.824,439701.99,746894.352,275046.676,110.6087438,17542.70022,17359.016,2.076,454.59
6/24/2022 3:19,1009.1,44.032,13.073,43.83,439707.657,746966.962,275049.743,110.3342409,17540.98145,17348.333,2.096,466.3
6/24/2022 3:20,1009.1,44.04,13.107,43.83,439692.81,747048.476,274972.552,111.0535054,17584.26455,17365,2.094,460.983
6/24/2022 3:21,1009.033,44.04,13.125,43.834,439697.476,747136.229,274905.952,110.8274281,17621.65016,17363.934,2.14,495.41
6/24/2022 3:22,1009,44.045,13.121,43.842,439708.162,747233.543,274934.743,110.3097814,17605.48378,17385,2.093,466.217
6/24/2022 3:23,1009,44.05,13.113,43.85,439704.638,747299.352,274950.552,110.4804723,17596.60993,17340,2.126,463.8
6/24/2022 3:24,1009,44.05,13.107,43.85,439694.562,747370.438,274982.438,110.9686139,17578.71834,17298.361,2.066,455.115
6/24/2022 3:25,1009,44.058,13.093,43.854,439690.524,747474.648,274971.714,111.1642776,17584.73472,17323.333,2.186,467.9
6/24/2022 3:26,1009,44.06,13.092,43.86,439693.457,747479.419,274973.219,111.0221551,17583.89032,17306.667,2.219,459.3
6/24/2022 3:27,1009,44.06,13.104,43.852,439700.552,747465.562,274951,110.6784058,17596.35849,17372.131,2.161,454.164
6/24/2022 3:28,1009,44.057,13.112,43.85,439699.19,747367.067,274947.229,110.7443887,17598.475,17363.333,2.104,449.917
6/24/2022 3:29,1009,44.05,13.123,43.84,439694.229,747211.095,274940.781,110.9847487,17602.0943,17331.667,2.155,449.733
6/24/2022 3:30,1009,44.043,13.139,43.83,439692.162,747079.362,274933.467,111.0849046,17606.20011,17343.333,2.128,452.017
6/24/2022 3:31,1009,44.04,13.121,43.829,439698.305,746987.648,274996.781,110.7872644,17570.67317,17236.066,2.125,457.344
6/24/2022 3:32,1008.951,44.035,13.135,43.82,439701.905,746933.124,274973.371,110.6128614,17583.80504,17305,2.186,450.9
6/24/2022 3:33,1008.9,44.03,13.126,43.82,439697.448,746906.981,275004.39,110.8287846,17566.4059,17240,2.103,449.267
6/24/2022 3:34,1008.9,44.03,13.124,43.825,439698.067,746894.981,274997.057,110.798795,17570.51837,17295.082,2.199,452.508
6/24/2022 3:35,1008.9,44.03,13.143,43.827,439684.4,746906.476,274936.238,111.4610622,17604.64452,17300,2.492,459.75
6/24/2022 3:36,1008.9,44.03,13.117,43.82,439687.962,746807.867,275003.276,111.2884324,17567.03062,17306.667,2.265,453.083
6/24/2022 3:37,1008.9,44.025,13.125,43.812,439689.867,746640.552,274985.705,111.196115,17576.88568,17345.902,2.208,454.131
6/24/2022 3:38,1008.9,44.014,13.132,43.8,439693.657,746380,275021.829,111.0124643,17556.62767,17280,2.153,453.717
6/24/2022 3:39,1008.9,44.005,13.128,43.79,439690.219,746191.2,275054.505,111.1790575,17538.31294,17281.667,2.144,453.033
6/24/2022 3:40,1008.9,43.998,13.126,43.783,439690.533,746023.933,275099.99,111.1638415,17512.83412,17226.23,2.095,453.328
6/24/2022 3:41,1008.9,43.99,13.098,43.78,439682.752,745903.114,275166.324,111.5409373,17475.70844,17253.333,2.174,451.633
6/24/2022 3:42,1008.9,43.99,13.077,43.78,439694.171,745907.429,275199.248,110.987559,17457.29566,17268.333,2.136,456.05
6/24/2022 3:43,1008.9,43.99,13.086,43.78,439676.314,745850.467,275159.238,111.8530088,17479.67252,17249.18,2.155,450.689
6/24/2022 3:44,1008.9,43.99,13.125,43.78,439679.152,745899.59,275082.124,111.7154344,17522.8398,17238.333,2.133,465.183
6/24/2022 3:45,1008.865,43.99,13.121,43.788,439690.038,746022.41,275093.552,111.1878285,17516.43934,17240,2.152,465.983
6/24/2022 3:46,1008.8,43.999,13.128,43.797,439677.39,746226.352,275037.248,111.8008475,17547.98426,17322.951,2.092,455.115
6/24/2022 3:47,1008.8,44.005,13.102,43.8,439683.048,746310.352,275052.724,111.5265905,17539.31095,17366.667,2.055,454.083
6/24/2022 3:48,1008.8,44.01,13.106,43.8,439679.457,746320.943,275039.733,111.7006499,17546.59144,17311.667,2.251,457.55
6/24/2022 3:49,1008.8,44.004,13.149,43.795,439675.971,746235.505,274973.124,111.8696368,17583.94362,17344.262,2.252,468.623
6/24/2022 3:50,1008.8,44,13.167,43.79,439682.676,746162.867,274959.81,111.5446209,17591.41426,17323.333,2.26,477.933
6/24/2022 3:51,1008.8,44,13.138,43.79,439687.667,746169.467,275019.39,111.3027287,17557.99509,17296.667,2.234,470.283
6/24/2022 3:52,1008.8,44,13.134,43.797,439679.257,746229.99,274973.724,111.7103447,17583.60699,17313.115,2.485,499.984
6/24/2022 3:53,1008.8,44,13.134,43.795,439686.829,746198.657,274989.276,111.3433406,17574.88259,17360,2.089,474.05
6/24/2022 3:54,1008.705,44,13.123,43.79,439682.429,746106.276,275020.286,111.5565928,17557.49275,17331.667,2.192,484.983
6/24/2022 3:55,1008.7,43.998,13.137,43.79,439690.505,746064.057,275016.943,111.1651983,17559.36704,17314.754,2.2,475.705
6/24/2022 3:56,1008.7,43.992,13.151,43.79,439692.295,746102.543,275027.276,111.07846,17553.57402,17270,2.165,463.633
6/24/2022 3:57,1008.7,44,13.157,43.792,439693.667,746180.41,274999.6,111.0119797,17569.09216,17366.667,2.086,454.633
6/24/2022 3:58,1008.7,44.002,13.129,43.8,439695.143,746350.467,275015.629,110.940463,17560.10378,17390.164,2.09,447.328
6/24/2022 3:59,1008.7,44.01,13.092,43.8,439696.952,746315.838,275086.695,110.8528154,17520.27959,17323.333,2.191,449
6/24/2022 4:00,1008.678,44.003,13.104,43.792,439691.248,746209.4,275066.733,111.1291941,17531.46157,17350,2.193,454.25
6/24/2022 4:01,1008.6,43.995,13.127,43.78,439690.495,745935.486,275046.152,111.1656829,17542.99388,17350.82,2.082,452.803
6/24/2022 4:02,1008.6,43.99,13.175,43.771,439685.114,745812.943,274982.962,111.4264573,17578.42439,17368.333,2.068,451.533
6/24/2022 4:03,1008.6,43.99,13.183,43.78,439682.705,745881.8,274980.314,111.5432153,17579.90986,17333.333,2.095,457.467
6/24/2022 4:04,1008.545,43.993,13.149,43.79,439699.048,746172.362,275039.038,110.7512681,17546.98097,17306.557,2.117,450.623
6/24/2022 4:05,1008.5,44.002,13.153,43.801,439690.229,746354.067,274971.743,111.1785729,17584.71845,17388.333,2.124,450.517
6/24/2022 4:06,1008.5,44.01,13.16,43.81,439691.057,746507.79,274956.457,111.1384495,17593.29591,17343.333,2.223,456.367
6/24/2022 4:07,1008.5,44.019,13.159,43.814,439686.733,746639.81,274935.21,111.3479931,17605.22161,17380.328,2.241,453.115
6/24/2022 4:08,1008.5,44.025,13.157,43.82,439692.2,746884.41,274921.714,111.0830633,17612.79878,17425,2.129,449.117
6/24/2022 4:09,1008.5,44.03,13.132,43.82,439691.324,746872.324,274949.752,111.1255114,17597.05893,17386.667,2.113,452.983
6/24/2022 4:10,1008.5,44.027,13.161,43.815,439691.362,746777.8,274923.162,111.12367,17611.98575,17390.164,2.141,457.033
6/24/2022 4:11,1008.4,44.02,13.175,43.81,439690.533,746689.533,274908.695,111.1638415,17620.10963,17398.333,2.121,454.017
6/24/2022 4:12,1008.4,44.02,13.198,43.81,439685.143,746713.029,274875.724,111.4250518,17638.6311,17366.667,2.22,455.5
6/24/2022 4:13,1008.4,44.022,13.192,43.82,439695.152,746846.79,274872.524,110.9400269,17640.4292,17432.787,2.063,450.361
6/24/2022 4:14,1008.4,44.03,13.157,43.825,439699.657,746960.429,274934.562,110.7217643,17605.58539,17398.333,2.173,452.983
6/24/2022 4:15,1008.4,44.03,13.139,43.822,439689.019,746964.981,274925.181,111.237209,17610.85213,17450,2.111,451.083
6/24/2022 4:16,1008.4,44.027,13.139,43.813,439693.619,746732.019,274939.962,111.0143055,17602.55403,17483.607,2.136,451.328
6/24/2022 4:17,1008.4,44.016,13.136,43.796,439697.038,746478.305,274984.905,110.8486488,17577.33444,17443.333,2.079,452.05
6/24/2022 4:18,1008.4,44.001,13.16,43.78,439694.933,746114.133,274974.152,110.9506379,17583.36686,17483.333,2.095,453.167
6/24/2022 4:19,1008.4,43.985,13.191,43.764,439692.762,745754.99,274946.667,111.0558312,17598.79044,17524.59,2.038,448.016
6/24/2022 4:20,1008.341,43.971,13.247,43.751,439692.505,745523.286,274887.19,111.0682843,17632.18901,17505,2.094,456.517
6/24/2022 4:21,1008.3,43.97,13.269,43.76,439684.924,745547.038,274855.267,111.4356659,17650.12752,17491.667,2.098,452.067
6/24/2022 4:22,1008.3,43.976,13.227,43.773,439699.714,745891.267,274924.448,110.7190029,17611.26369,17460,2.16,452.317
6/24/2022 4:23,1008.3,43.988,13.224,43.788,439688.638,746218.371,274878.2,111.2556725,17637.23988,17501.639,2.091,448.23
6/24/2022 4:24,1008.3,44.001,13.234,43.801,439689.467,746445.162,274795.61,111.2154989,17683.6741,17555,2.293,455.817
6/24/2022 4:25,1008.3,44.01,13.247,43.81,439682.79,746610.514,274743.39,111.5390954,17713.0638,17558.333,2.06,450.433
6/24/2022 4:26,1008.3,44.019,13.266,43.81,439678.686,746661.362,274693.686,111.7380234,17741.05927,17595.082,2.094,449.984
6/24/2022 4:27,1008.3,44.02,13.255,43.81,439679.19,746689.933,274720.162,111.7135924,17726.14418,17565,2.035,447.067
6/24/2022 4:28,1008.3,44.02,13.259,43.803,439678.133,746616.048,274710.676,111.76483,17731.48736,17605,2.064,450.35
6/24/2022 4:29,1008.3,44.01,13.278,43.797,439671.867,746488.771,274676.924,112.068603,17750.50515,17627.869,2.092,449.41
6/24/2022 4:30,1008.3,44.005,13.289,43.788,439676.4,746294.676,274674.629,111.8488397,17751.79863,17613.333,2.069,446.15
6/24/2022 4:31,1008.3,43.997,13.301,43.779,439678.457,746107.648,274682.41,111.7491241,17747.41336,17655,2.051,446.2
6/24/2022 4:32,1008.3,43.99,13.309,43.77,439671.352,745937.762,274674.867,112.0935723,17751.66449,17640.984,2.066,450.049
6/24/2022 4:33,1008.3,43.981,13.33,43.77,439665.352,745793.114,274648.629,112.3845041,17766.4557,17653.333,2.07,446.683
6/24/2022 4:34,1008.3,43.98,13.344,43.77,439664.629,745857.581,274619.924,112.4195648,17782.64441,17696.667,2.072,446.25
6/24/2022 4:35,1008.3,43.983,13.361,43.776,439668.562,745949.238,274583.733,112.2288495,17803.06508,17686.885,2.063,444.803
6/24/2022 4:36,1008.3,43.99,13.375,43.784,439665.505,746123.124,274555.514,112.3770848,17818.9954,17661.667,2.065,449.15
6/24/2022 4:37,1008.3,43.999,13.366,43.797,439674.343,746379.867,274541.924,111.9485612,17826.66972,17696.667,2.078,453.9
6/24/2022 4:38,1008.3,44.012,13.356,43.81,439672.114,746659.99,274508.057,112.0566275,17845.80147,17706.557,2.067,451.902
6/24/2022 4:39,1008.3,44.021,13.383,43.818,439668.724,746835.943,274430.438,112.2209944,17889.68629,17740,2.056,454.5
6/24/2022 4:40,1008.3,44.03,13.382,43.824,439666.724,747015.41,274427.486,112.3179734,17891.35634,17718.333,2.065,454.167
6/24/2022 4:41,1008.3,44.038,13.377,43.83,439671,747188.105,274425.733,112.110639,17892.3481,17727.869,2.081,446.607
6/24/2022 4:42,1008.3,44.04,13.372,43.83,439662.819,747223.514,274416.657,112.5073406,17897.48331,17708.333,2.049,445.233
6/24/2022 4:43,1008.3,44.04,13.354,43.829,439655.362,747187.61,274446.8,112.8690147,17880.43111,17713.333,2.031,444.7
6/24/2022 4:44,1008.3,44.035,13.35,43.817,439662.381,746990.429,274474.038,112.5285821,17865.02901,17700,2.044,444.77
6/24/2022 4:45,1008.3,44.025,13.374,43.805,439659.733,746725.943,274474.19,112.6570064,17864.94308,17681.667,2.05,445.033
6/24/2022 4:46,1008.3,44.016,13.392,43.8,439660.343,746531.819,274460.286,112.6274214,17872.80447,17726.667,2.067,445.483
6/24/2022 4:47,1008.3,44.01,13.392,43.8,439672.59,746518.171,274485.029,112.0335495,17858.81581,17686.885,2.07,444.541
6/24/2022 4:48,1008.3,44.01,13.391,43.798,439665.952,746495.343,274479.152,112.3554088,17862.13794,17703.333,2.039,444.667
6/24/2022 4:49,1008.3,44.01,13.411,43.796,439660.067,746510.619,274444.524,112.6408073,17881.71839,17706.667,2.082,445.417
6/24/2022 4:50,1008.23,44.01,13.429,43.8,439647.019,746556.248,274392.038,113.2737509,17911.41633,17703.279,2.133,452.525
6/24/2022 4:51,1008.2,44.019,13.415,43.81,439655.619,746789.819,274391.514,112.8565486,17911.71294,17701.667,2.07,458.75
6/24/2022 4:52,1008.2,44.027,13.401,43.82,439654.838,746989.943,274357.124,112.8944322,17931.1847,17708.333,2.122,471.8
6/24/2022 4:53,1008.2,44.035,13.422,43.828,439657.2,747148.971,274340.619,112.7798623,17940.5335,17713.115,2.115,455.049
6/24/2022 4:54,1008.2,44.041,13.4,43.837,439663.495,747309.943,274369.4,112.4745575,17924.23281,17693.333,2.085,454.217
6/24/2022 4:55,1008.2,44.05,13.389,43.843,439672.152,747415.657,274362.124,112.0547851,17928.35304,17725,2.111,466.167
6/24/2022 4:56,1008.2,44.05,13.389,43.84,439674.467,747477.933,274364.79,111.9425496,17926.8433,17713.115,2.133,460.098
6/24/2022 4:57,1008.2,44.048,13.397,43.831,439670.029,747285.638,274372.238,112.1577186,17922.62584,17735,2.21,444.317
6/24/2022 4:58,1008.108,44.04,13.399,43.82,439667.743,747072.01,274373.371,112.2685619,17921.98431,17736.667,2.112,445.867
6/24/2022 4:59,1008.1,44.029,13.414,43.808,439652.59,746793.543,274337.238,113.0034796,17942.44887,17772.131,2.189,466.721
6/24/2022 5:00,1008.1,44.016,13.447,43.794,439647.352,746509.286,274323.124,113.2575946,17950.44563,17801.667,2.151,459.167
6/24/2022 5:01,1008.1,44.004,13.498,43.784,439646.895,746254.724,274269.552,113.2797671,17980.81424,17820,2.137,461.233
6/24/2022 5:02,1008.1,44,13.558,43.783,439641.133,746248.286,274173.8,113.5593502,18035.15509,17852.459,2.181,457.197
6/24/2022 5:03,1008.1,44.004,13.564,43.798,439650.248,746524.029,274167.352,113.1170942,18038.81728,17851.667,2.34,446.35
6/24/2022 5:04,1008.1,44.016,13.535,43.814,439648.171,746792.638,274169.305,113.2178594,18037.70802,17870,2.179,447.333
6/24/2022 5:05,1008.1,44.028,13.522,43.82,439647.648,747003.057,274157.943,113.2432335,18044.16182,17886.885,2.074,450.475
6/24/2022 5:06,1008.1,44.03,13.551,43.822,439645.838,747069.533,274082.733,113.3310514,18086.91029,17913.333,2.279,449
6/24/2022 5:07,1008.1,44.03,13.552,43.822,439645.352,747089.324,274073.086,113.3546319,18092.39705,17908.333,2.188,450.617
6/24/2022 5:08,1008.1,44.03,13.567,43.82,439638.638,746975.648,274044.133,113.6804263,18108.86897,17921.311,2.193,459.721
6/24/2022 5:09,1008.1,44.03,13.594,43.816,439646.219,746926.581,274006.743,113.3125656,18130.15152,17933.333,2.147,459.483
6/24/2022 5:10,1008.1,44.03,13.605,43.814,439639.267,746926.371,273970.648,113.6499017,18150.70836,17955,2.281,466.183
6/24/2022 5:11,1008.1,44.03,13.597,43.818,439634.933,746894.933,273982.41,113.8602364,18144.00843,17967.213,2.314,460.148
6/24/2022 5:12,1008.039,44.025,13.609,43.807,439632.076,746758.781,273951.171,113.9989044,18161.80556,18015,2.256,451.833
6/24/2022 5:13,1008,44.014,13.693,43.794,439624.324,746493.333,273813.971,114.3752133,18240.06896,18125,2.268,456.9
6/24/2022 5:14,1008,44.004,13.739,43.79,439624.838,746259.629,273826.371,114.3502594,18232.98894,18037.705,2.315,446.902
6/24/2022 5:15,1008,44,13.644,43.79,439628.01,746257.124,274047.61,114.1962719,18106.89046,17870,2.463,441.567
6/24/2022 5:16,1007.913,44,13.544,43.79,439643.876,746290.067,274284.352,113.426249,17972.42202,17721.667,2.216,441.317
6/24/2022 5:17,1007.9,44,13.515,43.79,439638.61,746380.476,274293.724,113.6817851,17967.10869,17755,2.415,459.567
6/24/2022 5:18,1007.9,44.009,13.552,43.8,439642.438,746559.781,274197.467,113.4960252,18021.71634,17806.557,2.341,463.377
6/24/2022 5:19,1007.9,44.021,13.494,43.817,439662.219,746929.086,274299.914,112.5364386,17963.59976,17721.667,2.253,464.383
6/24/2022 5:20,1007.9,44.036,13.472,43.836,439654.219,747310.371,274251.838,112.9244584,17990.86128,17743.333,2.432,479.367
6/24/2022 5:21,1007.9,44.05,13.479,43.85,439636.076,747564.981,274215.781,113.8047626,18011.32047,17718.033,3.014,471.721
6/24/2022 5:22,1007.9,44.06,13.4,43.86,439658.476,747758.705,274371.39,112.7179725,17923.106,17616.667,2.579,487.333
6/24/2022 5:23,1007.9,44.068,13.392,43.862,439664.324,747857.4,274348.857,112.4343554,17935.86702,17658.333,2.349,486.533
6/24/2022 5:24,1007.855,44.07,13.384,43.87,439671.714,747929.21,274352.61,112.076021,17933.7413,17632.787,2.204,486.902
6/24/2022 5:25,1007.8,44.077,13.4,43.87,439668.61,748041.59,274334.8,112.2265221,17943.83008,17635,2.419,476.367
6/24/2022 5:26,1007.8,44.08,13.314,43.877,439682.076,748119.229,274530.248,111.5737026,17833.26448,17488.333,2.266,476.033
6/24/2022 5:27,1007.8,44.08,13.224,43.87,439687.743,748083.371,274753.181,111.2990456,17707.55159,17383.607,2.33,448.475
6/24/2022 5:28,1007.8,44.073,13.133,43.857,439694.543,747826.152,274954.238,110.9695345,17594.54123,17320,2.287,448.6
6/24/2022 5:29,1007.8,44.058,13.122,43.833,439697.771,747402.533,274972.219,110.8131357,17584.45138,17378.333,2.157,467.5
6/24/2022 5:30,1007.8,44.038,13.156,43.808,439692.057,746928.229,274945.933,111.0899925,17599.20243,17395.082,2.299,463.246
6/24/2022 5:31,1007.8,44.023,13.162,43.795,439688.876,746627.867,275000.543,111.2441388,17568.56331,17368.333,2.236,459.267
6/24/2022 5:32,1007.8,44.01,13.15,43.79,439683.467,746414.524,275046.21,111.5062823,17542.96138,17335,2.165,448.8
6/24/2022 5:33,1007.8,44.003,13.154,43.79,439678.743,746337.705,275036.352,111.7352604,17548.48647,17373.77,2.037,441.049
6/24/2022 5:34,1007.8,44.004,13.194,43.792,439678.486,746454,274960.829,111.7477183,17590.84243,17430,2.02,441.583
6/24/2022 5:35,1007.8,44.013,13.221,43.805,439665.505,746668.133,274853.01,112.3770848,17651.39613,17491.667,2.134,443.133
6/24/2022 5:36,1007.8,44.026,13.193,43.823,439674.829,747059.086,274902.857,111.9249998,17623.38845,17403.279,2.138,438.459
6/24/2022 5:37,1007.8,44.038,13.177,43.836,439676.819,747289.952,274896.914,111.8285277,17626.72654,17453.333,2.006,432.883
6/24/2022 5:38,1007.8,44.049,13.182,43.847,439680.667,747463.019,274863.057,111.641998,17645.74927,17476.667,2.118,437.633
6/24/2022 5:39,1007.8,44.055,13.229,43.85,439678.448,747592.486,274713.133,111.7495604,17730.10333,17565.574,2.116,436.803
6/24/2022 5:40,1007.8,44.06,13.26,43.85,439668.381,747631.048,274639.038,112.2376259,17771.86393,17596.667,2.096,441.817
6/24/2022 5:41,1007.8,44.06,13.286,43.85,439667.505,747595.971,274553.657,112.2801025,17820.04396,17645,2.198,458.6
6/24/2022 5:42,1007.8,44.058,13.321,43.846,439666.181,747536.81,274517.086,112.3443041,17840.69995,17659.016,2.081,435.639
6/24/2022 5:43,1007.8,44.05,13.328,43.835,439670.476,747323.8,274526.914,112.1360453,17835.14778,17646.667,2.232,442.833
6/24/2022 5:44,1007.8,44.044,13.326,43.826,439671.943,747183.838,274543.781,112.0649182,17825.62098,17648.333,2.149,437.967
6/24/2022 5:45,1007.8,44.036,13.355,43.817,439661.619,746946.924,274500.61,112.565537,17850.00966,17665.574,2.176,439.475
6/24/2022 5:46,1007.8,44.028,13.359,43.81,439664.638,746793.39,274533.067,112.4191283,17831.67216,17633.333,2.132,435.2
6/24/2022 5:47,1007.8,44.02,13.381,43.81,439650.61,746749.305,274489.543,113.0995324,17856.26435,17663.333,2.049,433.15
6/24/2022 5:48,1007.8,44.02,13.402,43.81,439652.171,746784.4,274422.657,113.0238055,17894.08843,17698.361,2.072,441.246
6/24/2022 5:49,1007.8,44.027,13.393,43.819,439665.019,746893.638,274449.152,112.4006523,17879.10089,17663.333,2.067,435.417
6/24/2022 5:50,1007.8,44.032,13.381,43.826,439662.019,747079.743,274443.752,112.546138,17882.15504,17683.333,2.169,453.117
6/24/2022 5:51,1007.8,44.04,13.391,43.833,439671.924,747225.419,274435.981,112.0658394,17886.55063,17649.18,2.007,435.262
6/24/2022 5:52,1007.8,44.044,13.422,43.843,439664.467,747322.914,274382.571,112.4274208,17916.77553,17621.667,1.998,434.817
6/24/2022 5:53,1007.8,44.053,13.44,43.856,439663.124,747589.143,274325.924,112.4925494,17948.85906,17623.333,2.159,438.033
6/24/2022 5:54,1007.8,44.064,13.426,43.866,439670.99,747875.029,274309.886,112.1111238,17957.94762,17686.885,2.108,435.393
6/24/2022 5:55,1007.8,44.07,13.403,43.87,439668.105,748018.048,274308.848,112.2510088,17958.53592,17701.667,2.114,437.517
6/24/2022 5:56,1007.8,44.07,13.429,43.867,439674.229,747958.581,274262.79,111.9540879,17984.6492,17738.333,2.085,443.183
6/24/2022 5:57,1007.8,44.07,13.451,43.855,439666.095,747749.848,274244.162,112.3484744,17995.2158,17708.197,2.075,450.672
6/24/2022 5:58,1007.8,44.06,13.471,43.846,439653.057,747517.695,274231.067,112.9808255,18002.64564,17676.667,2.198,458.767
6/24/2022 5:59,1007.8,44.051,13.528,43.833,439648.819,747346.343,274145.162,113.1864212,18051.42296,17725,2.082,455.033
6/24/2022 6:00,1007.8,44.05,13.519,43.838,439668.657,747393.029,274175.441,112.2242431,18034.22314,17688.525,2.129,476.557
6/24/2022 6:01,1007.8,44.05,13.51,43.842,439664.543,747446.219,274193.095,112.4237352,18024.19852,17700,2.137,444.583
6/24/2022 6:02,1007.8,44.05,13.504,43.842,439662.552,747464.943,274192.419,112.5202892,18024.58233,17726.667,2.084,440.917
6/24/2022 6:03,1007.8,44.05,13.505,43.84,439661.286,747391.686,274222.257,112.5816869,18007.64508,17642.623,2.074,441.656
6/24/2022 6:04,1007.8,44.05,13.522,43.838,439652.562,747307.029,274164.857,113.0048379,18040.23442,17731.667,2.056,454.217
6/24/2022 6:05,1007.8,44.045,13.535,43.83,439661,747268.629,274157.705,112.5955575,18044.29702,17748.333,2.04,447.067
6/24/2022 6:06,1007.8,44.04,13.545,43.83,439651.171,747155.676,274137.771,113.0723169,18055.62257,17770.492,2.062,449.541
6/24/2022 6:07,1007.8,44.04,13.552,43.824,439656.067,747113.971,274110.581,112.8348181,18071.07615,17765,2.093,463.55
6/24/2022 6:08,1007.8,44.033,13.583,43.82,439655.867,747074.6,274071.219,112.8445192,18093.45901,17786.667,2.091,453.7
6/24/2022 6:09,1007.8,44.03,13.58,43.82,439663.533,747071.895,274068.276,112.4727147,18095.13306,17765.574,2.147,474.508
6/24/2022 6:10,1007.8,44.03,13.552,43.82,439664.19,747066.352,274110.429,112.4408536,18071.16256,17785,2.129,471.267
6/24/2022 6:11,1007.8,44.03,13.54,43.812,439667.238,746896.79,274164.419,112.2930493,18040.48321,17796.667,2.064,456.967
6/24/2022 6:12,1007.8,44.018,13.586,43.796,439649.771,746632.657,274055.61,113.1402352,18102.33862,17837.705,2.282,482.115
6/24/2022 6:13,1007.8,44.01,13.654,43.79,439644.229,746430.476,273966.781,113.4091208,18152.91135,17821.667,2.193,478.35
6/24/2022 6:14,1007.8,44.006,13.666,43.792,439648.238,746494.095,274007.562,113.2146088,18129.68521,17748.333,2.107,454.083
6/24/2022 6:15,1007.8,44.011,13.621,43.805,439654.01,746672.371,274070.629,112.9345966,18093.79461,17726.23,2.091,456.262
6/24/2022 6:16,1007.8,44.022,13.602,43.815,439654.971,746904.838,274084.962,112.8879808,18085.64266,17720,2.147,443.25
6/24/2022 6:17,1007.8,44.032,13.6,43.826,439653.752,747138.229,274058.914,112.9471117,18100.45887,17723.333,2.355,450.167
6/24/2022 6:18,1007.8,44.04,13.596,43.839,439651.781,747295.857,274046.581,113.0427248,18107.47598,17750.82,2.108,444.902
6/24/2022 6:19,1007.8,44.047,13.575,43.839,439655.457,747375.867,274065.333,112.8644066,18096.80718,17790,2.137,446.017
6/24/2022 6:20,1007.8,44.044,13.561,43.829,439655.2,747259.61,274048.781,112.8768728,18106.22415,17915,2.123,468.933
6/24/2022 6:21,1007.8,44.034,13.617,43.81,439654.829,746895.733,273993.476,112.8948688,18137.70604,17924.59,2.147,452.82
6/24/2022 6:22,1007.8,44.017,13.681,43.794,439654.714,746603.562,273973.61,112.9004471,18149.02101,17846.667,2.034,444.383
6/24/2022 6:23,1007.8,44.01,13.697,43.794,439652.19,746552.438,273976.695,113.0228838,18147.26368,17826.667,2.164,446.983
6/24/2022 6:24,1007.8,44.014,13.669,43.805,439658.21,746737.276,274004.648,112.7308741,18131.34436,17773.77,2.11,443
6/24/2022 6:25,1007.8,44.026,13.632,43.82,439658.695,747021,274024.333,112.7073505,18120.13772,17841.667,2.058,440.417
6/24/2022 6:26,1007.8,44.03,13.638,43.829,439664.933,747194.295,274000.362,112.4048227,18133.78481,17841.667,2.058,439.55
6/24/2022 6:27,1007.8,44.03,13.638,43.82,439652.99,747143.629,273985.514,112.9840757,18142.24051,17846.667,2.161,443.5
6/24/2022 6:28,1007.8,44.03,13.65,43.819,439642.952,747023.352,273949.524,113.471084,18162.7441,17870.492,2.218,445.066
6/24/2022 6:29,1007.8,44.03,13.659,43.81,439643.667,746923.238,273944.238,113.4363902,18165.75649,17893.333,2.022,440.217
6/24/2022 6:30,1007.8,44.021,13.67,43.803,439651.867,746816.552,273954.952,113.0385528,18159.65104,17886.667,2.093,445.033
6/24/2022 6:31,1007.8,44.02,13.698,43.803,439653,746791.048,273940.057,112.9835906,18168.13932,17816.393,2.047,441.803
6/24/2022 6:32,1007.8,44.02,13.681,43.81,439660.152,746870.076,273948.048,112.6366848,18163.58522,17870,2.055,449.45
6/24/2022 6:33,1007.8,44.026,13.661,43.813,439654.514,746992.857,273959.876,112.9101486,18156.8454,17856.667,2.063,445.15
6/24/2022 6:34,1007.8,44.03,13.668,43.82,439654.21,747055.162,273931.505,112.924895,18173.01375,17888.525,2.131,449.59
6/24/2022 6:35,1007.8,44.032,13.705,43.824,439643.781,747170.286,273850.771,113.4308586,18219.06114,17946.667,2.262,445.6
6/24/2022 6:36,1007.8,44.04,13.694,43.83,439643.733,747296.962,273872.39,113.4331877,18206.72505,17920,2.129,441.567
6/24/2022 6:37,1007.8,44.04,13.668,43.832,439651.552,747330.467,273894.61,113.0538339,18194.05021,17960.656,2.069,443.197
6/24/2022 6:38,1007.8,44.04,13.669,43.828,439638.238,747220.838,273876.59,113.6998381,18204.32894,17996.667,2.23,445.683
6/24/2022 6:39,1007.8,44.034,13.704,43.816,439644.724,747060.295,273858.457,113.3851028,18214.67495,17966.667,2.253,447.95
6/24/2022 6:40,1007.8,44.026,13.72,43.81,439646.21,746882.81,273857.067,113.3130022,18215.46815,17998.361,2.08,443.426
6/24/2022 6:41,1007.8,44.02,13.737,43.81,439635.933,746789.229,273829.829,113.8117028,18231.01476,18000,2.156,446.067
6/24/2022 6:42,1007.8,44.02,13.751,43.81,439640.2,746845.324,273798.686,113.6046253,18248.79805,18058.333,2.184,442.1
6/24/2022 6:43,1007.8,44.025,13.749,43.817,439640.286,746964.829,273790.333,113.600452,18253.56921,18095.082,2.212,445.164
6/24/2022 6:44,1007.8,44.03,13.755,43.82,439637.629,747030.657,273763.067,113.729393,18269.14746,18113.333,2.171,442.25
6/24/2022 6:45,1007.713,44.03,13.764,43.827,439635.114,747131.01,273731.229,113.8514517,18287.34598,18098.333,2.12,441.1
6/24/2022 6:46,1007.7,44.038,13.763,43.828,439630.152,747200.619,273710.81,114.0922944,18299.02203,18147.541,2.288,446.77
6/24/2022 6:47,1007.7,44.04,13.769,43.821,439625.362,747162,273693.171,114.3248204,18309.11129,18133.333,2.259,444.55
6/24/2022 6:48,1007.7,44.031,13.795,43.82,439626.419,747093.714,273668.648,114.2735067,18323.14254,18171.667,2.3,446.217
6/24/2022 6:49,1007.7,44.03,13.803,43.818,439624.343,747018.81,273660.876,114.3742909,18327.59051,18129.508,2.139,446.803
6/24/2022 6:50,1007.7,44.03,13.811,43.81,439627.286,746944.448,273635.838,114.2314179,18341.92344,18150,2.2,457.467
6/24/2022 6:51,1007.7,44.021,13.818,43.81,439631.095,746896.667,273622.286,114.046521,18349.6835,18185,2.165,452.833
6/24/2022 6:52,1007.7,44.02,13.867,43.81,439626.152,746838.533,273522.59,114.2864685,18406.81929,18224.59,2.16,454.738
6/24/2022 6:53,1007.7,44.02,13.865,43.81,439632.076,746847.343,273556.743,113.9989044,18387.23657,18155,2.262,453.817
6/24/2022 6:54,1007.726,44.02,13.876,43.81,439634.962,746891.314,273508.914,113.8588289,18414.66367,18230,2.164,464.967
6/24/2022 6:55,1007.8,44.021,13.891,43.812,439623.048,746914.943,273482.095,114.4371626,18430.05139,18216.393,2.34,454.262
6/24/2022 6:56,1007.8,44.03,13.922,43.82,439627.8,747035.333,273409.01,114.2064661,18472.01616,18276.667,2.16,471.083
6/24/2022 6:57,1007.8,44.03,13.916,43.822,439627.619,747087.21,273445.305,114.2152526,18451.17015,18243.333,2.092,444.883
6/24/2022 6:58,1007.8,44.038,13.896,43.829,439638.971,747211.362,273473.371,113.6642661,18435.05822,18237.705,2.158,468.279
6/24/2022 6:59,1007.8,44.04,13.896,43.83,439631.019,747268.524,273450.286,114.05021,18448.3102,18283.333,2.117,456.85
6/24/2022 7:00,1007.8,44.04,13.907,43.823,439620.076,747201.676,273438.695,114.5814608,18454.96575,18270,2.199,457.6
6/24/2022 7:01,1007.8,44.034,13.906,43.82,439624.514,747098.219,273451.076,114.3659891,18447.85662,18245.902,2.321,455.607
6/24/2022 7:02,1007.8,44.03,13.878,43.811,439614.276,746946.19,273504.2,114.8631002,18417.36794,18220,2.349,453.15
6/24/2022 7:03,1007.8,44.021,13.873,43.801,439614.714,746670.562,273510.095,114.8418299,18413.9862,18251.667,2.128,457.85
6/24/2022 7:04,1007.8,44.009,13.917,43.79,439601.095,746420.686,273469.39,115.5033208,18437.34319,18255.738,2.255,450.787
6/24/2022 7:05,1007.8,44,13.974,43.78,439598.524,746288.333,273382.752,115.6282257,18487.1045,18303.333,2.411,448.967
6/24/2022 7:06,1007.8,44,14.023,43.785,439597.648,746280.657,273287.638,115.6707858,18541.80841,18366.667,2.486,457.033
6/24/2022 7:07,1007.8,44.002,14.013,43.796,439607.029,746478.562,273322.867,115.2150683,18521.53771,18347.541,2.116,452.59
6/24/2022 7:08,1007.8,44.012,14.065,43.806,439604.867,746706.048,273137.429,115.3200849,18628.35813,18471.667,2.18,467.5
6/24/2022 7:09,1007.8,44.024,14.043,43.823,439611.924,747017.371,273183.467,114.9773229,18601.81063,18400,2.79,477.567
6/24/2022 7:10,1007.8,44.034,14.028,43.83,439610.819,747234.038,273162.905,115.0309888,18613.66531,18406.667,2.336,471.233
6/24/2022 7:11,1007.8,44.04,14.016,43.832,439613.895,747294.943,273199.895,114.8816026,18592.34194,18411.475,2.049,447.689
6/24/2022 7:12,1007.8,44.04,13.999,43.826,439610.333,747223.533,273249.429,115.0545926,18563.80585,18401.667,2.118,459.3
6/24/2022 7:13,1007.8,44.033,14.06,43.817,439607.276,747081.048,273123.524,115.2030709,18636.37994,18451.667,2.194,468.35
6/24/2022 7:14,1007.8,44.03,14.109,43.81,439609.676,747005.857,273069.124,115.086502,18667.77933,18506.557,2.116,457.328
6/24/2022 7:15,1007.8,44.03,14.084,43.812,439618.381,747041.381,273137.629,114.6637627,18628.24276,18510,2.044,444.75
6/24/2022 7:16,1007.8,44.03,14.075,43.815,439611.257,747041.181,273126.019,115.0097165,18634.94045,18481.667,2.083,444.9
6/24/2022 7:17,1007.8,44.03,14.082,43.82,439611.838,746993.81,273107.514,114.9814995,18645.61818,18432.787,2.124,457.23
6/24/2022 7:18,1007.8,44.03,14.033,43.813,439615.933,746930.638,273224.486,114.782634,18578.17265,18358.333,2.098,447.9
6/24/2022 7:19,1007.8,44.022,14.031,43.803,439601.667,746705.905,273229.933,115.475533,18575.0348,18410,2.096,439.583
6/24/2022 7:20,1007.8,44.01,14.061,43.787,439603.543,746410.743,273223.829,115.3843999,18578.55115,18426.23,2.084,438.246
6/24/2022 7:21,1007.8,43.997,14.091,43.773,439598.133,746128.714,273191.676,115.6472221,18597.07888,18426.667,2.141,445.633
6/24/2022 7:22,1007.8,43.99,14.091,43.77,439595.124,746066.743,273189.457,115.7934191,18598.35787,18435,2.153,459.567
6/24/2022 7:23,1007.8,43.99,14.099,43.775,439590.448,746103.371,273149.886,116.0206345,18621.17308,18442.623,2.202,480.115
6/24/2022 7:24,1007.8,43.994,14.165,43.785,439587.924,746322.238,272993.21,116.1432926,18711.63903,18515,2.44,487.533
6/24/2022 7:25,1007.8,44.004,14.196,43.798,439573.143,746553.429,272858.848,116.8617756,18789.38884,18596.667,2.309,508.117
6/24/2022 7:26,1007.8,44.017,14.155,43.814,439579.4,746852.057,272936.771,116.5575955,18744.27907,18527.869,2.323,479.525
6/24/2022 7:27,1007.8,44.029,14.086,43.82,439596.371,747044.771,273070.143,115.7328302,18667.19093,18461.667,2.205,474.317
6/24/2022 7:28,1007.8,44.03,14.104,43.812,439593.01,746923.362,272991.019,115.8961385,18712.90563,18526.667,2.301,489.317
6/24/2022 7:29,1007.8,44.02,14.176,43.801,439582.343,746715.39,272899.124,116.4145419,18766.06647,18560.656,2.264,481.18
6/24/2022 7:30,1007.8,44.011,14.199,43.8,439587.886,746629.324,272945.21,116.1451394,18739.39685,18458.333,2.307,462.817
6/24/2022 7:31,1007.8,44.013,14.238,43.804,439590,746758.048,272865.314,116.0424052,18785.64368,18541.667,2.229,460.683
6/24/2022 7:32,1007.8,44.024,14.236,43.821,439588.371,747018.133,272855.962,116.1215693,18791.06056,18493.443,2.302,459.967
6/24/2022 7:33,1007.8,44.039,14.245,43.842,439583.076,747409.505,272762.743,116.378914,18845.09613,18613.333,2.265,471.4
6/24/2022 7:34,1007.8,44.055,14.192,43.858,439597.829,747708.076,272781.438,115.6619919,18834.25335,18570,2.271,503.733
6/24/2022 7:35,1007.8,44.06,14.206,43.859,439594.533,747776.648,272744.143,115.8221353,18855.8868,18573.77,2.246,484.377
6/24/2022 7:36,1007.8,44.06,14.172,43.848,439590.743,747622,272850.438,116.006299,18794.26053,18503.333,2.208,476.883
6/24/2022 7:37,1007.874,44.052,14.145,43.831,439597.057,747387.076,272902.59,115.6994999,18764.06009,18493.333,2.242,484.317
6/24/2022 7:38,1007.9,44.036,14.175,43.811,439582.867,747007.895,272857.133,116.3890725,18790.38225,18560.656,2.32,490.246
6/24/2022 7:39,1007.9,44.022,14.268,43.795,439572.486,746645.552,272759.39,116.8937184,18847.04113,18581.667,2.248,492.867
6/24/2022 7:40,1007.9,44.01,14.302,43.792,439573.333,746569.771,272780.324,116.8525381,18834.89937,18523.333,2.231,450.117
6/24/2022 7:41,1007.9,44.014,14.246,43.805,439583.333,746746.514,272875.857,116.3664226,18779.53785,18493.443,2.218,466.213
6/24/2022 7:42,1007.9,44.023,14.239,43.817,439582.838,746949.448,272816.8,116.3904821,18813.7522,18571.667,2.261,473.5
6/24/2022 7:43,1007.9,44.03,14.277,43.826,439577.829,747172.219,272737.876,116.6339637,18859.52323,18575,2.227,456
6/24/2022 7:44,1007.9,44.04,14.266,43.832,439590.905,747306.295,272800.476,115.9984267,18823.21472,18481.967,2.249,450.328
6/24/2022 7:45,1007.9,44.043,14.158,43.838,439593.305,747428.219,273030.886,115.8818041,18689.86533,18268.333,2.104,432.467
6/24/2022 7:46,1007.9,44.045,14.098,43.832,439600.038,747363.59,273133.533,115.5546711,18630.60557,18286.667,2.264,435.717
6/24/2022 7:47,1007.9,44.037,14.047,43.817,439606.943,747082.41,273266.895,115.2192455,18553.74888,18160.656,2.18,430.967
6/24/2022 7:48,1007.9,44.024,14.089,43.8,439604.829,746779.238,273185.381,115.3219308,18600.70733,18366.667,2.278,457.867
6/24/2022 7:49,1007.9,44.011,14.181,43.79,439601.105,746544.552,273034.695,115.502835,18687.66472,18413.333,2.393,441.9
6/24/2022 7:50,1007.9,44.01,14.221,43.793,439595.914,746532.771,272954.048,115.7550345,18734.28445,18460.656,2.377,467.246
6/24/2022 7:51,1007.9,44.013,14.235,43.806,439599.895,746748.857,272905.114,115.5616183,18762.59907,18461.667,2.589,452.467
6/24/2022 7:52,1007.9,44.024,14.181,43.819,439611.276,747058.086,272993.371,115.0087937,18711.54596,18395,2.355,445.433
6/24/2022 7:53,1007.9,44.03,14.14,43.822,439611.752,747181.924,273046.048,114.9856762,18681.10636,18395.082,2.252,446.689
6/24/2022 7:54,1007.9,44.03,14.202,43.82,439591.714,747146.962,272867.133,115.9591143,18784.59016,18566.667,2.468,454.833
6/24/2022 7:55,1007.9,44.03,14.253,43.82,439595.238,747062.019,272813.914,115.78788,18815.42496,18545,2.263,458.25
6/24/2022 7:56,1007.9,44.03,14.274,43.82,439590.438,747090.162,272775.581,116.0211204,18837.64999,18567.213,2.42,460.721
6/24/2022 7:57,1007.9,44.036,14.293,43.827,439596.571,747220.533,272739.952,115.7231128,18858.31859,18533.333,2.206,448.55
6/24/2022 7:58,1007.991,44.04,14.321,43.831,439590.048,747324.819,272684.829,116.0400726,18890.31731,18545,2.314,441.683
6/24/2022 7:59,1008,44.04,14.254,43.836,439589.19,747330.743,272813.467,116.0817681,18815.68405,18481.967,2.39,446.82
6/24/2022 8:00,1008,44.04,14.305,43.83,439580.524,747302.705,272692,116.5029586,18886.15309,18561.667,2.429,441.517
6/24/2022 8:01,1008,44.038,14.357,43.82,439570.933,747136.705,272604.295,116.9692262,18937.11399,18558.333,2.488,439.733
6/24/2022 8:02,1008,44.03,14.456,43.812,439559.2,746945.181,272405.981,117.5397981,19052.58806,18746.667,2.364,449.333
6/24/2022 8:03,1008,44.03,14.489,43.815,439570.629,746973.686,272401.324,116.9840072,19055.30379,18703.279,2.276,451.262
6/24/2022 8:04,1008,44.03,14.468,43.824,439572.2,747094.657,272436.343,116.9076236,19034.88698,18710,2.539,460.633
6/24/2022 8:05,1008,44.04,14.437,43.833,439561.257,747307.829,272455.076,117.4397533,19023.96957,18690,3.361,459.983
6/24/2022 8:06,1008,44.04,14.381,43.84,439562.59,747370.219,272570.762,117.3749242,18956.61579,18611.475,2.997,445.213
6/24/2022 8:07,1008,44.039,14.309,43.824,439587.724,747210.543,272691.886,116.1530124,18886.21928,18565,2.343,461
6/24/2022 8:08,1008,44.025,14.394,43.803,439574.971,746766.219,272538.295,116.772903,18975.50685,18733.333,2.288,467.55
6/24/2022 8:09,1008,44.008,14.451,43.786,439565.714,746429.905,272516.305,117.2230012,18988.30697,18580.328,3.786,455.557
6/24/2022 8:10,1008,43.999,14.508,43.78,439532.952,746286.733,272418.39,118.8169103,19045.35264,18738.333,5.378,473.8
6/24/2022 8:11,1008,43.991,14.512,43.784,439561.467,746290.314,272447.133,117.42954,19028.5983,18665,3.373,469.2
6/24/2022 8:12,1008,44,14.475,43.794,439560.257,746470.543,272501.676,117.4883888,18996.82465,18616.393,3.004,476.18
6/24/2022 8:13,1008,44.007,14.418,43.804,439583.924,746657,272561.99,116.3376974,18961.71892,18626.667,2.305,460.033
6/24/2022 8:14,1008,44.013,14.436,43.81,439579.371,746841.857,272497.429,116.5590052,18999.29779,18695,4.073,487.3
6/24/2022 8:15,1008,44.02,14.458,43.81,439576.333,746798.752,272404.019,116.7066891,19053.73218,18819.672,2.217,471.738
6/24/2022 8:16,1008.072,44.014,14.456,43.802,439575.333,746685.19,272467.981,116.7553041,19016.45042,18658.333,2.237,452.8
6/24/2022 8:17,1008.1,44.01,14.496,43.791,439576.162,746526.933,272418.448,116.7150022,19045.31882,18775,2.226,448.467
6/24/2022 8:18,1008.1,44,14.523,43.79,439566.2,746434.857,272381.686,117.1993678,19066.75778,18755.738,2.282,461.738
6/24/2022 8:19,1008.1,44,14.566,43.79,439566.219,746415.41,272311.019,117.1984438,19108.00218,18756.667,2.226,444.517
6/24/2022 8:20,1008.1,44,14.602,43.79,439569.924,746504.79,272220.562,117.0182861,19160.85958,18803.333,2.303,447.367
6/24/2022 8:21,1008.1,44.004,14.704,43.795,439555.21,746586.133,271999.352,117.7338733,19290.4173,18898.361,2.251,437.754
6/24/2022 8:22,1008.1,44.01,14.62,43.8,439562.457,746715.838,272228.667,117.3813924,19156.12066,18780,2.419,442.75
6/24/2022 8:23,1008.1,44.01,14.496,43.804,439583.524,746782,272466.467,116.3571391,19017.33248,18673.333,2.182,432.033
6/24/2022 8:24,1008.146,44.01,14.592,43.799,439569.505,746660.495,272174.219,117.0386593,19187.96679,18949.18,2.28,493.164
6/24/2022 8:25,1008.2,44.007,14.678,43.79,439554.248,746522.714,271999.143,117.7806686,19290.5399,18998.333,2.317,472.283
6/24/2022 8:26,1008.2,44.002,14.795,43.794,439547.838,746542.99,271799.762,118.0925075,19407.67381,19131.667,2.341,449.333
6/24/2022 8:27,1008.2,44.01,14.752,43.804,439549.981,746675.943,271939.79,117.9882469,19325.37333,19006.557,2.444,450.836
6/24/2022 8:28,1008.2,44.016,14.668,43.812,439559.6,746861.162,272081.152,117.5203431,19242.45984,18820,2.297,449.3
6/24/2022 8:29,1008.2,44.02,14.648,43.82,439561.914,747006.486,272085.276,117.4078004,19240.04356,18898.333,2.289,476.35
6/24/2022 8:30,1008.2,44.023,14.74,43.82,439535.162,746991.933,271763.229,118.7093451,19429.17356,19016.393,2.334,478.623
6/24/2022 8:31,1008.2,44.03,14.783,43.82,439555.514,746998.533,271832.905,117.7190858,19388.17901,18901.667,2.275,443.733
6/24/2022 8:32,1008.2,44.022,14.672,43.814,439552.152,746928.457,272051.438,117.8826304,19259.87382,18833.333,2.237,467.4
6/24/2022 8:33,1008.2,44.02,14.702,43.809,439554.314,746839.962,271928.257,117.7774581,19332.1454,18955.738,2.263,480.049
6/24/2022 8:34,1008.2,44.017,14.822,43.8,439536.286,746772.019,271688.352,118.6546403,19473.27472,18975,2.497,478.1
6/24/2022 8:35,1008.2,44.015,14.865,43.806,439534.743,746800.324,271661.724,118.7297382,19488.96973,19108.333,2.407,473.7
6/24/2022 8:36,1008.2,44.02,14.86,43.81,439527.362,746884.619,271625.876,119.0890166,19510.10881,19198.361,2.61,488.869
6/24/2022 8:37,1008.2,44.02,14.896,43.813,439532.867,746904.752,271520.743,118.8210475,19572.16805,19248.333,2.525,475.067
6/24/2022 8:38,1008.2,44.02,14.922,43.81,439538.867,746900.743,271541.019,118.5290303,19560.19188,19143.333,2.402,441.383
6/24/2022 8:39,1008.2,44.02,14.998,43.81,439532.648,746840.457,271393.21,118.8317071,19647.57743,19375.41,2.262,440.623
6/24/2022 8:40,1008.2,44.02,15.072,43.81,439507.019,746889.143,271223.895,120.0796198,19747.90835,19241.667,2.537,490.5
6/24/2022 8:41,1008.2,44.02,14.958,43.81,439530.752,746904.571,271470.657,118.9239953,19601.76688,19235,2.279,480.217
6/24/2022 8:42,1008.2,44.02,14.991,43.81,439532.933,746949.695,271399.086,118.8178351,19644.09992,19422.951,2.373,449.23
6/24/2022 8:43,1008.2,44.02,15.022,43.809,439531.076,746867.067,271350.01,118.9082242,19673.15301,19400,2.135,431.817
6/24/2022 8:44,1008.2,44.014,15.101,43.798,439514.562,746679.276,271224.229,119.7122472,19747.71019,19450,2.219,439.933
6/24/2022 8:45,1008.2,44.006,14.967,43.786,439525.124,746479.048,271611.857,119.1979684,19518.37863,19147.541,2.265,460.902
6/24/2022 8:46,1008.2,43.995,14.937,43.776,439521.076,746193.648,271596.495,119.3950533,19527.44263,19343.333,2.348,470.333
6/24/2022 8:47,1008.2,43.988,15.082,43.77,439515.076,746050.048,271292.686,119.6872163,19707.11516,19686.667,2.266,438.233
6/24/2022 8:48,1008.2,43.98,15.11,43.77,439520.638,745988.886,271346.133,119.4163795,19675.44909,19366.667,2.285,432.167
6/24/2022 8:49,1008.2,43.98,15.006,43.767,439528.467,745987.362,271566.667,119.0352247,19545.04776,19196.721,2.274,444.443
6/24/2022 8:50,1008.2,43.98,15.058,43.771,439527.724,746036.143,271452.276,119.0713941,19612.63473,19286.667,2.212,431.4
6/24/2022 8:51,1008.2,43.983,14.985,43.78,439538.21,746192.79,271639.124,118.5610038,19502.29536,19198.333,2.328,431.817
6/24/2022 8:52,1008.2,43.99,14.99,43.788,439533.105,746323.429,271507.914,118.8094632,19579.74742,19398.361,2.525,464.393
6/24/2022 8:53,1008.2,43.996,15.037,43.79,439522.543,746414.733,271391.181,119.3236269,19648.7783,19380,2.477,456.483
6/24/2022 8:54,1008.2,44,14.859,43.79,439543.905,746481.838,271815.181,118.2838711,19398.60314,19001.667,2.385,482.067
6/24/2022 8:55,1008.2,43.993,14.94,43.782,439522.981,746264.467,271518.381,119.3023018,19573.56341,19434.426,2.47,469.574
6/24/2022 8:56,1008.2,43.99,14.881,43.777,439538.676,746180.819,271843.181,118.5383254,19382.13656,18956.667,2.409,455.583
6/24/2022 8:57,1008.2,43.988,14.698,43.77,439559.124,746186.133,272215.838,117.5434945,19163.62192,18836.667,2.433,455.267
6/24/2022 8:58,1008.2,43.98,14.675,43.77,439560.905,746140.21,272202.476,117.4568728,19171.43635,18918.033,2.317,432.131
6/24/2022 8:59,1008.2,43.98,14.549,43.764,439567.305,745988.476,272575.848,117.1456345,18953.6573,18488.333,2.249,430.733
6/24/2022 9:00,1008.2,43.971,14.534,43.756,439565.381,745796.657,272519.419,117.2391947,18986.4941,18855,2.412,442.917
6/24/2022 9:01,1008.2,43.97,14.65,43.755,439547.467,745798.286,272278.886,118.110558,19126.77063,18796.721,2.379,450.164
6/24/2022 9:02,1008.2,43.97,14.498,43.763,439564.419,745938.276,272606.6,117.2859766,18935.77383,18710,2.49,449.35
6/24/2022 9:03,1008.2,43.979,14.383,43.769,439566.99,745942.2,272766.552,117.160952,18842.88673,18696.667,2.375,447.95
6/24/2022 9:04,1008.2,43.97,14.513,43.76,439551.804,745877.235,272467.52,117.8995597,19016.719,18919.672,2.416,456.836
6/24/2022 9:05,1008.2,43.972,14.622,43.766,439545.39,745979.819,272269.686,118.2116146,19132.14586,19093.333,2.582,441.483
6/24/2022 9:06,1008.2,43.984,14.71,43.782,439548.8,746290.286,272027.571,118.0457038,19273.86665,19361.667,2.32,447.833
6/24/2022 9:07,1008.2,44.001,14.756,43.804,439540.114,746732.381,271920.943,118.4683455,19336.4407,19170.492,2.472,453.18
6/24/2022 9:08,1008.2,44.02,14.612,43.824,439556.971,747116.448,272218.505,117.6482149,19162.06238,18925,2.393,460.4
6/24/2022 9:09,1008.2,44.033,14.515,43.83,439565.857,747352.914,272365.638,117.2160473,19076.12033,18941.667,2.485,455.533
6/24/2022 9:10,1008.192,44.04,14.522,43.832,439560.41,747389.733,272341.533,117.4809475,19090.18759,18857.377,2.465,434.475
6/24/2022 9:11,1008.1,44.039,14.431,43.827,439566.619,747280.962,272537.248,117.1789927,18976.1162,18795,2.551,449.817
6/24/2022 9:12,1008.153,44.029,14.403,43.812,439576.257,747088.8,272622.114,116.7103838,18926.75493,18716.667,2.331,439.483
6/24/2022 9:13,1008.2,44.016,14.37,43.794,439574.4,746694.943,272720.343,116.8006631,18869.69856,18706.557,2.485,452.754
6/24/2022 9:14,1008.2,44.002,14.327,43.781,439567.286,746369.733,272837.571,117.1465584,18801.71522,18635,2.638,452.3
6/24/2022 9:15,1008.2,43.987,14.358,43.769,439561,746081.086,272787.962,117.4522525,18830.47025,18720,2.599,444.1
6/24/2022 9:16,1008.2,43.98,14.313,43.763,439568.629,745998.219,272941.095,117.0812541,18741.77742,18534.426,2.3,452.23
6/24/2022 9:17,1008.153,43.98,14.299,43.772,439571.4,746115.819,272958.838,116.94652,18731.51393,18568.333,2.39,450.85
6/24/2022 9:18,1008.1,43.988,14.317,43.785,439575.552,746395.848,272832.657,116.7446573,18804.56259,18765,2.337,458.183
6/24/2022 9:19,1008.1,44.002,14.346,43.8,439575.552,746726.81,272739.695,116.7446573,18858.46772,18801.639,2.468,431.77
6/24/2022 9:20,1008.1,44.013,14.414,43.81,439559.99,746916.2,272555.762,117.5013747,18965.34248,18895,2.512,443.35
6/24/2022 9:21,1008.1,44.02,14.442,43.819,439554.467,747042.99,272450.286,117.7700155,19026.76085,18873.333,2.323,447.9
6/24/2022 9:22,1008.1,44.028,14.342,43.82,439563.143,747115.762,272739.238,117.3480303,18858.7329,18739.344,2.655,435.787
6/24/2022 9:23,1008.1,44.023,14.39,43.812,439553.238,747041.248,272593,117.8298002,18943.68175,18758.333,2.942,435.233
6/24/2022 9:24,1008.1,44.02,14.485,43.808,439549.324,746939.352,272400.676,118.0202104,19055.68169,18968.333,2.56,437.417
6/24/2022 9:25,1008.1,44.02,14.664,43.804,439529.99,746896.133,271982.676,118.9610872,19300.20111,19219.048,2.444,460
6/24/2022 10:53,1008.9,43.91,13.706,43.736,439464.686,744808.333,274278.743,122.1428385,17975.60234,17452.459,4.522,494.426
6/24/2022 10:54,1008.9,43.92,13.58,43.74,439476.705,744920.048,274505.562,121.5568097,17847.21131,17298.333,4.438,489.633
6/24/2022 10:55,1008.9,43.924,13.511,43.73,439465.752,744928.152,274621.914,122.0908539,17781.52188,17210,5.02,495.267
6/24/2022 10:56,1008.9,43.92,13.447,43.73,439450.438,744893.752,274749.59,122.8378055,17709.57318,17108.197,6.162,499.344
6/24/2022 10:57,1008.9,43.92,13.41,43.73,439418.552,744909.362,274762.838,124.394096,17702.11562,17188.333,7.427,507.717
6/24/2022 10:58,1008.9,43.923,13.406,43.73,439390.838,744937.6,274744.39,125.7478874,17712.50078,17143.333,9.349,516.717
6/24/2022 10:59,1008.876,43.93,13.404,43.736,439169.857,745084.295,274677.543,136.5800308,17750.15628,17108.197,21.285,551.246
6/24/2022 11:00,1008.8,43.935,13.44,43.74,439201.61,745206.61,274536.733,135.0194462,17829.60152,17333.333,12.094,514.467
6/24/2022 11:01,1008.8,43.94,13.514,43.749,439312.019,745280.276,274417.352,129.6038217,17897.09006,17365,11.263,513.867
6/24/2022 11:02,1008.8,43.94,13.494,43.75,439293.01,745360.648,274457.514,130.5350378,17874.37197,17359.016,12.309,515.295
6/24/2022 11:03,1008.715,43.949,13.541,43.75,439307.876,745414.571,274333.143,129.8067377,17944.76885,17453.333,11.315,515.567
6/24/2022 11:04,1008.7,43.95,13.558,43.757,439307.581,745531.99,274251.419,129.8211871,17991.09896,17450,11.243,519.95
6/24/2022 11:05,1008.7,43.953,13.577,43.76,439322.562,745618.029,274220.771,129.0875522,18008.48842,17434.426,11.139,528.148
6/24/2022 11:06,1008.7,43.96,13.61,43.76,439355.476,745690.286,274146.305,127.4767961,18050.77354,17515,9.933,518.317
6/24/2022 11:07,1008.7,43.96,13.61,43.766,439342.79,745751.8,274125.981,128.0974525,18062.3227,17481.667,10.548,538.733
6/24/2022 11:08,1008.7,43.96,13.606,43.77,439349.765,745776.696,274108.108,127.7561768,18072.48201,17483.607,10.077,550.689
6/24/2022 11:09,1008.7,43.96,13.619,43.766,439355.952,745743.648,274069.552,127.4535123,18094.40723,17518.333,9.689,552.367
6/24/2022 11:10,1008.7,43.96,13.647,43.761,439361.533,745648,274042.429,127.1805379,18109.83863,17530,9.395,532.767
6/24/2022 11:11,1008.7,43.96,13.672,43.76,439363.686,745587.838,273995.19,127.075243,18136.72997,17572.131,9.174,543.738
6/24/2022 11:12,1008.7,43.959,13.698,43.76,439362.371,745626.238,273933.143,127.1395538,18172.08008,17586.667,9.437,567.683
6/24/2022 11:13,1008.7,43.95,13.738,43.758,439352.124,745618.029,273821.486,127.6407698,18235.77797,17640,9.547,582.05
6/24/2022 11:14,1008.7,43.95,13.729,43.759,439361.505,745615.829,273870.086,127.1819073,18208.03955,17586.667,9.046,580.667
6/24/2022 11:15,1008.7,43.95,13.677,43.76,439386.762,745597.971,274015.552,125.947083,18125.13632,17473.77,8.03,561.344
6/24/2022 11:16,1008.7,43.95,13.626,43.759,439414.848,745607.495,274137.638,124.5749707,18055.69815,17485,7.584,552.933
6/24/2022 11:17,1008.7,43.95,13.617,43.76,439427.724,745586.629,274138.695,123.9462872,18055.09752,17525,7.654,549.55
6/24/2022 11:18,1008.7,43.95,13.685,43.76,439426.571,745632.333,273999.495,124.0025743,18134.2785,17640.984,7.08,527.607
6/24/2022 11:19,1008.7,43.95,13.724,43.76,439412.667,745604.514,273909.524,124.6814826,18185.54527,17658.333,7.471,540.45
6/24/2022 11:20,1008.7,43.95,13.677,43.76,439432.552,745633.819,274034.371,123.7106136,18114.42438,17571.667,6.935,546.033
6/24/2022 11:21,1008.66,43.958,13.721,43.76,439412.076,745678.819,273905.714,124.710346,18187.7178,17657.377,7.37,541.59
6/24/2022 11:22,1008.6,43.96,13.754,43.76,439410.019,745699.162,273843,124.8108098,18223.49636,17705,7.245,539.05
6/24/2022 11:23,1008.6,43.96,13.755,43.76,439398.238,745687.438,273820.933,125.3863048,18236.09371,17676.667,6.966,551.733
6/24/2022 11:24,1008.6,43.96,13.778,43.76,439396.895,745718.048,273776.324,125.4519216,18261.57236,17714.754,7.036,537.459
6/24/2022 11:25,1008.6,43.96,13.772,43.76,439404.724,745696.257,273807.533,125.069444,18243.74539,17696.667,6.637,532.05
6/24/2022 11:26,1008.6,43.96,13.806,43.76,439400.695,745733.752,273698.743,125.2662661,18305.92389,17691.667,6.912,545.683
6/24/2022 11:27,1008.6,43.96,13.803,43.766,439404.905,745763.533,273730.295,125.0606024,18287.87999,17662.295,6.624,537.59
6/24/2022 11:28,1008.6,43.96,13.769,43.77,439413.01,745833.8,273830.505,124.6647313,18230.62885,17641.667,6.572,535.767
6/24/2022 11:29,1008.6,43.96,13.713,43.766,439431.981,745813.886,273980.943,123.7384847,18144.844,17555,6.199,521.983
6/24/2022 11:30,1008.607,43.96,13.713,43.762,439422.114,745803.762,273939.838,124.2201732,18168.26414,17588.525,6.464,534.262
6/24/2022 11:31,1008.7,43.96,13.708,43.76,439432.857,745827.124,273956.457,123.6957265,18158.79349,17583.333,6.315,535.45
6/24/2022 11:32,1008.7,43.96,13.703,43.76,439419.371,745645.914,273959.105,124.3541049,18157.28469,17593.333,6.256,534.267
6/24/2022 11:33,1008.7,43.96,13.633,43.76,439448.133,745653.238,274127.19,122.9502613,18061.63558,17483.607,5.4,538.803
6/24/2022 12:32,1009.097,44.016,7.423,43.82,440019.99,745987.114,282744.714,95.27300214,13483.3698,16311.667,6.893,489.317
6/24/2022 12:33,1009.1,44.02,8.626,43.82,439915.038,745972.467,281008.648,100.31911,14354.32573,16438.333,7.103,495.55
6/24/2022 12:34,1009.1,44.016,9.373,43.812,439851.467,745893.39,279976.381,103.3829274,14884.48515,16422.951,7.308,499.279
6/24/2022 12:35,1009.1,44.01,9.872,43.806,439794.79,745693.429,279325.229,106.1191399,15223.62216,16461.667,7.36,501.8
6/24/2022 12:36,1009.107,44.001,10.231,43.8,439762.686,745601.019,278863.79,107.6709803,15466.15926,16496.667,7.408,504.083
6/24/2022 12:37,1009.2,44,10.522,43.8,439739.124,745538.829,278471.219,108.8108137,15673.94025,16500,7.687,513.721
6/24/2022 12:38,1009.2,44,10.747,43.8,439727.886,745571.81,278214.114,109.3547292,15810.7397,16501.667,7.332,509.767
6/24/2022 12:39,1009.2,43.996,10.908,43.8,439724.295,745498.286,278039.219,109.5285688,15904.12205,16491.667,6.93,501.75
6/24/2022 12:40,1009.2,43.99,11.088,43.791,439704.733,745400.076,277789.4,110.4758705,16037.96509,16524.59,7.018,504.131
6/24/2022 12:41,1009.2,43.99,11.249,43.79,439701.39,745329.81,277571.867,110.6378096,16154.94773,16566.667,6.504,497.533
6/24/2022 12:42,1009.2,43.987,11.385,43.79,439691.305,745273.219,277407.162,111.126432,16243.7918,16583.333,6.298,494.467
6/24/2022 12:43,1009.246,43.98,11.514,43.79,439689.048,745279.086,277202.838,111.2358036,16354.3311,16686.885,5.99,489
6/24/2022 12:44,1009.3,43.98,11.615,43.79,439681.524,745302.219,277075.648,111.6004582,16423.32222,16650,6.183,497.3
6/24/2022 12:45,1009.3,43.98,11.719,43.789,439667.143,745219.276,276912.6,112.2976558,16511.96712,16695,5.691,495
6/24/2022 12:46,1009.3,43.98,11.821,43.782,439666.905,745210.248,276745.41,112.3091966,16603.10133,16763.934,6.004,506.23
6/24/2022 12:47,1009.3,43.98,11.97,43.78,439634.162,745154.705,276412.533,113.8976567,16785.26626,16898.333,6.269,541.067
6/24/2022 12:48,1009.3,43.973,12.047,43.78,439627.286,745127.781,276327.943,114.2314179,16831.70947,16851.667,6.372,544.083
6/24/2022 12:49,1009.399,43.97,12.126,43.779,439630.533,745030.067,276219.429,114.0738004,16891.378,16903.279,5.951,540.18
6/24/2022 12:50,1009.4,43.97,12.2,43.78,439641.305,745029.486,276132.543,113.5510037,16939.22696,16963.333,5.395,520.983
6/24/2022 12:51,1009.459,43.97,12.255,43.776,439622.438,744952.857,276045.933,114.4667787,16986.98853,16976.667,5.745,530.8
6/24/2022 12:52,1009.5,43.97,12.335,43.77,439612.181,744906.314,275928.495,114.9648415,17051.85342,17009.836,5.749,530.459
6/24/2022 12:53,1009.5,43.961,12.419,43.77,439613.448,744901.581,275796.581,114.9033104,17124.85533,17095,5.543,514.317
6/24/2022 12:54,1009.5,43.96,12.448,43.77,439627.486,744890.648,275814.762,114.221709,17114.78497,17048.333,5.359,507.517
6/24/2022 12:55,1009.5,43.96,12.491,43.77,439620.19,744868.438,275746.886,114.5759255,17152.39561,17078.689,5.366,503.967
6/24/2022 12:56,1009.5,43.96,12.534,43.77,439610.8,744922.571,275668.619,115.0319116,17195.81317,17098.333,5.631,509.017
6/24/2022 12:57,1009.5,43.96,12.603,43.77,439585.038,744934.143,275522.838,116.2835535,17276.82365,17193.333,6.446,517.583
6/24/2022 12:58,1009.5,43.967,12.672,43.778,439575.59,744940.514,275400.429,116.7428099,17344.98747,17206.557,6.278,517.672
6/24/2022 12:59,1009.5,43.97,12.721,43.78,439562.933,745015.343,275296.286,117.3582431,17403.08127,17235,6.369,520.683
6/24/2022 13:00,1009.5,43.97,12.764,43.78,439558,745090.105,275228.543,117.5981643,17440.92023,17258.333,6.46,522.933
6/24/2022 13:01,1009.5,43.97,12.817,43.776,439553.333,745023.067,275126.819,117.8251788,17497.81396,17308.333,6.366,527.75
6/24/2022 13:02,1009.5,43.97,12.857,43.77,439555.429,744968.943,275084.524,117.7232205,17521.49554,17313.115,6.118,527.377
6/24/2022 13:03,1009.5,43.965,12.868,43.77,439551.095,744890.114,275096.238,117.9340513,17514.93516,17280,6.128,524.917
6/24/2022 13:04,1009.5,43.96,12.895,43.769,439548.867,744794.362,275069.514,118.0424441,17529.90355,17298.333,6.248,529.633
6/24/2022 13:05,1009.5,43.96,12.937,43.761,439548.552,744792.019,275000.152,118.0577695,17568.78259,17318.033,6.284,538.82
6/24/2022 13:06,1009.5,43.96,12.958,43.763,439552.752,744732.162,274991.533,117.8534422,17573.61663,17310,6.185,535.533
6/24/2022 13:07,1009.437,43.96,12.961,43.768,439551.095,744735.419,275011.448,117.9340513,17562.44809,17303.333,6.079,532.967
6/24/2022 13:08,1009.4,43.96,12.978,43.77,439543.562,744822.048,274948.076,118.3005611,17597.99961,17345.902,6.247,536.705
6/24/2022 13:09,1009.372,43.96,13.006,43.77,439544.067,744828.057,274902.61,118.2759884,17623.52718,17351.667,6.268,538.3
6/24/2022 13:10,1009.3,43.96,13.026,43.77,439544.857,744852.505,274867.962,118.2375488,17642.99276,17370,6.299,542.033
6/24/2022 13:11,1009.3,43.96,13.065,43.77,439533.552,744822.181,274789,118.7877064,17687.39295,17390.164,6.451,550.492
6/24/2022 13:12,1009.3,43.96,13.099,43.77,439528.838,744882.333,274717.733,119.0171647,17727.51229,17431.667,6.494,554.467
6/24/2022 13:13,1009.3,43.96,13.13,43.77,439520.124,744958.857,274643.562,119.4414065,17769.31281,17460,6.636,563.9
6/24/2022 13:14,1009.3,43.963,13.138,43.776,439526.467,744987.724,274645.39,119.1325868,17768.28203,17445.902,6.189,553.164
6/24/2022 13:15,1009.3,43.97,13.166,43.78,439513.743,745014.41,274576.371,119.7521318,17807.22045,17483.333,6.46,560.683
6/24/2022 13:16,1009.3,43.97,13.182,43.782,439519.324,745041.048,274549.39,119.4803598,17822.45345,17478.333,6.54,564.467
6/24/2022 13:17,1009.3,43.97,13.191,43.785,439516.857,745087.476,274530.448,119.6004874,17833.15151,17478.689,6.599,570.279
6/24/2022 13:18,1009.3,43.97,13.216,43.78,439513.8,745057.381,274483.733,119.7493559,17859.54838,17516.667,6.718,572.133
6/24/2022 13:19,1009.3,43.97,13.244,43.778,439506.943,744987.067,274425.476,120.0833217,17892.4935,17536.667,6.887,579.35
6/24/2022 13:20,1009.3,43.969,13.274,43.77,439504.59,744929.143,274387.143,120.1979378,17914.18726,17542.623,6.946,581.213
6/24/2022 13:21,1009.206,43.96,13.298,43.77,439502.971,744873.486,274348.362,120.2768047,17936.1474,17563.333,6.987,581.95
6/24/2022 13:22,1009.2,43.96,13.329,43.77,439495.229,744808.333,274301.962,120.653993,17962.43888,17593.333,7.007,582.483
6/24/2022 13:23,1009.2,43.96,13.352,43.77,439485.362,744823.4,274249.943,121.1348293,17991.93625,17622.951,7.022,583.803
6/24/2022 13:24,1009.2,43.96,13.38,43.77,439485.419,744869.495,274188.962,121.1320512,18026.54515,17628.333,6.979,582.983
6/24/2022 13:25,1009.2,43.966,13.378,43.78,439481.724,744942.2,274203.343,121.312149,18018.38054,17631.667,6.993,581
6/24/2022 13:26,1009.2,43.97,13.389,43.78,439480.914,744991.914,274163.124,121.3516317,18041.21879,17655.738,6.982,577.754
6/24/2022 13:27,1009.2,43.97,13.402,43.779,439485.495,744997.971,274152.495,121.1283471,18047.25676,17651.667,7.035,577.75
6/24/2022 13:28,1009.2,43.968,13.408,43.772,439477.657,744918.952,274143.276,121.5104,18052.49455,17655,6.956,577.6
6/24/2022 13:29,1009.154,43.96,13.414,43.77,439481.829,744819.724,274166.362,121.307031,18039.37958,17622.951,6.69,570.262
6/24/2022 13:30,1009.1,43.96,13.401,43.77,439481.381,744814.248,274204.181,121.3288681,18017.90483,17601.667,6.728,572.75
6/24/2022 13:31,1009.1,43.96,13.402,43.77,439486.581,744840.448,274208.238,121.0754181,18015.60187,17623.333,6.795,575.367
6/24/2022 13:32,1009.1,43.96,13.404,43.77,439495.143,744837.267,274213.857,120.6581834,18012.41249,17626.23,6.783,575.098
6/24/2022 13:33,1009.1,43.96,13.424,43.77,439481.619,744813.552,274175.581,121.3172671,18034.14363,17643.333,6.935,580.667
6/24/2022 13:34,1009.1,43.96,13.435,43.77,439476.81,744798.267,274151.924,121.5516909,18047.58115,17621.667,7.087,585.283
6/24/2022 13:35,1009.1,43.96,13.444,43.776,439470.743,744864.162,274134.229,121.8474834,18057.63532,17632.787,7.184,589.033
6/24/2022 13:36,1009.1,43.967,13.427,43.78,439473.829,744975.514,274164.705,121.6970213,18040.32076,17590,7.187,585.083
6/24/2022 13:37,1009.1,43.97,13.411,43.784,439476.229,745059.067,274181.371,121.580015,18030.85555,17601.667,7.017,578.983
6/24/2022 13:38,1009.1,43.971,13.397,43.79,439496.381,745145.257,274236.952,120.5978627,17999.30643,17562.295,6.577,562.574
6/24/2022 13:39,1009.1,43.98,13.407,43.79,439484.495,745181.905,274191.629,121.1770861,18025.03087,17616.667,6.567,559.467
6/24/2022 13:40,1009.056,43.972,13.418,43.781,439480.352,745105.686,274187.648,121.3790264,18027.29125,17626.667,6.678,558.667
6/24/2022 13:41,1009,43.97,13.442,43.779,439478.048,744926.686,274169.752,121.4913393,18037.45414,17611.475,6.646,555.803
6/24/2022 13:42,1009,43.964,13.44,43.77,439484.81,744834.514,274202.552,121.1617332,18018.82957,17598.333,6.808,561.15
6/24/2022 13:43,1009,43.96,13.442,43.767,439478.2,744733.467,274213.362,121.4839295,18012.69344,17578.333,6.863,561.817
6/24/2022 13:44,1009,43.96,13.446,43.762,439482.076,744671.971,274220.229,121.2949914,18008.79601,17603.333,6.389,545.3
6/24/2022 13:45,1009.064,43.951,13.421,43.76,439489.238,744654.905,274298.962,120.9459292,17964.1394,17550.82,6.447,541.721
6/24/2022 13:46,1009.1,43.95,13.442,43.76,439462.895,744644.448,274227.276,122.2301819,18004.79685,17590,7.202,557.433
6/24/2022 13:47,1009.1,43.95,13.45,43.764,439455.276,744654.029,274205.514,122.6017939,18017.14814,17603.333,7.275,558.2
6/24/2022 13:48,1009.1,43.959,13.458,43.77,439458.619,744729.295,274190.162,122.4387314,18025.8638,17614.754,7.443,559.721
6/24/2022 13:49,1009.1,43.96,13.486,43.77,439449.276,744748.2,274110.371,122.8944959,18071.19553,17651.667,7.893,565.083
6/24/2022 13:50,1009.1,43.96,13.528,43.77,439430.514,744799.381,274015.162,123.8100925,18125.35834,17710,8.134,566.867
6/24/2022 13:51,1009.1,43.96,13.499,43.775,439451.305,744886.371,274108.286,122.7955084,18072.38081,17654.098,7.657,558.393
6/24/2022 13:52,1009.1,43.96,13.489,43.772,439443.762,744808.638,274124.733,123.1635325,18063.03199,17641.667,7.643,556.55
6/24/2022 13:53,1009.1,43.96,13.488,43.77,439443.133,744865.162,274138.133,123.194225,18055.41687,17611.667,7.452,552.933
6/24/2022 13:54,1009.1,43.96,13.484,43.77,439436.095,744822.619,274149.429,123.5376862,18048.99863,17619.672,7.497,550.23
6/24/2022 13:55,1009,43.96,13.484,43.77,439443.714,744770.952,274171.981,123.1658747,18036.18817,17596.667,7.389,548.1
6/24/2022 13:56,1009.025,43.96,13.48,43.77,439449.857,744781.152,274197.543,122.8661505,18021.67319,17583.333,7.285,546.45
6/24/2022 13:57,1009.1,43.96,13.478,43.77,439452.467,744783.276,274198.171,122.7388211,18021.31666,17590.164,7.454,548.902
6/24/2022 13:58,1009.1,43.96,13.483,43.77,439446.924,744823.686,274166.8,123.0092486,18039.1308,17613.333,7.643,551.283
6/24/2022 13:59,1009.1,43.96,13.465,43.77,439454.438,744814.076,274225.686,122.6426716,18005.69914,17555,7.002,536.883
6/24/2022 14:00,1009.1,43.96,13.444,43.77,439458.962,744798.99,274284.314,122.4220016,17972.44357,17539.344,6.95,535.492
6/24/2022 14:01,1009.1,43.96,13.438,43.77,439449.829,744800.981,274268.552,122.8675165,17981.38135,17525,7.37,545.617
6/24/2022 14:02,1009.1,43.96,13.456,43.771,439441.79,744862.39,274209.2,123.2597595,18015.05582,17551.667,7.865,556.3
6/24/2022 14:03,1009.1,43.96,13.48,43.77,439437.486,744885.933,274154.238,123.4697987,18046.26656,17578.689,8.114,561.557
6/24/2022 14:04,1009.1,43.96,13.463,43.77,439445.581,744879.352,274212.086,123.0747761,18013.41769,17525,7.432,547.533
6/24/2022 14:05,1009.1,43.96,13.455,43.77,439444.438,744825.952,274235.771,123.1305472,17999.97652,17533.333,7.254,544.483
6/24/2022 14:06,1009.1,43.96,13.421,43.77,439460.857,744782.99,274351.257,122.3295763,17934.50763,17427.869,6.518,526.377
6/24/2022 14:07,1009.1,43.96,13.397,43.77,439462.829,744824.248,274381.171,122.2334006,17917.56812,17480,7.11,540.4
6/24/2022 14:08,1009.1,43.96,13.412,43.772,439458.181,744872.876,274314.876,122.4600949,17955.1196,17511.667,7.278,544.383
6/24/2022 14:09,1009.1,43.96,13.414,43.773,439459.181,744902.067,274309.4,122.41132,17958.22307,17522.951,7.108,540.607
6/24/2022 14:10,1009.1,43.96,13.428,43.778,439472.943,744890.61,274310.4,121.7402181,17957.65631,17528.333,6.658,530.367
6/24/2022 14:11,1009.1,43.969,13.411,43.78,439459.676,744906.543,274319.333,122.3871769,17952.59384,17511.667,7.066,540.567
6/24/2022 14:12,1009.049,43.97,13.403,43.778,439457.695,744883.705,274359.181,122.4838001,17930.01973,17467.213,6.739,530.754
6/24/2022 14:13,1009,43.97,13.379,43.776,439458.867,744880.171,274431.819,122.4266352,17888.90504,17426.667,7.127,540.433
6/24/2022 14:14,1009,43.97,13.25,43.772,439471.781,744865.648,274756.543,121.7968728,17705.65901,17193.333,6.695,528.767
6/24/2022 14:15,1009,43.97,13.276,43.78,439471.352,744934.81,274623.257,121.8177897,17780.76434,17352.459,7.458,547.213
6/24/2022 14:16,1009,43.97,13.208,43.78,439479.648,744958.124,274798.333,121.4133434,17682.14223,17170,7.403,543.367
6/24/2022 14:17,1009,43.961,13.217,43.78,439468.882,744888.863,274746.873,121.9382253,17711.10282,17241.667,7.726,550.183
6/24/2022 14:18,1009,43.96,13.114,43.776,439509.695,744882.362,275101.686,119.9492796,17511.88444,16867.213,6.529,520.623
6/24/2022 14:19,1009,43.96,12.937,43.77,439530.867,744826.867,275492.752,118.9183975,17293.56518,16840,6.432,517.517
6/24/2022 14:20,1009,43.96,12.944,43.77,439525.276,744805.971,275410.829,119.1905684,17339.19119,16883.333,6.592,521.65
6/24/2022 14:21,1009,43.96,12.959,43.77,439515.343,744761.181,275353.086,119.674214,17371.38512,16936.667,6.875,526.767
6/24/2022 14:22,1009,43.96,12.975,43.77,439507.524,744787.105,275302.61,120.055022,17399.55092,16936.066,7.193,532.295
6/24/2022 14:23,1009,43.96,12.966,43.77,439503.343,744777.543,275317.524,120.2586831,17391.22657,16928.333,7.266,534.417
6/24/2022 14:24,1009,43.96,12.907,43.77,439505.2,744825.276,275468.695,120.1682236,17306.95745,16803.333,6.984,527.167
6/24/2022 14:25,1009,43.96,12.904,43.77,439516.543,744861.81,275460.105,119.6157779,17311.74061,16893.443,7.092,530.574
6/24/2022 14:26,1009,43.96,12.873,43.771,439523.029,744876.419,275551.543,119.2999648,17260.85783,16753.333,6.651,519.517
6/24/2022 14:27,1009,43.965,12.731,43.78,439550.333,744999.99,275874.514,117.9711221,17081.7087,16660,6.226,508.6
6/24/2022 14:28,1009,43.97,12.75,43.78,439534.781,745007.724,275760.295,118.7278887,17144.96244,16696.721,6.624,515.23
6/24/2022 14:29,1009,43.97,12.649,43.78,439562.162,744998.095,276064.314,117.3957393,16976.84683,16446.667,5.492,486.65
6/24/2022 14:30,1009,43.97,12.531,43.78,439581.514,744901.971,276306.476,116.4548368,16843.50548,16415,5.529,486.15
6/24/2022 14:31,1009,43.97,12.617,43.78,439545.419,744906.2,275985.648,118.2102036,17020.27112,16698.361,6.823,513.213
6/24/2022 14:32,1009,43.97,12.71,43.78,439529.114,744931.143,275786.39,119.0037293,17130.50131,16761.667,6.857,513.95
6/24/2022 14:33,1009,43.97,12.719,43.78,439530.59,744964.352,275776.933,118.9318809,17135.74144,16735,6.791,513.1
6/24/2022 14:34,1009,43.97,12.698,43.78,439532.171,744909.295,275868.41,118.8549247,17085.08622,16604.918,6.211,500.738
6/24/2022 14:35,1009,43.97,12.62,43.779,439556.629,744921.8,276041.8,117.6648501,16989.26931,16520,5.885,493.917
6/24/2022 14:36,1009,43.97,12.559,43.78,439556.905,744912.333,276200.467,117.6514251,16901.81502,16441.667,5.749,488.983
6/24/2022 14:37,1009,43.97,12.552,43.78,439548.048,744926.067,276150.695,118.0822904,16929.22511,16518.033,6.223,497.246
6/24/2022 14:38,1009,43.97,12.602,43.78,439524.81,744928.619,275989.905,119.2132553,17017.91985,16591.667,6.8,506.633
6/24/2022 14:39,1009,43.97,12.679,43.78,439496.048,744920.286,275811.752,120.6140877,17116.452,16685,8.11,528.367
6/24/2022 14:40,1009,43.97,12.667,43.78,439511.333,744972.076,275866.495,119.8695022,17086.14591,16659.016,7.615,523.869
6/24/2022 14:41,1009,43.97,12.701,43.78,439503.4,744923.448,275769.419,120.2559064,17139.9055,16723.333,7.261,526.8
6/24/2022 14:42,1009,43.97,12.79,43.78,439484.238,744984.248,275524.257,121.1896123,17276.03423,16970,7.727,539.617
6/24/2022 14:43,1009,43.97,12.853,43.78,439474.533,744946.505,275372.257,121.6626986,17360.69338,16977.049,8.179,568.951
6/24/2022 14:44,1009,43.97,12.919,43.78,439471.114,744926.476,275258.038,121.8293941,17424.44047,17000,7.705,544.55
6/24/2022 14:45,1009,43.97,12.901,43.78,439489.162,744994.448,275359.371,120.9496329,17367.87961,16948.333,7.134,529.467
6/24/2022 14:46,1009,43.97,12.907,43.785,439478.381,745039.086,275340.838,121.4751061,17378.21754,16900,7.045,528.82
6/24/2022 14:47,1009,43.97,12.807,43.78,439509.629,745047.229,275635.038,119.9524942,17214.45792,16743.333,6.332,509.183
6/24/2022 14:48,1009,43.97,12.759,43.78,439508.095,745019.543,275707.01,120.0272098,17174.5097,16731.667,7.048,509.233
6/24/2022 14:49,1009,43.97,12.784,43.78,439480.257,744959.895,275640.781,121.3836572,17211.26862,16767.213,7.926,509.492
6/24/2022 14:50,1008.927,43.965,12.744,43.77,439475.857,744842.19,275779.59,121.5981505,17134.26912,16618.333,7.416,483.783
6/24/2022 14:51,1008.9,43.96,12.749,43.77,439453.486,744798.543,275764.752,122.6891115,17142.49207,16678.333,9.975,494.817
6/24/2022 14:52,1008.9,43.96,12.667,43.77,439461.257,744856.229,275988.495,122.3100676,17018.69862,16549.18,9.995,492.82
6/24/2022 14:53,1008.9,43.96,12.646,43.774,439460.99,744857.695,275977.638,122.3230896,17024.69569,16605,9.3,491.867
6/24/2022 14:54,1009,43.962,12.792,43.78,439431.248,744929.971,275562.457,123.7742638,17254.78929,16900,10.617,508.583
6/24/2022 14:55,1008.993,43.97,12.88,43.78,439429.79,745003.457,275371.552,123.8454338,17361.0865,16927.869,9.575,515.393
6/24/2022 14:56,1008.9,43.972,12.849,43.79,439446.552,745151.067,275524.038,123.0273989,17276.15606,16691.667,8.537,497.533
6/24/2022 14:57,1008.9,43.98,12.677,43.796,439482.267,745261.971,275928.981,121.2856815,17051.58474,16545,8.306,488.217
6/24/2022 14:58,1008.958,43.98,12.674,43.799,439472.267,745341.962,275857.533,121.7731771,17091.10557,16663.934,9.104,497.852
6/24/2022 14:59,1009,43.98,12.661,43.79,439464.057,745320.638,275907.829,122.173513,17063.28021,16586.667,9.429,489.317
6/24/2022 15:00,1009,43.98,12.647,43.79,439465.124,745301.571,275926.219,122.1214788,17053.1117,16558.333,9.045,489.35
6/24/2022 15:01,1009,43.98,12.659,43.789,439445.267,745224.581,275889.838,123.0900971,17073.23091,16618.033,10.481,496.115
6/24/2022 15:02,1009.05,43.976,12.73,43.784,439398.486,745130.105,275719.543,125.3741882,17167.55778,16733.333,12.238,503.45
6/24/2022 15:03,1009.006,43.97,12.689,43.78,439445.514,745020,275856.286,123.0780452,17091.79573,16711.667,9.661,496.6
6/24/2022 15:04,1009.061,43.97,12.705,43.775,439453.686,744926.524,275850.39,122.6793551,17095.05907,16609.836,9.297,492.492
6/24/2022 15:05,1009.1,43.961,12.73,43.77,439452.371,744829.771,275768.362,122.7435043,17140.4913,16731.667,9.315,500.717
6/24/2022 15:06,1009.1,43.96,12.723,43.77,439453.686,744862.429,275796.438,122.6793551,17124.93455,16748.333,9.925,503.583
6/24/2022 15:07,1009.1,43.96,12.729,43.771,439459.276,744909.124,275827.41,122.4066865,17107.781,16595.082,9.016,493
6/24/2022 15:08,1009.1,43.96,12.617,43.78,439496.505,744955.638,276070.238,120.591821,16973.57889,16498.333,7.455,485.6
6/24/2022 15:09,1009.1,43.964,12.556,43.78,439494.038,744978.324,276211.562,120.7120255,16895.70776,16393.333,8.6,482.017
6/24/2022 15:10,1009.085,43.97,12.501,43.78,439480.486,744991.61,276292.476,121.3724945,16851.20055,16449.18,9.899,489.689
6/24/2022 15:11,1009,43.97,12.562,43.78,439482.952,745007.152,276108.771,121.2522931,16952.32974,16556.667,8.011,495.1
6/24/2022 15:12,1009,43.97,12.521,43.78,439516.124,745032.724,276221.371,119.6361816,16890.30926,16486.667,7.222,494.033
6/24/2022 15:13,1009,43.97,12.612,43.78,439487.038,744995.514,275910.41,121.0531455,17061.85291,16670,7.818,547.45
6/24/2022 15:14,1008.959,43.97,12.733,43.78,439451.886,745021.533,275644.933,122.7671645,17208.96304,16873.77,9.242,543.311
6/24/2022 15:15,1008.9,43.97,12.767,43.78,439492.857,745033.286,275570.79,120.7695726,17250.15656,16901.667,7.803,540.233
6/24/2022 15:16,1008.9,43.97,12.862,43.78,439488.524,745034.619,275402.029,120.980725,17344.09568,17036.667,7.465,529.05
6/24/2022 15:17,1008.9,43.97,12.843,43.78,439482.962,745007.81,275490.238,121.2518057,17294.96447,16855.738,7.138,525.492
6/24/2022 15:18,1008.9,43.97,12.692,43.78,439515.914,745046.362,275887.79,119.6464079,17074.36382,16675,6.907,546.4
6/24/2022 15:19,1008.9,43.97,12.468,43.779,439559.981,744966.143,276443.924,117.5018125,16768.04703,16270,5.544,523.767
6/24/2022 15:20,1008.9,43.961,12.432,43.77,439557.086,744827.667,276413.105,117.6426212,16784.95242,16752.459,6.88,542.262
6/24/2022 15:21,1008.9,43.96,12.496,43.77,439549.381,744741.029,276253.933,118.0174373,16872.39432,16616.667,6.336,536.467
6/24/2022 15:22,1008.853,43.96,12.421,43.77,439577.086,744762.114,276522.857,116.6700829,16724.78654,16285,4.886,514.083
6/24/2022 15:23,1008.8,43.96,12.481,43.77,439557.41,744766.79,276236.029,117.6268617,16882.24361,16585.246,5.911,521.623
6/24/2022 15:24,1008.8,43.96,12.56,43.77,439532.733,744786.6,276078.581,118.8275698,16968.97703,16615,6.335,512.317
6/24/2022 15:25,1008.8,43.96,12.589,43.77,439528.867,744807.029,276065.276,119.015753,16976.31613,16565,6.046,501.5
6/24/2022 15:26,1008.8,43.96,12.539,43.77,439554.99,744808.733,276221.752,117.7445748,16890.09959,16490.164,5.435,497.59
6/24/2022 15:27,1008.8,43.96,12.539,43.771,439555.571,744815.533,276197.171,117.7163132,16903.62951,16526.667,5.68,500.483
6/24/2022 15:28,1008.8,43.96,12.548,43.774,439553.943,744836.99,276163.448,117.7955052,16922.19984,16538.333,5.768,500.067
6/24/2022 15:29,1008.8,43.96,12.55,43.776,439533.467,744856.381,276156.952,118.7918436,16925.77813,16531.148,6.259,501.59
6/24/2022 15:30,1008.8,43.96,12.556,43.77,439530.524,744854.143,276138.324,118.9350936,16936.04129,16548.333,6.81,502.367
6/24/2022 15:31,1008.8,43.96,12.546,43.77,439543.981,744790.171,276198.686,118.2801731,16902.79547,16490,5.747,492.1
6/24/2022 15:32,1008.8,43.96,12.549,43.77,439544.486,744786.181,276161.333,118.2556007,16923.36483,16568.852,5.858,507.23
6/24/2022 15:33,1008.8,43.96,12.578,43.77,439535.79,744859.514,276085.41,118.6787803,16965.21072,16581.667,5.881,504.083
6/24/2022 15:34,1008.8,43.96,12.569,43.772,439519.581,744808.781,276104.419,119.467846,16954.72902,16501.667,5.982,500.467
6/24/2022 15:35,1008.8,43.96,12.622,43.778,439480.81,744902.962,275951.857,121.3567011,17038.94037,16631.148,8.095,501.328
6/24/2022 15:36,1008.8,43.963,12.625,43.78,439501.943,744934.486,275993.229,120.3268839,17016.08402,16576.667,6.885,492.167
6/24/2022 15:37,1008.8,43.97,12.566,43.78,439532.686,745031.048,276143.457,118.8298575,16933.21295,16531.667,6.604,488.483
6/24/2022 15:38,1008.8,43.97,12.584,43.78,439522.638,745018.571,276093.971,119.3190016,16960.48974,16555.738,6.744,481.279
6/24/2022 15:39,1008.8,43.97,12.545,43.78,439528.743,745035.19,276187.448,119.0217892,16908.98269,16485,6.73,478.8
6/24/2022 15:40,1008.8,43.97,12.489,43.78,439540.705,744974.771,276332.505,118.4395855,16829.20318,16436.667,6.693,477.367
6/24/2022 15:41,1008.8,43.966,12.486,43.774,439520.933,744879.219,276330.543,119.4020159,16830.28105,16454.098,7.909,481.049
6/24/2022 15:42,1008.8,43.96,12.541,43.77,439469.952,744770.848,276179.59,121.8860518,16913.30966,16473.333,9.113,487.067
6/24/2022 15:43,1008.8,43.96,12.445,43.77,439513.714,744763.695,276479.219,119.7535441,16748.69642,16298.333,7.924,476.55
6/24/2022 15:44,1008.8,43.96,12.457,43.77,439491.095,744774.324,276390.533,120.8554339,16797.33919,16393.443,8.978,484.459
6/24/2022 15:45,1008.8,43.96,12.417,43.77,439501.343,744792.571,276507.505,120.3561137,16733.19625,16256.667,8.551,478.717
6/24/2022 15:46,1008.882,43.96,12.382,43.774,439502,744868.4,276564.705,120.3241071,16701.87281,16281.667,8.986,482.967
6/24/2022 15:47,1008.9,43.96,12.337,43.772,439501.352,744895.886,276659.886,120.3556752,16649.81286,16162.295,8.369,477.295
6/24/2022 15:48,1008.9,43.96,12.204,43.778,439531.876,744948.105,276980.533,118.8692838,16475.00595,15988.333,7.721,469.85
6/24/2022 15:49,1008.948,43.96,12.095,43.771,439555.581,744888.4,277232.438,117.7158268,16338.29526,15870,7.06,464.05
6/24/2022 15:50,1009,43.96,12.068,43.77,439552.305,744849.629,277219.276,117.8751873,16345.42486,15908.197,7.063,467.148
6/24/2022 15:51,1009,43.96,12.052,43.77,439557.286,744870.381,277239.724,117.6328931,16334.34922,15905,6.835,464.517
6/24/2022 15:52,1009,43.96,12.092,43.77,439542.629,744858.943,277127.686,118.3459605,16395.07866,16010,7.688,472.533
6/24/2022 15:53,1009,43.96,12.059,43.77,439571.448,744858.581,277233.095,116.9441862,16337.93942,15940.984,6.037,459.738
6/24/2022 15:54,1009.088,43.96,12.083,43.77,439556.905,744806.4,277142.39,117.6514251,16387.1023,16033.333,6.933,467.75
6/24/2022 15:55,1009.1,43.96,12.129,43.77,439553.41,744734.705,277039.39,117.8214331,16443.01497,16066.667,6.157,462.067
6/24/2022 15:56,1009.1,43.96,12.186,43.77,439542.229,744818.838,276886.8,118.3654248,16526.01485,16180.328,7.288,470.951
6/24/2022 15:57,1009.1,43.96,12.254,43.77,439522.114,744792.029,276714.81,119.3445141,16619.80722,16355,8.724,481.467
6/24/2022 15:58,1009.1,43.96,12.344,43.77,439500.257,744786.81,276522.571,120.4090208,16724.94319,16378.333,8.525,480.533
6/24/2022 15:59,1009.1,43.96,12.399,43.77,439494.267,744822.733,276410.61,120.7008671,16786.32137,16473.77,8.593,480.393
6/24/2022 16:00,1009.183,43.96,12.452,43.77,439482.876,744848.2,276276.838,121.2559975,16859.79793,16510,7.999,475.283
6/24/2022 16:01,1009.2,43.968,12.483,43.777,439493.257,744929.2,276232.2,120.7500814,16884.35036,16533.333,7.937,475.667
6/24/2022 16:02,1009.2,43.97,12.515,43.78,439501.8,745036.057,276156.981,120.3338503,16925.76215,16565.574,7.151,470.033
6/24/2022 16:03,1009.2,43.97,12.563,43.78,439484.981,745109.543,276033.171,121.1533988,16994.03166,16640,7.969,476.4
6/24/2022 16:04,1009.2,43.97,12.679,43.785,439436.143,745143.286,275720.457,123.5353435,17167.05085,16851.667,10.246,492.083
6/24/2022 16:05,1009.2,43.97,12.813,43.78,439410.181,745135.714,275436.39,124.8028975,17324.94911,17014.754,10.083,490.23
6/24/2022 16:06,1009.2,43.97,12.846,43.78,439424.448,745082.981,275421.057,124.1062197,17333.49168,16995,9.288,485.483
6/24/2022 16:07,1009.2,43.97,12.925,43.776,439434.248,744983.79,275283.171,123.6278328,17410.40379,17116.667,8.738,482.3
6/24/2022 16:08,1009.2,43.964,12.96,43.77,439415.924,744858.505,275231.686,124.5224252,17439.16379,17070,9.162,487.017
6/24/2022 16:09,1009.2,43.96,12.999,43.77,439407.438,744783.4,275156.638,124.9368739,17481.12713,17109.836,9.07,487
6/24/2022 16:10,1009.2,43.96,13.071,43.77,439422.095,744786.314,275006.533,124.2211009,17565.20416,17245,8.513,482.633
6/24/2022 16:11,1009.2,43.96,13.122,43.772,439417.381,744856.429,274907.219,124.4512766,17620.93858,17288.333,8.736,486.367
6/24/2022 16:12,1009.108,43.965,13.165,43.78,439412.457,744998.705,274803.305,124.6917386,17679.3453,17327.869,8.873,490.41
6/24/2022 16:13,1009.1,43.97,13.205,43.78,439411.562,745069.533,274695.352,124.7354492,17740.12056,17403.333,8.724,489.733
6/24/2022 16:14,1009.052,43.97,13.293,43.78,439398.705,745175.81,274491.419,125.3634885,17855.20403,17506.667,9.249,497.683
6/24/2022 16:15,1009,43.97,13.367,43.783,439402.343,745137.362,274342.343,125.1857564,17939.55688,17591.803,8.449,494.049
6/24/2022 16:16,1009,43.97,13.404,43.782,439392.952,745100.114,274279.181,125.6445845,17975.35398,17600,8.908,499.467
6/24/2022 16:17,1009,43.97,13.469,43.78,439395.286,745114.838,274164.781,125.530538,18040.27759,17671.667,8.446,497.85
6/24/2022 16:18,1009,43.97,13.511,43.78,439404.038,745059.724,274097.124,125.1029545,18078.72686,17706.557,7.578,491.459
6/24/2022 16:19,1009,43.97,13.582,43.78,439406.629,745039.067,273947.038,124.9763899,18164.16079,17855,7.019,485.5
6/24/2022 16:20,1009,43.97,13.647,43.78,439396.381,745078.895,273809.095,125.4770355,18242.85337,17911.667,7.735,493.583
6/24/2022 16:21,1009,43.97,13.706,43.78,439403.6,745108.933,273721.971,125.1243507,18292.63947,17996.721,7.012,487.508
6/24/2022 16:22,1008.967,43.97,13.743,43.78,439396.667,745060.648,273645.086,125.4630616,18336.62882,17990,7.248,489.217
6/24/2022 16:23,1008.9,43.97,13.775,43.78,439408.476,745008.771,273614.667,124.8861737,18354.04693,18011.667,6.771,485.1
6/24/2022 16:24,1008.9,43.97,13.823,43.777,439395.219,745008.457,273511.381,125.5338117,18413.24851,18109.836,6.759,480.23
6/24/2022 16:25,1008.9,43.97,13.882,43.78,439397.076,744995.229,273411.305,125.4430781,18470.6977,18145,6.811,480.7
6/24/2022 16:26,1008.9,43.97,13.899,43.779,439402.419,744979.429,273419.257,125.1820437,18466.12966,18116.667,6.812,481.517
6/24/2022 16:27,1008.887,43.965,13.926,43.778,439385.61,744974.895,273344.971,126.0033858,18508.82456,18157.377,7.452,486.623
6/24/2022 16:28,1008.8,43.96,13.966,43.771,439371.01,744951.181,273269.438,126.717102,18552.28483,18175,7.906,490
6/24/2022 16:29,1008.8,43.96,14.015,43.77,439332.952,744890.943,273158.038,128.5789232,18616.47183,18210,8.657,495.567
6/24/2022 16:30,1008.8,43.96,14.007,43.77,439366,744852.419,273241.962,126.9620813,18568.10617,18181.967,7.589,487.115
6/24/2022 16:31,1008.8,43.96,14.025,43.77,439360.295,744840.752,273189.257,127.2410865,18598.47315,18223.333,7.594,484.8
6/24/2022 16:32,1008.8,43.96,14.041,43.77,439340.057,744884.257,273150.143,128.231192,18621.02486,18210,8.731,494.15
6/24/2022 16:33,1008.8,43.96,14.02,43.77,439366.333,744917.286,273226.029,126.9457972,18577.28375,18191.803,7.637,484.918
6/24/2022 16:34,1008.8,43.96,14.024,43.771,439358.905,744889.667,273205.238,127.3090717,18589.26287,18191.667,7.774,485.1
6/24/2022 16:35,1008.8,43.96,14.058,43.77,439326.181,744836.124,273123.19,128.910372,18636.57264,18208.333,8.884,494.117
6/24/2022 16:36,1008.8,43.96,14.033,43.77,439353.41,744788.286,273216.924,127.5778592,18582.52931,18150.82,7.998,487.475
6/24/2022 16:37,1008.8,43.96,14.03,43.767,439363.076,744812.771,273237.857,127.1050751,18570.47049,18126.667,7.698,485.25
6/24/2022 16:38,1008.8,43.96,14.01,43.77,439379.819,744889.276,273315.638,126.2864421,18525.69639,18095,6.834,479.1
6/24/2022 16:39,1008.855,43.96,13.982,43.773,439383.914,744980.6,273350.19,126.0862792,18505.82346,18085.246,6.938,480.066
6/24/2022 16:40,1008.9,43.966,13.971,43.78,439373.714,745126.2,273330.829,126.5848959,18516.95787,18073.333,7.133,481.6
6/24/2022 16:41,1008.9,43.97,13.983,43.785,439371.238,745219.057,273289.924,126.7059541,18540.49272,18111.667,7.282,482.75
6/24/2022 16:42,1008.9,43.97,13.973,43.78,439384.476,745195.829,273319.714,126.0588105,18523.35151,18111.475,7.127,481.213
6/24/2022 16:43,1008.9,43.97,13.991,43.78,439379.01,745094.705,273289.257,126.3259886,18540.8766,18148.333,7.347,483.117
6/24/2022 16:44,1008.862,43.965,14.018,43.77,439378.619,744982.257,273247.067,126.3451022,18565.1661,18185,6.907,479.867
6/24/2022 16:45,1008.8,43.96,14.046,43.77,439376.695,744966.905,273200.686,126.439158,18591.88609,18206.557,6.706,478.738
6/24/2022 16:46,1008.8,43.96,14.051,43.77,439384.429,744917.59,273195.257,126.0611077,18595.01493,18216.667,6.145,475.933
6/24/2022 16:47,1008.8,43.96,14.065,43.77,439384.543,744921.905,273151.429,126.0555358,18620.28319,18251.667,6.4,477.317
6/24/2022 16:48,1008.8,43.96,14.078,43.77,439395.286,744922.067,273149.267,125.530538,18621.53008,18247.541,5.853,473.033
6/24/2022 16:49,1008.8,43.96,14.08,43.765,439410.057,744803.505,273170.067,124.8089538,18609.53577,18238.333,5.563,471.417
6/24/2022 16:50,1008.8,43.954,14.079,43.761,439406,744826.571,273178.905,125.0071143,18604.44046,18225,5.408,470.117
6/24/2022 16:51,1008.8,43.95,14.049,43.76,439418.552,744754.79,273271.79,124.394096,18550.93079,18172.131,5.02,464.41
6/24/2022 16:52,1008.8,43.95,14.03,43.76,439422.724,744815.571,273306.19,124.1903903,18531.13229,18168.333,5.164,463.983
6/24/2022 16:53,1008.709,43.95,14.029,43.762,439418.79,744861.067,273303.695,124.3824746,18532.56792,18173.333,5.864,469.533
6/24/2022 16:54,1008.7,43.96,14.023,43.77,439411.943,744883.181,273316.362,124.7168415,18525.27987,18131.148,5.576,467.705
6/24/2022 16:55,1008.7,43.96,14.009,43.771,439419.162,744980.41,273348.648,124.3643101,18506.71014,18121.667,5.301,462.767
6/24/2022 16:56,1008.7,43.96,13.96,43.78,439420.895,745020.467,273441.352,124.2796917,18453.44,18066.667,5.315,465.383
6/24/2022 16:57,1008.7,43.968,13.932,43.78,439421.124,745107.019,273475.457,124.2685105,18433.86097,18031.667,5.498,467.4
6/24/2022 16:58,1008.7,43.97,13.971,43.78,439374.248,745108.829,273363.105,126.5587883,18498.39791,18098.361,7.772,480.066
6/24/2022 16:59,1008.7,43.97,14.004,43.78,439353.905,745137.057,273281.324,127.5536446,18545.4426,18126.667,8.384,484.567
6/24/2022 17:00,1008.7,43.97,13.937,43.779,439389.914,745081.124,273484.914,125.7930417,18428.43366,17981.667,6.22,472.567
6/24/2022 17:01,1008.7,43.963,13.9,43.772,439407.638,745053.314,273566.571,124.927105,18381.60323,17986.885,5.975,470.59
6/24/2022 17:02,1008.622,43.96,13.851,43.77,439442.562,744983.21,273686.314,123.2220878,18313.03412,17903.333,5.274,466.367
6/24/2022 17:03,1008.6,43.96,13.812,43.77,439430.438,744928.99,273760.733,123.8138023,18270.48127,17866.667,5.327,468.25
6/24/2022 17:04,1008.6,43.96,13.772,43.77,439442.505,745036.686,273852.514,123.2248693,18218.06641,17770.492,5.21,463.344
6/24/2022 17:05,1008.6,43.96,13.663,43.772,439467.086,745102.362,274101.552,122.0258022,18076.20923,17633.333,4.749,456.733
6/24/2022 17:06,1008.6,43.967,13.642,43.777,439449.21,745134.543,274073.362,122.8977159,18092.24007,17741.667,5.499,464.717
6/24/2022 17:07,1008.6,43.966,13.623,43.774,439463.686,745078.79,274129.21,122.1916059,18060.48757,17655.738,4.758,457.328
6/24/2022 17:08,1008.6,43.96,13.65,43.77,439433.095,745069.467,274038.267,123.6841097,18112.20713,17758.333,6.748,468.767
6/24/2022 17:09,1008.6,43.96,13.604,43.77,439457.59,745080.352,274198.657,122.4889216,18021.04075,17591.667,4.923,459.233
6/24/2022 17:10,1008.6,43.962,13.543,43.778,439466.933,745109.076,274309.276,122.033263,17958.29334,17557.377,5.047,460.098
6/24/2022 17:11,1008.57,43.97,13.515,43.78,439471.21,745165.19,274347.857,121.8247133,17936.43345,17543.333,5.073,459.6
6/24/2022 17:12,1008.5,43.97,13.445,43.78,439482.524,745158.248,274513.476,121.2731547,17842.73957,17438.333,4.496,451.733
6/24/2022 17:13,1008.5,43.97,13.337,43.78,439504.562,745133.343,274779,120.1993018,17693.01976,17286.885,4.016,444.459
6/24/2022 17:14,1008.5,43.97,13.321,43.78,439501.257,745135.752,274761.771,120.3603033,17702.7162,17346.667,4.73,451.583
6/24/2022 17:15,1008.5,43.97,13.32,43.779,439490.543,745136.219,274753.171,120.8823335,17707.55722,17330,5.098,453.9
6/24/2022 17:16,1008.5,43.97,13.279,43.78,439503.238,745146,274854.905,120.263798,17650.33099,17268.852,4.918,452.475
6/24/2022 17:17,1008.5,43.97,13.248,43.78,439506.733,745219.705,274907.514,120.0935506,17620.7729,17235,4.828,452.267
6/24/2022 17:18,1008.5,43.97,13.203,43.78,439517.533,745269.267,275005.4,119.5675696,17565.83951,17163.333,4.525,450.85
6/24/2022 17:19,1008.592,43.97,13.148,43.787,439530.076,745341.01,275119.581,118.956901,17501.86553,17108.197,4.273,449.918
6/24/2022 17:20,1008.6,43.979,13.092,43.79,439538.562,745368.457,275212.105,118.5438733,17450.1079,17075,4.108,451.35
6/24/2022 17:21,1008.6,43.98,13.157,43.79,439503.39,745398.343,274987.99,120.2563935,17575.60394,17305,5.227,455.217
6/24/2022 17:22,1008.6,43.98,13.231,43.786,439523.876,745347.724,274855.933,119.2587274,17649.75318,17393.443,3.938,442.443
6/24/2022 17:23,1008.6,43.97,13.283,43.779,439467.657,745239.771,274716.819,121.9979585,17728.02711,17420,6.779,461.233
6/24/2022 17:24,1008.6,43.97,13.32,43.772,439468.229,745135.676,274668.295,121.9700665,17755.36878,17420,5.84,457.767
6/24/2022 17:25,1008.6,43.97,13.33,43.77,439488.486,745146.352,274686.4,120.9825769,17745.16484,17404.918,5.155,454.852
6/24/2022 17:26,1008.6,43.97,13.35,43.772,439475.392,745182.951,274613.784,121.6208201,17786.10809,17438.333,5.569,456.85
6/24/2022 17:27,1008.6,43.97,13.405,43.78,439427.829,745230.59,274442.6,123.9411614,17882.80662,17605,8.647,469.067
6/24/2022 17:28,1008.6,43.97,13.494,43.78,439379.914,745311.352,274231.829,126.2817982,18002.21326,17704.918,10.045,474.246
6/24/2022 17:29,1008.6,43.97,13.508,43.78,439396.095,745365.886,274232.724,125.4910095,18001.70541,17633.333,8.309,467.55
6/24/2022 17:30,1008.6,43.97,13.508,43.78,439409.152,745291.457,274250.419,124.8531558,17991.66623,17625,7.869,464.85
6/24/2022 17:31,1008.6,43.97,13.544,43.78,439376.286,745294.019,274164.238,126.4591529,18040.58602,17660.656,8.148,465.016
6/24/2022 17:32,1008.6,43.97,13.561,43.78,439386.438,745292.143,274147.505,125.962918,18050.09175,17666.667,8.439,467.267
6/24/2022 17:33,1008.6,43.97,13.554,43.78,439396.552,745325.829,274177.714,125.4686804,18032.93229,17656.667,7.852,465.933
6/24/2022 17:34,1008.6,43.97,13.579,43.78,439386.638,745298.076,274128.152,125.9531433,18061.08885,17691.803,8.741,470.393
6/24/2022 17:35,1008.6,43.97,13.562,43.78,439406.895,745328.79,274175.076,124.9633969,18034.43042,17653.333,8.026,468.133
6/24/2022 17:36,1008.6,43.97,13.581,43.783,439391.371,745363.39,274122.505,125.7218412,18064.2983,17696.667,8.835,472.15
6/24/2022 17:37,1008.6,43.979,13.555,43.785,439414.286,745374.714,274199.257,124.6024161,18020.70013,17596.721,6.991,465
6/24/2022 17:38,1008.6,43.98,13.546,43.79,439412.838,745440.619,274206.781,124.6731314,18016.42892,17638.333,7.917,469.417
6/24/2022 17:39,1008.665,43.98,13.599,43.79,439359.752,745428,274042.01,127.2676444,18110.07707,17700,8.9,474.517
6/24/2022 17:40,1008.7,43.98,13.662,43.79,439315.029,745438.571,273880.59,129.4564126,18202.04707,17847.541,12.332,490.672
6/24/2022 17:41,1008.7,43.98,13.726,43.79,439270.695,745406.19,273744.019,131.6288384,18280.0342,17890,13.03,491.85
6/24/2022 17:42,1008.7,43.98,13.726,43.79,439296.752,745382.524,273811.81,130.3516851,18241.30297,17760,10.457,480.7
6/24/2022 17:43,1008.7,43.98,13.647,43.784,439370.648,745389,274003.81,126.734802,18131.8215,17698.361,8.148,468.443
6/24/2022 17:44,1008.7,43.98,13.65,43.783,439362.657,745416.99,273975.514,127.1255666,18147.93642,17753.333,9.777,476.8
6/24/2022 17:45,1008.7,43.98,13.71,43.785,439315.343,745398.857,273817.724,129.4410357,18237.92598,17891.667,12.077,486.75
6/24/2022 17:46,1008.7,43.975,13.743,43.781,439298.648,745346.724,273758.543,130.2587911,18271.73284,17865.574,11.431,485.246
6/24/2022 17:47,1008.7,43.97,13.765,43.78,439296.905,745272.581,273722.981,130.3441887,18292.06194,17853.333,11.527,486.55
6/24/2022 17:48,1008.7,43.97,13.814,43.772,439256.876,745186.886,273603.2,132.3065367,18360.61507,17966.667,13.983,501.233
6/24/2022 17:49,1008.7,43.966,13.813,43.77,439259.01,745113.781,273647.276,132.2018661,18335.37512,17849.18,11.915,492.213
6/24/2022 17:50,1008.7,43.96,13.791,43.77,439275.724,745077.333,273707.114,131.3822757,18301.13586,17790,11.227,490.383
6/24/2022 17:51,1008.7,43.96,13.836,43.77,439262.314,745140.686,273610.781,132.0398204,18356.27265,17803.333,11.584,493.867
6/24/2022 17:52,1008.7,43.96,13.801,43.77,439262.571,745143.6,273675.848,132.0272163,18319.0224,17811.475,12.348,499.689
6/24/2022 17:53,1008.7,43.97,13.79,43.775,439283.79,745257.762,273731.286,130.9868865,18287.3134,17696.667,10.725,489.867
6/24/2022 17:54,1008.7,43.97,13.688,43.78,439331.876,745254.762,273978.019,128.6315905,18146.50951,17648.333,9.961,483.467
6/24/2022 17:55,1008.7,43.97,13.656,43.78,439314.419,745212.648,273988.076,129.4862852,18140.78136,17680.328,11.277,493.311
6/24/2022 17:56,1008.7,43.97,13.62,43.78,439325.133,745266.495,274090.133,128.9616785,18082.70206,17626.667,11.316,491.7
6/24/2022 17:57,1008.7,43.97,13.644,43.78,439281.514,745312.543,273958.657,131.0984453,18157.53995,17733.333,13.198,504.067
6/24/2022 17:58,1008.7,43.974,13.665,43.787,439264.61,745416.324,273900.648,131.9272211,18190.60671,17716.667,13.008,502.617
6/24/2022 17:59,1008.7,43.98,13.714,43.79,439237.41,745419.143,273793.257,133.2616122,18251.89898,17744.262,13.73,506.148
6/24/2022 18:00,1008.7,43.978,13.562,43.78,439340.095,745413.305,274248.571,128.2293324,17992.71456,17395,9.181,476.133
6/24/2022 18:01,1008.7,43.97,13.398,43.78,439397.705,745300.657,274612.19,125.412346,17787.00735,17328.333,8.999,471.267
6/24/2022 18:02,1008.7,43.97,13.447,43.773,439349.457,745187.552,274403.61,127.7712454,17904.86656,17470.492,10.766,486.131
6/24/2022 18:03,1008.7,43.963,13.425,43.77,439368.229,745126.152,274491.895,126.8530833,17854.93499,17371.667,9.146,475.283
6/24/2022 18:04,1008.7,43.96,13.369,43.763,439403.914,745035.943,274669.019,125.1090118,17754.96069,17281.667,7.809,465.9
6/24/2022 18:05,1008.7,43.96,13.336,43.764,439426.886,745013.724,274734.571,123.9871965,17718.0295,17283.607,6.637,456.59
6/24/2022 18:06,1008.7,43.96,13.365,43.77,439393.267,745096.048,274585.257,125.6291921,17802.20494,17456.667,9.744,482.383
6/24/2022 18:07,1008.7,43.96,13.398,43.77,439388.429,745187.457,274535.61,125.8656134,17830.23581,17413.333,8.617,476.367
6/24/2022 18:08,1008.7,43.968,13.322,43.773,439428.581,745226.143,274720.933,123.9044513,17725.70993,17293.443,7.065,465.377
6/24/2022 18:09,1008.7,43.97,13.343,43.78,439401.733,745247.743,274621.895,125.2155563,17781.5326,17365,8.072,472.3
6/24/2022 18:10,1008.7,43.97,13.37,43.78,439394.067,745332.419,274562.514,125.5901012,17815.04309,17380,8.041,470.883
6/24/2022 18:11,1008.7,43.97,13.351,43.78,439398.152,745320.048,274599.362,125.3905066,17794.24508,17381.967,8.307,473.787
6/24/2022 18:12,1008.666,43.97,13.356,43.777,439401.124,745265.514,274589.267,125.2453079,17799.94181,17415,8.01,470.817
6/24/2022 18:13,1008.6,43.97,13.385,43.772,439384.924,745253.629,274515.657,126.0369141,17841.50731,17413.333,8.445,477.983
6/24/2022 18:14,1008.6,43.97,13.442,43.77,439357.8,745225.676,274373.371,127.3631194,17921.98431,17483.607,9.236,487.23
6/24/2022 18:15,1008.6,43.97,13.527,43.771,439323.467,745248.438,274160.962,129.0432432,18042.44687,17641.667,11.319,513.95
6/24/2022 18:16,1008.6,43.97,13.433,43.78,439399.333,745352.495,274459.4,125.3328067,17873.30547,17386.667,7.348,474.817
6/24/2022 18:17,1008.6,43.973,13.361,43.78,439435.695,745439.067,274611.81,123.5572086,17787.22173,17381.967,6.919,471.934
6/24/2022 18:18,1008.6,43.98,13.344,43.78,439427.267,745455.581,274596.476,123.9685968,17795.87359,17396.667,7.311,480.083
6/24/2022 18:19,1008.6,43.973,13.359,43.78,439413.333,745345.629,274560.838,124.648957,17815.98934,17391.667,7.203,482.217
6/24/2022 18:20,1008.6,43.97,13.354,43.771,439428.286,745241.143,274602.276,123.9188521,17792.60084,17363.934,6.434,475.295
6/24/2022 18:21,1008.6,43.97,13.344,43.77,439428.238,745198.486,274622.238,123.9211953,17781.33912,17391.667,7.016,482.7
6/24/2022 18:22,1008.6,43.962,13.453,43.77,439338.257,745166.324,274269.657,128.3192807,17980.75469,17601.667,10.806,522.267
6/24/2022 18:23,1008.693,43.968,13.562,43.771,439318.133,745237.086,274073.99,129.3044129,18091.88287,17593.443,10.399,518.213
6/24/2022 18:24,1008.7,43.97,13.476,43.779,439389.476,745299.895,274348.514,125.8144463,17936.0613,17465,8.196,496.933
6/24/2022 18:25,1008.7,43.97,13.482,43.78,439375.01,745395.657,274287.324,126.5215344,17970.737,17548.333,9.365,507.3
6/24/2022 18:26,1008.7,43.97,13.466,43.78,439400.495,745411.971,274339.181,125.276037,17941.34813,17506.557,7.409,486.475
6/24/2022 18:27,1008.7,43.97,13.528,43.78,439343.21,745369.362,274121.962,128.0769007,18064.60692,17706.667,11.281,526.383
6/24/2022 18:28,1008.7,43.97,13.589,43.78,439341.59,745336.105,274049.752,128.1561733,18105.67165,17635,9.277,508.167
6/24/2022 18:29,1008.7,43.97,13.542,43.776,439393.743,745264.238,274211.552,125.6059329,18013.72079,17567.213,7.407,489.951
6/24/2022 18:30,1008.631,43.97,13.543,43.774,439404.81,745227.086,274206.857,125.065243,18016.38578,17605,7.454,491.033
6/24/2022 18:31,1008.6,43.97,13.581,43.778,439366.324,745286.905,274060.533,126.9462373,18099.53781,17661.667,8.522,503.833
6/24/2022 18:32,1008.6,43.97,13.653,43.78,439331.771,745318.371,273887.048,128.6367301,18198.36328,17760.656,10.136,523.311
6/24/2022 18:33,1008.6,43.97,13.684,43.78,439334.286,745326.438,273831.286,128.5136296,18230.18299,17800,10.019,523.933
6/24/2022 18:34,1008.6,43.97,13.721,43.779,439326.267,745280.076,273746.933,128.9061618,18278.36853,17825,9.408,519.3
6/24/2022 18:35,1008.6,43.97,13.729,43.78,439357.943,745279.305,273792.362,127.3561249,18252.41021,17801.639,8.289,508.082
6/24/2022 18:36,1008.6,43.97,13.808,43.779,439272.438,745282.905,273507.552,131.5433784,18415.44499,18026.667,12.95,570.9
6/24/2022 18:37,1008.6,43.97,13.876,43.78,439278.419,745315.067,273418.667,131.2501589,18466.46856,17960,10.033,537.533
6/24/2022 18:38,1008.6,43.97,13.861,43.78,439287.486,745341.067,273453.876,130.805741,18446.24905,17944.262,10.443,540.525
6/24/2022 18:39,1008.6,43.97,13.858,43.78,439312.076,745353.676,273481.057,129.6010301,18430.64708,17921.667,8.198,514.383
6/24/2022 18:40,1008.6,43.97,13.939,43.78,439249.81,745371.676,273246.371,132.6531616,18565.56693,18010,9.92,536.433
6/24/2022 18:41,1008.6,43.97,13.932,43.78,439278.943,745324.867,273325.105,131.2244721,18520.25033,18016.393,9.924,536.23
6/24/2022 18:42,1008.6,43.97,13.951,43.773,439287.438,745293.771,273298.895,130.8080934,18535.32999,18040,9.94,538.983
6/24/2022 18:43,1008.6,43.97,13.967,43.77,439294.914,745248.79,273278.524,130.4417421,18547.05432,18065,9.877,539.667
6/24/2022 18:44,1008.6,43.97,14.001,43.77,439295.457,745238.629,273212.133,130.4151361,18585.28978,18122.951,10.288,544.475
6/24/2022 18:45,1008.6,43.97,14.011,43.77,439298.514,745255.314,273200.876,130.2653562,18591.77659,18138.333,10.252,546.717
6/24/2022 18:46,1008.6,43.97,14.02,43.77,439290.914,745221.6,273176.4,130.6377473,18605.88458,18125,9.576,539.533
6/24/2022 18:47,1008.6,43.97,14.074,43.77,439248.962,745185.571,273017.8,132.694765,18697.4266,18206.667,10.731,554.767
6/24/2022 18:48,1008.6,43.97,14.102,43.775,439284.648,745280.59,273021,130.9448332,18695.57746,18224.59,9.456,538.197
6/24/2022 18:49,1008.6,43.97,14.157,43.78,439224.829,745297.952,272830.124,133.8791588,18806.0304,18326.667,12.315,571.417
6/24/2022 18:50,1008.6,43.97,14.173,43.78,439247.648,745355.352,272830.971,132.7592328,18805.53958,18325,10.994,554.7
6/24/2022 18:51,1008.6,43.97,14.254,43.78,439171.181,745343.514,272582.962,136.5149318,18949.51951,18445.902,13.954,591.492
6/24/2022 18:52,1008.6,43.97,14.391,43.778,439096.295,745341.295,272273.295,140.2007178,19130.03717,18593.333,16.948,627.9
6/24/2022 18:53,1008.6,43.97,14.314,43.777,439207.171,745375.01,272584.533,134.7462779,18948.60582,18386.667,11.208,558.583
6/24/2022 18:54,1008.503,43.97,14.37,43.779,439166.943,745348.733,272402.886,136.723316,19054.39289,18552.459,14.849,598.131
6/24/2022 18:55,1008.5,43.97,14.362,43.779,439212.048,745373.562,272494.495,134.5067439,19001.00643,18491.667,12.402,571.533
6/24/2022 18:56,1008.5,43.97,14.398,43.78,439176.448,745421.143,272357.943,136.2559856,19080.61046,18566.667,14.456,593.467
6/24/2022 18:57,1008.5,43.97,14.446,43.78,439159.048,745414.429,272271.619,137.1115816,19131.01642,18591.803,14.12,588.459
6/24/2022 18:58,1008.5,43.97,14.488,43.78,439139.219,745406.381,272191.733,138.0871209,19177.72023,18596.667,13.997,585.5
6/24/2022 18:59,1008.5,43.97,14.45,43.776,439187.01,745362.257,272322.657,135.7368306,19101.20677,18551.667,12.588,568.967
6/24/2022 19:00,1008.5,43.97,14.476,43.772,439164.248,745351.162,272234.543,136.8558429,19152.68536,18652.459,14.549,591
6/24/2022 19:01,1008.5,43.97,14.55,43.777,439143.038,745364.343,272083.505,137.8991935,19241.08118,18701.667,14.83,598.25
6/24/2022 19:02,1008.5,43.97,14.513,43.78,439208.895,745432.971,272238.124,134.6615999,19150.59195,18581.667,10.915,554.5
6/24/2022 19:03,1008.5,43.97,14.531,43.78,439181.505,745479.562,272136.067,136.0073994,19210.29673,18696.721,12.997,582.525
6/24/2022 19:04,1008.5,43.979,14.523,43.78,439208.133,745518.886,272174.962,134.6990267,19187.53204,18665,11.805,568.917
6/24/2022 19:05,1008.5,43.976,14.513,43.78,439223.81,745488.219,272226.8,133.9291866,19157.21223,18616.667,10.682,554.65
6/24/2022 19:06,1008.5,43.97,14.541,43.777,439206.324,745440.371,272159.381,134.7878816,19196.64982,18673.77,11.583,561.541
6/24/2022 19:07,1008.5,43.97,14.511,43.773,439242.362,745335.943,272275.086,133.0185993,19128.99075,18631.667,9.815,540.783
6/24/2022 19:08,1008.5,43.97,14.55,43.77,439216.886,745350.048,272161.362,134.2691575,19195.49045,18670,10.892,555.25
6/24/2022 19:09,1008.5,43.97,14.538,43.774,439248.829,745356.676,272235.562,132.7012902,19152.08966,18634.426,9.806,539.885
6/24/2022 19:10,1008.5,43.97,14.531,43.78,439258.914,745435.619,272231.848,132.2065747,19154.26091,18650,8.779,530.533
6/24/2022 19:11,1008.5,43.97,14.528,43.781,439264.829,745532.6,272246.657,131.9164814,19145.60408,18638.333,8.605,528.783
6/24/2022 19:12,1008.426,43.977,14.501,43.782,439279.514,745497.333,272293.095,131.1964817,19118.47025,18621.311,8.077,524.148
6/24/2022 19:13,1008.4,43.977,14.547,43.78,439249.505,745515.352,272169.086,132.668125,19190.97035,18691.667,9.321,536.95
6/24/2022 19:14,1008.4,43.97,14.496,43.78,439315.771,745490.495,272366.276,129.4200764,19075.74808,18605,7.139,514.05
6/24/2022 19:15,1008.4,43.97,14.509,43.775,439281.505,745410.219,272289.486,131.0988864,19120.57833,18652.459,8.642,531.721
6/24/2022 19:16,1008.4,43.97,14.533,43.77,439282.4,745336.438,272270.79,131.0550169,19131.5008,18643.333,8.186,524.617
6/24/2022 19:17,1008.4,43.97,14.504,43.77,439306.105,745347.314,272348.171,129.8934849,19086.31327,18606.667,7.08,511.617
6/24/2022 19:18,1008.4,43.97,14.536,43.772,439284.114,745387.838,272248.171,130.9710061,19144.71915,18683.607,8.217,530.475
6/24/2022 19:19,1008.4,43.97,14.535,43.778,439282.267,745421.943,272247.61,131.061536,19145.04705,18638.333,7.78,522.3
6/24/2022 19:20,1008.4,43.97,14.525,43.78,439288.59,745462.495,272279.99,130.7516363,19126.12565,18631.667,7.759,521.667
6/24/2022 19:21,1008.4,43.97,14.514,43.78,439299.333,745491.486,272305.448,130.2252309,19111.25549,18640.984,7.76,519.82
6/24/2022 19:22,1008.4,43.97,14.575,43.779,439237.829,745446.019,272132.114,133.241049,19212.61109,18746.667,10.462,542.517
6/24/2022 19:23,1008.4,43.97,14.577,43.773,439248.648,745343.524,272170.99,132.7101704,19189.8562,18665,8.369,521.3
6/24/2022 19:24,1008.4,43.966,14.516,43.77,439305.752,745291.39,272359.333,129.9107761,19079.79934,18603.279,6.898,504.246
6/24/2022 19:25,1008.4,43.96,14.502,43.77,439315.914,745257.067,272385.286,129.4130737,19064.65781,18613.333,6.875,506.15
6/24/2022 19:26,1008.4,43.96,14.509,43.77,439294.562,745220.2,272339.019,130.4589897,19091.655,18655,7.861,514.467
6/24/2022 19:27,1008.4,43.96,14.563,43.77,439253.219,745264,272201.276,132.4859235,19172.13821,18731.148,9.839,529.656
6/24/2022 19:28,1008.4,43.96,14.548,43.77,439279.81,745294.914,272275.705,131.181972,19128.6291,18653.333,7.771,508.767
6/24/2022 19:29,1008.4,43.962,14.549,43.77,439271.124,745344.467,272257.8,131.607804,19139.09151,18665,7.966,509.917
6/24/2022 19:30,1008.4,43.97,14.595,43.773,439226.362,745376.543,272123.371,133.803899,19217.73033,18740.984,9.677,522.639
6/24/2022 19:31,1008.4,43.97,14.547,43.773,439291.686,745429.305,272278.486,130.5999166,19127.00432,18665,7.041,504.317
6/24/2022 19:32,1008.4,43.97,14.556,43.77,439290.61,745392.181,272239.495,130.6526445,19149.7905,18681.667,6.858,504.65
6/24/2022 19:33,1008.4,43.966,14.601,43.77,439250.733,745338.686,272115.81,132.6078796,19222.15801,18778.333,9.568,527.067
6/24/2022 19:34,1008.312,43.96,14.603,43.77,439272.162,745306.657,272157.552,131.5569105,19197.72026,18731.148,7.953,512.672
6/24/2022 19:35,1008.3,43.96,14.626,43.77,439255.848,745326.229,272094.314,132.3569613,19234.74864,18788.333,9.293,525.017
6/24/2022 19:36,1008.3,43.96,14.655,43.77,439241.219,745354.19,272029.629,133.0746876,19272.65988,18790,9.46,526.617
6/24/2022 19:37,1008.3,43.96,14.726,43.77,439170.39,745347.248,271819.171,136.5538238,19396.25624,18949.18,13.6,565.541
6/24/2022 19:38,1008.3,43.96,14.731,43.77,439208.095,745369.295,271857.743,134.7008931,19373.57543,18880,11.462,547.283
6/24/2022 19:39,1008.3,43.96,14.703,43.77,439248.171,745370.133,271973.848,132.7335729,19305.38147,18801.667,8.44,516.583
6/24/2022 19:40,1008.3,43.97,14.674,43.77,439269.457,745435.39,272028.067,131.6895406,19273.5758,18785.246,8.337,517.049
6/24/2022 19:41,1008.3,43.97,14.715,43.77,439209.733,745441.371,271869.448,134.6204411,19366.69527,18850,9.904,530.867
6/24/2022 19:42,1008.3,43.97,14.765,43.772,439177.152,745485.838,271746.171,136.221377,19439.21617,18933.333,11.638,550.717
6/24/2022 19:43,1008.3,43.97,14.757,43.774,439215.533,745495,271813.095,134.3355979,19399.83017,18880.328,9.977,534.41
6/24/2022 19:44,1008.3,43.97,14.746,43.773,439231.114,745526.19,271853.238,133.5706285,19376.22376,18881.667,9.995,533.6
6/24/2022 19:45,1008.3,43.97,14.766,43.77,439210.105,745541.924,271782.895,134.6021705,19417.59865,18936.667,11.428,545.033
6/24/2022 19:46,1008.3,43.97,14.775,43.77,439207.724,745469.067,271764.99,134.7191156,19428.13695,18937.705,11.149,542.098
6/24/2022 19:47,1008.3,43.97,14.814,43.77,439169.229,745426.552,271671.21,136.6109094,19483.37782,18990,12.332,551.467
6/24/2022 19:48,1008.3,43.961,14.837,43.769,439160.667,745334.933,271633.648,137.0319544,19505.52483,18998.333,12.927,557.933
6/24/2022 19:49,1008.3,43.96,14.936,43.765,439068.2,745319.619,271335.257,141.5854903,19681.89087,19140.984,16.482,596.738
6/24/2022 19:50,1008.3,43.96,14.954,43.769,439100.933,745366.105,271385.029,139.9722194,19652.41958,19045,13.222,564.45
6/24/2022 19:51,1008.3,43.966,14.945,43.77,439109.067,745435.79,271396.371,139.5715559,19645.70667,19096.667,14.475,579.417
6/24/2022 19:52,1008.3,43.97,14.962,43.777,439098.829,745509.771,271331.867,140.0758726,19683.89895,19124.59,14.943,588.738
6/24/2022 19:53,1008.3,43.97,14.956,43.778,439141.352,745532.638,271399.133,137.9821566,19644.07211,19065,11.898,556.917
6/24/2022 19:54,1008.247,43.97,14.959,43.77,439157.314,745490.867,271398.514,137.1968688,19644.43843,19088.333,11.953,561.75
6/24/2022 19:55,1008.2,43.97,15.009,43.77,439131.171,745489.371,271247.39,138.4832164,19733.9712,19209.836,13.633,597.984
6/24/2022 19:56,1008.2,43.97,15.058,43.77,439136.01,745455.648,271158.676,138.2450465,19786.62092,19230,12.133,586.617
6/24/2022 19:57,1008.2,43.97,15.088,43.77,439137.638,745469.79,271098.667,138.1649254,19822.27326,19246.667,11.735,585.983
6/24/2022 19:58,1008.2,43.97,15.077,43.772,439159.943,745533.305,271156.543,137.0675624,19787.88764,19232.787,11.177,579.689
6/24/2022 19:59,1008.2,43.97,15.112,43.777,439128.038,745526.352,271041.133,138.637436,19856.48424,19298.333,12.472,599.7
6/24/2022 20:00,1008.249,43.97,15.117,43.779,439144.019,745555.838,271057.019,137.8509231,19847.03523,19261.667,11.308,582.55
6/24/2022 20:01,1008.3,43.97,15.094,43.771,439168.21,745508.124,271143.276,136.6610145,19795.76736,19221.311,10.329,568.197
6/24/2022 20:02,1008.3,43.97,15.094,43.77,439156.705,745459.61,271128.133,137.2268236,19804.76315,19236.667,10.483,569.617
6/24/2022 20:03,1008.3,43.966,15.142,43.77,439126.01,745389.581,271016.848,138.7372699,19870.93318,19308.333,12.118,588.533
6/24/2022 20:04,1008.3,43.96,15.143,43.77,439156.4,745373.467,271054.743,137.2418258,19848.38886,19285.246,10.991,578.656
6/24/2022 20:05,1008.3,43.96,15.146,43.766,439151.257,745356.648,271026.876,137.4948161,19864.96616,19341.667,11.375,587.617
6/24/2022 20:06,1008.3,43.96,15.131,43.762,439178.933,745307.543,271100.905,136.1338264,19820.94307,19288.333,10.149,570.45
6/24/2022 20:07,1008.3,43.959,15.185,43.76,439129.448,745210.067,270949.505,138.5680281,19911.02703,19339.344,11.246,579.689
6/24/2022 20:08,1008.3,43.95,15.24,43.76,439112.381,745163.152,270864.371,139.4083412,19961.76889,19385,12.292,593.2
6/24/2022 20:09,1008.3,43.955,15.214,43.76,439151.619,745227.743,270951.286,137.4770077,19909.96618,19333.333,10.363,570.317
6/24/2022 20:10,1008.3,43.96,15.21,43.768,439138.914,745279.295,270923.686,138.1021303,19926.40917,19354.098,10.655,574.41
6/24/2022 20:11,1008.3,43.96,15.209,43.77,439152.876,745379.219,270948.676,137.4151717,19911.52083,19313.333,9.453,559.383
6/24/2022 20:12,1008.3,43.96,15.201,43.77,439153.705,745400.686,270936.714,137.3743916,19918.64679,19373.333,10.47,577.2
6/24/2022 20:13,1008.3,43.96,15.232,43.77,439134.962,745413.343,270862.029,138.2966251,19963.16566,19390.164,11.193,587.59
6/24/2022 20:14,1008.3,43.96,15.26,43.769,439108.371,745354.943,270788.114,139.6058358,20007.27277,19428.333,11.917,598.033
6/24/2022 20:15,1008.3,43.96,15.317,43.768,439083.324,745366.686,270668.038,140.8399106,20079.02558,19466.667,12.421,604.183
6/24/2022 20:16,1008.3,43.96,15.301,43.77,439112.333,745353.476,270742.029,139.4107051,20034.79674,19442.623,11.861,594.885
6/24/2022 20:17,1008.3,43.96,15.288,43.77,439137.848,745396.543,270788.21,138.1545906,20007.21545,19408.333,10.768,581.8
6/24/2022 20:18,1008.3,43.96,15.305,43.768,439118.41,745370.343,270746.248,139.1114511,20032.27621,19438.333,11.238,586.617
6/24/2022 20:19,1008.3,43.96,15.337,43.77,439094.419,745408.314,270662.552,140.2931502,20082.30677,19481.967,12.12,595.18
6/24/2022 20:20,1008.3,43.96,15.366,43.77,439076.952,745407.638,270587.79,141.153998,20127.04784,19518.333,13.383,608.133
6/24/2022 20:21,1008.3,43.96,15.339,43.77,439110.048,745471.295,270692.61,139.52324,20064.33221,19456.667,11.985,588.817
6/24/2022 20:22,1008.3,43.97,15.342,43.77,439115.876,745494.771,270690.552,139.2362285,20065.56263,19460.656,11.985,589.164
6/24/2022 20:23,1008.3,43.97,15.337,43.77,439110.029,745522.01,270683.543,139.5241758,20069.75342,19488.333,12.725,600.117
6/24/2022 20:24,1008.3,43.97,15.383,43.77,439079.61,745504.943,270548.362,141.0229736,20150.66275,19540,13.365,616.383
6/24/2022 20:25,1008.3,43.97,15.327,43.77,439166.952,745527.552,270777.971,136.7228734,20013.32904,19418.333,9.5,561.533
6/24/2022 20:26,1008.3,43.967,15.305,43.768,439173.724,745457.019,270802.305,136.3899033,19998.80096,19465.574,9.4,568.393
6/24/2022 20:27,1008.3,43.96,15.312,43.77,439183.971,745444.276,270790.733,135.8861912,20005.70914,19453.333,8.361,555.133
6/24/2022 20:28,1008.3,43.963,15.315,43.77,439180.733,745470.514,270767.114,136.0453462,20019.81262,19475,8.334,559.167
6/24/2022 20:29,1008.3,43.97,15.348,43.77,439178.657,745516.029,270677.695,136.1473938,20073.25034,19522.951,8.279,563.328
6/24/2022 20:30,1008.3,43.97,15.417,43.77,439106.514,745515.514,270427.886,139.6973015,20222.9032,19685,13.167,662.967
6/24/2022 20:31,1008.3,43.97,15.496,43.77,439059.933,745565.324,270248.819,141.9931672,20330.50694,19688.333,13.131,664.4
6/24/2022 20:32,1008.3,43.97,15.442,43.77,439124.562,745561.6,270455.181,138.8085552,20206.52549,19565.574,9.717,596.049
6/24/2022 20:33,1008.3,43.97,15.45,43.77,439106.647,745546.412,270421.784,139.6907505,20226.56543,19590,11.011,617.067
6/24/2022 20:34,1008.3,43.965,15.463,43.77,439107.152,745500.571,270411.581,139.6658766,20232.68968,19603.333,11.46,620.483
6/24/2022 20:35,1008.3,43.96,15.479,43.767,439087.857,745475.495,270356.505,140.6165045,20265.76394,19600,11.851,624.836
6/24/2022 20:36,1008.3,43.96,15.527,43.767,439066.962,745459.219,270249.514,141.6465348,20330.08877,19691.667,13.725,655.25
6/24/2022 20:37,1008.3,43.96,15.566,43.763,439033.2,745427.419,270151.876,143.3121106,20388.87633,19705,14.175,667.217
6/24/2022 20:38,1008.3,43.96,15.561,43.77,439043.876,745472.095,270178.381,142.7852648,20372.90964,19749.18,15.241,690.115
6/24/2022 20:39,1008.3,43.967,15.53,43.77,439100.048,745531.171,270318.543,140.015818,20288.57608,19588.333,10.54,603.817
6/24/2022 20:40,1008.3,43.97,15.571,43.77,438995.038,745560.086,270090.19,145.1966249,20426.05955,19760,16.913,701.583
6/24/2022 20:41,1008.3,43.97,15.558,43.77,439047.419,745582.429,270229.99,142.6104571,20341.83756,19639.344,13.008,633.721
6/24/2022 20:42,1008.396,43.97,15.507,43.77,439096.686,745589.848,270380.552,140.1814534,20251.32002,19583.333,11.738,613.467
6/24/2022 20:43,1008.4,43.97,15.451,43.77,439134.114,745620.476,270500.39,138.3383615,20179.41302,19541.667,10.694,594.2
6/24/2022 20:44,1008.4,43.97,15.437,43.77,439140.152,745563.19,270537.219,138.0412075,20157.33913,19547.541,10.698,590.246
6/24/2022 20:45,1008.4,43.961,15.411,43.77,439157.352,745545.229,270612.505,137.1949997,20112.25191,19505,9.532,570.4
6/24/2022 20:46,1008.4,43.96,15.389,43.767,439163.79,745454.552,270674.2,136.8783661,20075.34039,19486.667,9.143,564
6/24/2022 20:47,1008.4,43.96,15.38,43.76,439164.581,745454.162,270693.029,136.8394671,20064.0817,19463.934,9.106,563
6/24/2022 20:48,1008.4,43.96,15.361,43.76,439178.4,745421.819,270736.876,136.1600272,20037.87547,19456.667,8.457,553.167
6/24/2022 20:49,1008.4,43.96,15.346,43.76,439188.495,745383.571,270777.514,135.6638504,20013.60193,19436.667,7.86,544.133
6/24/2022 20:50,1008.4,43.96,15.325,43.763,439215.076,745395.924,270855.4,134.3580399,19967.11944,19431.148,7.136,532.934
6/24/2022 20:51,1008.4,43.96,15.337,43.77,439194,745485.495,270778.333,135.3933342,20013.11288,19466.667,8.669,557.1
6/24/2022 20:52,1008.4,43.961,15.349,43.77,439171.81,745567.79,270721.905,136.4840058,20046.82139,19483.333,8.884,560.383
6/24/2022 20:53,1008.4,43.97,15.389,43.77,439117.686,745601.505,270570.895,139.1471009,20137.16525,19518.033,10.337,583.41
6/24/2022 20:54,1008.4,43.97,15.373,43.77,439155.686,745561.476,270678.381,137.2769461,20072.84012,19466.667,9.039,564.55
6/24/2022 20:55,1008.4,43.966,15.387,43.77,439148.905,745567.571,270630.752,137.6105258,20101.3315,19501.667,9.789,576.733
6/24/2022 20:56,1008.4,43.96,15.379,43.77,439174.476,745588.019,270680.886,136.3529323,20071.34219,19483.607,9.023,565.574
6/24/2022 20:57,1008.4,43.967,15.355,43.77,439191.876,745634.848,270731.667,135.4977029,20040.98789,19461.667,8.645,559.917
6/24/2022 20:58,1008.4,43.97,15.347,43.77,439182.133,745655.524,270729.667,135.9765313,20042.18297,19471.667,8.563,558.683
6/24/2022 20:59,1008.4,43.97,15.316,43.77,439204.076,745655.676,270813.724,134.8983057,19991.98526,19459.016,7.871,547.197
6/24/2022 21:00,1008.4,43.97,15.329,43.77,439186.305,745590.857,270782.943,135.7714788,20010.36021,19446.667,7.768,545.233
6/24/2022 21:01,1008.4,43.962,15.324,43.769,439186.533,745500.59,270799.505,135.7602733,20000.47238,19443.333,7.995,547.367
6/24/2022 21:02,1008.4,43.96,15.36,43.76,439146.01,745440.295,270688.343,137.7529595,20066.88338,19513.115,9.588,569.262
6/24/2022 21:03,1008.4,43.96,15.362,43.76,439168.267,745360.01,270716.819,136.6582117,20049.86097,19485,8.591,553.45
6/24/2022 21:04,1008.4,43.957,15.36,43.76,439188.486,745373.257,270740.39,135.6642927,20035.77595,19486.667,7.983,542.05
6/24/2022 21:05,1008.4,43.95,15.343,43.758,439207.724,745325.543,270828.876,134.7191156,19982.94315,19437.705,6.858,526.262
6/24/2022 21:06,1008.4,43.953,15.351,43.76,439178.162,745377.981,270761.105,136.1717268,20023.4015,19495,9.112,550.35
6/24/2022 21:07,1008.4,43.96,15.388,43.767,439129.514,745501.629,270644.219,138.5647793,20093.27364,19516.667,9.995,555.05
6/24/2022 21:08,1008.4,43.962,15.401,43.77,439115.971,745570.105,270608.829,139.2315505,20114.45226,19529.508,10.983,559.377
6/24/2022 21:09,1008.4,43.97,15.424,43.778,439088.924,745723.333,270542.676,140.5639222,20154.06941,19555,11.567,558.583
6/24/2022 21:10,1008.4,43.974,15.37,43.782,439146.419,745819.571,270697.019,137.7328361,20061.6963,19466.667,9.106,533.85
6/24/2022 21:11,1008.4,43.98,15.323,43.789,439176.095,745922.962,270802.533,136.2733392,19998.66487,19444.262,8.453,525.131
6/24/2022 21:12,1008.4,43.98,15.336,43.783,439140.857,745877.686,270726.267,138.0065149,20044.21468,19491.667,10.178,539.1
6/24/2022 21:13,1008.4,43.98,15.364,43.78,439137.038,745821.648,270690.39,138.1944536,20065.65949,19493.333,10.174,538.117
6/24/2022 21:14,1008.4,43.97,15.386,43.775,439120.2,745827.943,270637.086,139.0233145,20097.54141,19516.667,10.87,545.583
6/24/2022 21:15,1008.4,43.97,15.366,43.773,439144.133,745750.048,270712.762,137.8453138,20052.28574,19475.41,9.227,530.623
6/24/2022 21:16,1008.4,43.97,15.403,43.772,439109.867,745742.19,270600.371,139.5321545,20119.51541,19511.667,10.6,546.017
6/24/2022 21:17,1008.4,43.97,15.358,43.776,439172.81,745731.857,270755.133,136.4348398,20026.9686,19483.333,8.695,530.4
6/24/2022 21:18,1008.4,43.97,15.348,43.77,439181.99,745748.371,270760.457,135.9835601,20023.78854,19518.033,8.676,536.918
6/24/2022 21:19,1008.4,43.97,15.333,43.77,439210.305,745729.114,270812.2,134.5923477,19992.89483,19491.667,7.178,524.55
6/24/2022 21:20,1008.4,43.97,15.337,43.77,439212.562,745667.943,270800.924,134.4815007,19999.62532,19493.333,7.177,524.183
6/24/2022 21:21,1008.406,43.968,15.346,43.77,439196.552,745634.771,270769.095,135.2679427,20018.62953,19504.918,7.714,532.016
6/24/2022 21:22,1008.5,43.96,15.341,43.77,439203.476,745586.01,270796.476,134.9277795,20002.28058,19461.667,7.163,525.233
6/24/2022 21:23,1008.5,43.96,15.377,43.767,439149.886,745562.638,270666.79,137.5622633,20079.77199,19543.333,9.406,557.467
6/24/2022 21:24,1008.5,43.96,15.382,43.77,439160.41,745529.286,270675.99,137.0445942,20074.26994,19529.508,9.229,551.459
6/24/2022 21:25,1008.5,43.964,15.371,43.77,439163.362,745656.905,270704.124,136.8994142,20057.44894,19488.333,8.204,535.317
6/24/2022 21:26,1008.5,43.969,15.347,43.77,439180.886,745612.295,270767.514,136.0378256,20019.57373,19486.667,7.741,527.833
6/24/2022 21:27,1008.513,43.96,15.336,43.766,439202.962,745571.59,270816.486,134.9530291,19990.33686,19473.77,6.988,513.951
6/24/2022 21:28,1008.6,43.96,15.352,43.76,439169.429,745521.238,270770.79,136.6010754,20017.61727,19501.667,9.283,530.817
6/24/2022 21:29,1008.6,43.96,15.393,43.76,439151.067,745493.686,270689.371,137.5041631,20066.26874,19515,9.462,529.4
6/24/2022 21:30,1008.6,43.96,15.388,43.76,439181.59,745487.952,270745.067,136.0032213,20032.98175,19504.918,7.977,505.016
6/24/2022 21:31,1008.6,43.96,15.379,43.76,439175.438,745578.314,270752.381,136.3056382,20028.61248,19506.667,8.587,514.45
6/24/2022 21:32,1008.6,43.96,15.36,43.765,439184.19,745624.571,270766.943,135.8754274,20019.91474,19501.667,8.21,511.417
6/24/2022 21:33,1008.6,43.96,15.355,43.77,439215.029,745731.324,270804.371,134.360348,19997.56774,19493.443,6.766,495.656
6/24/2022 21:34,1008.6,43.968,15.345,43.77,439227.829,745741.619,270829.362,133.7318822,19982.65316,19481.667,6.585,494.45
6/24/2022 21:35,1008.6,43.97,15.342,43.77,439234.267,745781.362,270829.229,133.4158682,19982.73252,19468.333,6.811,497.133
6/24/2022 21:36,1008.646,43.97,15.328,43.77,439226.895,745765.79,270860.4,133.777733,19964.13722,19459.016,6.28,490.951
6/24/2022 21:37,1008.7,43.968,15.328,43.77,439231.048,745680.857,270868.305,133.5738681,19959.42276,19471.667,6.21,491.117
6/24/2022 21:38,1008.7,43.96,15.34,43.768,439233.238,745666.638,270854.019,133.4663736,19967.94317,19458.333,6.379,494.933
6/24/2022 21:39,1008.7,43.96,15.316,43.767,439260.895,745712.01,270926.229,132.1094138,19924.89388,19432.787,6.052,493.197
6/24/2022 21:40,1008.7,43.967,15.274,43.77,439249.571,745759,270995.8,132.664887,19883.46029,19335,5.947,491.717
6/24/2022 21:41,1008.7,43.97,15.194,43.77,439260.333,745778.495,271144.943,132.1369774,19794.77719,19311.667,5.72,489.55
6/24/2022 21:42,1008.79,43.97,15.226,43.77,439252.924,745745.524,271047.59,132.5003949,19852.64334,19378.689,6.218,500.213
6/24/2022 21:43,1008.8,43.963,15.222,43.767,439249.667,745694.229,271070.99,132.6601772,19838.72706,19343.333,5.584,492.75
6/24/2022 21:44,1008.8,43.96,15.217,43.76,439249.829,745555.619,271099.676,132.6522294,19821.67354,19295,5.728,496.65
6/24/2022 21:45,1008.8,43.954,15.16,43.759,439265.419,745430.143,271243.448,131.8875482,19736.30925,19232.787,5.378,492.131
6/24/2022 21:46,1008.8,43.954,15.168,43.76,439256.429,745520.181,271197.048,132.3284624,19763.83971,19271.667,5.664,501.883
6/24/2022 21:47,1008.8,43.96,15.164,43.762,439264.771,745647.533,271193.429,131.9193257,19765.98775,19271.667,5.778,508.15
6/24/2022 21:48,1008.8,43.96,15.14,43.77,439282.495,745765.838,271222.962,131.0503604,19748.4619,19260.656,5.731,510.557
6/24/2022 21:49,1008.8,43.967,15.121,43.77,439273.981,745778.2,271249.762,131.4677279,19732.5644,19230,5.595,511
6/24/2022 21:50,1008.8,43.97,15.12,43.769,439264.705,745785.676,271224.638,131.9225623,19747.46753,19236.667,6.021,525.9
6/24/2022 21:51,1008.8,43.962,15.123,43.764,439267.152,745692.981,271237.619,131.802566,19739.76674,19204.918,5.827,523.934
6/24/2022 21:52,1008.8,43.96,15.12,43.76,439252.362,745572.752,271234.6,132.5279645,19741.55759,19193.333,6.275,539.267
6/24/2022 21:53,1008.8,43.96,15.115,43.76,439251.114,745523.476,271247.238,132.5891883,19734.06135,19196.667,6.344,543.15
6/24/2022 21:54,1008.8,43.959,15.111,43.76,439253.667,745482.59,271255.305,132.4639468,19729.27711,19203.279,6.481,548.443
6/24/2022 21:55,1008.8,43.952,15.074,43.76,439271.571,745511.067,271371.943,131.5858873,19660.16607,19108.333,5.658,526.783
6/24/2022 21:56,1008.8,43.96,15.067,43.76,439272.6,745624.771,271348.914,131.5354357,19673.80208,19143.333,6.317,546.167
6/24/2022 21:57,1008.8,43.96,15.023,43.769,439272.971,745701.133,271439.371,131.517246,19620.2666,19055.738,5.464,522.607
6/24/2022 21:58,1008.855,43.963,15.016,43.77,439264.476,745733.714,271389.019,131.9337925,19650.05792,19121.667,6.214,545.333
6/24/2022 21:59,1008.9,43.97,15.007,43.77,439258.619,745750.648,271400.419,132.2210438,19643.31107,19086.667,6.09,543.2
6/24/2022 22:00,1008.915,43.966,14.997,43.767,439251.61,745712.181,271408.143,132.5648555,19638.74042,19077.049,6.316,550.066
6/24/2022 22:01,1009,43.96,14.966,43.76,439260.429,745561.695,271518.705,132.132269,19573.37201,19013.333,6.001,540.667
6/24/2022 22:02,1009,43.954,14.964,43.753,439265.038,745414.219,271543.438,131.9062321,19558.76331,19020,5.915,539.5
6/24/2022 22:03,1009.024,43.95,14.939,43.75,439275.305,745403.314,271615.952,131.4028172,19515.96281,18971.667,5.721,534.9
6/24/2022 22:04,1009.1,43.95,14.938,43.757,439265.657,745461.162,271559.752,131.875877,19549.13023,18991.803,6.266,552.344
6/24/2022 22:05,1009.1,43.953,14.94,43.76,439252.762,745536.524,271537.41,132.508342,19562.3233,18970,6.418,558.033
6/24/2022 22:06,1009.1,43.96,14.937,43.767,439248.581,745645.848,271526.41,132.7134575,19568.82044,18966.667,6.977,579.6
6/24/2022 22:07,1009.1,43.96,14.912,43.77,439255.048,745742.99,271572.495,132.3962033,19541.60735,18949.18,6.881,576.197
6/24/2022 22:08,1009.1,43.969,14.891,43.77,439251.619,745795.762,271604.467,132.564414,19522.73868,18913.333,6.917,579.633
6/24/2022 22:09,1009.1,43.97,14.866,43.77,439257.895,745790.571,271642.743,132.256555,19500.1612,18881.667,6.503,566.517
6/24/2022 22:10,1009.1,43.962,14.868,43.761,439250.676,745700.181,271624.514,132.610676,19510.91218,18911.475,7.302,594.164
6/24/2022 22:11,1009.1,43.96,14.862,43.76,439248.105,745537.495,271663.114,132.7368111,19488.15029,18873.333,6.916,581.083
6/24/2022 22:12,1009.1,43.956,14.835,43.755,439261.99,745473.467,271751.019,132.0557104,19436.36174,18835,6.679,572.65
6/24/2022 22:13,1009.1,43.95,14.833,43.751,439262.714,745505.952,271755.162,132.0202033,19433.92256,18814.754,6.622,570.033
6/24/2022 22:14,1009.1,43.95,14.819,43.758,439252.048,745508.114,271762.19,132.5433684,19429.78519,18828.333,7.033,583.267
6/24/2022 22:15,1009.1,43.956,14.817,43.76,439255.39,745592.914,271762.19,132.3794273,19429.78519,18821.667,6.973,580.783
6/24/2022 22:16,1009.173,43.96,14.793,43.762,439258.829,745656.867,271803.867,132.2107437,19405.25873,18778.689,6.924,578.344
6/24/2022 22:17,1009.2,43.96,14.789,43.767,439242.276,745706.448,271760.686,133.0228194,19430.67055,18820,7.512,597.983
6/24/2022 22:18,1009.2,43.96,14.806,43.76,439223.457,745651.438,271695.438,133.9465174,19469.09913,18841.667,8.185,619.6
6/24/2022 22:19,1009.2,43.96,14.812,43.76,439217.752,745593.095,271699.467,134.226633,19466.72514,18842.623,8.21,622.115
6/24/2022 22:20,1009.2,43.953,14.837,43.758,439218.724,745515.362,271637.324,134.1789046,19503.35688,18885,9.062,651.267
6/24/2022 22:21,1009.2,43.95,14.849,43.75,439204.695,745471.076,271603.267,134.8678991,19523.44672,18895,9.071,652.083
6/24/2022 22:22,1009.2,43.95,14.872,43.75,439181.943,745355.533,271529.924,135.9858703,19566.74479,18924.59,9.829,678.344
6/24/2022 22:23,1009.2,43.95,14.916,43.75,439162.248,745389.476,271389.667,136.9541996,19649.67438,18971.667,11.103,718.383
6/24/2022 22:24,1009.2,43.95,14.922,43.75,439176.676,745404.495,271429.648,136.2447771,19626.01762,18915,9.554,669.317
6/24/2022 22:25,1009.2,43.95,14.924,43.756,439164.19,745496.286,271388.914,136.8586952,19650.12007,18942.623,10.283,693.377
6/24/2022 22:26,1009.2,43.956,14.92,43.76,439171.895,745604.648,271405.59,136.4798266,19640.2511,18936.667,10.086,687.117
6/24/2022 22:27,1009.247,43.96,14.904,43.761,439182.819,745666.067,271452.438,135.942813,19612.53893,18900,9.677,675.017
6/24/2022 22:28,1009.3,43.96,14.873,43.76,439196.038,745661.048,271526.838,135.2931972,19568.56762,18839.344,9.228,659.902
6/24/2022 22:29,1009.3,43.96,14.886,43.76,439183.105,745677.219,271483.514,135.9287557,19594.16685,18908.333,10.245,691.433
6/24/2022 22:30,1009.3,43.96,14.903,43.76,439173.629,745619.867,271441.771,136.3945739,19618.84716,18873.333,9.863,677.567
6/24/2022 22:31,1009.3,43.96,14.874,43.758,439189.038,745560.362,271527.99,135.6371655,19567.88715,18845.902,9.319,659.852
6/24/2022 22:32,1009.3,43.951,14.86,43.756,439196.048,745516.295,271581.638,135.2927058,19536.2106,18841.667,9.507,664.133
6/24/2022 22:33,1009.3,43.952,14.862,43.759,439188.238,745544.219,271569.6,135.6764805,19543.3163,18850,9.666,666.917
6/24/2022 22:34,1009.3,43.96,14.87,43.761,439186.581,745650.152,271525.371,135.7579143,19569.43418,18865.574,10.191,680.459
6/24/2022 22:35,1009.3,43.96,14.855,43.77,439189.2,745753.562,271563.181,135.6292044,19547.10577,18828.333,9.714,665.217
6/24/2022 22:36,1009.3,43.962,14.848,43.77,439189.733,745793.771,271561.524,135.6030114,19548.08404,18846.667,9.935,671.55
6/24/2022 22:37,1009.3,43.97,14.852,43.77,439179.762,745818.943,271528.505,136.0930758,19567.58295,18867.213,10.389,685.393
6/24/2022 22:38,1009.34,43.97,14.846,43.77,439191.133,745898.371,271551.724,135.5342137,19553.87032,18863.333,10.099,677.433
6/24/2022 22:39,1009.4,43.97,14.834,43.77,439196.829,745898.181,271543.895,135.2543329,19558.49343,18890,10.545,693.033
6/24/2022 22:40,1009.4,43.965,14.851,43.764,439189.676,745751.6,271525.21,135.6058125,19569.52928,18885.246,10.574,694.279
6/24/2022 22:41,1009.431,43.96,14.881,43.756,439179.448,745601.019,271471.514,136.1085108,19601.26024,18908.333,11.02,708.6
6/24/2022 22:42,1009.5,43.95,14.891,43.75,439178.371,745464.905,271475.143,136.1614528,19599.11495,18883.333,10.728,701.55
6/24/2022 22:43,1009.5,43.95,14.884,43.75,439166.59,745468.619,271478.133,136.7406742,19597.34749,18909.836,10.967,710.016
6/24/2022 22:44,1009.5,43.95,14.885,43.755,439165.943,745532.724,271477.229,136.7724899,19597.88186,18845,10.223,688.133
6/24/2022 22:45,1009.5,43.955,14.877,43.76,439170.276,745643.314,271485.771,136.559429,19592.83283,18866.667,10.54,698.167
6/24/2022 22:46,1009.5,43.96,14.866,43.766,439170.581,745728.467,271493.724,136.5444326,19588.13252,18845.902,10.353,692.115
6/24/2022 22:47,1009.5,43.964,14.862,43.77,439157.943,745804.552,271475.181,137.1659308,19599.09249,18860,10.645,700.233
6/24/2022 22:48,1009.5,43.97,14.844,43.77,439169.4,745859.505,271520.971,136.6025013,19572.03336,18846.667,10.32,691.483
6/24/2022 22:49,1009.5,43.97,14.863,43.77,439144.676,745849.543,271442.438,137.818596,19618.45268,18868.852,10.97,710.148
6/24/2022 22:50,1009.5,43.97,14.864,43.77,439149.495,745834.038,271455.676,137.5814993,19610.62424,18858.333,10.9,707.733
6/24/2022 22:51,1009.525,43.962,14.843,43.763,439167.457,745723.019,271543.505,136.6980411,19558.72375,18806.667,10.462,694.5
6/24/2022 22:52,1009.6,43.96,14.865,43.76,439137.743,745689.581,271451.619,138.159758,19613.02323,18870.492,11.725,729.787
6/24/2022 22:53,1009.6,43.96,14.876,43.76,439138.381,745689.886,271421.171,138.1283603,19631.03232,18868.333,11.335,721.217
6/24/2022 22:54,1009.6,43.96,14.877,43.76,439148.562,745712.295,271442.333,137.6274008,19618.51478,18825,11.017,712.8
6/24/2022 22:55,1009.6,43.96,14.883,43.76,439150.219,745722.819,271417.781,137.5458809,19633.03789,18847.541,11.428,725.852
6/24/2022 22:56,1009.6,43.96,14.862,43.76,439156.743,745766.962,271476.61,137.2249545,19598.24776,18853.333,11.222,720.633
6/24/2022 22:57,1009.6,43.96,14.862,43.762,439152.6,745764.933,271444.952,137.4287488,19616.96588,18856.667,11.817,742.533
6/24/2022 22:58,1009.6,43.96,14.867,43.76,439152.057,745708.781,271433.038,137.4554608,19624.01239,18876.667,11.915,751.117
6/24/2022 22:59,1009.6,43.96,14.862,43.76,439151.648,745622.076,271460.276,137.4755811,19607.90433,18859.016,11.538,741.508
6/24/2022 23:00,1009.6,43.951,14.875,43.753,439152.743,745482.267,271445.133,137.4217143,19616.85884,18875,11.715,751.183
6/24/2022 23:01,1009.6,43.95,14.89,43.75,439142.448,745475.495,271405.476,137.9282252,19640.31855,18891.667,12.155,770.883
6/24/2022 23:02,1009.6,43.95,14.899,43.75,439146,745485.162,271372.286,137.7534515,19659.96301,18877.049,12.035,773.344
6/24/2022 23:03,1009.6,43.95,14.83,43.759,439183.848,745546.838,271599.829,135.8922367,19525.47531,18740,9.708,695.483
6/24/2022 23:04,1009.66,43.955,14.877,43.76,439131.838,745621.048,271356.114,138.4503855,19669.5383,18900,12.212,792.6
6/24/2022 23:05,1009.7,43.96,14.876,43.76,439135.733,745703.952,271372.171,138.2586792,19660.03109,18822.951,10.757,739.508
6/24/2022 23:06,1009.7,43.96,14.868,43.76,439136.724,745715.248,271382.476,138.2099069,19653.93076,18843.333,11.358,767.817
6/24/2022 23:07,1009.7,43.96,14.872,43.76,439131.619,745709.124,271360.962,138.461165,19666.66761,18846.667,11.33,773.933
6/24/2022 23:08,1009.7,43.96,14.86,43.76,439148.648,745716.019,271418.305,137.6231697,19632.72788,18826.23,10.897,760.328
6/24/2022 23:09,1009.7,43.96,14.827,43.76,439170.914,745697.152,271524.305,136.5280596,19570.06387,18750,9.934,729.117
6/24/2022 23:10,1009.7,43.96,14.818,43.762,439175.524,745763.857,271519.133,136.3014103,19573.11916,18781.667,10.528,755.433
6/24/2022 23:11,1009.7,43.96,14.809,43.763,439182.914,745766.924,271560.076,135.9381436,19548.93894,18759.016,10.186,745.557
6/24/2022 23:12,1009.7,43.96,14.804,43.77,439180.695,745811.933,271543.61,136.0472141,19558.66174,18788.333,10.394,755.583
6/24/2022 23:13,1009.7,43.96,14.806,43.77,439165.314,745820.229,271522.562,136.8034211,19571.0935,18763.333,10.04,743.617
6/24/2022 23:14,1009.777,43.96,14.815,43.766,439153.381,745782.457,271463.81,137.3903296,19605.81486,18811.475,10.975,780.23
6/24/2022 23:15,1009.8,43.96,14.822,43.76,439150.876,745683.486,271457.876,137.5135594,19609.32339,18813.333,11.02,782.633
6/24/2022 23:16,1009.8,43.96,14.821,43.76,439165.762,745679.552,271490.933,136.7813906,19589.78197,18790,10.688,769.767
6/24/2022 23:17,1009.8,43.96,14.829,43.76,439153.39,745634.057,271464.429,137.3898869,19605.44889,18824.59,11.674,807.475
6/24/2022 23:18,1009.8,43.96,14.817,43.76,439166.562,745626.229,271501.448,136.7420511,19583.56807,18818.333,11.088,787.133
6/24/2022 23:19,1009.8,43.95,14.813,43.76,439165.429,745632.324,271514.048,136.7977659,19576.12328,18818.333,11.005,783.133
6/24/2022 23:20,1009.8,43.95,14.812,43.76,439173.971,745588.343,271544.771,136.3777598,19557.97612,18800,10.67,770.721
6/24/2022 23:21,1009.8,43.95,14.843,43.76,439150.276,745580.381,271421.267,137.5430768,19630.97552,18855,11.807,818.667
6/24/2022 23:22,1009.8,43.95,14.89,43.76,439113.01,745570.914,271248.857,139.3773646,19733.10113,18883.333,12.503,848.933
6/24/2022 23:23,1009.8,43.95,14.86,43.76,439137.333,745619.714,271401.39,138.1799355,19642.73646,18800,10.621,774.918
6/24/2022 23:24,1009.873,43.96,14.818,43.763,439158.724,745754.029,271514.714,137.1275173,19575.72981,18766.667,10.242,759.783
6/24/2022 23:25,1009.9,43.96,14.793,43.77,439180.362,745873.762,271586.314,136.0635826,19533.45082,18760,10.124,754.45
6/24/2022 23:26,1009.9,43.96,14.795,43.77,439163.276,745885.476,271535.229,136.9036436,19563.61142,18800,10.952,778.672
6/24/2022 23:27,1009.9,43.965,14.794,43.77,439167.019,745884.067,271545.152,136.7195788,19557.75112,18738.333,10.037,745.25
6/24/2022 23:28,1009.9,43.967,14.778,43.77,439168.457,745853.619,271582.257,136.6488692,19535.84525,18740,10.22,748.367
6/24/2022 23:29,1009.9,43.96,14.79,43.768,439153.657,745824.705,271545.381,137.3767527,19557.61589,18780.328,11.028,768.492
6/24/2022 23:30,1009.9,43.96,14.787,43.77,439148.752,745823.581,271543.314,137.6180531,19558.83654,18786.667,11.253,770.383
6/24/2022 23:31,1009.9,43.96,14.808,43.767,439131.924,745793.314,271478.705,138.4461525,19597.00938,18805,11.568,773.3
6/24/2022 23:32,1009.9,43.96,14.817,43.765,439116.752,745781.876,271456.124,139.1930922,19610.35934,18816.393,11.941,778.262
6/24/2022 23:33,1009.9,43.96,14.82,43.761,439135,745779.8,271500.819,138.2947548,19583.93976,18778.333,11.353,760.35
6/24/2022 23:34,1009.9,43.96,14.813,43.767,439131.61,745891.076,271492.657,138.461608,19588.7631,18800,11.815,768.583
6/24/2022 23:35,1009.9,43.969,14.807,43.77,439122.457,745898.171,271487.695,138.9121898,19591.69568,18785.246,11.669,761.918
6/24/2022 23:36,1009.9,43.97,14.806,43.77,439125.371,745990.876,271486.352,138.7687277,19592.48944,18766.667,11.553,757.933
6/24/2022 23:37,1009.9,43.97,14.784,43.77,439137.486,745937.486,271548.057,138.1724058,19556.03566,18780,11.752,762.017
6/24/2022 23:38,1009.9,43.967,14.79,43.765,439138.781,745845.181,271542.876,138.1086755,19559.0952,18786.885,11.702,760.18
6/24/2022 23:39,1009.9,43.96,14.794,43.76,439133.029,745671.6,271557.505,138.391764,19550.4569,18785,11.557,756.183
6/24/2022 23:40,1009.9,43.956,14.813,43.754,439127.162,745605.6,271514.01,138.6805588,19576.14573,18816.667,12.1,774.967
6/24/2022 23:41,1009.9,43.95,14.887,43.75,439083.629,745548.724,271279.543,140.824878,19714.90584,18872.131,13.238,809.934
6/24/2022 23:42,1009.9,43.95,14.888,43.75,439094.225,745533.52,271315.225,140.3027091,19693.75835,18841.667,13.098,806.417
6/24/2022 23:43,1009.9,43.95,14.856,43.755,439123.933,745608.229,271444.695,138.8395219,19617.11787,18806.667,12.035,775.3
6/24/2022 23:44,1009.9,43.952,14.855,43.76,439116.276,745642.362,271416.867,139.2165314,19633.57865,18826.667,12.697,798.117
6/24/2022 23:45,1009.9,43.96,14.854,43.76,439110.905,745706.571,271399.781,139.4810324,19643.68863,18816.393,12.474,791.77
6/24/2022 23:46,1009.951,43.96,14.842,43.76,439114.067,745764.61,271428.438,139.3253114,19626.73338,18778.333,12.108,782.983
6/24/2022 23:47,1010,43.96,14.83,43.767,439111.676,745848.352,271417.01,139.4430612,19633.49404,18806.667,12.655,806.283
6/24/2022 23:48,1010,43.965,14.824,43.77,439119.571,745937.8,271429.438,139.0542849,19626.14184,18788.525,12.4,800.508
6/24/2022 23:49,1010,43.97,14.834,43.77,439104.543,745995.305,271357.181,139.7943873,19668.90647,18825,12.757,818.267
6/24/2022 23:50,1010,43.97,14.822,43.77,439128.943,746013.838,271420.124,138.5928866,19631.65173,18798.333,12.532,813.817
6/24/2022 23:51,1010,43.97,14.836,43.77,439123.257,746010.895,271361.362,138.872803,19666.43076,18829.508,13.026,838.328
6/24/2022 23:52,1010,43.97,14.84,43.77,439117.6,746017.657,271348.01,139.1513356,19674.33746,18830,12.962,840.583
6/24/2022 23:53,1010,43.97,14.827,43.77,439127.733,746011.39,271392.762,138.6524501,19647.84258,18810,12.412,821.167
6/24/2022 23:54,1010,43.97,14.826,43.77,439122.286,745997.857,271383.019,138.9206089,19653.60934,18813.115,12.746,838.525
6/24/2022 23:55,1010,43.97,14.827,43.77,439113.848,746028.286,271361.59,139.3360962,19666.29576,18795,12.655,838.15
6/24/2022 23:56,1010,43.97,14.812,43.77,439121.924,746003.01,271419.81,138.9384318,19631.83749,18780,12.133,819.767
6/24/2022 23:57,1010,43.97,14.793,43.77,439148.619,746065.533,271494.048,137.6245965,19587.94105,18767.213,11.944,816.607
6/24/2022 23:58,1010,43.97,14.781,43.77,439154.495,746047.952,271508.238,137.3355308,19579.55599,18786.667,11.945,820.05
6/24/2022 23:59,1010,43.97,14.776,43.768,439145.562,745997.819,271485.552,137.7750021,19592.96227,18795,12.18,830.633
6/25/2022 0:00,1010,43.962,14.805,43.76,439134.038,745857.857,271426.038,138.3421021,19628.1531,18827.869,12.951,862.885
6/25/2022 0:01,1010.055,43.96,14.858,43.756,439104.171,745702.752,271266.467,139.8127116,19722.65828,18878.333,14.013,907.583
6/25/2022 0:02,1010.1,43.95,14.865,43.75,439104.895,745636.248,271293.6,139.7770484,19706.57343,18841.667,13.26,874.033
6/25/2022 0:03,1010.1,43.95,14.872,43.756,439105.181,745711.971,271264.41,139.7629607,19723.87796,18839.344,13.29,873.344
6/25/2022 0:04,1010.1,43.957,14.874,43.76,439098.276,745768.8,271265.381,140.1031171,19723.30221,18855,13.467,876.533
6/25/2022 0:05,1010.1,43.96,14.885,43.765,439091.095,745867.695,271219.543,140.4569389,19750.49046,18873.333,13.992,892.4
6/25/2022 0:06,1010.1,43.962,14.861,43.77,439123.248,745966.648,271313.914,138.8732461,19694.53514,18819.672,12.833,851.115
6/25/2022 0:07,1010.1,43.97,14.843,43.77,439122.533,746005.295,271343.105,138.9084481,19677.24245,18838.333,12.732,846
6/25/2022 0:08,1010.1,43.97,14.882,43.77,439082.514,746043.619,271165.143,140.8798339,19782.78061,18871.667,13.902,891.95
6/25/2022 0:09,1010.1,43.97,14.889,43.77,439095.971,746047.657,271195.686,140.2166812,19764.6481,18849.18,13.233,867.279
6/25/2022 0:10,1010.1,43.97,14.865,43.77,439111.467,746029.581,271281.857,139.4533543,19713.53408,18858.333,13.035,863.3
6/25/2022 0:11,1010.123,43.97,14.881,43.77,439106.638,746048.99,271202.552,139.6911938,19760.57306,18853.333,13.33,882.133
6/25/2022 0:12,1010.2,43.97,14.866,43.77,439111.695,746016.79,271268,139.4421255,19721.74932,18850.82,12.979,870.738
6/25/2022 0:13,1010.2,43.97,14.861,43.77,439118.533,746015.019,271287.019,139.1053947,19710.47417,18835,12.435,849.6
6/25/2022 0:14,1010.2,43.97,14.855,43.77,439117.371,746041.495,271304.905,139.1626118,19699.87353,18821.667,12.553,857.8
6/25/2022 0:15,1010.2,43.97,14.863,43.77,439099.276,746008.333,271253.114,140.0538507,19730.57646,18860.656,13.27,891.492
6/25/2022 0:16,1010.2,43.97,14.85,43.77,439122.152,745964.762,271326.876,138.9272063,19686.85557,18826.667,12.668,866.267
6/25/2022 0:17,1010.2,43.97,14.828,43.77,439124.552,745976.752,271346.171,138.8090475,19675.42658,18831.667,12.525,860.8
6/25/2022 0:18,1010.2,43.969,14.823,43.768,439124.229,745936.076,271358.933,138.8249493,19667.86904,18831.148,12.651,867.148
6/25/2022 0:19,1010.248,43.96,14.823,43.76,439123.114,745831.524,271392.79,138.8798434,19647.82601,18798.333,12.285,850.7
6/25/2022 0:20,1010.3,43.96,14.844,43.76,439106.924,745771.524,271296.305,139.6771067,19704.97022,18875,14.033,914.733
6/25/2022 0:21,1010.3,43.957,14.862,43.754,439104.905,745711.981,271293.714,139.7765558,19706.50586,18813.115,12.957,869.311
6/25/2022 0:22,1010.3,43.95,14.864,43.75,439116.514,745656.038,271320.581,139.2048118,19690.58497,18803.333,13.065,864.833
6/25/2022 0:23,1010.3,43.95,14.862,43.756,439103.819,745713.381,271311.229,139.8300508,19696.12609,18813.333,13.095,858.95
6/25/2022 0:24,1010.3,43.958,14.843,43.759,439105.39,745782.705,271371.495,139.7526659,19660.4313,18801.639,12.948,846.213
6/25/2022 0:25,1010.3,43.96,14.823,43.76,439104.114,745864.276,271407.752,139.8155193,19638.97179,18761.667,12.495,826.9
6/25/2022 0:26,1010.3,43.96,14.834,43.761,439088.029,745921.914,271352.057,140.6080282,19671.94077,18806.667,13.588,849.883
6/25/2022 0:27,1010.3,43.96,14.824,43.764,439084.581,745900.914,271383.371,140.7779573,19653.40098,18780.328,13.169,835.852
6/25/2022 0:28,1010.3,43.96,14.825,43.764,439077.648,745857.724,271360.8,141.1196882,19666.76353,18798.333,13.873,858.15
6/25/2022 0:29,1010.3,43.96,14.821,43.77,439097.771,745931.905,271397.495,140.1279971,19645.04147,18766.667,13.083,829.95
6/25/2022 0:30,1010.3,43.963,14.808,43.77,439107.59,745997.771,271440.743,139.644303,19619.45515,18772.131,13.048,828.803
6/25/2022 0:31,1010.3,43.97,14.807,43.77,439107.59,746057.924,271424.638,139.644303,19628.98129,18765,13.28,840.667
6/25/2022 0:32,1010.3,43.97,14.788,43.77,439109.476,746024.143,271481.8,139.5514118,19595.17994,18730,12.813,825.633
6/25/2022 0:33,1010.3,43.97,14.777,43.77,439116.943,746026.19,271489.562,139.183687,19590.59224,18732.787,12.911,833.443
6/25/2022 0:34,1010.3,43.97,14.778,43.769,439123.029,746022.79,271491.143,138.8840282,19589.65786,18723.333,12.723,830.867
6/25/2022 0:35,1010.3,43.97,14.755,43.762,439142.562,745969.162,271588.705,137.9226157,19532.03972,18711.667,12.382,821.7
6/25/2022 0:36,1010.3,43.961,14.741,43.76,439146.295,745952.21,271619.333,137.738937,19513.96832,18698.361,12.159,816.213
6/25/2022 0:37,1010.3,43.96,14.724,43.76,439145.457,745914.581,271642.857,137.7801683,19500.09397,18690,11.935,808.467
6/25/2022 0:38,1010.3,43.96,14.717,43.76,439146.714,745872.59,271660.019,137.7183217,19489.9749,18678.333,11.98,810.4
6/25/2022 0:39,1010.3,43.96,14.748,43.753,439116.81,745788.8,271555.876,139.1902362,19551.41872,18726.667,13.042,847.683
6/25/2022 0:40,1010.3,43.956,14.765,43.75,439109.067,745739.61,271502.41,139.5715559,19582.99962,18737.705,13.389,858.475
6/25/2022 0:41,1010.3,43.95,14.757,43.75,439117.733,745700.619,271561.524,139.1447866,19548.08404,18693.333,12.86,841.417
6/25/2022 0:42,1010.3,43.95,14.759,43.752,439112.39,745733.657,271540.505,139.407898,19560.49543,18693.333,13.06,849.367
6/25/2022 0:43,1010.3,43.959,14.753,43.759,439121.181,745866.2,271558.152,138.9750136,19550.0749,18657.377,12.584,830.672
6/25/2022 0:44,1010.3,43.96,14.747,43.76,439108.467,745949.886,271542.648,139.6011075,19559.22985,18685,12.987,843.483
6/25/2022 0:45,1010.3,43.965,14.722,43.767,439118.629,746041.743,271594.505,139.1006677,19528.61693,18661.667,12.938,840.667
6/25/2022 0:46,1010.3,43.97,14.717,43.77,439110.743,746070.067,271576.695,139.4890109,19539.12816,18678.689,13.385,854.508
6/25/2022 0:47,1010.3,43.966,14.715,43.762,439112.905,746014.286,271602.305,139.3825356,19524.01433,18653.333,13.2,844.45
6/25/2022 0:48,1010.3,43.96,14.734,43.76,439109.705,745943.429,271572.581,139.5401332,19541.55658,18658.333,13.192,841.717
6/25/2022 0:49,1010.3,43.96,14.71,43.76,439114.067,745930.229,271649.895,139.3253114,19495.94391,18644.262,13,832.475
6/25/2022 0:50,1010.3,43.96,14.7,43.76,439104.267,745868.133,271655.829,139.8079827,19492.44518,18623.333,13.145,835.467
6/25/2022 0:51,1010.3,43.96,14.685,43.76,439119.248,745897.476,271710.895,139.0701889,19459.99224,18616.667,12.893,827.067
6/25/2022 0:52,1010.3,43.96,14.671,43.76,439122.676,745888.59,271727.19,138.9014076,19450.39384,18596.721,12.885,827.213
6/25/2022 0:53,1010.3,43.96,14.656,43.76,439128.429,745847.41,271787.105,138.6181886,19415.12118,18563.333,12.382,809.917
6/25/2022 0:54,1010.3,43.96,14.62,43.76,439151.152,745949.143,271890.41,137.4999815,19354.37683,18528.333,12.017,797.983
6/25/2022 0:55,1010.3,43.96,14.593,43.76,439147.495,745927.267,271929.095,137.6798962,19331.65329,18518.033,12.044,799.164
6/25/2022 0:56,1010.3,43.96,14.584,43.76,439148.371,745903.4,271935.381,137.6367977,19327.96212,18545,12.575,812.8
6/25/2022 0:57,1010.3,43.96,14.598,43.758,439133.467,745856.305,271892.943,138.3702059,19352.88856,18555,13.203,825.167
6/25/2022 0:58,1010.3,43.957,14.634,43.752,439113.238,745773.048,271796.019,139.3661364,19409.87605,18573.77,13.789,834.295
6/25/2022 0:59,1010.389,43.95,14.652,43.755,439099.8,745769.324,271752.962,140.0280357,19435.21778,18571.667,14.052,837.083
6/25/2022 1:00,1010.4,43.959,14.634,43.76,439107.629,745859.267,271818.505,139.6423821,19396.64797,18541.667,13.385,816.383
6/25/2022 1:01,1010.4,43.962,14.617,43.769,439107.505,746028.705,271818.01,139.6484897,19396.93912,18537.705,13.646,821.213
6/25/2022 1:02,1010.4,43.97,14.606,43.776,439113.638,746198.762,271836.4,139.3464378,19386.12379,18498.333,13.07,804.483
6/25/2022 1:03,1010.4,43.976,14.58,43.78,439125.771,746312.8,271899.686,138.7490358,19348.92694,18495,13.277,808.983
6/25/2022 1:04,1010.4,43.98,14.573,43.781,439119.705,746381,271881.495,139.047687,19359.61532,18509.836,13.652,819.721
6/25/2022 1:05,1010.4,43.98,14.564,43.781,439119.2,746418.362,271887.629,139.0725523,19356.01089,18510,13.453,815
6/25/2022 1:06,1010.4,43.98,14.553,43.78,439126.248,746397.095,271911.229,138.7255534,19342.14617,18451.667,13.045,803.633
6/25/2022 1:07,1010.4,43.98,14.536,43.777,439137.781,746340.771,271992.371,138.1578879,19294.51276,18429.508,12.707,795.475
6/25/2022 1:08,1010.4,43.976,14.54,43.77,439131.438,746211.19,271967.219,138.4700741,19309.27188,18476.667,13.532,827.567
6/25/2022 1:09,1010.4,43.97,14.511,43.77,439146.286,746154.733,272060.095,137.7393798,19254.79958,18403.333,12.525,794.683
6/25/2022 1:10,1010.4,43.97,14.506,43.77,439131.581,746117.848,272038.467,138.4630354,19267.47789,18419.672,13.038,815.82
6/25/2022 1:11,1010.4,43.97,14.489,43.77,439133.867,746173.81,272082.562,138.3505185,19241.6337,18385,12.55,800.7
6/25/2022 1:12,1010.4,43.974,14.484,43.773,439138.39,746297.371,272069.876,138.1279174,19249.06728,18398.333,13.153,821.967
6/25/2022 1:13,1010.4,43.98,14.475,43.78,439134.648,746342.476,272059.114,138.3120793,19255.37455,18386.885,13.184,822.77
6/25/2022 1:14,1010.4,43.98,14.457,43.78,439131.229,746348.952,272075.019,138.4803615,19246.05348,18405,13.458,831.133
6/25/2022 1:15,1010.4,43.98,14.445,43.773,439133.276,746309.095,272109.533,138.3796068,19225.83416,18391.667,13.36,827.433
6/25/2022 1:16,1010.4,43.976,14.396,43.77,439161.686,746225.838,272289.695,136.9818388,19120.45625,18295.082,12.087,788.41
6/25/2022 1:17,1010.4,43.97,14.394,43.768,439146.562,746111.914,272253.676,137.7258003,19141.50167,18325,12.548,808.85
6/25/2022 1:18,1010.4,43.97,14.402,43.76,439146.162,746039.771,272235.467,137.7454808,19152.14519,18330,12.51,815.867
6/25/2022 1:19,1010.4,43.97,14.423,43.76,439153.829,746049.61,272200.257,137.3682918,19172.73422,18293.443,12.146,805.721
6/25/2022 1:20,1010.4,43.97,14.377,43.766,439179.086,746073.829,272360.781,136.1263054,19078.95439,18230,11.343,776.867
6/25/2022 1:21,1010.4,43.97,14.366,43.771,439167.762,746153.286,272312.59,136.6830435,19107.08481,18265,11.785,801.483
6/25/2022 1:22,1010.4,43.973,14.331,43.778,439174.6,746279.095,272394.695,136.3468361,19059.16983,18203.279,11.175,779.098
6/25/2022 1:23,1010.4,43.98,14.307,43.78,439187.8,746317.505,272449.752,135.6980057,19027.07204,18186.667,10.948,772.45
6/25/2022 1:24,1010.4,43.98,14.258,43.78,439204.99,746371.352,272577.457,134.8534083,18952.72141,18123.333,10.325,746.783
6/25/2022 1:25,1010.4,43.98,14.25,43.78,439199.476,746364.143,272546.79,135.1242841,18970.56312,18173.333,11.015,777.817
6/25/2022 1:26,1010.4,43.98,14.257,43.78,439192.6,746271.638,272533.952,135.4621264,18978.03453,18154.098,10.813,770.311
6/25/2022 1:27,1010.4,43.98,14.241,43.773,439196.905,746252.457,272578.848,135.2505989,18951.91233,18146.667,11.018,773.067
6/25/2022 1:28,1010.4,43.972,14.249,43.77,439189.019,746163.314,272559.514,135.6380992,18963.15946,18158.333,11.457,782.033
6/25/2022 1:29,1010.4,43.97,14.22,43.77,439195.962,746117.438,272641.943,135.2969313,18915.23055,18124.59,10.966,763.705
6/25/2022 1:30,1010.4,43.97,14.202,43.769,439182.286,746026.21,272657.867,135.969011,18905.97817,18126.667,11.248,768.9
6/25/2022 1:31,1010.4,43.97,14.204,43.761,439174.105,746024.381,272646.886,136.3711719,18912.35827,18141.667,11.653,782.217
6/25/2022 1:32,1010.4,43.962,14.239,43.76,439166.924,745934.286,272567.638,136.7242503,18958.43311,18140.984,11.728,785.033
6/25/2022 1:33,1010.4,43.96,14.227,43.76,439172.524,745951.038,272618.581,136.4489011,18928.80862,18116.667,11.657,784.267
6/25/2022 1:34,1010.4,43.96,14.177,43.76,439194.8,745943.829,272750.133,135.3540256,18852.41142,18048.333,10.968,761.4
6/25/2022 1:35,1010.4,43.96,14.15,43.768,439193.457,746000.105,272787.343,135.4200154,18830.82917,18075.41,11.277,772.77
6/25/2022 1:36,1010.4,43.969,14.16,43.764,439197.914,746035.01,272752.81,135.201025,18850.85833,18083.333,11.603,787.2
6/25/2022 1:37,1010.4,43.97,14.186,43.763,439177.6,746030.438,272640.19,136.1993538,18916.24924,18116.667,12.162,805.95
6/25/2022 1:38,1010.4,43.97,14.193,43.77,439174.943,746027.419,272627.152,136.3299734,18923.82658,18086.885,11.928,793.885
6/25/2022 1:39,1010.4,43.97,14.168,43.768,439189.676,745982.619,272723.914,135.6058125,18867.6259,18036.667,11.6,779.183
6/25/2022 1:40,1010.4,43.963,14.171,43.76,439182.514,746006.381,272717.514,135.9578043,18871.34062,18038.333,11.847,779.7
6/25/2022 1:41,1010.4,43.96,14.181,43.76,439158.59,745932.133,272669.324,137.134108,18899.32261,18078.689,12.893,797.557
6/25/2022 1:42,1010.4,43.96,14.164,43.76,439163.362,745825.667,272757.686,136.8994142,18848.02962,18001.667,11.893,770.35
6/25/2022 1:43,1010.4,43.96,14.159,43.76,439156.686,745840.514,272762.438,137.2277582,18845.27305,18015,12.375,778.217
6/25/2022 1:44,1010.4,43.96,14.138,43.76,439161.648,745922.667,272793.152,136.9837076,18827.46096,18004.918,12.239,776.049
6/25/2022 1:45,1010.4,43.96,14.134,43.767,439156.457,745986.933,272780.81,137.2390221,18834.61753,17986.667,12.505,782.567
6/25/2022 1:46,1010.4,43.966,14.128,43.77,439161.838,746057.229,272783.276,136.9743634,18833.1875,18003.333,12.812,793.583
6/25/2022 1:47,1010.4,43.97,14.118,43.77,439168.648,746083.162,272800.038,136.6394775,18823.46865,17993.443,12.798,801.557
6/25/2022 1:48,1010.4,43.97,14.087,43.77,439178.895,746116.686,272871.476,136.1356944,18782.07492,17948.333,12.207,786.817
6/25/2022 1:49,1010.4,43.97,14.068,43.77,439191.238,746047.79,272924.19,135.529054,18751.5587,17916.667,11.77,775.967
6/25/2022 1:50,1010.431,43.965,14.066,43.763,439191.238,745963.057,272915.248,135.529054,18756.73355,17926.23,12.128,799.459
6/25/2022 1:51,1010.5,43.96,14.067,43.76,439194.762,745954.971,272913.752,135.3558927,18757.59938,17920,11.922,799.45
6/25/2022 1:52,1010.5,43.96,14.035,43.76,439200.762,745913.571,273004.733,135.0611055,18704.97837,17895,11.928,807
6/25/2022 1:53,1010.5,43.96,14.023,43.76,439204.752,745922.133,273015.724,134.8650992,18698.62628,17916.393,12.2,823.082
6/25/2022 1:54,1010.5,43.96,13.998,43.765,439210.324,746006.771,273068.095,134.5914145,18668.37351,17853.333,11.59,800.883
6/25/2022 1:55,1010.5,43.97,14.009,43.77,439189.695,746078.867,272970.229,135.6048788,18724.92619,17931.667,12.553,831.4
6/25/2022 1:56,1010.5,43.97,14.021,43.767,439183.79,746065.438,272944.429,135.8950874,18739.84865,17908.197,12.452,819.902
6/25/2022 1:57,1010.5,43.963,14.037,43.76,439175.943,745973.019,272912.257,136.2808117,18758.46464,17888.333,12.42,812.517
6/25/2022 1:58,1010.5,43.96,14.038,43.76,439173.41,745986.724,272919.962,136.4053409,18754.00541,17870,12.35,804.2
6/25/2022 1:59,1010.5,43.96,14.02,43.765,439175.314,745977.924,272987.343,136.3117342,18715.03078,17886.885,12.672,802.656
6/25/2022 2:00,1010.5,43.97,14.016,43.77,439174.181,746030.838,272993.533,136.3674355,18711.45231,17880,12.765,798.95
6/25/2022 2:01,1010.5,43.97,13.981,43.77,439189.314,746062.219,273084.638,135.6236021,18658.82214,17835,12.328,785.417
6/25/2022 2:02,1010.5,43.97,14.004,43.77,439172.343,746122.924,272988.029,136.4578001,18714.63418,17875.41,12.885,800.311
6/25/2022 2:03,1010.5,43.97,13.998,43.77,439177.8,746078.771,273013.362,136.1895221,18699.99128,17855,12.59,792.967
6/25/2022 2:04,1010.5,43.97,13.987,43.767,439177.695,746021.01,273063.943,136.1946837,18670.7711,17833.333,12.365,786.067
6/25/2022 2:05,1010.5,43.97,13.966,43.766,439199.343,746023.667,273131.457,135.1308182,18631.80318,17801.639,12.116,778.377
6/25/2022 2:06,1010.5,43.97,13.975,43.77,439195.638,746093.686,273078.295,135.3128507,18662.48409,17850,12.708,800.033
6/25/2022 2:07,1010.5,43.97,13.954,43.77,439199.105,746109.524,273148.057,135.142511,18622.22795,17818.333,12.458,790.15
6/25/2022 2:08,1010.5,43.97,13.97,43.77,439193.505,746140.343,273065.752,135.4176568,18669.72647,17885.246,13.005,805
6/25/2022 2:09,1010.5,43.97,13.969,43.77,439191.61,746145.667,273068.21,135.5107739,18668.3071,17868.333,12.692,797.233
6/25/2022 2:10,1010.5,43.97,13.935,43.767,439201.467,746108.162,273201.752,135.0264712,18591.27176,17768.333,11.812,771.35
6/25/2022 2:11,1010.5,43.966,13.92,43.76,439212.038,745997.01,273223.2,134.507235,18578.91351,17786.885,12.01,784.59
6/25/2022 2:12,1010.5,43.96,13.911,43.76,439216.533,745983.381,273246.714,134.2864917,18565.36939,17776.667,11.818,785.7
6/25/2022 2:13,1010.5,43.96,13.901,43.76,439224.705,745995.057,273256.876,133.8852465,18559.51753,17796.667,11.847,797
6/25/2022 2:14,1010.5,43.96,13.901,43.762,439219.895,745997.724,273234.152,134.1214065,18572.60454,17778.689,11.731,799.426
6/25/2022 2:15,1010.5,43.96,13.928,43.762,439203.933,746011.419,273121.695,134.9053303,18637.43521,17826.667,12.03,820.767
6/25/2022 2:16,1010.5,43.96,13.93,43.761,439209,745994.61,273136.095,134.6564427,18629.12764,17796.667,11.598,806.717
6/25/2022 2:17,1010.5,43.96,13.904,43.76,439216.352,745963.457,273235.305,134.2953798,18571.94041,17726.23,11.148,788.508
6/25/2022 2:18,1010.5,43.96,13.915,43.76,439215.229,745960.781,273173.886,134.3505265,18607.33394,17788.333,11.672,818.067
6/25/2022 2:19,1010.5,43.96,13.902,43.76,439216.257,745953.457,273238.4,134.3000449,18570.15773,17746.667,11.313,801.117
6/25/2022 2:20,1010.495,43.96,13.907,43.76,439221.257,745975.81,273197.838,134.0545322,18593.52742,17751.667,11.477,808.533
6/25/2022 2:21,1010.4,43.967,13.888,43.765,439217.8,746059.829,273228.4,134.224276,18575.91789,17785.246,11.848,819.607
6/25/2022 2:22,1010.4,43.97,13.905,43.77,439207.952,746108.838,273154.495,134.7079169,18618.51501,17795,12.218,825.867
6/25/2022 2:23,1010.4,43.97,13.882,43.77,439223.971,746148.771,273231.876,133.9212822,18573.91556,17756.667,11.747,803.533
6/25/2022 2:24,1010.4,43.97,13.864,43.77,439233.105,746120.648,273292.181,133.4729016,18539.19377,17732.787,11.654,793.23
6/25/2022 2:25,1010.4,43.97,13.899,43.77,439207.257,746115.114,273201.771,134.7420537,18591.26081,17770,12.337,806.267
6/25/2022 2:26,1010.4,43.97,13.879,43.765,439214.257,746105.771,273250.905,134.3982595,18562.95586,17758.333,12.318,799.433
6/25/2022 2:27,1010.4,43.97,13.905,43.77,439199.819,746116.6,273180.21,135.1074329,18603.68815,17772.131,12.485,799.246
6/25/2022 2:28,1010.4,43.97,13.836,43.77,439224.905,746113.695,273388.467,133.8754277,18483.82005,17690,11.807,775.1
6/25/2022 2:29,1010.4,43.97,13.805,43.77,439228.124,746139.248,273458.81,133.7174007,18443.41645,17663.333,11.708,767.183
6/25/2022 2:30,1010.4,43.97,13.815,43.771,439220.143,746193.533,273401.524,134.1092295,18476.31715,17721.311,12.477,787.672
6/25/2022 2:31,1010.4,43.972,13.798,43.778,439224.524,746255.838,273438.514,133.8941326,18455.06969,17656.667,11.845,764.767
6/25/2022 2:32,1010.4,43.98,13.821,43.779,439199.695,746311.886,273321.838,135.1135249,18522.12964,17791.667,13.312,797.75
6/25/2022 2:33,1010.4,43.98,13.87,43.775,439175.79,746268.81,273196.686,136.2883333,18594.19135,17785.246,13.42,793.934
6/25/2022 2:34,1010.4,43.98,13.859,43.77,439185.571,746260.81,273271.048,135.8075529,18551.35795,17743.333,13.018,778.75
6/25/2022 2:35,1010.4,43.971,13.855,43.77,439182.676,746229.476,273300.543,135.9498417,18534.38166,17696.667,12.655,763.75
6/25/2022 2:36,1010.4,43.97,13.878,43.77,439170.105,746175.857,273222.238,136.5678369,18579.46773,17775.41,13.613,781.295
6/25/2022 2:37,1010.4,43.97,13.847,43.77,439194.514,746211.229,273336.838,135.3680783,18513.50178,17690,12.817,758.75
6/25/2022 2:38,1010.4,43.97,13.875,43.77,439166.429,746248.638,273225.01,136.7485912,18577.87078,17796.667,14.23,785.083
6/25/2022 2:39,1010.4,43.97,13.884,43.77,439154.886,746249.571,273206.819,137.3162975,18588.35182,17785.246,14.348,781.672
6/25/2022 2:40,1010.4,43.97,13.874,43.77,439163.495,746297.305,273244.638,136.8928736,18566.56498,17741.667,13.9,770.167
6/25/2022 2:41,1010.4,43.975,13.918,43.77,439134.295,746247.533,273104.048,138.3294531,18647.61846,17846.667,15.447,812.3
6/25/2022 2:42,1010.4,43.977,13.91,43.77,439154.314,746260.448,273172.514,137.3444343,18608.12495,17770.492,14.503,791.016
6/25/2022 2:43,1010.4,43.97,13.933,43.77,439134.381,746241.914,273074.305,138.3252204,18664.78779,17828.333,14.978,806.633
6/25/2022 2:44,1010.4,43.97,13.943,43.77,439132.352,746212.41,273064.105,138.425086,18670.67755,17821.667,14.832,805.367
6/25/2022 2:45,1010.4,43.97,13.95,43.77,439129.4,746215.657,273053.895,138.5703909,18676.57399,17847.541,15.093,804.689
6/25/2022 2:46,1010.4,43.97,13.92,43.77,439150.61,746238.514,273160.714,137.5266454,18614.92871,17818.333,15.158,800.633
6/25/2022 2:47,1010.4,43.97,13.926,43.77,439137.162,746159.229,273126.238,138.1883511,18634.8141,17875,15.52,806.317
6/25/2022 2:48,1010.4,43.97,13.914,43.77,439142.629,746138.276,273180.39,137.9193188,18603.58439,17757.377,14.385,776.984
6/25/2022 2:49,1010.4,43.97,13.906,43.766,439148.422,746072.167,273216.618,137.6342886,18582.70561,17780,14.178,768.5
6/25/2022 2:50,1010.4,43.97,13.962,43.762,439125.552,746015.067,273047.21,138.7598171,18680.43517,17868.333,14.89,779.633
6/25/2022 2:51,1010.4,43.97,14.017,43.762,439109,746010.4,272927.429,139.5748558,18749.68441,17909.836,15.177,777.377
6/25/2022 2:52,1010.4,43.965,14.031,43.76,439113.61,745988.667,272933.429,139.3478167,18746.21269,17930,15.28,771.4
6/25/2022 2:53,1010.4,43.962,13.995,43.764,439140.533,746006.924,273083.762,138.0224586,18659.32785,17838.333,14.453,747.65
6/25/2022 2:54,1010.4,43.97,13.998,43.77,439131.448,746062.924,273070.59,138.4695819,18666.93283,17837.705,14.546,736.098
6/25/2022 2:55,1010.4,43.97,13.969,43.775,439140.048,746209.419,273132.257,138.0463253,18631.34167,17811.667,14.347,726.083
6/25/2022 2:56,1010.4,43.979,13.923,43.78,439154.229,746285.133,273238.571,137.3486155,18570.05924,17750,13.688,711.333
6/25/2022 2:57,1010.4,43.98,13.897,43.78,439170.324,746398.057,273295.905,136.5570689,18537.05063,17744.262,13.621,700.836
6/25/2022 2:58,1010.4,43.98,13.895,43.78,439153.143,746371.457,273289.21,137.4020373,18540.90365,17751.667,13.92,693.533
6/25/2022 2:59,1010.4,43.98,13.893,43.78,439150.105,746373.762,273298.362,137.5514893,18535.63671,17748.333,14.015,683.45
6/25/2022 3:00,1010.4,43.98,13.89,43.78,439137.048,746316.438,273322.143,138.1939615,18521.95419,17744.262,14.182,674.934
6/25/2022 3:01,1010.4,43.98,13.858,43.774,439152.524,746262.619,273410.914,137.4324875,18470.92232,17703.333,13.77,665.4
6/25/2022 3:02,1010.4,43.98,13.862,43.77,439146.105,746266.267,273389.171,137.7482853,18483.41547,17725,14.052,659.2
6/25/2022 3:03,1010.4,43.98,13.857,43.771,439145.552,746263.99,273409.276,137.7754941,18471.86335,17709.836,13.933,651.148
6/25/2022 3:04,1010.305,43.98,13.813,43.776,439165.581,746247.981,273534.819,136.7902912,18399.80625,17671.667,13.482,642.2
6/25/2022 3:05,1010.3,43.98,13.814,43.77,439161.143,746286.762,273514.171,137.008544,18411.64813,17728.333,13.96,637.883
6/25/2022 3:06,1010.3,43.974,13.793,43.77,439178.39,746224.838,273607.067,136.1605188,18358.39998,17647.541,12.99,628.115
6/25/2022 3:07,1010.3,43.97,13.78,43.77,439178.048,746129.876,273621.457,136.1773308,18350.15824,17673.333,13.103,623.933
6/25/2022 3:08,1010.3,43.97,13.802,43.77,439180.714,746157.6,273579.943,136.0462801,18373.93983,17671.667,12.885,617.867
6/25/2022 3:09,1010.3,43.97,13.806,43.77,439182.076,746135.4,273579.629,135.979333,18374.11977,17645.902,12.543,612.41
6/25/2022 3:10,1010.3,43.97,13.766,43.77,439202.01,746161.971,273694.105,134.9997959,18308.57698,17570,11.847,605.333
6/25/2022 3:11,1010.3,43.972,13.728,43.772,439213.248,746191.733,273769.686,134.4478109,18265.36515,17543.333,11.653,600.017
6/25/2022 3:12,1010.3,43.98,13.712,43.779,439218.333,746269.286,273788.981,134.1981039,18254.34151,17546.667,11.703,594.7
6/25/2022 3:13,1010.212,43.98,13.715,43.779,439210.924,746251,273783.59,134.5619463,18257.42118,17540.984,11.713,589.066
6/25/2022 3:14,1010.2,43.98,13.7,43.772,439213.2,746240,273833.667,134.4501681,18228.82376,17511.667,11.47,583.85
6/25/2022 3:15,1010.2,43.973,13.679,43.77,439228.61,746188.552,273890.905,133.6935433,18196.16333,17506.667,11.597,579.183
6/25/2022 3:16,1010.2,43.97,13.674,43.77,439228.381,746158.714,273912.4,133.7047847,18183.9054,17493.443,11.613,574.18
6/25/2022 3:17,1010.2,43.97,13.675,43.773,439213.733,746200.305,273896.505,134.4239926,18192.96945,17521.667,12.233,571.583
6/25/2022 3:18,1010.2,43.98,13.666,43.78,439209.771,746416.629,273880.533,134.6185748,18202.07959,17533.333,12.368,569.333
6/25/2022 3:19,1010.2,43.982,13.647,43.787,439206.714,746459.962,273902.581,134.7687251,18189.50438,17501.639,12.03,566.689
6/25/2022 3:20,1010.2,43.99,13.619,43.79,439203.39,746478.562,273943.876,134.9320042,18165.96279,17513.333,12.203,565.75
6/25/2022 3:21,1010.2,43.985,13.605,43.781,439215.8,746398.048,274004.248,134.3224864,18131.57211,17460,11.562,561.583
6/25/2022 3:22,1010.274,43.98,13.57,43.779,439255.79,746354.181,274136.324,132.3598064,18056.44482,17404.918,11.249,557.885
6/25/2022 3:23,1010.3,43.979,13.575,43.77,439240.838,746231.848,274101.505,133.093384,18076.23595,17513.333,12.137,559.65
6/25/2022 3:24,1010.3,43.97,13.558,43.77,439249.59,746146.038,274164.076,132.6639548,18040.67804,17428.333,11.103,553.317
6/25/2022 3:25,1010.3,43.97,13.535,43.769,439259.61,746080.686,274225.857,132.1724378,18005.6021,17373.77,10.757,549.836
6/25/2022 3:26,1010.3,43.97,13.583,43.769,439232.667,746062.905,274072.571,133.4944001,18092.68999,17521.667,12.177,552.583
6/25/2022 3:27,1010.3,43.97,13.616,43.77,439221.095,746157.99,273996.143,134.0624863,18136.18727,17523.333,11.897,550.133
6/25/2022 3:28,1010.358,43.97,13.624,43.772,439222.676,746173.829,273979.543,133.9848619,18145.64143,17522.951,12.041,549.426
6/25/2022 3:29,1010.4,43.978,13.624,43.778,439231.61,746289.124,273978.857,133.5462822,18146.03218,17506.667,11.68,547.867
6/25/2022 3:30,1010.4,43.98,13.612,43.78,439240.057,746362.143,274019.686,133.13171,18122.78295,17511.667,11.697,548.05
6/25/2022 3:31,1010.4,43.98,13.631,43.78,439233.524,746363.21,273948.01,133.452336,18163.60687,17534.426,11.905,550.59
6/25/2022 3:32,1010.4,43.98,13.632,43.779,439221.924,746361.381,273939.429,134.0217834,18168.49725,17571.667,12.005,556.533
6/25/2022 3:33,1010.4,43.98,13.626,43.78,439233.057,746354.61,273964.381,133.4752576,18154.27868,17501.667,11.37,557.233
6/25/2022 3:34,1010.4,43.98,13.64,43.78,439220.905,746392.914,273901.79,134.0718152,18189.95546,17544.262,11.662,569.41
6/25/2022 3:35,1010.4,43.98,13.64,43.78,439225.924,746410.514,273901.943,133.8254015,18189.86821,17570,11.667,577.767
6/25/2022 3:36,1010.4,43.98,13.627,43.78,439232.076,746391.79,273911,133.5234087,18184.70366,17505,11.242,578.467
6/25/2022 3:37,1010.4,43.98,13.65,43.78,439227.143,746423.467,273855.638,133.7655584,18216.28362,17539.344,11.441,594.492
6/25/2022 3:38,1010.4,43.98,13.639,43.776,439232.99,746291.048,273894.914,133.4785462,18193.87683,17546.667,11.51,606.517
6/25/2022 3:39,1010.4,43.977,13.675,43.77,439213.667,746197.238,273786.962,134.4272339,18255.49486,17591.667,11.97,623.883
6/25/2022 3:40,1010.4,43.97,13.619,43.77,439243.59,746121.895,273985.714,132.958342,18142.1266,17444.262,10.907,602.852
6/25/2022 3:41,1010.4,43.97,13.565,43.762,439250.743,746059.543,274104.257,132.607389,18074.67134,17420,10.962,607.8
6/25/2022 3:42,1010.4,43.97,13.574,43.765,439238.6,746034.552,274046.419,133.2032115,18107.56816,17533.333,12.282,631.917
6/25/2022 3:43,1010.4,43.97,13.538,43.77,439247.838,746094.105,274134.019,132.7499108,18057.75466,17391.803,11.166,614.148
6/25/2022 3:44,1010.4,43.97,13.525,43.77,439239.962,746097.543,274125.457,133.136372,18062.62051,17403.333,11.535,622.55
6/25/2022 3:45,1010.4,43.97,13.575,43.77,439204.59,746127.467,273952.105,134.8730569,18161.27333,17476.667,12.592,643.333
6/25/2022 3:46,1010.4,43.97,13.604,43.77,439191.495,746215.257,273884.876,135.516425,18199.6022,17526.23,13.341,660.131
6/25/2022 3:47,1010.4,43.98,13.598,43.77,439194.99,746230.8,273909.714,135.3446899,18185.43693,17498.333,13.158,665.917
6/25/2022 3:48,1010.4,43.98,13.612,43.77,439184.057,746244.305,273838.562,135.8819643,18226.02954,17555,13.777,695.133
6/25/2022 3:49,1010.385,43.98,13.594,43.773,439187.124,746225.029,273888.4,135.7312279,18197.59212,17465.574,13.031,686.033
6/25/2022 3:50,1010.3,43.98,13.597,43.77,439183.61,746246.352,273843.867,135.9039345,18223.00151,17473.333,13.172,702.767
6/25/2022 3:51,1010.3,43.974,13.606,43.77,439186.533,746139.133,273814.6,135.7602733,18239.70979,17526.667,13.502,735.3
6/25/2022 3:52,1010.3,43.97,13.642,43.768,439175.048,746046.495,273707.771,136.3248113,18300.7601,17519.672,13.354,746.049
6/25/2022 3:53,1010.3,43.97,13.635,43.76,439183.4,745922.038,273743.343,135.9142561,18280.42062,17460,12.942,748.317
6/25/2022 3:54,1010.3,43.96,13.65,43.76,439179.238,745921.781,273682.124,136.1188336,18315.43138,17493.333,13.105,775.333
6/25/2022 3:55,1010.3,43.97,13.623,43.77,439194.619,745988.219,273743.419,135.3629191,18280.37718,17478.689,12.995,784.459
6/25/2022 3:56,1010.3,43.97,13.613,43.77,439196.524,746088.133,273737.571,135.2693184,18283.72022,17441.667,12.738,784.783
6/25/2022 3:57,1010.3,43.97,13.574,43.774,439206.438,746114.6,273826.229,134.782282,18233.07001,17430,12.773,797.617
6/25/2022 3:58,1010.3,43.976,13.564,43.778,439192.295,746178.371,273803.81,135.4771136,18245.87157,17409.836,12.88,814.508
6/25/2022 3:59,1010.3,43.98,13.495,43.78,439211,746214.762,273997.981,134.5582137,18135.14063,17286.667,11.892,777.833
6/25/2022 4:00,1010.3,43.98,13.48,43.778,439208.086,746238.248,273962.752,134.7013352,18155.20678,17408.333,13.345,836.233
6/25/2022 4:01,1010.3,43.974,13.494,43.77,439209.752,746094.01,273943.943,134.619508,18165.92461,17398.361,13.544,849.475
6/25/2022 4:02,1010.3,43.97,13.51,43.762,439197.467,745893.829,273886.39,135.2229867,18198.7386,17401.667,13.735,864.05
6/25/2022 4:03,1010.3,43.961,13.594,43.76,439151.314,745761.676,273595.552,137.492012,18364.99637,17528.333,15.202,931.65
6/25/2022 4:04,1010.3,43.96,13.654,43.759,439138.171,745749.819,273459.143,138.1386949,18443.22528,17511.667,14.965,928.417
6/25/2022 4:05,1010.3,43.96,13.639,43.76,439149.695,745731.619,273552.971,137.5716599,18389.39888,17454.098,14.47,907.18
6/25/2022 4:06,1010.3,43.96,13.624,43.76,439153.514,745779.724,273574.495,137.3837871,18377.06186,17520,15.393,942.45
6/25/2022 4:07,1010.3,43.96,13.612,43.76,439153.562,745875.829,273610.381,137.3814259,18356.50176,17450,14.797,916.883
6/25/2022 4:08,1010.3,43.962,13.611,43.769,439152.657,745915.819,273595.343,137.4259448,18365.1161,17485.246,15.39,925.836
6/25/2022 4:09,1010.3,43.97,13.634,43.77,439130.905,745984.019,273518.286,138.4963095,18409.28784,17541.667,16.088,945.833
6/25/2022 4:10,1010.3,43.97,13.626,43.772,439136.552,746075.01,273534.924,138.2183718,18399.74604,17470,15.283,917.217
6/25/2022 4:11,1010.236,43.973,13.587,43.776,439155.476,746114.457,273671.724,137.2872758,18321.38227,17393.443,14.564,890.049
6/25/2022 4:12,1010.2,43.98,13.588,43.78,439148.943,746202.171,273632.552,137.6086563,18343.8049,17483.333,15.242,907.867
6/25/2022 4:13,1010.2,43.98,13.599,43.77,439142.01,746154.152,273604.743,137.9497779,18359.73119,17428.333,14.797,887.1
6/25/2022 4:14,1010.2,43.97,13.611,43.77,439146.133,746100.676,273590.267,137.7469077,18368.02427,17445.902,14.762,880.197
6/25/2022 4:15,1010.2,43.97,13.615,43.77,439152.848,746099.448,273614.686,137.416549,18354.03605,17501.667,15.287,882.2
6/25/2022 4:16,1010.2,43.97,13.573,43.769,439164.048,746055.333,273782.41,136.8656783,18258.0953,17358.333,13.948,837.083
6/25/2022 4:17,1010.2,43.97,13.503,43.767,439192.552,746029.705,273967.705,135.464485,18152.38495,17288.525,13.469,817.934
6/25/2022 4:18,1010.2,43.97,13.491,43.767,439202.562,746071.943,273988.543,134.9726789,18140.51539,17371.667,13.882,830.133
6/25/2022 4:19,1010.2,43.97,13.518,43.768,439187.619,746000.162,273879.438,135.706901,18202.70423,17406.667,13.97,839.317
6/25/2022 4:20,1010.2,43.97,13.522,43.762,439186.229,746018.143,273867.733,135.7752139,18209.38206,17393.443,13.677,831.492
6/25/2022 4:21,1010.154,43.97,13.572,43.762,439168.438,745958.181,273746.038,136.6498034,18278.88011,17451.667,14.072,846.683
6/25/2022 4:22,1010.1,43.97,13.591,43.762,439169.857,746008.8,273719.286,136.5800308,18294.17482,17486.667,14.023,840.867
6/25/2022 4:23,1010.1,43.97,13.587,43.77,439183.867,746071.648,273747.467,135.8913028,18278.06329,17418.033,13.513,820.803
6/25/2022 4:24,1010.01,43.971,13.614,43.776,439181.305,746224.514,273645.438,136.0172301,18336.42731,17543.333,14.053,834.033
6/25/2022 4:25,1010,43.98,13.629,43.78,439179.619,746277.419,273613.505,136.1001051,18354.71246,17526.667,13.783,823.35
6/25/2022 4:26,1010,43.98,13.639,43.78,439179.752,746311.4,273609.352,136.0935674,18357.09115,17503.279,13.485,808.459
6/25/2022 4:27,1010,43.98,13.599,43.78,439196.305,746281.686,273751.381,135.2800786,18275.82614,17410,12.837,785.583
6/25/2022 4:28,1010,43.98,13.603,43.776,439191.981,746242.533,273726.143,135.4925432,18290.25394,17476.667,13.222,783.75
6/25/2022 4:29,1010,43.98,13.584,43.771,439201.971,746227.562,273823.276,135.0017118,18234.75597,17422.951,12.925,766.508
6/25/2022 4:30,1010,43.98,13.6,43.77,439193.343,746210.41,273752.686,135.4256171,18275.08026,17531.667,13.587,766.183
6/25/2022 4:31,1010.008,43.98,13.604,43.77,439196.248,746178.81,273778.629,135.2828791,18260.25543,17485,13.177,755.117
6/25/2022 4:32,1010.1,43.976,13.621,43.77,439191.419,746180.714,273736.562,135.5201596,18284.29705,17439.344,12.77,745.164
6/25/2022 4:33,1010.1,43.97,13.59,43.77,439212.619,746143.59,273867.324,134.4787013,18209.61542,17370,12.325,734.683
6/25/2022 4:34,1010.1,43.972,13.534,43.775,439231.705,746229.629,274011.076,133.5416191,18127.68454,17328.333,12.037,727.35
6/25/2022 4:35,1010.1,43.98,13.511,43.78,439240.286,746309.743,274030.914,133.1204722,18116.39191,17409.836,12.289,736.393
6/25/2022 4:36,1010.1,43.98,13.469,43.783,439254.41,746447,274121.505,132.4274994,18064.86667,17298.333,11.59,716.717
6/25/2022 4:37,1010.1,43.98,13.424,43.785,439263.238,746474.676,274186.714,131.9945052,18027.82158,17275,11.495,712.017
6/25/2022 4:38,1010.1,43.98,13.51,43.78,439237.343,746378.41,273964.448,133.2649004,18154.24051,17436.066,12.418,728.131
6/25/2022 4:39,1010.1,43.98,13.531,43.779,439234.095,746305.01,273959.305,133.4243102,18157.17074,17420,12.425,720.35
6/25/2022 4:40,1010.1,43.979,13.523,43.77,439244.838,746243.371,274020.124,132.8971054,18122.53361,17328.333,11.87,705.133
6/25/2022 4:41,1010.1,43.97,13.492,43.77,439252.99,746120.571,274114.457,132.4971572,18068.87281,17331.148,11.98,700
6/25/2022 4:42,1010.1,43.97,13.529,43.77,439229.59,746114.286,273991.724,133.6454366,18138.70378,17416.667,12.585,699.533
6/25/2022 4:43,1010.1,43.97,13.553,43.77,439229.533,746155.419,273960.476,133.6482346,18156.50354,17401.667,12.458,690.767
6/25/2022 4:44,1010.1,43.97,13.536,43.77,439238.876,746174.629,274025.181,133.1896667,18119.65503,17367.213,12.202,681.672
6/25/2022 4:45,1010.1,43.973,13.496,43.77,439254.39,746221.295,274125.143,132.4284805,18062.79897,17313.333,11.905,671.267
6/25/2022 4:46,1010.1,43.98,13.472,43.775,439248.486,746269.381,274183.733,132.7181184,18029.51429,17253.333,11.592,661.833
6/25/2022 4:47,1010.099,43.98,13.476,43.78,439250.486,746359.952,274160.305,132.6199972,18042.82007,17303.333,11.843,655.917
6/25/2022 4:48,1010,43.98,13.436,43.78,439259.552,746393.429,274255.6,132.1752825,17988.72732,17226.23,11.39,647.082
6/25/2022 4:49,1010,43.98,13.459,43.78,439245.41,746378.648,274180.676,132.8690394,18031.25022,17355,12.038,642.367
6/25/2022 4:50,1010,43.98,13.446,43.78,439252.114,746341.8,274232.486,132.5401306,18001.84046,17296.667,11.69,635.233
6/25/2022 4:51,1010,43.98,13.408,43.78,439265.876,746292.486,274346.095,131.8651376,17937.43151,17252.459,11.221,628.885
6/25/2022 4:52,1010,43.98,13.371,43.775,439291.752,746273.952,274455.067,130.5966824,17875.75575,17203.333,11.05,622.517
6/25/2022 4:53,1010,43.98,13.363,43.77,439285.676,746219.248,274457.295,130.894449,17874.49581,17208.333,10.885,618.75
6/25/2022 4:54,1010,43.973,13.36,43.77,439283.61,746172.21,274458.457,130.995709,17873.83872,17216.393,10.851,618.82
6/25/2022 4:55,1010,43.97,13.392,43.77,439275.029,746119.924,274359.886,131.4163482,17929.62047,17308.333,11.213,625.683
6/25/2022 4:56,1010,43.97,13.486,43.77,439250.59,746082.438,274141.648,132.6148951,18053.41957,17345,11.335,633.25
6/25/2022 4:57,1010,43.97,13.5,43.77,439247.581,746092.638,274128.171,132.76252,18061.07805,17362.295,11.3,637.41
6/25/2022 4:58,1010,43.97,13.488,43.77,439252.143,746160.086,274159.6,132.538708,18043.22055,17350,11.243,640.583
6/25/2022 4:59,1010,43.977,13.448,43.779,439266.952,746239.714,274236.819,131.8123733,17999.38189,17311.667,11.077,642.033
6/25/2022 5:00,1010,43.98,13.501,43.78,439244.686,746342.571,274047.267,132.9045636,18107.08563,17418.033,11.723,667.639
6/25/2022 5:01,1010,43.98,13.483,43.78,439251.943,746316.352,274125.171,132.5485194,18062.78305,17310,11.25,662.717
6/25/2022 5:02,1010,43.98,13.532,43.78,439232.381,746275.076,273953.533,133.508438,18160.45961,17456.667,12.358,707.017
6/25/2022 5:03,1010,43.98,13.542,43.78,439231.029,746254.248,273939.152,133.5748008,18168.65512,17380.328,12.09,712.41
6/25/2022 5:04,1010,43.98,13.501,43.78,439245.314,746351.629,274054.029,132.8737497,18103.23813,17301.667,11.577,703.417
6/25/2022 5:05,1010,43.98,13.538,43.781,439229.914,746383.114,273859.552,133.6295323,18214.0501,17468.333,12.917,775.15
6/25/2022 5:06,1010,43.98,13.611,43.78,439196.905,746340.829,273628.286,135.2505989,18346.24762,17563.934,13.58,817.902
6/25/2022 5:07,1010.054,43.98,13.615,43.78,439205.705,746314.219,273654.971,134.8182869,18330.97032,17508.333,13.132,817.767
6/25/2022 5:08,1010.1,43.98,13.647,43.775,439202.076,746221.981,273552.695,134.9965536,18389.5571,17575,13.563,867.9
6/25/2022 5:09,1010.1,43.974,13.641,43.77,439198.41,746097.61,273612.467,135.1766562,18355.30697,17501.639,12.941,849.016
6/25/2022 5:10,1010.1,43.97,13.636,43.77,439203.667,746068.705,273593.905,134.918397,18365.93995,17586.667,13.392,902.917
6/25/2022 5:11,1010.1,43.97,13.592,43.77,439221.59,746110.838,273756.971,134.0381823,18272.63124,17418.333,12.347,844.883
6/25/2022 5:12,1010.1,43.97,13.582,43.77,439220.057,746125.476,273732.952,134.1134521,18286.3609,17459.016,12.611,868.557
6/25/2022 5:13,1010.1,43.976,13.557,43.773,439237.676,746214.162,273764.781,133.2485577,18268.16799,17455,12.442,867.667
6/25/2022 5:14,1010.1,43.98,13.605,43.78,439210.324,746204.8,273592.267,134.5914145,18366.87839,17458.333,12.365,868.133
6/25/2022 5:15,1010.1,43.977,13.589,43.77,439221.533,746116.762,273692.943,134.0409809,18309.24172,17419.672,12.08,854.672
6/25/2022 5:16,1010.184,43.97,13.59,43.77,439229.295,746031.314,273722.8,133.6599176,18292.16544,17450,12.107,862.4
6/25/2022 5:17,1010.2,43.97,13.59,43.77,439233.314,745996.381,273718.143,133.4626433,18294.82844,17480,12.053,867.1
6/25/2022 5:18,1010.2,43.97,13.589,43.77,439243.114,746082.838,273733.571,132.9816988,18286.00701,17400,11.448,840.377
6/25/2022 5:19,1010.2,43.97,13.58,43.77,439243.371,746142.01,273726.019,132.9690881,18290.32484,17463.333,11.627,854.15
6/25/2022 5:20,1010.2,43.97,13.59,43.77,439240.371,746164.457,273713.133,133.116301,18297.6935,17415,11.335,836.383
6/25/2022 5:21,1010.2,43.97,13.585,43.77,439247.124,746178.305,273734.714,132.784942,18285.35354,17434.426,11.298,833.492
6/25/2022 5:22,1010.2,43.97,13.592,43.77,439249.867,746129.867,273715.619,132.6503651,18296.27181,17458.333,11.375,834.7
6/25/2022 5:23,1010.2,43.97,13.591,43.77,439256.162,746154.295,273749.448,132.3415591,18276.93098,17410,11.062,819.817
6/25/2022 5:24,1010.2,43.97,13.577,43.77,439262.971,746181.914,273796.571,132.0075994,18250.00607,17385.246,10.903,809.754
6/25/2022 5:25,1010.2,43.97,13.573,43.771,439248.257,746146.286,273777.495,132.7293536,18260.90332,17470,11.285,826.483
6/25/2022 5:26,1010.2,43.97,13.588,43.77,439240.752,746179.933,273731.724,133.0976043,18287.06298,17445,11.073,819.35
6/25/2022 5:27,1010.2,43.97,13.553,43.771,439253.171,746161.638,273846.133,132.4882782,18221.70817,17403.279,10.908,810.934
6/25/2022 5:28,1010.2,43.97,13.478,43.77,439278.905,746113.495,274060.486,131.2263349,18099.56455,17286.667,10.39,787.233
6/25/2022 5:29,1010.2,43.97,13.484,43.77,439269.352,746120.771,274003.248,131.6946891,18132.1415,17368.333,11.045,806.917
6/25/2022 5:30,1010.158,43.97,13.468,43.77,439265.829,746084.819,274068.01,131.8674424,18095.28437,17245.902,10.315,775.393
6/25/2022 5:31,1010.1,43.97,13.42,43.776,439273.076,746152.467,274146.771,131.512098,18050.50877,17265,10.625,778.783
6/25/2022 5:32,1010.009,43.978,13.464,43.78,439240.924,746201.286,273983.171,133.0891638,18143.57498,17363.333,11.688,803.083
6/25/2022 5:33,1010,43.98,13.495,43.78,439227.133,746227.448,273913.314,133.7660493,18183.38427,17377.049,12.016,802.656
6/25/2022 5:34,1010,43.98,13.499,43.778,439228.971,746188.743,273914.895,133.6758222,18182.48284,17386.667,12.253,798.717
6/25/2022 5:35,1009.916,43.974,13.496,43.77,439233.771,746100.876,273976.638,133.4402127,18147.29615,17328.333,12.132,781.15
6/25/2022 5:36,1009.9,43.97,13.499,43.77,439221.067,745952.086,273988.981,134.063861,18140.26594,17293.443,11.874,766.77
6/25/2022 5:37,1009.9,43.97,13.482,43.765,439221.305,745985.619,274047.314,134.0521754,18107.05888,17280,12.052,758.917
6/25/2022 5:38,1009.9,43.97,13.499,43.77,439202.895,746016.695,273977.695,134.9563205,18146.69407,17348.333,12.89,765.783
6/25/2022 5:39,1009.9,43.97,13.531,43.77,439181.457,746064.181,273889.752,136.0097587,18196.82097,17419.672,13.711,768.541
6/25/2022 5:40,1009.958,43.97,13.5,43.77,439204.219,746077.286,274014.676,134.8912812,18125.63502,17356.667,13.305,752.55
6/25/2022 5:41,1010,43.97,13.515,43.77,439190.981,746039.952,273963.59,135.541683,18154.72934,17413.333,13.907,757.417
6/25/2022 5:42,1010,43.97,13.531,43.77,439183.857,746038.648,273946.8,135.8917943,18164.29642,17390.164,13.679,750.852
6/25/2022 5:43,1010.075,43.97,13.493,43.77,439200.638,746081.171,274049.295,135.0671972,18105.93168,17320,13.168,741.167
6/25/2022 5:44,1010.1,43.97,13.498,43.77,439195.267,746126.933,273997.99,135.3310795,18135.1355,17335,13.19,749.933
6/25/2022 5:45,1010.1,43.971,13.525,43.776,439193.876,746148.648,273916.314,135.3994271,18181.6738,17358.333,13.185,757.55
6/25/2022 5:46,1010.1,43.98,13.492,43.78,439218.333,746239.152,274040.01,134.1981039,18111.21521,17318.033,12.841,756.213
6/25/2022 5:47,1010.1,43.98,13.49,43.78,439211.343,746295.876,273976.219,134.541368,18147.53483,17406.667,13.267,798.55
6/25/2022 5:48,1010.1,43.98,13.447,43.78,439229.771,746262.133,274092.438,133.6365517,18081.39135,17316.667,12.44,782.083
6/25/2022 5:49,1010.1,43.98,13.417,43.77,439242.248,746217.857,274135.61,133.0241933,18056.85055,17268.852,11.972,782.607
6/25/2022 5:50,1010.1,43.971,13.469,43.766,439220.419,746087.695,273980.438,134.0956777,18145.13164,17375,12.492,823.217
6/25/2022 5:51,1010.1,43.97,13.588,43.762,439196.343,746012.781,273620,135.2782115,18350.99265,17530,12.868,872.267
6/25/2022 5:52,1010.1,43.97,13.64,43.76,439195.038,745937.495,273519.371,135.3423314,18408.66552,17636.066,13.095,909.262
6/25/2022 5:53,1010.1,43.97,13.657,43.76,439195.038,745955.105,273494.971,135.3423314,18422.66286,17576.667,12.682,893.117
6/25/2022 5:54,1010.1,43.97,13.637,43.76,439207.248,745999.419,273588.667,134.7424958,18368.941,17471.667,12.168,864.85
6/25/2022 5:55,1010.027,43.97,13.614,43.768,439214.714,746027.743,273639.543,134.375817,18339.80219,17500,12.269,870.23
6/25/2022 5:56,1010,43.97,13.594,43.77,439219.559,746120,273701.431,134.1379045,18304.38635,17395,11.635,841.633
6/25/2022 5:57,1010,43.97,13.569,43.77,439228.79,746129.2,273745,133.6847072,18279.47344,17473.333,11.988,855.783
6/25/2022 5:58,1010,43.98,13.626,43.771,439208.448,746205.305,273580.695,134.6835549,18373.50891,17511.475,12.146,861.967
6/25/2022 5:59,1010,43.98,13.658,43.778,439197.505,746237.848,273479.4,135.2211197,18431.59802,17608.333,12.422,876.367
6/25/2022 6:00,1010,43.98,13.651,43.778,439201.962,746268.867,273532.19,135.0021539,18401.31381,17548.333,11.982,858.467
6/25/2022 6:01,1010,43.98,13.662,43.772,439200.19,746190.19,273491.124,135.0892064,18424.8702,17581.967,12.082,862.246
6/25/2022 6:02,1010,43.976,13.669,43.77,439200.505,746108.848,273516.724,135.0737312,18410.18376,17501.667,11.72,843.9
6/25/2022 6:03,1010,43.97,13.625,43.77,439219.124,746129.438,273657.886,134.1592637,18329.30184,17466.667,11.54,831.817
6/25/2022 6:04,1010,43.97,13.599,43.77,439231.981,746111.619,273733.543,133.5280717,18286.02301,17426.23,11.379,820.443
6/25/2022 6:05,1010,43.973,13.587,43.773,439227.276,746167.905,273734.41,133.7590293,18285.52734,17511.667,11.753,829.317
6/25/2022 6:06,1010,43.98,13.594,43.772,439223.21,746177.305,273722.867,133.9586442,18292.12713,17485,11.547,817.05
6/25/2022 6:07,1009.913,43.974,13.55,43.77,439237.4,746141.39,273855.333,133.262103,18216.45767,17470.492,11.525,809.459
6/25/2022 6:08,1009.9,43.97,13.559,43.765,439226.571,745992.076,273842.381,133.7936387,18223.84967,17438.333,11.382,795.617
6/25/2022 6:09,1009.9,43.967,13.614,43.76,439205.419,745871.152,273705.686,134.8323353,18301.95261,17541.667,12.15,803.183
6/25/2022 6:10,1009.9,43.96,13.633,43.76,439205.438,745870.152,273695.152,134.8314021,18307.97805,17490.164,11.903,789.049
6/25/2022 6:11,1009.9,43.963,13.649,43.76,439205.343,745936.352,273661.59,134.8360685,18327.18186,17518.333,12.07,782.783
6/25/2022 6:12,1009.9,43.97,13.612,43.77,439232.619,746028.829,273796.295,133.4967561,18250.16371,17383.333,11.412,761.65
6/25/2022 6:13,1009.9,43.97,13.622,43.77,439220.143,746091.771,273716.095,134.1092295,18295.9996,17467.213,11.887,769.787
6/25/2022 6:14,1009.9,43.97,13.599,43.77,439223.476,746149.448,273803.59,133.9455846,18245.99722,17388.333,11.4,755.533
6/25/2022 6:15,1009.9,43.97,13.566,43.77,439223.8,746086.657,273858.686,133.9296775,18214.54427,17398.333,11.423,756.167
6/25/2022 6:16,1009.9,43.97,13.585,43.766,439221.124,746025.276,273819.4,134.0610624,18236.96901,17401.639,11.438,757.951
6/25/2022 6:17,1009.9,43.97,13.597,43.761,439224.086,746008.914,273787.867,133.9156362,18254.97788,17493.333,11.78,774.817
6/25/2022 6:18,1009.9,43.97,13.605,43.76,439219.257,745921.79,273771.543,134.1527332,18264.30407,17435,11.5,768.933
6/25/2022 6:19,1009.973,43.97,13.628,43.76,439207.886,745853.486,273705.924,134.7111586,18301.81648,17488.525,11.641,781.639
6/25/2022 6:20,1010,43.97,13.607,43.764,439219.295,745954.39,273759.4,134.1508673,18271.24306,17453.333,11.498,782.817
6/25/2022 6:21,1010,43.97,13.606,43.77,439229.4,746033.971,273765.41,133.6547633,18267.80855,17398.333,11.168,773.367
6/25/2022 6:22,1010,43.97,13.566,43.77,439238.352,746099.886,273835.114,133.2153822,18227.99775,17496.721,11.567,807.164
6/25/2022 6:23,1010,43.97,13.58,43.77,439235.695,746076,273791.486,133.3457814,18252.91059,17488.333,11.35,810.95
6/25/2022 6:24,1010,43.97,13.525,43.769,439259.857,746005.686,273970.848,132.1603233,18150.59442,17330,10.62,774.75
6/25/2022 6:25,1010,43.97,13.509,43.761,439257.514,745932.495,273978.2,132.2752428,18146.40641,17393.443,10.779,795.262
6/25/2022 6:26,1010,43.962,13.591,43.76,439234.019,745879.086,273744.486,133.4280404,18279.76726,17471.667,10.92,812.1
6/25/2022 6:27,1010,43.96,13.61,43.76,439244.619,745860.429,273708.962,132.9078511,18300.07893,17471.667,10.883,814.133
6/25/2022 6:28,1009.995,43.96,13.591,43.76,439245.067,745866.743,273793.752,132.8858691,18251.61624,17405,10.64,799.517
6/25/2022 6:29,1009.9,43.96,13.592,43.764,439240.743,745886.286,273763.362,133.0980459,18268.97888,17463.934,10.733,808.934
6/25/2022 6:30,1009.9,43.97,13.597,43.769,439239.276,745970.99,273720.819,133.1700368,18293.29821,17483.333,10.758,812.833
6/25/2022 6:31,1009.832,43.97,13.558,43.77,439257.114,746014.8,273866.876,132.2948627,18209.87103,17358.333,10.343,789.233
6/25/2022 6:32,1009.744,43.97,13.532,43.766,439267.533,745944.905,273932.943,131.7838832,18172.19408,17308.197,10.161,780.164
6/25/2022 6:33,1009.627,43.97,13.526,43.76,439265.143,745950.638,273946.286,131.901083,18164.58934,17321.667,10.13,779.867
6/25/2022 6:34,1009.5,43.97,13.478,43.76,439273.581,745965.695,274089.81,131.4873389,18082.88574,17266.667,9.95,768.383
6/25/2022 6:35,1009.41,43.97,13.475,43.761,439270.6,745973.305,274056.295,131.6334964,18101.9489,17311.475,10.012,773.246
6/25/2022 6:36,1009.4,43.97,13.501,43.769,439273.219,745983.581,273977.229,131.505087,18146.95951,17351.667,10.122,781.05
6/25/2022 6:37,1009.4,43.97,13.495,43.768,439272.571,745998.219,274006.105,131.5368575,18130.51478,17350,10.115,780.367
6/25/2022 6:38,1009.536,43.97,13.526,43.76,439265.514,745922.686,273918.429,131.8828896,18180.46797,17400,10.172,785.115
6/25/2022 6:39,1009.674,43.963,13.491,43.76,439275.276,745886.914,274053.771,131.4042389,18103.38493,17288.333,9.915,766.333
6/25/2022 6:40,1009.788,43.96,13.442,43.76,439281.733,745846.962,274172.514,131.0877106,18035.88546,17261.667,9.803,757.417
6/25/2022 6:41,1009.81,43.96,13.414,43.76,439283.533,745763.638,274211.648,130.999483,18013.6663,17301.639,10.068,765.197
6/25/2022 6:42,1009.9,43.96,13.436,43.759,439275.81,745765.438,274163.21,131.3780596,18041.16994,17296.667,10.101,762.55
6/25/2022 6:43,1009.9,43.96,13.413,43.76,439283.676,745785.343,274202.324,130.992474,18018.959,17271.667,10.109,756.25
6/25/2022 6:44,1009.811,43.96,13.448,43.76,439267.381,745797.048,274100.133,131.7913367,18077.01601,17327.869,10.562,765.082
6/25/2022 6:45,1009.788,43.96,13.49,43.76,439259.038,745855.276,274022.419,132.2004928,18121.22721,17341.667,10.693,764.733
6/25/2022 6:46,1009.7,43.96,13.487,43.76,439256.886,745843.019,274041.924,132.3060462,18110.12601,17320,10.612,758.067
6/25/2022 6:47,1009.685,43.963,13.506,43.766,439254.048,745933.257,273977.886,132.445257,18146.58527,17395.082,11.182,768.23
6/25/2022 6:48,1009.6,43.97,13.495,43.77,439253.571,746026.829,274016.314,132.468656,18124.70252,17338.333,11.073,757.4
6/25/2022 6:49,1009.513,43.972,13.501,43.778,439241.114,746163.752,273979.467,133.0798401,18145.68472,17331.667,11.155,753.333
6/25/2022 6:50,1009.374,43.98,13.486,43.78,439245.124,746268.057,274011.505,132.8830723,18127.4403,17334.426,11.298,750.852
6/25/2022 6:51,1009.201,43.98,13.492,43.78,439240.181,746246.324,273998.943,133.1256249,18134.59283,17378.333,11.768,755.717
6/25/2022 6:52,1008.989,43.98,13.461,43.78,439254.4,746250.629,274102.295,132.4279899,18075.7868,17278.333,11.168,737.067
6/25/2022 6:53,1008.9,43.98,13.419,43.779,439267.324,746230.105,274203.819,131.7941318,18018.11033,17231.148,10.993,728.18
6/25/2022 6:54,1008.827,43.98,13.392,43.77,439266.39,746156.905,274274.486,131.8399322,17978.01624,17201.667,10.788,719.6
6/25/2022 6:55,1008.8,43.972,13.372,43.77,439277.743,746086.638,274356.848,131.2832975,17931.34101,17140,10.493,709.733
6/25/2022 6:56,1008.86,43.97,13.354,43.77,439279.867,746031.19,274392.352,131.1791779,17911.23859,17150.82,10.534,712.656
6/25/2022 6:57,1008.983,43.97,13.336,43.767,439289.943,745986.057,274436.467,130.6853308,17886.27571,17201.667,10.725,726.1
6/25/2022 6:58,1009.1,43.965,13.348,43.763,439278.067,745870.629,274389.562,131.2674144,17912.8179,17193.333,10.485,724.5
6/25/2022 6:59,1009.18,43.96,13.332,43.76,439282.619,745812.105,274441.438,131.0442825,17883.46387,17180.328,10.349,729.311
6/25/2022 7:00,1009.246,43.96,13.369,43.756,439268.686,745716.352,274284.086,131.7273457,17972.57284,17290,10.653,764.467
6/25/2022 7:01,1009.451,43.96,13.437,43.758,439254.705,745721.371,274112.352,132.4130285,18070.0694,17345,10.823,781.9
6/25/2022 7:02,1009.641,43.96,13.51,43.76,439237.495,745759.371,273904.152,133.2574407,18188.60851,17422.951,11.197,801.705
6/25/2022 7:03,1009.757,43.96,13.513,43.76,439247.971,745868.248,273938.257,132.7433854,18169.16523,17391.667,11.087,797.4
6/25/2022 7:04,1009.8,43.965,13.532,43.766,439243.962,745980.086,273855.543,132.9400886,18216.33783,17411.667,11.142,805.2
6/25/2022 7:05,1009.832,43.97,13.529,43.77,439243.524,746047.314,273878.019,132.9615805,18203.51373,17368.852,10.916,794.77
6/25/2022 7:06,1009.9,43.97,13.494,43.771,439255.676,746101.305,273962.362,132.3653983,18155.42898,17380,10.94,795.383
6/25/2022 7:07,1009.9,43.97,13.53,43.771,439246.095,746144.571,273848.61,132.8354294,18220.29446,17378.333,10.92,796.817
6/25/2022 7:08,1009.9,43.97,13.541,43.77,439247.524,746095.152,273821.924,132.7653166,18235.52789,17431.148,11.121,806.787
6/25/2022 7:09,1009.9,43.97,13.554,43.77,439243.562,746110.086,273797.476,132.9597159,18249.48916,17453.333,11.122,810.517
6/25/2022 7:10,1009.9,43.975,13.585,43.771,439240.876,746152.762,273721.295,133.0915193,18293.02602,17423.333,11.025,809.033
6/25/2022 7:11,1009.9,43.98,13.61,43.776,439234.048,746168.21,273635.019,133.426617,18342.39237,17506.557,11.243,823.574
6/25/2022 7:12,1009.9,43.98,13.597,43.78,439237.143,746147.286,273698.448,133.2747158,18306.09264,17495,11.247,824.1
6/25/2022 7:13,1009.9,43.98,13.597,43.78,439238.295,746203.362,273693.562,133.2181795,18308.88761,17501.667,11.322,823.033
6/25/2022 7:14,1009.948,43.98,13.55,43.777,439261.39,746204.438,273861.495,132.0851367,18212.94138,17391.803,10.744,795.525
6/25/2022 7:15,1010,43.977,13.527,43.77,439264.476,746128.429,273910.876,131.9337925,18184.77436,17396.667,10.872,795.35
6/25/2022 7:16,1010,43.97,13.518,43.77,439258.752,746071.381,273919.229,132.2145204,18180.01187,17385,10.745,790.65
6/25/2022 7:17,1010,43.97,13.519,43.765,439260.619,745985.019,273919.029,132.1229503,18180.12589,17391.803,10.825,792.574
6/25/2022 7:18,1010.013,43.967,13.614,43.76,439229.933,745877.962,273633.781,133.6285996,18343.10121,17630,11.888,835.05
6/25/2022 7:19,1010.1,43.96,13.689,43.76,439221.057,745814.924,273534.571,134.064352,18399.94846,17566.667,11.578,815.783
6/25/2022 7:20,1010.1,43.96,13.661,43.76,439235.733,745835.448,273628.152,133.3439164,18346.32435,17536.066,11.534,807.607
6/25/2022 7:21,1010.071,43.96,13.688,43.76,439228.676,745859.562,273571.305,133.6903034,18378.89003,17578.333,11.775,809.667
6/25/2022 7:22,1010,43.96,13.701,43.76,439224.59,745885.19,273538.114,133.8908924,18397.91686,17568.333,11.712,802.7
6/25/2022 7:23,1010,43.965,13.673,43.762,439234.857,745959.276,273633.01,133.3869104,18343.54266,17481.667,11.197,782.917
6/25/2022 7:24,1010,43.97,13.643,43.77,439240.79,745998.895,273719.99,133.0957395,18293.77225,17447.541,11.044,775.23
6/25/2022 7:25,1010,43.97,13.634,43.77,439233.305,746001.343,273696.276,133.4630851,18307.33508,17510,11.458,784.45
6/25/2022 7:26,1010,43.97,13.647,43.77,439230.467,746025.01,273676.686,133.6023872,18318.54289,17471.667,11.228,775.633
6/25/2022 7:27,1010.037,43.97,13.644,43.77,439227.59,746086.305,273667.99,133.7436148,18323.5191,17513.115,11.518,785.066
6/25/2022 7:28,1010.1,43.97,13.655,43.772,439239.295,746162.581,273640,133.1691044,18339.54054,17483.333,11.252,776.883
6/25/2022 7:29,1010.1,43.977,13.617,43.78,439242.971,746153.238,273746.838,132.9887157,18278.42283,17441.667,11.017,773.033
6/25/2022 7:30,1010.1,43.98,13.633,43.78,439237.705,746175.105,273675.562,133.2471345,18319.18606,17526.23,11.287,792.787
6/25/2022 7:31,1010.1,43.98,13.627,43.78,439245.552,746195.181,273681.733,132.862072,18315.65509,17510,11.137,793.783
6/25/2022 7:32,1010.1,43.98,13.605,43.78,439252.762,746197.829,273742.39,132.508342,18280.96539,17433.333,10.715,784.167
6/25/2022 7:33,1010.1,43.98,13.563,43.776,439266.648,746169.524,273873.648,131.8272806,18206.00734,17373.77,10.255,770.689
6/25/2022 7:34,1010.1,43.977,13.518,43.773,439285.381,746137.571,273982.162,130.9089073,18144.14968,17358.333,9.979,765
6/25/2022 7:35,1010.1,43.97,13.521,43.77,439273.295,746042.448,273939.819,131.5013608,18168.27497,17408.333,10.113,778.6
6/25/2022 7:36,1010.1,43.97,13.525,43.77,439273.81,745984.724,273945.657,131.4761116,18164.9478,17414.754,10.08,778.197
6/25/2022 7:37,1010.1,43.97,13.569,43.77,439269.314,745977.019,273801.81,131.6965524,18247.01381,17475,10.253,785.833
6/25/2022 7:38,1010.191,43.97,13.602,43.77,439268.467,745960.038,273756.19,131.7380843,18273.0776,17418.333,9.869,766.933
6/25/2022 7:39,1010.2,43.97,13.556,43.77,439277.686,745946.019,273897.019,131.2860918,18192.67631,17388.525,9.812,759.607
6/25/2022 7:40,1010.2,43.97,13.534,43.77,439284.448,745975.324,273959.971,130.9546357,18156.79127,17355,9.666,749.883
6/25/2022 7:41,1010.2,43.97,13.521,43.77,439285.6,746004.667,273984.133,130.8981738,18143.02706,17343.333,9.636,742.45
6/25/2022 7:42,1010.271,43.97,13.536,43.769,439283.048,745917.552,273959.371,131.023255,18157.13313,17359.016,9.614,736.049
6/25/2022 7:43,1010.3,43.97,13.535,43.766,439279.552,745942.724,273964.457,131.1946189,18154.23538,17426.667,10.052,740.95
6/25/2022 7:44,1010.3,43.97,13.551,43.769,439274.019,745920.124,273921.248,131.4658649,18178.86082,17380,9.739,728.05
6/25/2022 7:45,1010.3,43.97,13.546,43.77,439281.99,745976.971,273944.486,131.0751134,18165.61515,17355.738,9.602,720.951
6/25/2022 7:46,1010.3,43.97,13.532,43.77,439277.905,745994.533,273967.276,131.275356,18152.62935,17368.333,9.626,720.867
6/25/2022 7:47,1010.3,43.97,13.581,43.77,439271.114,746028.771,273842.343,131.6082943,18223.87136,17490,10.014,734.5
6/25/2022 7:48,1010.3,43.97,13.53,43.77,439283.867,746074.124,273988.105,130.9831124,18140.76484,17357.377,9.411,714.262
6/25/2022 7:49,1010.3,43.97,13.478,43.77,439291.324,746034.6,274124.095,130.6176557,18063.3946,17290,9.044,702.05
6/25/2022 7:50,1010.3,43.97,13.477,43.77,439284.905,745906.457,274116.724,130.932237,18067.58419,17295,9.024,704.383
6/25/2022 7:51,1010.254,43.97,13.41,43.766,439306.267,745901.286,274300.39,129.8855496,17963.32994,17226.23,8.649,692.59
6/25/2022 7:52,1010.2,43.97,13.408,43.77,439305.571,745909.238,274265.838,129.9196422,17982.92052,17291.667,8.922,708.733
6/25/2022 7:53,1010.2,43.97,13.38,43.77,439315.857,745977.581,274343.705,129.415865,17938.78535,17238.333,8.639,698.233
6/25/2022 7:54,1010.2,43.97,13.354,43.77,439324.276,746036.714,274380.4,129.0036354,17918.00462,17218.033,8.612,696.295
6/25/2022 7:55,1010.2,43.97,13.369,43.77,439310.057,745977.543,274312.286,129.6999137,17956.58743,17268.333,8.935,704.433
6/25/2022 7:56,1010.2,43.97,13.428,43.769,439282.019,745925.943,274129.181,131.0736919,18060.50405,17365,9.684,719.533
6/25/2022 7:57,1010.2,43.97,13.441,43.767,439284.838,745872.457,274158.086,130.9355208,18044.08058,17300,9.434,705.951
6/25/2022 7:58,1010.274,43.962,13.451,43.76,439279.876,745845.848,274139.114,131.1787367,18054.85943,17305,9.651,705.35
6/25/2022 7:59,1010.3,43.96,13.53,43.761,439251.095,745857.514,273922.01,132.5901204,18178.42641,17440,10.551,721.633
6/25/2022 8:00,1010.3,43.961,13.533,43.764,439264.267,745883,273968.419,131.9440419,18151.97818,17381.967,10.239,713.77
6/25/2022 8:01,1010.3,43.97,13.558,43.77,439254.676,745917.029,273887.571,132.4144511,18198.06497,17433.333,10.434,719.833
6/25/2022 8:02,1010.3,43.97,13.493,43.77,439285.59,745962.771,274093.505,130.898664,18080.78463,17306.667,9.763,700.467
6/25/2022 8:03,1010.28,43.97,13.528,43.77,439264.676,745955.752,273949.171,131.9239845,18162.94526,17422.951,10.435,725.787
6/25/2022 8:04,1010.2,43.97,13.531,43.77,439271.695,745984.01,273979.181,131.5798075,18145.84763,17365,9.99,714.4
6/25/2022 8:05,1010.139,43.97,13.49,43.77,439278.505,745950.01,274091.314,131.2459431,18082.0305,17326.667,9.885,714.167
6/25/2022 8:06,1010.041,43.97,13.53,43.77,439267.562,745996.229,273948.238,131.7824612,18163.47694,17455.738,10.505,744.246
6/25/2022 8:07,1010,43.97,13.575,43.77,439252.714,746000.781,273827.219,132.5106967,18232.50481,17470,10.63,750.4
6/25/2022 8:08,1010,43.97,13.57,43.77,439253.819,746033.276,273864.057,132.4564904,18211.4795,17446.667,10.573,746.333
6/25/2022 8:09,1010.046,43.97,13.511,43.77,439263.686,746033.333,274020.762,131.9725346,18122.17043,17443.333,10.607,747.517
6/25/2022 8:10,1010.1,43.97,13.493,43.773,439266.848,746106.41,274036.162,131.8174732,18113.40509,17386.885,10.217,733.492
6/25/2022 8:11,1010.1,43.97,13.444,43.771,439287.314,746061.762,274168.876,130.8141705,18037.95168,17288.333,9.645,711.8
6/25/2022 8:12,1010.1,43.97,13.44,43.77,439287.086,746002.886,274166.533,130.8253446,18039.28246,17323.333,9.909,717.65
6/25/2022 8:13,1010.053,43.968,13.545,43.761,439248.886,745857.552,273874.686,132.6984937,18205.41516,17557.377,11.328,753.918
6/25/2022 8:14,1010,43.96,13.612,43.76,439236.552,745813.333,273745.962,133.3037208,18278.92355,17536.667,11.253,745.75
6/25/2022 8:15,1010,43.96,13.662,43.76,439224.752,745770.429,273664.076,133.8829391,18325.75907,17491.667,11.075,736.983
6/25/2022 8:16,1010,43.96,13.631,43.76,439236.733,745813.267,273754.886,133.2948377,18273.82287,17514.754,11.325,737.607
6/25/2022 8:17,1010,43.96,13.642,43.763,439231.362,745853.086,273728.543,133.5584553,18288.88169,17518.333,11.425,734.4
6/25/2022 8:18,1010.06,43.96,13.605,43.767,439237.048,745914.295,273838.4,133.2793782,18226.12201,17440,11.093,721.567
6/25/2022 8:19,1010.187,43.96,13.589,43.76,439230.59,745872.029,273862.162,133.5963495,18212.56078,17460.656,11.379,724.164
6/25/2022 8:20,1010.353,43.963,13.664,43.768,439214.171,745900.057,273666.895,134.4024828,18324.14575,17530,11.852,734.033
6/25/2022 8:21,1010.4,43.97,13.595,43.77,439237.533,745945.219,273886.838,133.2555757,18198.48307,17388.333,11.028,710.617
6/25/2022 8:22,1010.4,43.97,13.552,43.774,439251.133,746088.267,273957.343,132.5882562,18158.28865,17372.131,11.07,707.918
6/25/2022 8:23,1010.382,43.977,13.551,43.78,439241.248,746176.448,273905.514,133.0732645,18187.83184,17396.667,11.282,710.433
6/25/2022 8:24,1010.23,43.98,13.535,43.78,439252.638,746219.467,273976.105,132.514425,18147.59976,17328.333,10.862,697.85
6/25/2022 8:25,1010.014,43.978,13.503,43.773,439259.152,746138.495,274069.105,132.1949014,18094.66149,17327.869,10.907,693.836
6/25/2022 8:26,1009.9,43.97,13.48,43.77,439270.714,746047.257,274159.476,131.6279068,18043.29098,17260,10.553,682.317
6/25/2022 8:27,1009.942,43.97,13.469,43.769,439249.352,745969.657,274158.971,132.6756312,18043.57785,17353.333,11.522,693.4
6/25/2022 8:28,1010.077,43.97,13.487,43.77,439249.143,745936.867,274119.676,132.685885,18065.90625,17381.967,12.003,695.164
6/25/2022 8:29,1010.1,43.97,13.46,43.77,439250.619,745978.076,274190.59,132.6134723,18025.62079,17311.667,11.723,683.35
6/25/2022 8:30,1010.1,43.97,13.488,43.77,439226.219,745970.295,274096.81,133.8109192,18078.90539,17358.333,12.315,686.167
6/25/2022 8:31,1010.05,43.97,13.528,43.77,439206.429,746013.514,274000.114,134.7827241,18133.92603,17368.852,12.672,685.787
6/25/2022 8:32,1009.942,43.97,13.536,43.77,439200.21,745985.143,273995.486,135.0882238,18136.56141,17393.333,13,686.117
6/25/2022 8:33,1009.835,43.97,13.515,43.77,439205.648,745988.571,274064.6,134.8210867,18097.22416,17338.333,12.653,678.167
6/25/2022 8:34,1009.8,43.97,13.5,43.77,439212.781,746001.352,274113.476,134.4707454,18069.43046,17304.918,12.762,674.443
6/25/2022 8:35,1009.8,43.97,13.511,43.77,439191.524,745967.095,274065.733,135.515,18096.57963,17391.667,13.962,680.2
6/25/2022 8:36,1009.838,43.97,13.535,43.77,439177.552,746026.59,274022.19,136.2017134,18121.35756,17325,13.642,671.05
6/25/2022 8:37,1009.9,43.97,13.534,43.77,439160.952,745967,274013.724,137.0179376,18126.17699,17339.344,14.193,672.508
6/25/2022 8:38,1009.9,43.97,13.498,43.77,439172.486,745998.257,274109.01,136.4507694,18071.96923,17285,13.808,670.283
6/25/2022 8:39,1009.9,43.97,13.498,43.77,439173.429,746060.676,274084.952,136.4044068,18085.64834,17305,14.137,675.833
6/25/2022 8:40,1009.896,43.976,13.479,43.779,439186.714,746187.886,274121.99,135.7513778,18064.59101,17283.607,13.884,676.41
6/25/2022 8:41,1009.8,43.98,13.46,43.78,439192.257,746278.581,274159.819,135.4789809,18043.09614,17293.333,13.913,682.2
6/25/2022 8:42,1009.8,43.98,13.479,43.78,439174.724,746201.771,274089.571,136.34074,18083.02164,17310,14.028,689.35
6/25/2022 8:43,1009.707,43.98,13.423,43.779,439203.552,746169.314,274253.676,134.9240462,17989.81868,17245.902,13.611,684.426
6/25/2022 8:44,1009.7,43.971,13.391,43.77,439208.695,746052.886,274325.114,134.6714231,17949.31802,17231.667,13.383,687.85
6/25/2022 8:45,1009.71,43.97,13.385,43.77,439210.59,745989.076,274333.181,134.5783502,17944.74732,17225,13.212,692.217
6/25/2022 8:46,1009.8,43.97,13.37,43.77,439222.619,745994.619,274369.324,133.9876604,17924.27584,17168.852,12.634,685.246
6/25/2022 8:47,1009.8,43.97,13.372,43.764,439214.695,745909.39,274325.838,134.37675,17948.90779,17255,13.147,714.183
6/25/2022 8:48,1009.8,43.966,13.433,43.76,439197.419,745875.771,274139.514,135.225345,18054.63214,17315,13.365,728.95
6/25/2022 8:49,1009.8,43.96,13.48,43.76,439177.695,745811.886,274023.248,136.1946837,18120.75532,17381.967,13.939,752.902
6/25/2022 8:50,1009.8,43.96,13.495,43.76,439178.638,745845.571,274027.495,136.1483278,18118.33791,17288.333,13.398,734.233
6/25/2022 8:51,1009.8,43.968,13.472,43.769,439189.181,745945.8,274083.429,135.6301381,18086.51447,17281.667,13.545,734.483
6/25/2022 8:52,1009.727,43.97,13.485,43.77,439174.429,746040.733,274021.333,136.355243,18121.8454,17331.148,14.03,742.098
6/25/2022 8:53,1009.7,43.971,13.479,43.776,439175.552,746107.143,274032.895,136.3000337,18115.26442,17300,14.08,738.767
6/25/2022 8:54,1009.731,43.98,13.5,43.78,439156.4,746187.8,273954.771,137.2418258,18159.75418,17381.667,15.163,751.617
6/25/2022 8:55,1009.8,43.98,13.475,43.78,439168.895,746189.152,274049.39,136.6273323,18105.87763,17301.639,14.592,732.639
6/25/2022 8:56,1009.8,43.98,13.466,43.772,439166.448,746097.771,274075.41,136.7476569,18091.0752,17266.667,14.47,724.867
6/25/2022 8:57,1009.8,43.971,13.458,43.77,439169.305,746034.038,274113.571,136.6071725,18069.37645,17260,14.527,719.95
6/25/2022 8:58,1009.926,43.97,13.506,43.77,439132.619,745956.505,273981.181,138.4119441,18144.70844,17385.246,16,733.344
6/25/2022 8:59,1010.05,43.97,13.519,43.77,439137.314,745926.848,273984.362,138.1808706,18142.89663,17305,15.333,720.433
6/25/2022 9:00,1010.1,43.97,13.449,43.77,439173.838,745985.905,274182.657,136.3842986,18030.12529,17176.667,14.065,699.083
6/25/2022 9:01,1010.1,43.97,13.408,43.77,439176.533,745998.886,274233.952,136.2518069,18001.00862,17267.213,15.049,714.197
6/25/2022 9:02,1010.016,43.97,13.404,43.77,439181.2,746031.333,274259.495,136.0223912,17986.51805,17191.667,14.29,700.4
6/25/2022 9:03,1009.95,43.97,13.349,43.77,439194.419,746065.248,274403.429,135.3727462,17904.96899,17088.333,13.383,684.833
6/25/2022 9:04,1009.9,43.977,13.34,43.778,439191.078,746085.48,274377.196,135.5369164,17919.81861,17208.197,14.375,708.443
6/25/2022 9:05,1010,43.98,13.401,43.776,439164.895,746095.552,274168.657,136.8240257,18038.07606,17296.667,15.093,723.117
6/25/2022 9:06,1010,43.971,13.412,43.771,439169.971,746074.238,274191.162,136.5744255,18025.29602,17178.333,14.062,704.017
6/25/2022 9:07,1010.034,43.975,13.374,43.779,439190.81,746104.448,274309.695,135.5500861,17958.05587,17106.557,13.364,690.656
6/25/2022 9:08,1010.1,43.98,13.334,43.78,439209.657,746129.038,274396.505,134.6241739,17908.88786,17101.667,13.258,690.25
6/25/2022 9:09,1010.1,43.98,13.331,43.78,439206.619,746141.8,274395.838,134.7733914,17909.2654,17113.333,13.243,692.533
6/25/2022 9:10,1010.1,43.98,13.331,43.778,439211.848,746139.448,274402.276,134.5165663,17905.62154,17098.333,12.912,688.7
6/25/2022 9:11,1010.1,43.972,13.344,43.772,439204.038,746080.324,274352.676,134.9001724,17933.70391,17145.902,13.069,698.787
6/25/2022 9:12,1010.1,43.97,13.334,43.77,439216.238,746030.895,274400.59,134.3009779,17906.57577,17151.667,12.897,700.533
6/25/2022 9:13,1010.1,43.97,13.346,43.77,439210.086,745954.695,274346.581,134.6031037,17937.15622,17178.333,12.878,710.483
6/25/2022 9:14,1010.1,43.97,13.363,43.77,439215.619,745960.467,274309.305,134.3313747,17958.27691,17185.246,12.707,714.934
6/25/2022 9:15,1010.1,43.97,13.388,43.77,439208.419,745965.162,274191.21,134.6849792,18025.26876,17235,13.093,735.133
6/25/2022 9:16,1010.1,43.97,13.403,43.77,439205.21,745942.429,274161.59,134.8426016,18042.09014,17230,13.07,737.55
6/25/2022 9:17,1010.1,43.97,13.409,43.77,439204.476,745944.276,274155.762,134.8786568,18045.40079,17191.803,12.844,733.328
6/25/2022 9:18,1010.1,43.97,13.36,43.77,439231.124,745960.857,274354.6,133.5701376,17932.6142,17071.667,11.978,710.167
6/25/2022 9:19,1010.1,43.97,13.242,43.775,439279.857,746074.81,274681.924,131.1796681,17747.68725,17091.667,11.99,715.833
6/25/2022 9:20,1010.1,43.978,13.158,43.78,439292.571,746190.981,274822.8,130.5565495,17668.38071,17029.508,11.48,708.525
6/25/2022 9:21,1010.1,43.98,13.193,43.785,439266.562,746270.486,274625.295,131.8314978,17779.61479,17041.667,11.548,713.867
6/25/2022 9:22,1010.1,43.98,13.169,43.78,439277.048,746263.171,274715.229,131.3173681,17728.9227,16986.667,11.283,702.1
6/25/2022 9:23,1010.183,43.98,13.201,43.775,439258.657,746066.495,274614.019,132.21918,17785.97552,17070.492,12.003,718.721
6/25/2022 9:24,1010.2,43.97,13.292,43.77,439229.095,745983.733,274384.438,133.6697352,17915.71857,17193.333,12.957,735.35
6/25/2022 9:25,1010.2,43.97,13.292,43.766,439241.686,745896.248,274442.029,133.0517711,17883.12959,17181.667,13.03,728.933
6/25/2022 9:26,1010.2,43.97,13.328,43.762,439232.543,745913.286,274361.914,133.5004865,17928.47197,17191.803,13.151,726.164
6/25/2022 9:27,1010.2,43.97,13.312,43.768,439238.41,745889.238,274433.133,133.2125358,17888.1617,17078.333,12.225,703.7
6/25/2022 9:28,1010.2,43.97,13.271,43.765,439245.514,745894.476,274539.371,132.8639365,17828.11159,17011.667,11.882,691.017
6/25/2022 9:29,1010.2,43.97,13.243,43.77,439255.6,745916.495,274602.038,132.3691263,17792.73513,17014.754,11.952,688.475
6/25/2022 9:30,1010.2,43.97,13.258,43.77,439252.381,745949.41,274542.571,132.5270325,17826.30433,17098.333,12.492,700.117
6/25/2022 9:31,1010.2,43.97,13.269,43.77,439249.276,745971.562,274526.848,132.6793599,17835.18506,17056.667,12.107,691.8
6/25/2022 9:32,1010.2,43.97,13.287,43.77,439233.467,745961.724,274436,133.4551337,17886.53988,17145.902,12.707,716.967
6/25/2022 9:33,1010.2,43.97,13.306,43.77,439233.495,745917.181,274401.762,133.4537594,17905.91245,17158.333,12.57,719.383
6/25/2022 9:34,1010.271,43.97,13.38,43.77,439217.971,745923.267,274185.486,134.2158793,18028.51887,17315,13.367,749.8
6/25/2022 9:35,1010.3,43.97,13.367,43.77,439227.733,745917.59,274282.771,133.7365949,17973.31843,17198.361,12.461,722.574
6/25/2022 9:36,1010.3,43.97,13.364,43.768,439223.448,745873.819,274304.838,133.9469593,17960.80872,17186.667,12.267,718.1
6/25/2022 9:37,1010.3,43.97,13.312,43.768,439243.4,745902.838,274454.457,132.9676651,17876.10071,17118.333,11.773,703.533
6/25/2022 9:38,1010.3,43.97,13.282,43.768,439247.267,745861.219,274505.619,132.7779259,17847.1791,17195.082,12.172,711.508
6/25/2022 9:39,1010.3,43.964,13.26,43.761,439260.657,745772.362,274581.286,132.1210866,17804.4462,17050,11.055,680.167
6/25/2022 9:40,1010.3,43.96,13.224,43.76,439289.276,745792.21,274729.371,130.7180177,17720.95776,17155,11.656,691.583
6/25/2022 9:41,1010.378,43.96,13.086,43.76,439324.895,745766.99,275067,128.9733303,17531.31199,17136.066,11.48,680.279
6/25/2022 9:42,1010.4,43.961,13.239,43.768,439274.61,745864.971,274590.152,131.4368901,17799.44236,17086.667,11.17,668.767
6/25/2022 9:43,1010.423,43.97,13.232,43.771,439290.962,746007.162,274656.943,130.6353951,17761.76819,16995,10.535,651.35
6/25/2022 9:44,1010.5,43.972,13.166,43.78,439306.895,746133.524,274821.724,129.8547885,17668.9858,16909.836,10.124,637.869
6/25/2022 9:45,1010.558,43.98,13.185,43.78,439286.476,746123.429,274708.343,130.8552405,17732.80159,17001.667,10.652,642.75
6/25/2022 9:46,1010.6,43.98,13.139,43.779,439310.714,746140.543,274878.952,129.6677355,17636.81736,16855,9.803,621.533
6/25/2022 9:47,1010.6,43.979,13.151,43.77,439297,746100.419,274815.829,130.3395341,17672.30104,16926.23,10.312,627.541
6/25/2022 9:48,1010.598,43.97,13.17,43.77,439296.924,746037.829,274803.848,130.3432578,17679.03985,16970,10.49,628.467
6/25/2022 9:49,1010.5,43.97,13.157,43.77,439295.371,746014.076,274834.59,130.4193499,17661.75123,16880,10.07,617.417
6/25/2022 9:50,1010.5,43.97,13.116,43.77,439302.781,745953.79,274946.638,130.0563128,17598.80672,16942.623,10.677,626.77
6/25/2022 9:51,1010.5,43.97,13.213,43.77,439257.324,745927.638,274625.143,132.2845622,17779.70053,17123.333,12.038,651.033
6/25/2022 9:52,1010.5,43.97,13.237,43.769,439248.39,745871.343,274612.667,132.7228283,17786.73825,17088.333,11.835,643.883
6/25/2022 9:53,1010.5,43.961,13.259,43.76,439245.943,745846.467,274591.752,132.8428873,17798.53941,17103.279,12.19,644.557
6/25/2022 9:54,1010.5,43.963,13.201,43.768,439261.552,745869.905,274740.648,132.0771916,17714.60766,17020,11.853,632.617
6/25/2022 9:55,1010.5,43.97,13.179,43.77,439271.619,745872.152,274823.438,131.5835338,17668.02193,16931.667,11.355,619.733
6/25/2022 9:56,1010.414,43.97,13.066,43.77,439298.105,745927.095,275113.695,130.2853947,17505.16063,16721.667,10.246,597.45
6/25/2022 9:57,1010.4,43.97,13.003,43.77,439313.962,745960.276,275246.905,129.5086655,17430.65994,16736.066,10.443,594.623
6/25/2022 9:58,1010.4,43.97,12.949,43.77,439319.448,745949.762,275360.467,129.2400227,17367.26834,16688.333,10.266,588.1
6/25/2022 9:59,1010.4,43.97,12.722,43.77,439403.162,745935.248,276021.105,125.1457472,17000.69197,16471.667,8.74,565.017
6/25/2022 10:00,1010.4,43.97,12.709,43.77,439363.343,745910.8,275856.971,127.0920174,17091.41661,16608.197,9.823,574.115
6/25/2022 10:01,1010.4,43.97,12.783,43.77,439331.314,745888.343,275645.514,128.6590996,17208.64042,16656.667,10.607,576.95
6/25/2022 10:02,1010.4,43.97,12.892,43.77,439284.162,745870.6,275378.524,130.9686535,17357.19893,16701.667,11.295,578.95
6/25/2022 10:03,1010.4,43.97,12.922,43.77,439263.59,745810.371,275333.867,131.9772425,17382.10681,16740.984,12.177,579.836
6/25/2022 10:04,1010.4,43.97,12.963,43.77,439236.314,745850.838,275224.01,133.3154015,17443.45362,16798.333,13.468,584.3
6/25/2022 10:05,1010.4,43.97,12.951,43.77,439246.8,745872.79,275304.362,132.8008387,17398.57293,16681.667,12.563,577.1
6/25/2022 10:06,1010.4,43.97,12.941,43.77,439244.495,745905.99,275321.248,132.9139355,17389.14829,16696.721,12.964,580.59
6/25/2022 10:07,1010.4,43.97,12.971,43.77,439220.886,745923.676,275212.971,134.0727481,17449.62381,16748.333,13.83,590.1
6/25/2022 10:08,1010.316,43.97,12.947,43.77,439244.086,745853.876,275341.61,132.9340041,17377.78685,16641.667,12.763,577.65
6/25/2022 10:09,1010.283,43.963,12.91,43.765,439257.429,745857.381,275425.524,132.279412,17331.00274,16649.18,13.039,580.328
6/25/2022 10:10,1010.2,43.96,12.938,43.766,439236.505,745830.905,275331.362,133.3060275,17383.50451,16733.333,14.135,593.167
6/25/2022 10:11,1010.2,43.963,12.95,43.77,439231.6,745863.438,275309.695,133.546773,17395.59614,16775,14.683,598.467
6/25/2022 10:12,1010.2,43.97,12.99,43.77,439207.714,745928.038,275182.905,134.7196068,17466.43434,16849.18,15.403,605.738
6/25/2022 10:13,1010.2,43.97,12.981,43.775,439217.971,746014.238,275219.6,134.2158793,17445.91844,16718.333,14.225,594.883
6/25/2022 10:14,1010.2,43.978,12.863,43.78,439263.2,746133.476,275510.629,131.9963688,17283.61648,16591.667,13.298,585.067
6/25/2022 10:15,1010.2,43.98,12.814,43.78,439268.295,746238.248,275577.695,131.7465182,17246.31817,16593.443,13.685,592.262
6/25/2022 10:16,1010.2,43.98,12.818,43.78,439265.286,746185.876,275536.086,131.8940704,17269.45418,16656.667,14.342,608.883
6/25/2022 10:17,1010.2,43.98,12.811,43.78,439264.019,746144.581,275546.343,131.9562039,17263.74956,16590,14.03,616.1
6/25/2022 10:18,1010.2,43.98,12.92,43.778,439179.486,746048.524,275160.171,136.1066429,17479.15055,16888.525,17.285,695.623
6/25/2022 10:19,1010.191,43.972,12.996,43.77,439163.029,745970.267,275011.848,136.9157907,17562.2238,16893.333,17.337,721.267
6/25/2022 10:20,1010.1,43.97,12.967,43.77,439186.8,745889.438,275138.276,135.7471512,17491.40167,16758.333,16.117,702.85
6/25/2022 10:21,1010.1,43.97,13.002,43.77,439163.724,745864.762,275003.476,136.8816118,17566.91846,16755.738,16.484,728.934
6/25/2022 10:22,1010.1,43.97,12.993,43.77,439169.152,745877.333,275024.581,136.6146955,17555.08484,16728.333,16.357,736.183
6/25/2022 10:23,1010.1,43.97,13.021,43.775,439132.619,745977.924,274853.238,138.4119441,17651.26797,16885,18.715,827.817
6/25/2022 10:24,1010.152,43.978,13.034,43.78,439118.933,746047.81,274789.19,139.085699,17687.28605,16826.23,18.084,827.508
6/25/2022 10:25,1010.2,43.98,13.001,43.78,439136.295,746093.981,274867.438,138.2310201,17643.28723,16813.333,17.948,849.483
6/25/2022 10:26,1010.221,43.98,13.037,43.779,439125.952,746066.257,274709.914,138.7401252,17731.91661,16813.333,18.253,889.417
6/25/2022 10:27,1010.3,43.976,12.953,43.77,439173.857,746067.2,275028.476,136.3833645,17552.90132,16634.426,16.441,831.77
6/25/2022 10:28,1010.3,43.97,12.869,43.77,439202.21,746044.238,275238.543,134.9899709,17435.33209,16525,15.42,806.217
6/25/2022 10:29,1010.399,43.97,12.812,43.77,439229.124,746015.486,275361.162,133.6683116,17366.88072,16478.333,15.178,804.65
6/25/2022 10:30,1010.4,43.97,12.825,43.77,439198.429,745946.781,275242.076,135.1757227,17433.358,16490.164,15.43,820.377
6/25/2022 10:31,1010.4,43.97,12.699,43.77,439272.419,745984.752,275680.79,131.5443099,17189.05801,16278.333,13.185,744.833
6/25/2022 10:32,1010.4,43.97,12.59,43.77,439300.829,745980.324,275940.562,130.1519396,17045.18295,16156.667,12.493,720.367
6/25/2022 10:33,1010.4,43.97,12.548,43.77,439299.981,745981.095,275987.752,130.193484,17019.109,16224.59,13.205,760.295
6/25/2022 10:34,1010.4,43.97,12.544,43.77,439282.857,745930.829,275924.448,131.0326169,17054.09083,16273.333,13.738,790.733
6/25/2022 10:35,1010.4,43.97,12.546,43.77,439273.429,745900.619,275900.8,131.4947911,17067.16757,16281.667,13.765,796.633
6/25/2022 10:36,1010.4,43.97,12.652,43.77,439215.943,745825.61,275499.533,134.3154642,17289.79118,16508.197,15.987,891.525
6/25/2022 10:37,1010.4,43.97,12.642,43.77,439234.905,745824.657,275612.524,133.3845545,17226.96352,16310,14.163,821.083
6/25/2022 10:38,1010.4,43.97,12.598,43.769,439253.448,745843.79,275729.686,132.4746898,17161.93256,16303.333,14.262,831.367
6/25/2022 10:39,1010.4,43.97,12.595,43.769,439244.19,745805.99,275709.648,132.9289011,17173.04632,16337.705,14.489,849.164
6/25/2022 10:40,1010.4,43.97,12.628,43.77,439232.133,745917.724,275568.581,133.5206109,17251.38459,16351.667,14.578,859.833
6/25/2022 10:41,1010.4,43.971,12.56,43.777,439265.638,745963.39,275798.276,131.8768088,17123.91636,16210,13.568,816.983
6/25/2022 10:42,1010.4,43.98,12.512,43.78,439273.781,746099.238,275894.714,131.4775334,17070.53375,16152.459,13.161,801.59
6/25/2022 10:43,1010.4,43.98,12.468,43.78,439286.933,746162.238,275987.095,130.832843,17019.47188,16163.333,13.317,812.283
6/25/2022 10:44,1010.4,43.98,12.433,43.78,439299.705,746084.59,276090.095,130.2070058,16962.62709,16116.667,13.094,802.981
6/25/2022 10:45,1010.4,43.977,12.404,43.772,439304.952,745989.105,276167.448,129.9499635,16919.99664,16109.836,13.18,808.607
6/25/2022 10:46,1010.327,43.97,12.465,43.77,439261.829,745885.248,275921.638,132.0636064,17055.64444,16255,14.733,872.596
6/25/2022 10:47,1010.3,43.97,12.44,43.767,439282.533,745834.99,276050.305,131.0484978,16984.57602,16108.333,13.385,815.897
6/25/2022 10:48,1010.3,43.97,12.428,43.769,439285.781,745821.924,276074.39,130.8893028,16971.28864,16091.667,13.291,808.772
6/25/2022 10:49,1010.3,43.97,12.41,43.764,439284.086,745830.505,276102.476,130.9723785,16955.80026,16180.328,14.672,851.991
6/25/2022 10:50,1010.3,43.97,12.444,43.77,439263.552,745821.362,275989.362,131.9791061,17018.21976,16248.333,15.414,873.182
6/25/2022 10:51,1010.3,43.97,12.4,43.77,439281.924,745792.276,276165.029,131.0783485,16921.329,16088.333,13.679,810.106
6/25/2022 10:52,1010.3,43.97,12.356,43.77,439299.771,745808.21,276267.41,130.2037723,16864.98223,16080.328,13.749,804.825
6/25/2022 10:53,1010.372,43.97,12.387,43.77,439273.762,745828.6,276147.057,131.4784649,16931.22944,16161.667,14.867,831.645
6/25/2022 10:54,1010.4,43.97,12.392,43.77,439284.552,745878.505,276173.714,130.9495384,16916.5456,16023.333,13.136,773.608
6/25/2022 10:55,1010.4,43.97,12.375,43.77,439276.762,745889.419,276191.029,131.3313887,16907.01101,16073.77,14.04,790.78
6/25/2022 10:56,1010.4,43.97,12.344,43.77,439303.457,745930.438,276314.924,130.0231974,16838.86287,16000,13.066,758.362
6/25/2022 10:57,1010.4,43.97,12.292,43.77,439314.124,745929.705,276439.971,129.500732,16770.21494,15983.333,13.116,754.165
6/25/2022 10:58,1010.4,43.97,12.297,43.77,439303.181,745884.581,276392.067,130.0367178,16796.49725,15990.164,13.219,753.459
6/25/2022 10:59,1010.4,43.97,12.304,43.77,439290.133,745824.781,276372.943,130.6760198,16806.99505,16023.333,13.523,758.181
6/25/2022 11:00,1010.4,43.97,12.331,43.77,439277.638,745836.352,276281.495,131.2884448,16857.23741,16116.667,14.824,793.618
6/25/2022 11:01,1010.4,43.97,12.395,43.77,439243.419,745829.886,276096.181,132.9667328,16959.27113,16062.295,14.139,776.386
6/25/2022 11:02,1010.4,43.97,12.323,43.769,439293.048,745780.124,276367.162,130.5331758,16810.16906,15971.667,13.09,745.686
6/25/2022 11:03,1010.384,43.97,12.309,43.77,439296.924,745756.762,276370.724,130.3432578,16808.21334,16043.333,13.941,775.758
6/25/2022 11:04,1010.3,43.966,12.34,43.77,439273.514,745748.695,276253.952,131.4906237,16872.38387,16085.246,14.254,792.186
6/25/2022 11:05,1010.3,43.97,12.36,43.77,439272.143,745763.419,276184.352,131.5578421,16910.68743,16076.667,14.057,789.952
6/25/2022 11:06,1010.3,43.97,12.356,43.77,439280.057,745772.514,276235.81,131.1698643,16882.3641,16030,13.438,773.106
6/25/2022 11:07,1010.3,43.97,12.317,43.77,439312.276,745805.429,276368.781,129.5912351,16809.28013,16031.148,13.387,778.297
6/25/2022 11:08,1010.3,43.97,12.326,43.77,439301.352,745853.581,276268.381,130.1263178,16864.44825,16131.667,14.402,824.008
6/25/2022 11:09,1010.3,43.97,12.33,43.771,439296.971,745949.305,276246.419,130.340955,16876.52756,16171.667,14.773,841.457
6/25/2022 11:10,1010.3,43.97,12.359,43.775,439262,745925.771,276094.39,132.05522,16960.25869,16154.098,14.551,837.165
6/25/2022 11:11,1010.3,43.97,12.38,43.77,439265.648,745938.724,276086.619,131.8763184,16964.54397,16115,13.862,815.031
6/25/2022 11:12,1010.3,43.97,12.39,43.769,439259.695,745841.505,276052.971,132.1682688,16983.10498,16150,14.605,846.403
6/25/2022 11:13,1010.3,43.97,12.415,43.76,439266.076,745740.695,276035.105,131.85533,16992.96423,16137.705,14.198,835.189
6/25/2022 11:14,1010.379,43.97,12.412,43.767,439259.048,745790,275999.543,132.2000023,17012.59709,16165,14.685,857.477
6/25/2022 11:15,1010.4,43.97,12.446,43.77,439248.067,745873.171,275885.057,132.7386754,17075.87572,16213.333,15.255,881.368
6/25/2022 11:16,1010.4,43.97,12.455,43.776,439244.01,745967.59,275860.105,132.9377333,17089.68213,16190.164,14.755,863.242
6/25/2022 11:17,1010.4,43.98,12.414,43.78,439278.486,746065.771,276033.248,131.2468745,16993.98916,16096.667,13.675,824.389
6/25/2022 11:18,1010.4,43.98,12.361,43.78,439303.124,746092.429,276174.714,130.0395101,16915.99487,16081.667,13.238,807.696
6/25/2022 11:19,1010.4,43.98,12.352,43.783,439305.667,746156.181,276162.705,129.9149397,16922.6091,16095.082,13.342,811.932
6/25/2022 11:20,1010.4,43.98,12.326,43.78,439326.886,746167.6,276260.619,128.8758585,16868.71695,16046.667,12.683,788.767
6/25/2022 11:21,1010.456,43.98,12.333,43.777,439318.781,746074.19,276226.543,129.2726827,16887.46313,16095,13.117,806.864
6/25/2022 11:22,1010.5,43.978,12.364,43.77,439309.724,745949.438,276153.943,129.7162234,16927.43574,16124.59,13.192,812.779
6/25/2022 11:23,1010.5,43.97,12.402,43.77,439295.838,745926.381,276030.171,130.3964681,16995.68751,16193.333,13.802,842.427
6/25/2022 11:24,1010.5,43.97,12.396,43.77,439307.048,745930.743,276080.4,129.8472943,16967.97378,16223.333,13.955,855.866
6/25/2022 11:25,1010.5,43.97,12.41,43.77,439301.895,745896.914,276024.305,130.0997165,16998.92548,16219.672,13.55,843.223
6/25/2022 11:26,1010.5,43.97,12.407,43.77,439306.733,745932.229,276040.524,129.8627237,16989.9735,16206.667,13.05,829.748
6/25/2022 11:27,1010.5,43.97,12.404,43.77,439321.886,745831.133,276074.743,129.12065,16971.09393,16206.667,12.912,829.832
6/25/2022 11:28,1010.5,43.969,12.508,43.764,439276.733,745757.838,275715.381,131.3328104,17169.86625,16357.377,14.189,893.065
6/25/2022 11:29,1010.5,43.96,12.522,43.76,439286.8,745628.257,275788.543,130.8393613,17129.30844,16233.333,12.593,821.925
6/25/2022 11:30,1010.5,43.96,12.456,43.76,439314.857,745643.829,276016.714,129.4648356,17003.11607,16208.333,12.414,809.959
6/25/2022 11:31,1010.5,43.96,12.485,43.761,439300.295,745669.619,275911.514,130.1781007,17061.24241,16242.623,12.491,809.281
6/25/2022 11:32,1010.5,43.965,12.45,43.77,439323.895,745807.667,276039.381,129.0222886,16990.60429,16178.333,11.746,776.045
6/25/2022 11:33,1010.5,43.97,12.429,43.77,439332.19,745898.895,276091.457,128.6162209,16961.87602,16146.667,11.386,760.803
6/25/2022 11:34,1010.59,43.97,12.392,43.778,439344.105,745893.752,276188.286,128.0331066,16908.52128,16108.197,10.909,739.941
6/25/2022 11:35,1010.6,43.97,12.388,43.773,439340.571,745930.038,276184.19,128.2060386,16910.77663,16123.333,11.121,732.002
6/25/2022 11:36,1010.6,43.97,12.428,43.77,439316.343,745888.238,276057.133,129.3920658,16980.8086,16251.667,12.635,769.786
6/25/2022 11:37,1010.6,43.97,12.467,43.77,439303.771,745895.838,275944.838,130.0078156,17042.81954,16267.213,12.715,766.872
6/25/2022 11:38,1010.6,43.97,12.532,43.77,439272.971,745839.276,275786.79,131.517246,17130.27968,16358.333,13.576,781.938
6/25/2022 11:39,1010.6,43.97,12.511,43.769,439286.819,745764.895,275897.505,130.8384301,17068.99,16231.667,12.098,734.939
6/25/2022 11:40,1010.6,43.964,12.487,43.767,439308.667,745688.743,276028.41,129.7679942,16996.65954,16211.475,11.738,719.213
6/25/2022 11:41,1010.6,43.96,12.481,43.761,439298.267,745680.514,276018.495,130.2774577,17002.13283,16243.333,12.21,722.79
6/25/2022 11:42,1010.58,43.96,12.467,43.763,439317.676,745683.533,276105.743,129.3267909,16953.99908,16180,11.364,695.734
6/25/2022 11:43,1010.5,43.96,12.445,43.761,439317.229,745681.381,276138.895,129.3486795,16935.72665,16242.623,12.305,709.351
6/25/2022 11:44,1010.5,43.96,12.474,43.764,439315.486,745688.933,276060.752,129.4340329,16978.81194,16318.333,13.331,724.228
6/25/2022 11:45,1010.5,43.96,12.468,43.761,439309.867,745665.905,276100.219,129.7092195,16957.04466,16226.667,12.242,695.313
6/25/2022 11:46,1010.5,43.96,12.517,43.761,439276.829,745690.867,275911.276,131.3281042,17061.37402,16416.667,14.776,747.337
6/25/2022 11:47,1010.5,43.96,12.509,43.766,439303.4,745741.41,276006.495,130.0259896,17008.75822,16255.738,12.373,694.612
6/25/2022 11:48,1010.431,43.968,12.545,43.77,439267.19,745777.305,275851.343,131.8007026,17094.53158,16380,14.147,739.236
6/25/2022 11:49,1010.4,43.97,12.602,43.77,439239.724,745829.79,275668.581,133.1480515,17195.83426,16448.333,14.933,764.517
6/25/2022 11:50,1010.4,43.97,12.582,43.777,439254.733,745912.714,275748.333,132.4116551,17151.5934,16401.639,14.417,754.739
6/25/2022 11:51,1010.4,43.97,12.55,43.78,439276.562,745905.476,275863.771,131.3411934,17087.65333,16346.667,13.803,740.86
6/25/2022 11:52,1010.4,43.976,12.569,43.78,439266.39,745980.181,275772.267,131.8399322,17138.32716,16350,13.828,746.612
6/25/2022 11:53,1010.4,43.98,12.547,43.78,439275.914,745983.962,275839.657,131.372961,17101.00039,16300,13.139,731.651
6/25/2022 11:54,1010.4,43.98,12.56,43.78,439259.286,745948.362,275760.762,132.188329,17144.70359,16368.333,14.207,770.624
6/25/2022 11:55,1010.4,43.98,12.516,43.78,439282.848,745997.667,275924.533,131.033058,17054.04383,16230,12.666,725.536
6/25/2022 11:56,1010.4,43.98,12.497,43.78,439292.343,745939.571,275970.6,130.5677219,17028.5838,16247.541,12.715,732.489
6/25/2022 11:57,1010.4,43.974,12.527,43.775,439274.752,745855.867,275860.324,131.4299284,17089.56093,16296.667,13.12,753.482
6/25/2022 11:58,1010.303,43.97,12.488,43.77,439293.152,745814.552,276005.248,130.5280797,17009.44677,16170,11.708,713.426
6/25/2022 11:59,1010.3,43.97,12.469,43.77,439303.952,745770.257,276042.486,129.998949,16988.89073,16193.443,11.806,722.657
6/25/2022 12:00,1010.3,43.97,12.431,43.77,439324.19,745779.067,276168.848,129.0078458,16919.22555,16236.667,12.265,751.649
6/25/2022 12:01,1010.3,43.97,12.45,43.77,439310.01,745752.448,276051.19,129.7022156,16984.08769,16263.333,12.516,765.247
6/25/2022 12:02,1010.3,43.97,12.447,43.77,439318.714,745733.981,276075.743,129.2759634,16970.54236,16191.803,11.543,735.664
6/25/2022 12:03,1010.3,43.962,12.418,43.768,439330.819,745651.419,276172.362,128.6833294,16917.29019,16188.333,11.344,731.261
6/25/2022 12:04,1010.3,43.96,12.445,43.763,439311.2,745586.838,276067.333,129.6439329,16975.18138,16261.667,12.141,764.249
6/25/2022 12:05,1010.3,43.96,12.498,43.767,439299.114,745675.286,275901.324,130.2359603,17066.87776,16314.754,12.562,783.54
6/25/2022 12:06,1010.3,43.966,12.541,43.77,439276.381,745716.038,275774.448,131.3500667,17137.11851,16393.333,13.093,806.382
6/25/2022 12:07,1010.3,43.97,12.552,43.77,439284.057,745788.086,275743.971,130.9737998,17154.01172,16340,12.634,789.37
6/25/2022 12:08,1010.3,43.97,12.52,43.77,439302.333,745841.133,275870.067,130.0782595,17084.16932,16300,11.956,763.691
6/25/2022 12:09,1010.3,43.97,12.507,43.77,439322.486,745847.476,275915.038,129.0912732,17059.29374,16290,11.686,755.514
6/25/2022 12:10,1010.3,43.97,12.558,43.77,439289.076,745822.838,275706.952,130.7278189,17174.54187,16465,13.743,840.385
6/25/2022 12:11,1010.3,43.97,12.597,43.77,439286.21,745771.59,275652.467,130.8682772,17204.77983,16385.246,12.431,789.338
6/25/2022 12:12,1010.3,43.97,12.571,43.77,439300.549,745704.647,275772.971,130.165657,17137.93702,16331.667,12.097,778.889
6/25/2022 12:13,1010.3,43.97,12.626,43.77,439258.581,745747.943,275536.962,132.2229076,17268.96695,16500,14.143,867.568
6/25/2022 12:14,1010.3,43.97,12.67,43.776,439244.248,745853.362,275400.105,132.9260551,17345.16806,16504.918,13.994,866.069
6/25/2022 12:15,1010.3,43.978,12.618,43.782,439278.229,745975.667,275602.305,131.259473,17232.64119,16316.667,11.978,781.662
6/25/2022 12:16,1010.3,43.98,12.546,43.79,439307.019,746063.552,275809.695,129.8487148,17117.59127,16270,11.378,758.656
6/25/2022 12:17,1010.3,43.98,12.507,43.79,439327.562,746113.286,275880.543,128.8427653,17078.373,16327.869,12.307,804.454
6/25/2022 12:18,1010.3,43.98,12.544,43.785,439301.914,746093.724,275738.114,130.0987858,17157.25914,16425,13.445,860.306
6/25/2022 12:19,1010.3,43.98,12.637,43.78,439244.114,745981.533,275399.314,132.9326302,17345.60896,16503.333,14.426,902.96
6/25/2022 12:20,1010.3,43.98,12.614,43.779,439268.943,745860.19,275550.257,131.7147439,17261.57296,16472.131,14.402,891.44
6/25/2022 12:21,1010.3,43.971,12.587,43.77,439291.514,745794.867,275692.895,130.6083451,17182.34075,16370,13.079,832.566
6/25/2022 12:22,1010.3,43.97,12.552,43.77,439301.657,745764.552,275803.343,130.111376,17121.10956,16286.667,12.424,799.731
6/25/2022 12:23,1010.3,43.97,12.564,43.77,439289.333,745656.571,275750.381,130.7152243,17150.45804,16268.852,12.259,791.738
6/25/2022 12:24,1010.3,43.97,12.555,43.77,439286.59,745712.143,275755.162,130.8496534,17147.80769,16315,13.066,821.535
6/25/2022 12:25,1010.3,43.97,12.559,43.77,439287.99,745746.19,275738.076,130.7810408,17157.28021,16230,12.224,788.539
6/25/2022 12:26,1010.3,43.97,12.477,43.77,439323.829,745812.4,276011.99,129.0255199,17005.72419,16180.328,11.608,766.266
6/25/2022 12:27,1010.3,43.97,12.488,43.77,439307.219,745815.762,275900.486,129.8389184,17067.34124,16303.333,13.126,835.439
6/25/2022 12:28,1010.3,43.97,12.581,43.77,439260.743,745780.686,275578.733,132.1168687,17245.7412,16388.333,13.891,874.463
6/25/2022 12:29,1010.3,43.97,12.656,43.77,439219.048,745733.81,275319.276,134.1629955,17390.2488,16568.852,15.852,969.146
6/25/2022 12:30,1010.3,43.97,12.661,43.77,439241.952,745759.886,275402.676,133.0387182,17343.73506,16418.333,14.012,885.816
6/25/2022 12:31,1010.3,43.97,12.631,43.77,439259.095,745713.971,275505.762,132.1976971,17286.32473,16391.667,13.809,881.321
6/25/2022 12:32,1010.3,43.97,12.592,43.77,439283.162,745797.39,275655.99,131.0176674,17202.82387,16314.754,12.842,841.87
6/25/2022 12:33,1010.3,43.97,12.593,43.775,439266.667,745845.01,275566.552,131.8263489,17252.5126,16451.667,14.661,924.291
6/25/2022 12:34,1010.3,43.979,12.623,43.78,439268.476,746016.686,275485.067,131.7376429,17297.8428,16375,13.557,877.561
6/25/2022 12:35,1010.3,43.98,12.624,43.79,439256.79,746074.752,275443.59,132.3107551,17320.93843,16452.459,14.724,928.374
6/25/2022 12:36,1010.3,43.983,12.618,43.79,439263.238,746123.895,275484.581,131.9945052,17298.11333,16375,13.85,891.087
6/25/2022 12:37,1010.3,43.985,12.539,43.79,439312.99,746109.314,275793.419,129.5562675,17126.60703,16218.333,12.008,812.191
6/25/2022 12:38,1010.3,43.98,12.448,43.785,439346.324,746075.733,276034.61,127.9245312,16993.23743,16225,12.24,822.742
6/25/2022 12:39,1010.3,43.98,12.46,43.78,439324.457,746028.514,275925.676,128.9947739,17053.41191,16349.18,13.69,891.262
6/25/2022 12:40,1010.3,43.98,12.483,43.777,439322.619,745919.095,275879.838,129.0847614,17078.76304,16228.333,12.274,828.256
6/25/2022 12:41,1010.3,43.971,12.463,43.77,439329.476,745816.438,275960.695,128.7490699,17034.0565,16178.333,11.847,810.845
6/25/2022 12:42,1010.3,43.97,12.491,43.77,439310.095,745714.295,275838.181,129.6980525,17101.81751,16273.77,12.862,859.729
6/25/2022 12:43,1010.3,43.97,12.495,43.769,439303.971,745715.943,275871.695,129.9980183,17083.2685,16233.333,12.491,846.304
6/25/2022 12:44,1010.3,43.97,12.465,43.77,439321.733,745739.295,275954.648,129.1281411,17037.39799,16198.333,12.114,829.124
6/25/2022 12:45,1010.3,43.97,12.409,43.771,439358.105,745795.676,276153.467,127.3482011,16927.69797,16073.77,10.798,771.918
6/25/2022 12:46,1010.3,43.97,12.334,43.77,439384.343,745821.057,276345.371,126.0653111,16822.13578,16048.333,10.532,762.005
6/25/2022 12:47,1010.3,43.97,12.36,43.772,439368.029,745906.61,276204.619,126.862863,16899.52942,16006.667,10.339,754.146
6/25/2022 12:48,1010.3,43.97,12.276,43.775,439404.133,745874.495,276482.752,125.0983138,16746.76003,15947.541,9.646,723.316
6/25/2022 12:49,1010.3,43.97,12.256,43.773,439410.876,745917.867,276491.781,124.7689532,16741.81184,16001.667,10.059,749.114
6/25/2022 12:50,1010.3,43.97,12.292,43.78,439386.676,745887.124,276339.21,125.9512861,16825.51989,16070,10.463,776.915
6/25/2022 12:51,1010.3,43.978,12.293,43.78,439396.99,745940.181,276347.552,125.44728,16820.93788,16075.41,10.565,787.435
6/25/2022 12:52,1010.3,43.98,12.326,43.78,439392.019,746000.629,276230.162,125.6901758,16885.47174,16088.333,10.487,786.201
6/25/2022 12:53,1010.3,43.98,12.313,43.78,439402.648,746060.4,276312.695,125.1708567,16840.08776,16013.333,9.633,739.684
6/25/2022 12:54,1010.3,43.98,12.256,43.78,439417.467,746029.552,276471.914,124.4470771,16752.70053,16006.557,9.393,728.983
6/25/2022 12:55,1010.3,43.98,12.27,43.78,439406.095,746026.295,276397.867,125.0024739,16793.31405,16055,9.836,751.854
6/25/2022 12:56,1010.3,43.98,12.265,43.78,439416.648,745974.171,276431.295,124.4870703,16774.97352,16091.667,10.027,760.269
6/25/2022 12:57,1010.3,43.98,12.304,43.78,439390.743,745943.438,276276.41,125.7525299,16860.03326,16244.262,11.62,828.617
6/25/2022 12:58,1010.3,43.973,12.407,43.772,439342.705,745861.819,275967.467,128.1016119,17030.31475,16316.667,12.443,849.928
6/25/2022 12:59,1010.3,43.97,12.417,43.772,439346.552,745810.105,276031.79,127.9133756,16994.7939,16181.667,10.835,774.299
6/25/2022 13:00,1010.3,43.97,12.404,43.778,439361.286,745838.257,276087.686,127.1926181,16963.95555,16214.754,11.623,799.09
6/25/2022 13:01,1010.3,43.97,12.432,43.78,439337.248,745862.362,275993.6,128.3686612,17015.87913,16243.333,11.999,807.008
6/25/2022 13:02,1010.3,43.97,12.357,43.78,439374.086,745897.867,276282.01,126.5667085,16856.95426,16076.667,10.288,727.027
6/25/2022 13:03,1010.3,43.97,12.348,43.777,439361.181,745843.257,276246.038,127.1977534,16876.73715,16149.18,11.588,771.049
6/25/2022 13:04,1010.3,43.97,12.388,43.77,439342.829,745744.095,276133.829,128.0955441,16938.51827,16205,12.711,805.506
6/25/2022 13:05,1010.3,43.965,12.356,43.765,439363.124,745658.914,276294.924,127.1027276,16849.85489,15990,10.653,725.004
6/25/2022 13:06,1010.3,43.96,12.299,43.76,439373.819,745598.552,276445.971,126.5797623,16766.92446,16009.836,11.183,737.994
6/25/2022 13:07,1010.3,43.96,12.331,43.767,439336.676,745663.971,276303.086,128.3966555,16845.36863,16061.667,12.152,761.295
6/25/2022 13:08,1010.3,43.968,12.29,43.77,439351.286,745723.276,276422.067,127.6817656,16780.03558,15990,11.703,741.099
6/25/2022 13:09,1010.3,43.97,12.24,43.778,439363.057,745883.543,276524.981,127.1060043,16723.62318,15929.508,11.314,726.258
6/25/2022 13:10,1010.3,43.974,12.195,43.78,439368.362,745923.295,276625.352,126.8465798,16668.69248,15853.333,10.942,710.944
6/25/2022 13:11,1010.3,43.98,12.147,43.78,439381.467,745991.267,276718.505,126.2058854,16617.78953,15950,12.597,759.872
6/25/2022 13:12,1010.39,43.98,12.137,43.78,439368.19,745912.638,276733.886,126.8549903,16609.39185,15824.59,11.436,722.811
6/25/2022 13:13,1010.4,43.973,12.119,43.777,439357.152,745791.714,276765.829,127.3948151,16591.95818,15770,11.241,713.67
6/25/2022 13:14,1010.4,43.97,12.034,43.77,439394.267,745678.429,277055.552,125.5803286,16434.23553,15645,9.948,670.944
6/25/2022 13:15,1010.341,43.965,12.036,43.761,439382.571,745600.257,276994.238,126.1519223,16467.55411,15675.41,10.661,694.058
6/25/2022 13:16,1010.3,43.96,11.948,43.76,439427.733,745581.143,277293.286,123.9458478,16305.35444,15486.667,8.694,629.547
6/25/2022 13:17,1010.3,43.96,11.923,43.766,439413.514,745586.562,277279.495,124.6401175,16312.81758,15615,10.158,676.007
6/25/2022 13:18,1010.3,43.966,12.003,43.77,439370.571,745684.152,276988.333,126.7385669,16470.76465,15773.77,12.132,727.84
6/25/2022 13:19,1010.3,43.97,12.003,43.775,439377.086,745759.333,277012.638,126.4200434,16457.55199,15705,11.198,701.718
6/25/2022 13:20,1010.3,43.97,12.052,43.78,439343.886,745851.438,276818.476,128.0438226,16563.24394,15856.667,12.825,742.699
6/25/2022 13:21,1010.3,43.98,12.087,43.781,439352.076,745955.581,276777.41,127.6431179,16585.63973,15808.197,12.107,720.575
6/25/2022 13:22,1010.3,43.98,12.03,43.789,439376.848,746050.343,276924.01,126.4316784,16505.75636,15798.333,12.005,714.823
6/25/2022 13:23,1010.3,43.98,12.046,43.79,439361.905,746069.819,276853.238,127.1623443,16544.29745,15876.667,12.751,732.811
6/25/2022 13:24,1010.3,43.98,12.12,43.781,439328.029,746018.505,276633.819,128.8199039,16664.06265,16071.667,14.625,788.346
6/25/2022 13:25,1010.3,43.98,12.141,43.78,439338.867,745928.943,276644.124,128.2894279,16658.42862,15975.41,13.149,745.687
6/25/2022 13:26,1010.3,43.978,12.165,43.78,439345.124,745822.495,276628.114,127.9832462,16667.18212,15998.333,12.952,738.305
6/25/2022 13:27,1010.3,43.97,12.182,43.771,439338.514,745766.343,276585.276,128.3067033,16690.61475,15995,12.742,730.738
6/25/2022 13:28,1010.3,43.97,12.211,43.77,439331.152,745752.333,276495.59,128.6670293,16739.72459,16060.656,13.235,747.102
6/25/2022 13:29,1010.3,43.97,12.245,43.771,439311.581,745751.562,276389.952,129.625273,16797.65809,16053.333,13.253,749.209
6/25/2022 13:30,1010.3,43.97,12.238,43.77,439336.295,745715.486,276469.171,128.4153023,16754.20418,15975,11.547,694.481
6/25/2022 13:31,1010.3,43.97,12.284,43.77,439314.81,745624.267,276328.676,129.4671373,16831.30676,16103.279,13.274,753.413
6/25/2022 13:32,1010.3,43.965,12.354,43.768,439285.524,745536.876,276157.676,130.9018987,16925.3793,16130,13.357,760.288
6/25/2022 13:33,1010.355,43.96,12.34,43.77,439310.705,745584.076,276262.933,129.6681763,16867.44432,16080,12.521,732.208
6/25/2022 13:34,1010.4,43.97,12.366,43.77,439297.476,745689.419,276151.667,130.3162123,16928.68961,16144.262,13.185,756.802
6/25/2022 13:35,1010.4,43.97,12.345,43.78,439316.057,745751.362,276250.886,129.406071,16874.07033,16043.333,11.782,709.642
6/25/2022 13:36,1010.4,43.976,12.302,43.785,439337.895,745874.6,276381.01,128.3369968,16802.56642,16036.667,11.142,689.779
6/25/2022 13:37,1010.4,43.98,12.292,43.789,439349.724,745946.771,276371.571,127.7581827,16807.74831,16127.869,11.781,715.968
6/25/2022 13:38,1010.4,43.98,12.399,43.79,439298.181,746017.543,276000.486,130.2816712,17012.07634,16291.667,13.389,780.938
6/25/2022 13:39,1010.4,43.98,12.375,43.79,439333.476,745992.114,276180.543,128.5532754,16912.78487,16208.333,12.369,743.332
6/25/2022 13:40,1010.4,43.98,12.356,43.784,439348.352,745942.543,276231.381,127.8253073,16884.801,16185.246,11.837,726.656
6/25/2022 13:41,1010.4,43.98,12.4,43.78,439312.676,745851.514,276064.895,129.5716453,16976.52631,16323.333,13.516,786.996
6/25/2022 13:42,1010.4,43.975,12.386,43.776,439327.771,745790.733,276183.133,128.8325339,16911.35866,16143.333,11.601,717.608
6/25/2022 13:43,1010.4,43.97,12.366,43.775,439343.686,745757.581,276260.133,128.053609,16868.98425,16108.197,11.081,697.552
6/25/2022 13:44,1010.4,43.97,12.363,43.78,439353.038,745775.01,276277.667,127.5960571,16859.34211,16120,10.827,690.826
6/25/2022 13:45,1010.4,43.977,12.374,43.78,439343.81,745867.79,276216.4,128.0475414,16893.04501,16191.667,11.488,712.458
6/25/2022 13:46,1010.4,43.98,12.356,43.781,439357.286,745956.619,276284.514,127.3882607,16855.57759,16145.902,10.808,688.132
6/25/2022 13:47,1010.4,43.98,12.377,43.789,439346.952,746021.514,276189.733,127.8938045,16907.72457,16226.667,11.396,704.984
6/25/2022 13:48,1010.4,43.98,12.406,43.79,439331.448,746006.39,276098.848,128.6525404,16957.80059,16251.667,11.51,704.98
6/25/2022 13:49,1010.4,43.98,12.412,43.781,439329.086,745918.076,276112.686,128.768161,16950.17151,16240.984,11.027,689.132
6/25/2022 13:50,1010.4,43.98,12.403,43.78,439351.248,745933.171,276164.419,127.6836246,16921.665,16238.333,10.651,674.088
6/25/2022 13:51,1010.4,43.98,12.44,43.78,439346.781,745896.562,276078.657,127.9021711,16968.93511,16296.667,11.135,683.776
6/25/2022 13:52,1010.4,43.98,12.443,43.776,439355.905,745818.143,276115.219,127.4558114,16948.77521,16272.131,10.775,666.647
6/25/2022 13:53,1010.4,43.974,12.434,43.772,439361.695,745782.895,276183.971,127.1726149,16910.89722,16221.667,10.146,640.781
6/25/2022 13:54,1010.4,43.97,12.461,43.777,439371.714,745813.657,276115.105,126.6826805,16948.83805,16281.667,10.499,644.541
6/25/2022 13:55,1010.4,43.979,12.564,43.78,439374.905,745871.838,275879.762,126.5266677,17078.80509,16383.607,9.202,614.381
6/25/2022 13:56,1010.4,43.98,12.503,43.785,439364.219,745964.467,276055.448,127.049177,16981.73828,16296.667,10.698,639.664
6/25/2022 13:57,1010.4,43.982,12.511,43.79,439332.981,746071.724,275980.695,128.5775037,17023.00699,16343.333,11.602,645.728
6/25/2022 13:58,1010.4,43.99,12.452,43.79,439358.514,746033.714,276168.762,127.3281961,16919.27291,16195.082,9.915,605.155
6/25/2022 13:59,1010.4,43.985,12.465,43.79,439352.876,746019.524,276120.267,127.603982,16945.9927,16248.333,10.099,605.174
6/25/2022 14:00,1010.4,43.98,12.497,43.788,439319.019,745942.124,276012.467,129.2610288,17005.46083,16360,12.503,636.402
6/25/2022 14:01,1010.4,43.98,12.452,43.781,439350.219,745858.819,276213.448,127.7339657,16894.66971,16163.934,9.814,589.336
6/25/2022 14:02,1010.347,43.98,12.409,43.78,439370.457,745894.533,276313.895,126.744141,16839.42833,16235,11.11,605.326
6/25/2022 14:03,1010.3,43.98,12.422,43.78,439359.276,745877.171,276246.419,127.2909258,16876.52756,16253.333,11.202,604.663
6/25/2022 14:04,1010.3,43.973,12.418,43.78,439364.857,745801.295,276292.781,127.0179766,16851.03289,16183.607,9.609,576.01
6/25/2022 14:05,1010.3,43.97,12.454,43.774,439344.114,745721.029,276172.943,128.0326662,16916.97021,16333.333,11.691,609.138
6/25/2022 14:06,1010.3,43.97,12.553,43.77,439292.333,745671.629,275909.067,130.5682119,17062.59558,16400,12.77,623.259
6/25/2022 14:07,1010.3,43.97,12.533,43.774,439325.352,745693.19,276039.238,128.9509569,16990.68321,16331.148,11.778,602.472
6/25/2022 14:08,1010.3,43.97,12.49,43.78,439360.257,745735.505,276174.305,127.242945,16916.22012,16205,9.247,559.71
6/25/2022 14:09,1010.3,43.974,12.506,43.78,439337.038,745855.324,276064.61,128.3789388,16976.68354,16358.333,11.552,595.157
6/25/2022 14:10,1010.3,43.98,12.596,43.782,439279.276,745833.257,275792.171,131.2081484,17127.29843,16491.803,13.357,622.804
6/25/2022 14:11,1010.3,43.98,12.567,43.78,439343.705,745841.076,275985.8,128.0526793,17020.18716,16313.333,9.792,567.659
6/25/2022 14:12,1010.3,43.98,12.569,43.78,439327.81,745847.41,275936.629,128.8306247,17047.35692,16441.667,11.962,600.308
6/25/2022 14:13,1010.3,43.98,12.532,43.78,439371.371,745829.276,276098.838,126.6994511,16957.8061,16265,8.498,542.173
6/25/2022 14:14,1010.3,43.98,12.478,43.78,439407.505,745850.695,276246.743,124.9336013,16876.34933,16250.82,8.022,536.528
6/25/2022 14:15,1010.3,43.98,12.488,43.785,439392.781,745921.038,276165.419,125.6529403,16921.11419,16335,9.306,553.862
6/25/2022 14:16,1010.3,43.98,12.525,43.789,439362.429,745931.4,276026.552,127.1367172,16997.68513,16395,10.238,567.98
6/25/2022 14:17,1010.3,43.98,12.573,43.79,439337.19,745895.419,275914.419,128.3714997,17059.63602,16421.311,10.607,573.763
6/25/2022 14:18,1010.286,43.98,12.54,43.78,439365.838,745852.571,276051.152,126.9700034,16984.10866,16303.333,8.582,542.866
6/25/2022 14:19,1010.2,43.98,12.514,43.78,439386.352,745753.571,276135.2,125.9671211,16937.76276,16305,8.788,544.827
6/25/2022 14:20,1010.2,43.97,12.477,43.771,439423.124,745621.676,276293.352,124.1708608,16850.71901,16222.951,7.294,518.816
6/25/2022 14:21,1010.2,43.97,12.455,43.77,439426.457,745631.019,276333.571,124.0081397,16828.61757,16230,7.532,520.731
6/25/2022 14:22,1010.208,43.97,12.539,43.77,439358.695,745545.505,276046.876,127.3193431,16986.46816,16388.333,10.129,563.054
6/25/2022 14:23,1010.3,43.97,12.534,43.773,439379.105,745686.324,276103.676,126.3213446,16955.13866,16367.213,9.603,553.367
6/25/2022 14:24,1010.3,43.97,12.554,43.78,439368.267,745743.076,276032.276,126.8512252,16994.52565,16380,9.882,557.582
6/25/2022 14:25,1010.3,43.976,12.518,43.78,439387.838,745808.038,276146.057,125.8944963,16931.7804,16306.667,8.603,540.613
6/25/2022 14:26,1010.287,43.98,12.464,43.78,439417.495,745839.99,276294.743,124.4457098,16849.95438,16227.869,7.533,525.982
6/25/2022 14:27,1010.2,43.98,12.419,43.78,439417.943,745830.686,276370.971,124.4238336,16808.07773,16265,8.468,537.461
6/25/2022 14:28,1010.2,43.98,12.44,43.78,439410.219,745831.714,276319.924,124.8010415,16836.11541,16210,7.536,523.807
6/25/2022 14:29,1010.2,43.98,12.465,43.78,439376.467,745769.076,276207.638,126.4503043,16897.86761,16347.541,9.811,552.409
6/25/2022 14:30,1010.2,43.98,12.455,43.78,439424.133,745742.41,276297.19,124.1215986,16848.60932,16295,6.666,503.974
6/25/2022 14:31,1010.2,43.971,12.427,43.779,439429.6,745737.895,276380.438,123.8547085,16802.88042,16238.333,7.529,509.836
6/25/2022 14:32,1010.265,43.97,12.484,43.77,439384.381,745644.162,276220.61,126.0634538,16890.72806,16293.443,8.762,521.911
6/25/2022 14:33,1010.3,43.97,12.472,43.774,439372.057,745612.533,276251.152,126.6659101,16873.92402,16326.667,9.77,532.228
6/25/2022 14:34,1010.3,43.97,12.5,43.78,439352.314,745736.124,276166.152,127.6314749,16920.71046,16310,9.836,530.755
6/25/2022 14:35,1010.238,43.98,12.422,43.78,439389.133,745818.495,276389.029,125.8312086,16798.1647,16172.131,8.333,512.052
6/25/2022 14:36,1010.2,43.98,12.397,43.79,439390,745887.743,276425.905,125.7888389,16777.93014,16213.333,8.947,515.341
6/25/2022 14:37,1010.2,43.98,12.398,43.79,439373.181,745912.419,276385.695,126.610955,16799.9947,16288.333,10.462,526.052
6/25/2022 14:38,1010.2,43.98,12.438,43.783,439352.886,745826.676,276293.219,127.6034928,16850.79212,16249.18,9.518,515.401
6/25/2022 14:39,1010.2,43.98,12.39,43.78,439383.505,745819.819,276450.562,126.10627,16764.4069,16153.333,8.43,506.314
6/25/2022 14:40,1010.2,43.98,12.344,43.78,439400.381,745803.762,276562.4,125.2816064,16703.13451,16128.333,8.452,507.395
6/25/2022 14:41,1010.2,43.98,12.324,43.78,439406.619,745817.657,276597.495,124.9768784,16683.92928,16116.393,8.067,503.202
6/25/2022 14:42,1010.2,43.98,12.266,43.78,439433.924,745839.581,276745.286,123.6436468,16603.16901,16011.667,7.039,493.233
6/25/2022 14:43,1010.2,43.98,12.24,43.785,439426.895,745838.571,276759.362,123.9867571,16595.48699,16023.333,7.362,497.967
6/25/2022 14:44,1010.2,43.98,12.282,43.79,439400.543,745930.143,276619.2,125.273692,16672.05683,16127.869,8.912,515.769
6/25/2022 14:45,1010.2,43.98,12.228,43.79,439429.771,745940.619,276783.4,123.8463612,16582.37212,15973.333,6.908,497.42
6/25/2022 14:46,1010.2,43.98,12.139,43.789,439474.19,745900.238,277036.79,121.6794211,16444.42754,15850,5.964,487.338
6/25/2022 14:47,1010.2,43.98,12.201,43.78,439425.429,745839.695,276785.257,124.0583263,16581.35916,16091.803,8.807,521.211
6/25/2022 14:48,1010.2,43.98,12.301,43.78,439372.333,745784.705,276537.676,126.6524156,16716.67072,16236.667,10.784,538.625
6/25/2022 14:49,1010.2,43.98,12.372,43.78,439356.648,745764.095,276400.743,127.4194677,16791.73574,16285,11.433,544.735
6/25/2022 14:50,1010.2,43.98,12.359,43.78,439363.952,745791.133,276448.905,127.0622344,16765.31553,16259.016,11.181,541.837
6/25/2022 14:51,1010.2,43.98,12.383,43.784,439350.429,745804.867,276375.362,127.7236918,16805.66701,16260,11.317,541.98
6/25/2022 14:52,1010.2,43.98,12.432,43.79,439316.067,745874.762,276224.029,129.4055813,16888.84654,16391.667,12.753,551.35
6/25/2022 14:53,1010.2,43.98,12.404,43.784,439345.657,745841.505,276344.371,127.9571667,16822.68504,16239.344,10.496,536.142
6/25/2022 14:54,1010.2,43.98,12.42,43.78,439352.657,745895.086,276312.371,127.6146954,16840.26581,16281.667,10.958,542.853
6/25/2022 14:55,1010.2,43.98,12.369,43.78,439394.381,745835.362,276483.771,125.5747582,16746.20155,16140,8.852,525.639
6/25/2022 14:56,1010.2,43.98,12.306,43.78,439421.867,745803.048,276623.4,124.232233,16669.75994,16093.443,8.083,518.524
6/25/2022 14:57,1010.115,43.975,12.274,43.78,439433.029,745765.305,276694.4,123.6873311,16630.95442,16086.667,7.597,509.294
6/25/2022 14:58,1010.1,43.97,12.286,43.776,439419.648,745679.419,276639.086,124.3405795,16661.18292,16141.667,8.415,520.326
6/25/2022 14:59,1010.1,43.97,12.336,43.77,439415.324,745631.714,276525.562,124.5517255,16723.30497,16203.279,8.173,513.633
6/25/2022 15:00,1010.1,43.97,12.304,43.77,439426.343,745582.686,276661.686,124.013705,16648.82908,16078.333,7.563,505.697
6/25/2022 15:01,1010.1,43.97,12.28,43.774,439428.124,745641.438,276698.686,123.9267604,16628.61326,16061.667,7.804,508.661
6/25/2022 15:02,1010.1,43.97,12.22,43.78,439447.019,745757.581,276839.552,123.0046134,16551.75555,15991.803,7.46,502.383
6/25/2022 15:03,1010.1,43.978,12.178,43.783,439442.267,745848.029,276906.514,123.236483,16515.28034,15941.667,7.166,499.26
6/25/2022 15:04,1010.1,43.98,12.135,43.79,439462.371,745935.752,276994.019,122.2557371,16467.67318,15906.667,7.087,500.597
6/25/2022 15:05,1010.1,43.98,12.092,43.79,439476.21,745937.971,277081.267,121.5809413,16420.27139,15883.333,6.817,499.169
6/25/2022 15:06,1010.1,43.98,12.078,43.782,439468.248,745902.514,277074.162,121.96914,16424.12909,15921.311,7.052,503.64
6/25/2022 15:07,1010.1,43.98,12.081,43.78,439468.219,745834.467,277086.4,121.9705541,16417.48468,15863.333,6.485,497.562
6/25/2022 15:08,1010.1,43.98,12.048,43.78,439491.819,745790.524,277191.981,120.8201533,16360.21479,15830,6.263,497.061
6/25/2022 15:09,1010.1,43.98,12.024,43.78,439497.105,745831.829,277230.038,120.5625873,16339.59519,15831.148,6.215,497.069
6/25/2022 15:10,1010.1,43.98,12.019,43.78,439494.095,745802.695,277231.181,120.7092481,16338.97609,15850,6.431,500.157
6/25/2022 15:11,1010.1,43.98,12.053,43.784,439473.667,745856.876,277094.829,121.7049195,16412.90905,15930,7.205,511.739
6/25/2022 15:12,1010.058,43.983,11.999,43.79,439504.105,746015.943,277284.19,120.2215634,16310.27665,15673.77,5.652,487.722
6/25/2022 15:13,1010.1,43.99,11.877,43.799,439530.257,746135.029,277560.286,118.9480904,16161.18705,15621.667,5.497,485.816
6/25/2022 15:14,1010.1,43.99,11.788,43.8,439547.057,746198.771,277740.714,118.1305061,16064.11159,15488.333,5.156,479.703
6/25/2022 15:15,1010.1,43.99,11.64,43.795,439578.029,746104.619,278146.667,116.6242412,15846.72077,15270.492,4.62,470.647
6/25/2022 15:16,1010.1,43.988,11.541,43.788,439587.048,745977.371,278366.981,116.1858654,15729.33429,15135,4.375,467.04
6/25/2022 15:17,1010.1,43.98,11.484,43.78,439581.714,745832.619,278464.952,116.4451154,15677.26801,15136.667,4.598,471.174
6/25/2022 15:18,1010.1,43.978,11.399,43.779,439585.371,745766.943,278668.819,116.267369,15569.18835,14993.443,4.486,468.817
6/25/2022 15:19,1010.1,43.97,11.251,43.771,439606.882,745700.686,279050.265,115.2222084,15367.9256,14713.333,4.055,460.573
6/25/2022 15:20,1010.1,43.97,11.064,43.771,439641.495,745698.219,279494.419,113.5417839,15135.15294,14528.333,3.579,449.957
6/25/2022 15:21,1010.1,43.97,10.953,43.78,439654.171,745786.619,279691.619,112.9267868,15032.34802,14554.098,3.777,454.88
6/25/2022 15:22,1010.1,43.98,10.923,43.782,439649.924,745886.819,279671.286,113.1328126,15042.93262,14540,3.987,458.791
6/25/2022 15:23,1010.1,43.98,10.882,43.79,439641.133,745969.429,279703.59,113.5593502,15026.11802,14535,4.214,463.235
6/25/2022 15:24,1010.1,43.986,10.852,43.79,439646.857,746002.019,279783.752,113.2816108,14984.43158,14459.016,4.244,463.169
6/25/2022 15:25,1010.1,43.99,10.823,43.79,439653.181,745993.867,279814.362,112.9748104,14968.52811,14520,4.577,468.999
6/25/2022 15:26,1010.1,43.981,10.712,43.79,439681.562,746004.229,280161.59,111.5986163,14788.68953,14195,3.854,452.125
6/25/2022 15:27,1010.1,43.98,10.618,43.789,439686.581,745977.952,280328.457,111.3553596,14702.63356,14260.656,4.055,456.343
6/25/2022 15:28,1010.1,43.985,10.596,43.79,439694.257,746002.438,280338.571,110.983392,14697.42531,14255,3.585,447.098
6/25/2022 15:29,1010.1,43.99,10.541,43.79,439696.952,746035.629,280451.619,110.8528154,14639.27056,14238.333,3.842,452.862
6/25/2022 15:30,1010.1,43.99,10.557,43.79,439693.762,746076.448,280359.733,111.0073766,14686.53068,14275.41,4.188,460.219
6/25/2022 15:31,1010.1,43.99,10.568,43.79,439680.019,746060.219,280314.724,111.6734081,14709.70684,14276.667,4.407,464.656
6/25/2022 15:32,1010.1,43.99,10.496,43.79,439684.19,746008.99,280514.238,111.4712403,14607.10506,14106.667,3.986,454.205
6/25/2022 15:33,1010.1,43.988,10.486,43.788,439677.714,745957.638,280485.543,111.7851413,14621.84063,14193.443,4.34,461.15
6/25/2022 15:34,1010.1,43.98,10.428,43.781,439689.695,745889.524,280667.886,111.2044501,14528.32359,14040,3.899,448.667
6/25/2022 15:35,1010.1,43.98,10.414,43.782,439686.381,745916.829,280640.133,111.3650523,14542.53863,14105,4.475,458.1
6/25/2022 15:36,1010.1,43.98,10.421,43.788,439677.552,745961.962,280613.086,111.7929944,14556.39844,14136.066,4.978,464.446
6/25/2022 15:37,1010.1,43.98,10.443,43.783,439675.571,745898.152,280562.486,111.8890282,14582.34451,14151.667,5.41,467.515
6/25/2022 15:38,1010.1,43.98,10.458,43.78,439659.771,745815.114,280503.19,112.6551634,14612.77763,14178.333,5.625,472.459
6/25/2022 15:39,1010.1,43.98,10.452,43.78,439653.238,745798.762,280523.171,112.9720453,14602.51919,14195.082,5.703,472.171
6/25/2022 15:40,1010.1,43.98,10.434,43.78,439652.924,745839.095,280577.067,112.9872773,14574.86558,14128.333,5.661,467.832
6/25/2022 15:41,1010.1,43.98,10.431,43.781,439658.048,745819.733,280560.6,112.7387315,14583.31202,14176.667,5.511,467.568
6/25/2022 15:42,1010.1,43.98,10.401,43.78,439665.619,745777.571,280659.248,112.3715566,14532.74725,14065.574,5.112,460.225
6/25/2022 15:43,1010.1,43.98,10.376,43.78,439668.181,745733.457,280709.21,112.2473237,14507.16976,14048.333,5.36,464.071
6/25/2022 15:44,1010.163,43.98,10.313,43.784,439676.39,745765.162,280885.324,111.8493245,14417.18139,13986.667,5.117,459.563
6/25/2022 15:45,1010.2,43.98,10.276,43.79,439686.133,745828.695,280932.838,111.3770714,14392.94901,13975.41,5.16,460.155
6/25/2022 15:46,1010.2,43.982,10.213,43.79,439700.2,745926.943,281095.619,110.6954584,14310.07708,13763.333,4.572,451.484
6/25/2022 15:47,1010.2,43.99,10.139,43.79,439706.905,745970.419,281246.4,110.3706643,14233.51766,13863.333,4.811,456.227
6/25/2022 15:48,1010.2,43.983,10.171,43.79,439695.79,745864.876,281104.438,110.9091148,14305.59383,13940.984,5.337,467.155
6/25/2022 15:49,1010.2,43.98,10.193,43.783,439695.267,745807.771,281080,110.9344549,14318.01884,13853.333,4.878,461.346
6/25/2022 15:50,1010.2,43.98,10.146,43.78,439707.362,745708.543,281210.99,110.3485292,14251.47961,13836.667,4.906,462.461
6/25/2022 15:51,1010.2,43.98,10.141,43.78,439705.61,745658.524,281213.514,110.4333901,14250.19894,13844.262,5.103,465.553
6/25/2022 15:52,1010.2,43.98,10.18,43.78,439684.171,745657.267,281080.819,111.4721612,14317.60236,13910,5.646,473.845
6/25/2022 15:53,1010.2,43.98,10.185,43.788,439674.333,745821.305,281059.248,111.949046,14328.57382,13893.333,5.83,474.879
6/25/2022 15:54,1010.2,43.985,10.204,43.79,439666.01,745924.533,280977.114,112.3525962,14370.38551,13952.459,6.285,480.205
6/25/2022 15:55,1010.2,43.99,10.233,43.798,439656.019,746002.4,280883.21,112.8371463,14418.25999,14008.333,6.727,485.513
6/25/2022 15:56,1010.241,43.99,10.183,43.796,439670.105,746027.01,281048.352,112.1540336,14334.11727,13896.667,6.387,480.078
6/25/2022 15:57,1010.3,43.99,10.188,43.79,439668.514,745931.152,281017.076,112.2311769,14350.03493,13914.754,6.595,483.66
6/25/2022 15:58,1010.3,43.99,10.163,43.789,439665.952,745843.99,281102.714,112.3554088,14306.4702,13888.333,6.617,484.752
6/25/2022 15:59,1010.3,43.98,10.156,43.782,439668.562,745764.105,281097.952,112.2288495,14308.89101,13861.667,6.696,488.147
6/25/2022 16:00,1010.3,43.98,10.104,43.78,439680.971,745722.438,281275.705,111.6272627,14218.66067,13738.333,6.23,479.634
6/25/2022 16:01,1010.3,43.98,10.102,43.78,439675.152,745683.352,281249.867,111.9093409,14231.75959,13808.197,6.233,483.158
6/25/2022 16:02,1010.3,43.98,10.109,43.78,439677.61,745718.686,281211.705,111.7901828,14251.11682,13850,6.566,493.151
6/25/2022 16:03,1010.3,43.98,10.129,43.785,439677.305,745759.219,281139.962,111.804968,14287.54152,13826.667,6.345,492.699
6/25/2022 16:04,1010.3,43.98,10.04,43.782,439705.095,745819.781,281431,110.4583357,14140.05279,13703.279,5.852,486.045
6/25/2022 16:05,1010.3,43.98,10.02,43.79,439700.029,745822.486,281425.648,110.7037425,14142.75843,13765,6.309,497.755
6/25/2022 16:06,1010.3,43.984,10.033,43.79,439690.952,745900,281339.229,111.1435376,14186.48076,13830,6.803,510.285
6/25/2022 16:07,1010.3,43.99,10.066,43.8,439679.952,746047.952,281236.114,111.6766557,14238.73419,13788.525,6.547,504.489
6/25/2022 16:08,1010.3,43.99,10.081,43.8,439657.171,746038.59,281128.848,112.7812689,14293.18818,13895,7.241,526.355
6/25/2022 16:09,1010.3,43.99,10.118,43.8,439662.448,746046.705,281080.371,112.5253328,14317.83018,13838.333,6.848,516.494
6/25/2022 16:10,1010.4,43.99,10.092,43.791,439670.181,746001.771,281158.771,112.1503486,14277.98771,13859.016,6.755,518.769
6/25/2022 16:11,1010.4,43.99,10.099,43.79,439676.581,745943.21,281142.2,111.8400653,14286.4046,13866.667,6.948,528.464
6/25/2022 16:12,1010.4,43.99,10.077,43.79,439688.076,745947.829,281206.438,111.2829078,14253.78942,13820,6.381,512.45
6/25/2022 16:13,1010.4,43.99,10.071,43.791,439695.448,745995.514,281229.352,110.9256852,14242.16402,13849.18,6.298,511.203
6/25/2022 16:14,1010.4,43.99,10.094,43.793,439680.733,745936.724,281124.01,111.6387989,14295.64654,13930,6.375,521.794
6/25/2022 16:15,1010.4,43.99,10.16,43.792,439662.21,745909.724,280905.829,112.5368751,14406.72136,13988.333,6.469,534.106
6/25/2022 16:16,1010.4,43.987,10.182,43.787,439664.619,745834.343,280896.495,112.4200497,14411.48238,14016.393,6.349,537.207
6/25/2022 16:17,1010.4,43.98,10.241,43.78,439657.067,745664.105,280735.629,112.7863133,14493.65353,14083.333,6.61,552.78
6/25/2022 16:18,1010.4,43.98,10.274,43.78,439669.762,745620.724,280701.581,112.1706645,14511.07396,14121.667,6.378,546.816
6/25/2022 16:19,1010.4,43.979,10.296,43.78,439668.581,745578.114,280661.324,112.2279282,14531.68404,14159.016,6.585,560.74
6/25/2022 16:20,1010.4,43.97,10.354,43.78,439645.686,745571.152,280474.01,113.3384263,14627.7651,14230,6.82,578.878
6/25/2022 16:21,1010.4,43.978,10.366,43.78,439656.086,745612.2,280484.648,112.8338965,14622.30035,14190,6.309,560.647
6/25/2022 16:22,1010.4,43.98,10.357,43.781,439665.114,745654.429,280508.381,112.3960455,14610.11219,14185.246,6.262,562.43
6/25/2022 16:23,1010.4,43.98,10.37,43.789,439657.933,745707.924,280460.943,112.7443093,14634.47896,14200,6.296,564.4
6/25/2022 16:24,1010.4,43.98,10.348,43.79,439665.371,745746.4,280538.695,112.3835828,14594.55139,14150,5.862,546.031
6/25/2022 16:25,1010.4,43.98,10.325,43.781,439677.59,745681.495,280644.095,111.7911523,14540.5089,14113.115,5.649,537.882
6/25/2022 16:26,1010.4,43.979,10.339,43.78,439670.219,745587.686,280575.638,112.1485062,14575.59847,14185,6.122,562.395
6/25/2022 16:27,1010.4,43.97,10.381,43.776,439656.305,745494.6,280439.981,112.8232738,14645.25236,14245,6.454,579.458
6/25/2022 16:28,1010.4,43.97,10.423,43.773,439657.076,745471.914,280352.467,112.7858768,14690.27093,14268.852,6.527,584.817
6/25/2022 16:29,1010.4,43.97,10.463,43.77,439635.981,745450.8,280222.59,113.8093732,14757.20309,14333.333,6.949,606.942
6/25/2022 16:30,1010.4,43.97,10.508,43.77,439629.181,745471,280104.571,114.1394281,14818.15002,14383.333,7.252,623.066
6/25/2022 16:31,1010.4,43.97,10.529,43.77,439635.038,745426.162,280099.867,113.8551403,14820.58173,14360.656,6.984,609.661
6/25/2022 16:32,1010.4,43.97,10.514,43.77,439638.533,745362.171,280174.79,113.6855219,14781.87335,14330,6.912,605.79
6/25/2022 16:33,1010.4,43.97,10.524,43.77,439635.857,745421.8,280127.695,113.8153913,14806.19898,14391.667,7.224,625.669
6/25/2022 16:34,1010.4,43.97,10.534,43.779,439629.876,745500.448,280084.276,114.1056917,14828.64276,14304.918,6.77,602.534
6/25/2022 16:35,1010.4,43.97,10.521,43.78,439616.057,745547.39,280075.19,114.7766126,14833.34147,14383.333,7.306,634.92
6/25/2022 16:36,1010.4,43.97,10.596,43.78,439597.495,745503.314,279837.219,115.6782193,14956.65799,14395,7.258,637.342
6/25/2022 16:37,1010.4,43.97,10.521,43.779,439635.695,745490.781,280163.924,113.8232537,14787.48419,14345.902,7.055,625.98
6/25/2022 16:38,1010.4,43.97,10.445,43.771,439656.6,745442.371,280374.829,112.8089649,14678.7613,14218.333,6.333,584.599
6/25/2022 16:39,1010.4,43.97,10.457,43.77,439646.457,745367.057,280267.552,113.3010181,14734.01549,14255,6.649,605.892
6/25/2022 16:40,1010.4,43.961,10.451,43.77,439646.314,745287.924,280307.381,113.3079563,14713.48958,14229.508,6.649,602.558
6/25/2022 16:41,1010.4,43.96,10.432,43.769,439648.4,745237.686,280387.771,113.2067492,14672.10207,14185,6.464,587.272
6/25/2022 16:42,1010.4,43.96,10.39,43.761,439667.419,745228.39,280532.248,112.2842726,14597.86011,14153.333,6.497,585.97
6/25/2022 16:43,1010.4,43.96,10.392,43.764,439657.514,745174.99,280479.667,112.7646322,14624.85897,14180,6.749,600.064
6/25/2022 16:44,1010.4,43.96,10.383,43.77,439655.095,745276.848,280485.362,112.881966,14621.9336,14159.016,6.71,601.614
6/25/2022 16:45,1010.4,43.96,10.355,43.77,439651.41,745296.524,280553.219,113.0607226,14587.09872,14106.667,6.481,590.149
6/25/2022 16:46,1010.4,43.968,10.359,43.774,439646.676,745346.486,280490.371,113.2903926,14619.36084,14123.333,6.662,601.604
6/25/2022 16:47,1010.4,43.97,10.333,43.778,439661.39,745402.657,280581.495,112.5766431,14572.59472,14100,6.47,593.006
6/25/2022 16:48,1010.4,43.97,10.333,43.777,439655.619,745398.867,280572.457,112.8565486,14577.22996,14091.667,6.268,586.241
6/25/2022 16:49,1010.4,43.97,10.304,43.775,439655.324,745369.238,280641.219,112.870858,14541.98226,14101.667,6.574,601.927
6/25/2022 16:50,1010.4,43.97,10.301,43.78,439658.914,745421.371,280647.79,112.6967287,14538.61607,14019.672,6.041,578.876
6/25/2022 16:51,1010.4,43.97,10.234,43.78,439688.076,745482.143,280841.095,111.2829078,14439.75585,13950,5.582,558.536
6/25/2022 16:52,1010.4,43.973,10.231,43.78,439674.067,745526.971,280778.362,111.9619418,14471.8036,14001.667,5.817,567.952
6/25/2022 16:53,1010.4,43.98,10.202,43.78,439698.8,745518.571,280903.619,110.7632829,14407.84855,13965.574,5.158,539.498
6/25/2022 16:54,1010.4,43.98,10.21,43.78,439713.438,745546.962,280899.533,110.0542611,14409.93269,13928.333,4.745,518.355
6/25/2022 16:55,1010.4,43.98,10.191,43.78,439709.819,745566.743,280935.457,110.2295276,14391.61387,13961.667,5.276,538.969
6/25/2022 16:56,1010.4,43.977,10.139,43.78,439720.714,745489.162,281126.981,109.7019418,14294.13685,13786.885,4.658,508.156
6/25/2022 16:57,1010.4,43.97,10.059,43.78,439736.314,745445.038,281338.648,108.9468006,14186.77492,13720,4.453,504.42
6/25/2022 16:58,1010.4,43.97,10.026,43.78,439734.714,745459.448,281396.248,109.0242357,14157.62569,13745,4.686,509.033
6/25/2022 16:59,1010.4,43.97,9.959,43.78,439739.181,745458.305,281573.848,108.8080553,14067.92851,13603.279,4.498,496.427
6/25/2022 17:00,1010.4,43.975,9.913,43.782,439737.695,745533.819,281638.419,108.8799672,14035.38405,13633.333,5.16,520.746
6/25/2022 17:01,1010.4,43.98,9.865,43.787,439744.01,745603.19,281770.171,108.5743866,13969.0909,13443.333,4.744,504.414
6/25/2022 17:02,1010.4,43.98,9.704,43.781,439763.971,745624.133,282183.971,107.608839,13761.85146,13318.033,4.633,497.784
6/25/2022 17:03,1010.4,43.98,9.666,43.784,439775.552,745632.943,282223.124,107.0488957,13742.31911,13223.333,4.517,494.718
6/25/2022 17:04,1010.4,43.98,9.582,43.78,439783.619,745571.848,282433.371,106.6589631,13637.65811,13168.333,4.525,493.402
6/25/2022 17:05,1010.4,43.975,9.553,43.779,439780.41,745482.762,282451.543,106.8140651,13628.62993,13200,4.963,507.915
6/25/2022 17:06,1010.4,43.97,9.464,43.77,439784.448,745346.686,282708.61,106.618897,13501.21867,13000,4.505,491.466
6/25/2022 17:07,1010.4,43.963,9.384,43.762,439799.962,745237.8,282912.486,105.8692679,13400.5748,12901.667,4.502,489.853
6/25/2022 17:08,1010.4,43.96,9.199,43.764,439829.895,745182.552,283462.486,104.4238483,13130.84889,12601.639,3.979,473.233
6/25/2022 17:09,1010.4,43.96,9.123,43.77,439839.543,745222.105,283538.124,103.9582216,13093.95869,12655,4.118,477.57
6/25/2022 17:10,1010.4,43.964,9.045,43.774,439849.933,745319.505,283708.429,103.456927,13011.07756,12600,3.954,472.959
6/25/2022 17:11,1010.4,43.97,8.992,43.78,439850.933,745419.524,283782.086,103.408687,12975.3087,12572.131,3.872,469.491
6/25/2022 17:12,1010.4,43.97,8.858,43.78,439864.124,745491.457,284150.514,102.7724807,12797.09531,12308.333,3.264,450.947
6/25/2022 17:13,1010.4,43.978,8.832,43.78,439864.152,745483.571,284108.667,102.7711305,12817.27848,12485,3.715,463.809
6/25/2022 17:14,1010.4,43.978,8.858,43.78,439857.371,745476.829,284011.819,103.0981504,12864.04687,12490.164,3.777,464.895
6/25/2022 17:15,1010.4,43.97,8.774,43.779,439872.876,745427.838,284276.638,102.3505,12736.35571,12340,3.383,453.727
6/25/2022 17:16,1010.4,43.97,8.737,43.774,439882.295,745352.019,284337.648,101.8964765,12707.02322,12341.667,3.259,450.666
6/25/2022 17:17,1010.4,43.97,8.688,43.77,439885.733,745280.648,284467.333,101.7307849,12644.77939,12247.541,3.134,447.814
6/25/2022 17:18,1010.4,43.97,8.652,43.77,439887.152,745236.467,284516.39,101.6624021,12621.27162,12263.333,3.18,449.204
6/25/2022 17:19,1010.4,43.97,8.602,43.777,439900.19,745352.629,284658.362,101.0342185,12553.35623,12215,3.039,445.133
6/25/2022 17:20,1010.4,43.97,8.591,43.78,439896.952,745407.981,284630.486,101.1902069,12566.67764,12231.148,3.009,444.766
6/25/2022 17:21,1010.4,43.976,8.568,43.781,439907.352,745499.076,284670.362,100.6892451,12547.62372,12273.333,3.162,447.937
6/25/2022 17:22,1010.4,43.98,8.566,43.79,439917.419,745519.029,284679.571,100.2044645,12543.22533,12221.667,3.107,447.054
6/25/2022 17:23,1010.4,43.98,8.565,43.79,439908.8,745552.114,284636.229,100.6195076,12563.93263,12293.443,3.242,449.439
6/25/2022 17:24,1010.4,43.98,8.57,43.79,439907.448,745578.4,284620.686,100.6846216,12571.36247,12266.667,3.267,447.137
6/25/2022 17:25,1010.4,43.98,8.57,43.79,439907.2,745584.438,284610.171,100.6965658,12576.39001,12283.333,3.281,448.468
6/25/2022 17:26,1010.4,43.98,8.559,43.79,439909.143,745627.21,284638.648,100.6029886,12562.77649,12277.049,3.136,444.414
6/25/2022 17:27,1010.4,43.98,8.557,43.79,439914.514,745560.952,284649.562,100.3443418,12557.56086,12273.333,3.126,443.431
6/25/2022 17:28,1010.4,43.98,8.542,43.788,439921.067,745525.105,284714.79,100.0288276,12526.41081,12188.333,2.916,438.176
6/25/2022 17:29,1010.4,43.98,8.476,43.78,439933.286,745464.771,284912.105,99.44066328,12432.40453,12161.667,2.881,436.566
6/25/2022 17:30,1010.4,43.98,8.474,43.78,439923.943,745438.905,284875.2,99.89037238,12449.96163,12173.77,2.81,434.893
6/25/2022 17:31,1010.4,43.98,8.476,43.78,439930.914,745444.838,284851.829,99.5548241,12461.08615,12208.333,2.836,434.726
6/25/2022 17:32,1010.4,43.98,8.49,43.782,439920.295,745509.429,284810.305,100.0659949,12480.86304,12221.667,2.878,434.637
6/25/2022 17:33,1010.4,43.98,8.506,43.783,439922.048,745488.895,284739.057,99.98159945,12514.83129,12295.082,2.982,434.336
6/25/2022 17:34,1010.4,43.98,8.541,43.78,439909.971,745446.533,284643.59,100.5631128,12560.41466,12311.667,3.119,433.725
6/25/2022 17:35,1010.4,43.978,8.563,43.779,439905.448,745330.819,284597.476,100.7809486,12582.46114,12340,3.199,435.386
6/25/2022 17:36,1010.4,43.97,8.589,43.77,439899.219,745258.629,284538.038,101.0809943,12610.90463,12381.967,3.243,436.608
6/25/2022 17:37,1010.4,43.97,8.616,43.77,439892.629,745174.724,284466.343,101.3984866,12645.25401,12391.667,3.338,440.478
6/25/2022 17:38,1010.4,43.97,8.61,43.77,439898.343,745158.962,284525.124,101.1231947,12617.08851,12325,3.243,442.132
6/25/2022 17:39,1010.4,43.966,8.615,43.77,439897,745094.238,284492.743,101.1878944,12632.60051,12381.967,3.39,445.71
6/25/2022 17:40,1010.4,43.96,8.627,43.77,439891.419,745113.61,284442.914,101.4567883,12656.48852,12416.667,3.447,447.508
6/25/2022 17:41,1010.4,43.97,8.628,43.775,439899.381,745215.581,284454.648,101.0731902,12650.86132,12390,3.347,444.607
6/25/2022 17:42,1010.4,43.97,8.621,43.78,439904.333,745290.695,284460.229,100.8346533,12648.1853,12401.639,3.365,445.073
6/25/2022 17:43,1010.4,43.977,8.617,43.782,439908.229,745429.324,284468.133,100.6470073,12644.39587,12386.667,3.237,442.239
6/25/2022 17:44,1010.4,43.98,8.584,43.784,439910.114,745416.495,284552.095,100.5562261,12604.17504,12320,3.047,437.774
6/25/2022 17:45,1010.4,43.98,8.579,43.78,439909.076,745426,284538.905,100.6062154,12610.48951,12339.344,3.123,438.746
6/25/2022 17:46,1010.4,43.98,8.597,43.78,439921.924,745378.629,284512.41,99.9875691,12623.17803,12373.333,2.951,435.259
6/25/2022 17:47,1010.473,43.98,8.615,43.78,439924.857,745371.333,284462.162,99.84637331,12647.2585,12415,3.033,438.866
6/25/2022 17:48,1010.5,43.972,8.635,43.78,439918.686,745289.781,284393.219,100.1434614,12680.33356,12426.23,3.116,440.227
6/25/2022 17:49,1010.5,43.97,8.634,43.78,439906.762,745308.257,284401.495,100.7176611,12676.36103,12416.667,3.333,445.604
6/25/2022 17:50,1010.589,43.97,8.663,43.78,439901.257,745291.01,284308.714,100.9828197,12720.93017,12486.667,3.426,451.536
6/25/2022 17:51,1010.6,43.97,8.673,43.78,439897.038,745312.914,284287.21,101.1860637,12731.2706,12483.607,3.52,455.047
6/25/2022 17:52,1010.6,43.974,8.716,43.78,439896.248,745327.219,284185.79,101.2241235,12780.09309,12526.667,3.67,462.356
6/25/2022 17:53,1010.6,43.98,8.777,43.78,439866.771,745316.524,283955.276,102.6448437,12891.38906,12615,4.17,474.945
6/25/2022 17:54,1010.667,43.98,8.856,43.78,439854.371,745341.619,283770.667,103.2428482,12980.85087,12670.492,4.271,480.169
6/25/2022 17:55,1010.7,43.98,8.829,43.78,439864.324,745344.876,283881.19,102.7628365,12927.25604,12663.333,4.373,480.565
6/25/2022 17:56,1010.7,43.98,8.859,43.78,439858.048,745379.667,283785.752,103.0654987,12973.52966,12695,4.43,480.91
6/25/2022 17:57,1010.7,43.98,8.878,43.78,439861.562,745318.038,283757.048,102.8960282,12987.46227,12714.754,4.405,478.632
6/25/2022 17:58,1010.7,43.98,8.911,43.78,439857.114,745326.59,283670.362,103.1105457,13029.58171,12793.333,4.505,481.338
6/25/2022 17:59,1010.7,43.976,8.981,43.78,439848.067,745254.019,283488.705,103.5469465,13118.05578,12891.667,4.383,478.324
6/25/2022 18:00,1010.7,43.97,9.053,43.78,439834.162,745183.086,283317.057,104.2179009,13201.91584,12991.803,4.574,481.319
6/25/2022 18:01,1010.7,43.97,9.137,43.78,439831.152,745162.486,283125.867,104.3631764,13295.6216,13083.333,4.414,477.887
6/25/2022 18:02,1010.7,43.97,9.225,43.78,439822.4,745132.467,282923.162,104.7856558,13395.31441,13203.333,4.954,488.518
6/25/2022 18:03,1010.7,43.97,9.315,43.78,439804.41,745161.238,282692.743,105.6544032,13509.06645,13293.443,5.033,490.53
6/25/2022 18:04,1010.7,43.97,9.376,43.78,439796.143,745188.676,282556,106.0537696,13576.7889,13358.333,5.002,491.576
6/25/2022 18:05,1010.7,43.97,9.452,43.78,439783.819,745171.905,282376.152,106.6492969,13666.10409,13461.667,5.377,498.785
6/25/2022 18:06,1010.7,43.977,9.546,43.785,439774.876,745315.733,282162.943,107.0815754,13772.3472,13506.557,5.17,494.008
6/25/2022 18:07,1010.7,43.98,9.561,43.79,439775.695,745430.619,282145.667,107.0419828,13780.97304,13508.333,4.88,488.697
6/25/2022 18:08,1010.7,43.98,9.602,43.79,439779.162,745453.429,282056.505,106.874389,13825.53208,13563.333,4.768,486.179
6/25/2022 18:09,1010.7,43.98,9.63,43.784,439779.533,745392.124,282019.229,106.856456,13844.18117,13581.967,4.746,485.642
6/25/2022 18:10,1010.7,43.98,9.684,43.78,439765.124,745275.714,281883.99,107.5530831,13911.94122,13658.333,5.061,495.121
6/25/2022 18:11,1010.7,43.972,9.771,43.779,439735.067,745139.038,281663.952,109.0071513,14022.52505,13748.333,5.511,509.018
6/25/2022 18:12,1010.7,43.97,9.827,43.772,439728.552,745108.657,281550.429,109.3224902,14079.74079,13880.328,6.07,525.64
6/25/2022 18:13,1010.7,43.97,9.988,43.77,439688.067,745081.4,281066.905,111.2833439,14324.67885,14063.333,6.87,551.913
6/25/2022 18:14,1010.629,43.97,9.985,43.775,439716.867,745127.238,281209.714,109.8882127,14252.12707,13915,5.824,522.969
6/25/2022 18:15,1010.6,43.97,10.04,43.776,439700.819,745137.667,281051.857,110.6654711,14332.33395,14008.333,6.173,532.043
6/25/2022 18:16,1010.6,43.97,10.04,43.773,439720.171,745163.733,281115.819,109.7282326,14299.80914,13978.689,5.62,517.794
6/25/2022 18:17,1010.6,43.97,10.059,43.772,439715.143,745103.486,281090.6,109.9716949,14312.62886,13991.667,5.472,511.522
6/25/2022 18:18,1010.6,43.97,10.064,43.77,439722.505,745082.276,281103.286,109.6152289,14306.17943,13986.667,5.293,506.973
6/25/2022 18:19,1010.6,43.97,10.078,43.776,439724.286,745137.476,281062.4,109.5290045,14326.97039,14011.475,5.329,506.961
6/25/2022 18:20,1010.6,43.97,10.153,43.78,439692.029,745189.771,280811.571,111.0913493,14454.83425,14160,6.33,528.538
6/25/2022 18:21,1010.521,43.97,10.186,43.78,439693.495,745170.848,280769.314,111.0203138,14476.42864,14146.667,6.157,523.324
6/25/2022 18:22,1010.5,43.97,10.19,43.775,439695.267,745130.838,280789.257,110.9344549,14466.23535,14144.262,6.081,518.485
6/25/2022 18:23,1010.5,43.97,10.199,43.775,439688.8,745084.676,280782.6,111.2478219,14469.63751,14141.667,6.063,514.974
6/25/2022 18:24,1010.5,43.97,10.194,43.78,439693.638,745120.657,280818.933,111.0133849,14451.07365,14083.333,5.769,506.441
6/25/2022 18:25,1010.5,43.973,10.189,43.783,439699.943,745202.067,280809.229,110.7079088,14456.03067,14126.23,6.062,511.536
6/25/2022 18:26,1010.5,43.98,10.226,43.784,439685.941,745253.441,280704.196,111.3863766,14509.73566,14170,6.574,519.221
6/25/2022 18:27,1010.5,43.98,10.235,43.786,439688.876,745274.943,280692.876,111.2441388,14515.52941,14150,6.629,519.723
6/25/2022 18:28,1010.529,43.98,10.197,43.78,439714.895,745258.457,280852.333,109.9837043,14434.01839,14054.098,6.034,509.002
6/25/2022 18:29,1010.6,43.974,10.153,43.78,439713.495,745145.314,280975.114,110.0515008,14371.40436,13983.333,5.682,503.659
6/25/2022 18:30,1010.6,43.97,10.166,43.78,439708.543,745115.076,280913.314,110.291328,14402.904,14075,6.345,525.226
6/25/2022 18:31,1010.6,43.97,10.184,43.776,439698.238,745044.552,280845.457,110.7905104,14437.52874,14101.639,6.586,536.008
6/25/2022 18:32,1010.6,43.97,10.19,43.779,439707.152,745078.162,280866.438,110.3587007,14426.81874,14025,5.949,520.731
6/25/2022 18:33,1010.6,43.97,10.149,43.78,439715,745064.514,280975.029,109.9786197,14371.44766,14030,6.197,531.09
6/25/2022 18:34,1010.6,43.97,10.151,43.78,439715.143,745118.029,280957.067,109.9716949,14380.59958,14018.033,6.098,531.399
6/25/2022 18:35,1010.52,43.97,10.134,43.78,439712.4,745119.143,280991.305,110.1045292,14363.15719,13986.667,5.982,531.269
6/25/2022 18:36,1010.5,43.97,10.09,43.776,439721.752,745021.857,281126.238,109.6516856,14294.51439,13908.333,5.423,516.321
6/25/2022 18:37,1010.5,43.97,10.065,43.771,439741.181,745013.571,281215.524,108.7112742,14249.17911,13901.639,5.429,518.835
6/25/2022 18:38,1010.5,43.97,10.072,43.773,439733.086,745051,281143.343,109.1030295,14285.82396,13930,5.675,532
6/25/2022 18:39,1010.5,43.97,10.076,43.775,439734.695,745045.114,281136.029,109.0251552,14289.53963,13888.333,5.433,524.053
6/25/2022 18:40,1010.5,43.97,10.039,43.779,439751.067,745128.895,281247.181,108.2329653,14233.12162,13852.459,5.363,522.702
6/25/2022 18:41,1010.5,43.97,10.109,43.782,439714.2,745201,280940.638,110.0173601,14388.97283,14008.333,6.418,568.043
6/25/2022 18:42,1010.5,43.97,10.077,43.784,439734.467,745227.895,281098.562,109.03619,14308.5809,13900,5.756,542.941
6/25/2022 18:43,1010.5,43.97,10.02,43.78,439748.4,745166.019,281283.667,108.3619882,14214.62539,13734.426,5.319,528.758
6/25/2022 18:44,1010.5,43.97,9.789,43.778,439784.829,745086.733,281981.79,106.6004833,13862.92384,13266.667,4.494,498.509
6/25/2022 18:45,1010.5,43.97,9.659,43.77,439795.4,745002.162,282210.581,106.0896674,13748.57503,13360,4.685,507.641
6/25/2022 18:46,1010.5,43.97,9.54,43.772,439813.99,745021.495,282552.667,105.1917245,13578.44159,12934.426,4.132,486.82
6/25/2022 18:47,1010.5,43.97,9.383,43.77,439827.343,745031.619,282850.286,104.5470328,13431.24208,13071.667,4.37,498.557
6/25/2022 18:48,1010.5,43.97,9.321,43.77,439841.638,745032.086,283001.857,103.8571306,13356.56928,12853.333,3.958,479.102
6/25/2022 18:49,1010.5,43.968,9.161,43.77,439858.371,744954.21,283431.267,103.0499206,13146.08939,12811.475,3.92,476.727
6/25/2022 18:50,1010.5,43.96,9.111,43.77,439862.305,744910.038,283484.152,102.8601976,13120.27691,12746.667,3.892,478.428
6/25/2022 18:51,1010.5,43.96,9.007,43.77,439883.79,744929.552,283771.286,101.8244242,12980.55041,12518.333,3.485,467.605
6/25/2022 18:52,1010.5,43.96,8.904,43.772,439893.79,744950.857,283972.514,101.3425478,12883.05046,12557.377,3.517,464.828
6/25/2022 18:53,1010.5,43.969,8.899,43.78,439894.257,745018.676,283921.6,101.3200475,12907.68665,12545,3.539,467.275
6/25/2022 18:54,1010.5,43.97,8.835,43.78,439895.6,745070.505,284071.924,101.2553427,12835.01236,12475,3.444,466.794
6/25/2022 18:55,1010.5,43.97,8.799,43.783,439899.152,745133.143,284103.248,101.0842219,12819.89321,12495.082,3.498,476.646
6/25/2022 18:56,1010.5,43.97,8.788,43.784,439889.819,745157.857,284106.971,101.5338846,12818.09679,12456.667,3.358,477.834
6/25/2022 18:57,1010.5,43.98,8.701,43.79,439910.714,745171.238,284356.143,100.5273312,12698.13749,12311.667,2.93,460.786
6/25/2022 18:58,1010.5,43.98,8.653,43.79,439917.571,745232.467,284419.876,100.1971459,12667.54015,12396.721,3.142,472.895
6/25/2022 18:59,1010.5,43.98,8.66,43.79,439919.629,745198.505,284353.886,100.0980595,12699.22168,12380,3.068,476.044
6/25/2022 19:00,1010.5,43.98,8.638,43.789,439925.629,745156.029,284403.81,99.80921088,12675.24993,12445,3.312,497.234
6/25/2022 19:01,1010.5,43.98,8.7,43.78,439910.676,745151.59,284207.21,100.5291612,12769.77437,12454.098,3.344,500.128
6/25/2022 19:02,1010.5,43.973,8.672,43.78,439921.362,745138.343,284294.762,100.0146253,12727.63868,12436.667,3.285,494.84
6/25/2022 19:03,1010.5,43.97,8.67,43.78,439918.038,745105.695,284287.886,100.1746608,12730.94547,12421.667,3.272,493.317
6/25/2022 19:04,1010.503,43.97,8.66,43.78,439925.962,745006.981,284332.048,99.79318122,12709.71427,12454.098,3.362,498.766
6/25/2022 19:05,1010.6,43.969,8.624,43.77,439930.724,744910.467,284482.038,99.56396884,12637.73069,12275,3.021,474.282
6/25/2022 19:06,1010.6,43.96,8.563,43.77,439949.448,744821.143,284653.095,98.66301488,12555.87272,12301.667,3.078,477.535
6/25/2022 19:07,1010.6,43.96,8.618,43.77,439932.876,744834.229,284430.305,99.46039542,12662.53666,12418.033,3.338,492.395
6/25/2022 19:08,1010.6,43.96,8.623,43.773,439924.343,744891.114,284413.467,99.87111663,12670.61545,12393.333,3.371,490.138
6/25/2022 19:09,1010.6,43.97,8.635,43.78,439925.429,744949.505,284361.99,99.81883837,12695.32897,12455,3.57,505.391
6/25/2022 19:10,1010.6,43.97,8.672,43.78,439922.438,745034.743,284224.648,99.96282409,12761.37682,12449.18,3.683,511.552
6/25/2022 19:11,1010.6,43.97,8.666,43.786,439917.181,745040.305,284251.324,100.2159239,12748.53562,12435,3.746,511.801
6/25/2022 19:12,1010.6,43.975,8.657,43.79,439913.076,745101.724,284267.743,100.4135865,12740.63494,12448.333,3.876,514.72
6/25/2022 19:13,1010.6,43.98,8.656,43.79,439909.438,745171.171,284246.524,100.5887815,12750.84577,12425,3.982,516.545
6/25/2022 19:14,1010.628,43.98,8.605,43.786,439913.476,745142.924,284406.276,100.3943248,12674.06639,12309.836,3.925,508.384
6/25/2022 19:15,1010.7,43.979,8.609,43.78,439909.981,745091.048,284355.724,100.5626312,12698.33876,12420,4.384,529.069
6/25/2022 19:16,1010.7,43.97,8.642,43.78,439902.676,745030.457,284246.99,100.914467,12750.62149,12461.667,4.664,541.497
6/25/2022 19:17,1010.7,43.97,8.638,43.78,439895.714,745008.476,284291.105,101.2498504,12729.39735,12373.77,4.389,524.07
6/25/2022 19:18,1010.7,43.97,8.573,43.78,439911.076,745062.648,284506.543,100.5098982,12625.98857,12235,3.957,500.815
6/25/2022 19:19,1010.7,43.97,8.498,43.78,439918.505,745082.59,284710.029,100.1521759,12528.68322,12196.667,4.069,501.646
6/25/2022 19:20,1010.7,43.979,8.567,43.781,439893.514,745092.371,284392.314,101.3558457,12680.768,12408.197,5.329,548.041
6/25/2022 19:21,1010.7,43.98,8.511,43.78,439903.41,745080.286,284641.267,100.8791115,12561.52482,12226.667,4.864,526.062
6/25/2022 19:22,1010.7,43.98,8.539,43.782,439885.086,745093.971,284470.552,101.7619653,12643.23623,12333.333,5.328,536.923
6/25/2022 19:23,1010.7,43.98,8.575,43.783,439872.486,745086.343,284380.619,102.3693018,12686.38277,12381.967,5.811,543.958
6/25/2022 19:24,1010.7,43.98,8.63,43.786,439854.8,745050.143,284205.238,103.2221557,12770.72418,12451.667,6.316,551.673
6/25/2022 19:25,1010.7,43.972,8.612,43.78,439860.962,745038.248,284308.476,102.9249634,12721.04459,12388.333,6.247,543.667
6/25/2022 19:26,1010.7,43.97,8.687,43.78,439820.467,744961.448,284045.771,104.8789803,12847.64209,12498.361,6.944,557.583
6/25/2022 19:27,1010.7,43.97,8.634,43.78,439845.095,745013.162,284267,103.6903315,12740.99242,12343.333,5.997,529.496
6/25/2022 19:28,1010.79,43.97,8.628,43.783,439846.448,745042.505,284277.476,103.6250541,12735.9526,12393.333,6.244,532.768
6/25/2022 19:29,1010.8,43.97,8.615,43.78,439850.238,745019.429,284293.886,103.4422137,12728.05995,12367.213,6.026,525.366
6/25/2022 19:30,1010.8,43.975,8.557,43.786,439877.571,745028.162,284516.943,102.124172,12621.00674,12301.667,5.572,511.853
6/25/2022 19:31,1010.8,43.98,8.5,43.789,439898.876,745081.848,284674.61,101.0975178,12545.5947,12201.667,4.873,492.04
6/25/2022 19:32,1010.8,43.98,8.447,43.79,439909.876,745144.305,284798.352,100.5676878,12486.55871,12193.443,4.672,485.379
6/25/2022 19:33,1010.8,43.98,8.416,43.79,439925.695,745172.057,284864.076,99.80603382,12455.25603,12166.667,4.382,476.276
6/25/2022 19:34,1010.8,43.98,8.408,43.79,439928.086,745226.752,284871.8,99.69094155,12451.57973,12166.667,4.225,470.51
6/25/2022 19:35,1010.8,43.98,8.395,43.79,439937.886,745242.895,284921.724,99.21929405,12427.83033,12144.262,3.899,460.978
6/25/2022 19:36,1010.864,43.98,8.395,43.79,439941.638,745209.781,284915.533,99.03875515,12430.7743,12158.333,3.901,459.667
6/25/2022 19:37,1010.9,43.98,8.403,43.79,439936.743,745169.438,284883.381,99.27429679,12446.06861,12191.667,3.814,456.729
6/25/2022 19:38,1010.9,43.98,8.412,43.79,439938.724,745170.419,284855.152,99.17896946,12459.50413,12193.443,3.717,454.129
6/25/2022 19:39,1010.9,43.98,8.429,43.79,439936.086,745095.486,284815.771,99.30591335,12478.25886,12223.333,3.729,457.326
6/25/2022 19:40,1010.9,43.98,8.441,43.79,439946.8,745167.057,284797.581,98.79040122,12486.92614,12238.333,3.557,454.661
6/25/2022 19:41,1010.9,43.98,8.45,43.79,439947.105,745119.467,284756.467,98.77572821,12506.52686,12270.492,3.564,457.487
6/25/2022 19:42,1010.9,43.98,8.465,43.79,439933.619,745169.143,284702.067,99.4246371,12532.48389,12263.333,3.488,453.851
6/25/2022 19:43,1010.9,43.98,8.47,43.79,439934.99,745161.257,284670.267,99.35865705,12547.66909,12328.333,3.644,465.993
6/25/2022 19:44,1010.9,43.98,8.505,43.785,439937.4,745065.524,284594.343,99.24268082,12583.95965,12321.311,3.302,459.756
6/25/2022 19:45,1010.9,43.973,8.516,43.78,439935.457,744901.876,284582.762,99.33618303,12589.49955,12390,3.648,479.998
6/25/2022 19:46,1010.9,43.97,8.559,43.78,439932.562,744875.095,284457.324,99.4755075,12649.57818,12440,3.895,491.566
6/25/2022 19:47,1010.9,43.97,8.575,43.78,439934.867,744908.333,284412.562,99.36457638,12671.04973,12418.033,3.842,487.934
6/25/2022 19:48,1010.9,43.97,8.579,43.78,439930.562,744935.971,284404.21,99.57176598,12675.05795,12413.333,3.873,486.125
6/25/2022 19:49,1010.9,43.97,8.594,43.78,439915.848,744959.276,284368.914,100.2801075,12692.00351,12450,4.028,491.824
6/25/2022 19:50,1010.9,43.98,8.609,43.781,439911.867,744974.857,284323.79,100.4718063,12713.68309,12457.377,4.06,492.954
6/25/2022 19:51,1010.9,43.978,8.625,43.78,439911.876,744910.257,284257.314,100.4713729,12745.65301,12500,4.143,498.012
6/25/2022 19:52,1010.9,43.97,8.649,43.78,439905.086,744894.676,284231.905,100.7983844,12757.88286,12498.333,4.155,497.083
6/25/2022 19:53,1010.9,43.97,8.678,43.78,439905.048,744807.495,284136.486,100.8002147,12803.85946,12560.656,4.401,508.215
6/25/2022 19:54,1010.9,43.97,8.731,43.777,439890.952,744766.524,283999.695,101.4792904,12869.90729,12610,4.574,515.276
6/25/2022 19:55,1010.9,43.968,8.756,43.77,439898.238,744705.495,283972.362,101.128253,12883.12398,12615,4.483,509.207
6/25/2022 19:56,1010.9,43.96,8.774,43.77,439889.79,744651.181,283920.81,101.535282,12908.06909,12657.377,4.636,514.956
6/25/2022 19:57,1010.9,43.96,8.778,43.77,439897.61,744644.848,283950.048,101.158507,12893.91852,12605,4.36,501.329
6/25/2022 19:58,1010.9,43.96,8.773,43.77,439896.857,744616.543,283979.238,101.1947836,12879.79853,12615,4.188,494.444
6/25/2022 19:59,1010.9,43.96,8.77,43.77,439911.438,744642.257,284008.848,100.4924654,12865.48285,12606.557,3.943,484.976
6/25/2022 20:00,1010.9,43.96,8.78,43.774,439915.371,744697.238,283974.038,100.3030756,12882.31337,12610,3.884,482.07
6/25/2022 20:01,1010.9,43.965,8.707,43.78,439926.048,744716.105,284220.267,99.78904145,12763.48631,12446.667,3.363,461.58
6/25/2022 20:02,1010.965,43.97,8.7,43.78,439933.562,744828.181,284197.848,99.42738031,12774.28387,12536.066,3.55,468.731
6/25/2022 20:03,1011,43.97,8.691,43.783,439928.295,744910.914,284193.895,99.68088158,12776.18818,12495,3.39,462.497
6/25/2022 20:04,1011,43.976,8.662,43.79,439933.486,744966.01,284267.01,99.43103793,12740.9876,12465,3.274,458.027
6/25/2022 20:05,1011,43.98,8.627,43.787,439937.114,744926.238,284363.933,99.25644356,12694.39574,12413.115,3.172,453.996
6/25/2022 20:06,1011,43.976,8.586,43.785,439947.495,744894.076,284482.61,98.75696619,12637.45654,12341.667,3.112,451
6/25/2022 20:07,1011,43.97,8.564,43.78,439946.39,744805.752,284539.219,98.81012579,12610.33917,12330,3.172,452.108
6/25/2022 20:08,1011,43.97,8.544,43.776,439946.581,744746.048,284610.133,98.800937,12576.40818,12318.333,3.159,450.289
6/25/2022 20:09,1011,43.97,8.504,43.773,439958.2,744738.2,284707.552,98.2420538,12529.86556,12257.377,3.172,448.015
6/25/2022 20:10,1011,43.97,8.481,43.78,439964.4,744754.667,284766.457,97.94390427,12501.76288,12238.333,3.201,448.619
6/25/2022 20:11,1011,43.97,8.463,43.78,439955.305,744740.381,284773.429,98.38128838,12498.43862,12221.667,3.325,453.504
6/25/2022 20:12,1011,43.97,8.435,43.78,439951.886,744721.01,284845.6,98.54573939,12464.05193,12191.803,3.383,455.508
6/25/2022 20:13,1011,43.967,8.385,43.773,439961.324,744662.914,285007.876,98.09181835,12386.89729,12020,3.207,449.083
6/25/2022 20:14,1011,43.96,8.312,43.77,439970.971,744670.238,285188.819,97.62797114,12301.13441,12060,3.395,458.242
6/25/2022 20:15,1011,43.96,8.315,43.778,439966.219,744655.867,285140.61,97.856441,12323.95687,12014.754,3.446,461.822
6/25/2022 20:16,1011,43.966,8.288,43.78,439971.733,744731.848,285202.629,97.59133806,12294.60035,12011.667,3.479,463.394
6/25/2022 20:17,1011.008,43.97,8.26,43.78,439972.59,744726.848,285269.638,97.55013881,12262.91901,11963.333,3.49,463.423
6/25/2022 20:18,1011.1,43.97,8.209,43.78,439985.276,744728.581,285388.381,96.94039183,12206.87307,11968.852,3.606,469.562
6/25/2022 20:19,1011.1,43.97,8.215,43.78,439979.219,744836.448,285345.914,97.23149144,12226.9033,11940,3.567,468.077
6/25/2022 20:20,1011.1,43.97,8.181,43.78,439976.714,744796.4,285425.162,97.35189647,12189.53727,11966.667,3.753,477.831
6/25/2022 20:21,1011.1,43.97,8.226,43.78,439972.41,744810.352,285255.743,97.55879201,12269.48529,12052.459,4.027,491.764
6/25/2022 20:22,1011.1,43.97,8.258,43.78,439959.61,744812.962,285152.267,98.17424422,12318.43654,12046.667,4.012,493.526
6/25/2022 20:23,1011.1,43.97,8.259,43.78,439957.819,744785.305,285171.829,98.26037728,12309.17531,12020,3.992,489.933
6/25/2022 20:24,1011.1,43.97,8.218,43.777,439959.61,744739.371,285291.381,98.17424422,12252.64738,11965.574,3.816,481.031
6/25/2022 20:25,1011.1,43.97,8.198,43.779,439958.238,744693.79,285344.295,98.24022628,12227.66723,11941.667,3.806,478.21
6/25/2022 20:26,1011.1,43.97,8.163,43.779,439970.543,744693.962,285469.867,97.64854755,12168.48236,11823.333,3.491,461.11
6/25/2022 20:27,1011.1,43.97,8.108,43.777,439972.59,744673.876,285599,97.55013881,12107.76053,11845.902,3.626,463.748
6/25/2022 20:28,1011.1,43.97,8.118,43.78,439967.381,744591.495,285538.962,97.80057073,12135.97418,11905,3.828,469.813
6/25/2022 20:29,1011.1,43.97,8.144,43.78,439977.41,744674.286,285478.143,97.31844176,12164.58646,11873.333,3.869,466.285
6/25/2022 20:30,1011.141,43.97,8.155,43.78,439962.4,744703.505,285419.095,98.0400758,12192.396,11944.262,4.109,475.69
6/25/2022 20:31,1011.2,43.97,8.167,43.78,439959.619,744756.457,285388.143,98.1738114,12206.98528,11946.667,4.169,475.75
6/25/2022 20:32,1011.2,43.97,8.204,43.781,439952.924,744782.381,285268.295,98.49581078,12263.55359,12008.333,4.367,484.522
6/25/2022 20:33,1011.2,43.97,8.237,43.78,439941.876,744755.886,285186.038,99.0273037,12302.45042,12045.902,4.559,490.674
6/25/2022 20:34,1011.2,43.97,8.25,43.78,439937.105,744771.629,285150.59,99.25687666,12319.23063,12053.333,4.655,490.859
6/25/2022 20:35,1011.2,43.97,8.253,43.782,439945.848,744866.133,285148.248,98.83620107,12320.33966,12051.667,4.708,489.368
6/25/2022 20:36,1011.2,43.977,8.243,43.79,439949.571,744851.514,285188.819,98.65709799,12301.13441,12014.754,4.632,482.721
6/25/2022 20:37,1011.2,43.98,8.249,43.79,439950.095,744896.429,285155.667,98.63189134,12316.82664,12061.667,4.655,487.248
6/25/2022 20:38,1011.2,43.98,8.258,43.79,439951.086,744863.59,285128.476,98.58422102,12329.70434,12031.667,4.457,479.761
6/25/2022 20:39,1011.2,43.98,8.261,43.788,439944.686,744813.81,285126.61,98.8921055,12330.58831,12062.295,4.477,481.516
6/25/2022 20:40,1011.2,43.972,8.271,43.78,439942.057,744780.657,285121.619,99.01859488,12332.95282,12055,4.378,477.089
6/25/2022 20:41,1011.293,43.97,8.257,43.78,439944.571,744766.924,285160.219,98.89763831,12314.67143,12021.667,4.28,471.323
6/25/2022 20:42,1011.3,43.97,8.267,43.78,439951.619,744743.219,285138.771,98.55858253,12324.82786,12062.295,4.338,474.334
6/25/2022 20:43,1011.3,43.971,8.277,43.785,439952.6,744779.171,285112.057,98.51139527,12337.48347,12066.667,4.235,473.096
6/25/2022 20:44,1011.3,43.98,8.268,43.79,439955.086,744853.152,285119.905,98.39182161,12333.76489,12083.333,4.252,476.456
6/25/2022 20:45,1011.3,43.98,8.27,43.79,439960.371,744873.99,285116.419,98.13764741,12335.41658,12037.705,3.918,466.296
6/25/2022 20:46,1011.3,43.98,8.233,43.789,439972.495,744890.171,285250.39,97.55470577,12272.01536,12015,3.834,458.627
6/25/2022 20:47,1011.3,43.978,8.246,43.783,439971.79,744785.61,285199.762,97.58859782,12295.95671,12001.667,3.751,456.98
6/25/2022 20:48,1011.3,43.97,8.207,43.78,439970.695,744724.819,285332.324,97.64124001,12233.31651,11981.967,3.777,452.366
6/25/2022 20:49,1011.3,43.97,8.223,43.78,439966.99,744690.752,285274.676,97.81937025,12260.53864,12013.333,3.87,455.371
6/25/2022 20:50,1011.3,43.97,8.218,43.781,439957.943,744743.238,285279.4,98.25441372,12258.30683,11981.667,3.953,452.057
6/25/2022 20:51,1011.3,43.97,8.221,43.787,439958.838,744740.152,285255.4,98.21137083,12269.6474,12042.623,4.035,461.379
6/25/2022 20:52,1011.3,43.97,8.268,43.788,439955.59,744749.152,285103.971,98.36758084,12341.31538,12051.667,4.101,463.419
6/25/2022 20:53,1011.3,43.97,8.248,43.782,439959.638,744688.562,285194.638,98.17289767,12298.38101,12033.333,4.095,463.015
6/25/2022 20:54,1011.3,43.97,8.269,43.78,439959.762,744644.838,285129.79,98.16693441,12329.08188,12063.934,4.163,467.399
6/25/2022 20:55,1011.3,43.97,8.276,43.78,439957.867,744631.667,285105.924,98.2580688,12340.38982,12111.667,4.174,472.971
6/25/2022 20:56,1011.3,43.97,8.311,43.78,439959.905,744678.181,285001.867,98.16005745,12389.75025,12138.333,4.126,476.69
6/25/2022 20:57,1011.3,43.97,8.317,43.785,439967.629,744728.229,285018.6,97.78864685,12381.80651,12145.902,3.965,473.734
6/25/2022 20:58,1011.393,43.973,8.339,43.79,439953.495,744843.571,284909.99,98.46834586,12433.4104,12153.333,4.335,487.732
6/25/2022 20:59,1011.4,43.98,8.314,43.79,439960.571,744818.705,284999.771,98.12802945,12390.74547,12101.667,4.039,482.211
6/25/2022 21:00,1011.4,43.974,8.333,43.784,439950.648,744738.219,284926.124,98.60529008,12425.73823,12148.333,4.285,491.636
6/25/2022 21:01,1011.4,43.97,8.344,43.78,439963.057,744609.105,284937.143,98.00848285,12420.49968,12137.705,4.312,490.902
6/25/2022 21:02,1011.431,43.967,8.367,43.771,439950.99,744539.952,284855.095,98.58883887,12459.53127,12181.667,4.556,497.897
6/25/2022 21:03,1011.5,43.96,8.366,43.775,439952.086,744533.381,284889.257,98.53611912,12443.2728,12111.667,4.385,485.852
6/25/2022 21:04,1011.5,43.964,8.34,43.78,439954.171,744577.59,284959.067,98.43583105,12410.07987,12114.754,4.477,486.733
6/25/2022 21:05,1011.5,43.97,8.331,43.78,439955.743,744613.248,285002.21,98.3602221,12389.5874,12116.667,4.47,483.959
6/25/2022 21:06,1011.5,43.97,8.32,43.783,439960.743,744689.533,285016.181,98.11975806,12382.95475,12098.333,4.482,480.938
6/25/2022 21:07,1011.5,43.97,8.294,43.79,439971,744729.133,285094.829,97.62657695,12345.6484,12062.295,4.408,475.744
6/25/2022 21:08,1011.5,43.97,8.288,43.79,439958.21,744768.362,285094.181,98.24157287,12345.95556,12055,4.334,473.3
6/25/2022 21:09,1011.5,43.97,8.264,43.79,439971.019,744733.857,285159.457,97.62566352,12315.0322,12031.667,4.28,470.938
6/25/2022 21:10,1011.5,43.977,8.282,43.79,439968.219,744779,285076.733,97.76027989,12354.22745,12103.279,4.535,484.95
6/25/2022 21:11,1011.5,43.98,8.313,43.79,439954.486,744786.038,284970.629,98.42068013,12404.58647,12103.333,4.31,484.561
6/25/2022 21:12,1011.5,43.98,8.291,43.79,439958.295,744787.514,285037.429,98.23748499,12372.8706,12126.667,4.521,490.067
6/25/2022 21:13,1011.558,43.974,8.318,43.785,439952.562,744668.038,284952.01,98.51322309,12413.4334,12149.18,4.677,492.832
6/25/2022 21:14,1011.6,43.97,8.374,43.779,439936.943,744600.829,284776.438,99.26467239,12497.00405,12263.333,5.223,518.752
6/25/2022 21:15,1011.6,43.97,8.416,43.771,439920.276,744480.829,284685.848,100.0669096,12540.22774,12291.667,5.389,522.591
6/25/2022 21:16,1011.6,43.97,8.468,43.772,439905.333,744471.143,284538.981,100.7864876,12610.45312,12301.639,5.389,525.786
6/25/2022 21:17,1011.6,43.97,8.48,43.78,439911.048,744553.629,284525.095,100.5112466,12617.1024,12296.667,5.493,525.417
6/25/2022 21:18,1011.6,43.97,8.489,43.787,439914.629,744698.352,284515.048,100.3388042,12621.91442,12258.333,5.596,513.06
6/25/2022 21:19,1011.6,43.977,8.476,43.79,439915.762,744790.143,284554.362,100.2842485,12603.08991,12301.639,5.802,522.421
6/25/2022 21:20,1011.6,43.98,8.533,43.79,439898.895,744817.629,284339.867,101.0966025,12705.95697,12428.333,6.316,545.042
6/25/2022 21:21,1011.6,43.98,8.575,43.79,439881.733,744788.352,284221.067,101.9235631,12763.10109,12455,6.514,551.066
6/25/2022 21:22,1011.6,43.979,8.611,43.788,439882.152,744724.619,284152.629,101.9033686,12796.07563,12442.623,6.381,545.116
6/25/2022 21:23,1011.6,43.97,8.613,43.78,439884.676,744570.514,284200.105,101.7817245,12773.19664,12381.667,6.087,532.63
6/25/2022 21:24,1011.673,43.97,8.635,43.78,439878.438,744482.152,284137,102.0823806,12803.61158,12476.667,6.644,553.172
6/25/2022 21:25,1011.7,43.965,8.639,43.774,439878.876,744436.371,284160.962,102.0612683,12792.0585,12467.213,6.692,549.143
6/25/2022 21:26,1011.7,43.964,8.666,43.779,439860.886,744435.333,284044.933,102.9286285,12848.04687,12535,6.924,561.837
6/25/2022 21:27,1011.7,43.97,8.687,43.78,439865.086,744556.524,284000.819,102.7260924,12869.36392,12538.333,7.029,564.005
6/25/2022 21:28,1011.7,43.97,8.723,43.781,439846.762,744578,283886.21,103.6099051,12924.82424,12552.459,7.087,565.4
6/25/2022 21:29,1011.7,43.973,8.739,43.79,439861.419,744680.41,283862.552,102.9029244,12936.28662,12581.667,7.15,569.957
6/25/2022 21:30,1011.7,43.98,8.775,43.79,439844.962,744766.533,283736.229,103.6967484,12997.57201,12631.667,7.298,580.28
6/25/2022 21:31,1011.7,43.98,8.797,43.79,439842.914,744722.124,283677.467,103.7955621,13026.12707,12619.672,7.235,578.84
6/25/2022 21:32,1011.7,43.98,8.809,43.79,439849.648,744658.676,283700.829,103.4706757,13014.77088,12640,7.184,579.296
6/25/2022 21:33,1011.7,43.97,8.834,43.784,439848.961,744626.078,283615.853,103.5038176,13056.09993,12705,7.401,592.465
6/25/2022 21:34,1011.7,43.97,8.875,43.78,439833.407,744487.713,283503.213,104.2543393,13110.97939,12749.18,7.461,596.542
6/25/2022 21:35,1011.7,43.97,8.912,43.78,439833.667,744448.01,283430.529,104.2417909,13146.44976,12758.333,7.469,598.484
6/25/2022 21:36,1011.7,43.97,8.941,43.78,439829.371,744476.229,283365.362,104.4491409,13178.29041,12823.333,7.767,612.466
6/25/2022 21:37,1011.7,43.97,9,43.78,439817.781,744496.352,283183.324,105.0086678,13267.42782,12906.557,8.004,623.437
6/25/2022 21:38,1011.7,43.97,9.046,43.78,439808.99,744569.695,283064.99,105.4331905,13325.52453,12925,8.016,622.524
6/25/2022 21:39,1011.7,43.97,9.1,43.78,439802.19,744569.257,282935.943,105.761639,13389.01812,12985,8.292,628.693
6/25/2022 21:40,1011.7,43.97,9.089,43.78,439803,744509.295,283030.105,105.7225116,13342.67449,12860.656,7.491,598.858
6/25/2022 21:41,1011.7,43.97,9.04,43.78,439823.514,744488.971,283204.419,104.7318746,13257.08377,12840,7.311,589.813
6/25/2022 21:42,1011.7,43.97,9.054,43.78,439812.229,744466.162,283129.943,105.2767649,13293.6206,12876.667,7.493,595.472
6/25/2022 21:43,1011.7,43.97,9.096,43.78,439802.743,744484.429,283022.19,105.734926,13346.56708,12919.672,7.72,603.149
6/25/2022 21:44,1011.7,43.97,9.12,43.785,439805.314,744568.229,282981.371,105.610738,13366.65034,12981.667,7.958,613.072
6/25/2022 21:45,1011.7,43.97,9.168,43.79,439792,744614.61,282809.905,106.2539469,13451.16947,13058.333,8.387,632.784
6/25/2022 21:46,1011.707,43.979,9.187,43.79,439788.971,744659.476,282785.248,106.4003138,13463.34421,12978.689,7.866,613.436
6/25/2022 21:47,1011.8,43.98,9.162,43.79,439799.857,744688.819,282874.076,105.8743403,13419.50866,12988.333,7.759,615.298
6/25/2022 21:48,1011.8,43.98,9.151,43.79,439812.114,744657.457,282936.819,105.2823185,13388.58663,12946.667,7.426,607.259
6/25/2022 21:49,1011.8,43.979,9.15,43.79,439809.21,744663.21,282908.667,105.4225652,13402.45677,12963.934,7.436,611.738
6/25/2022 21:50,1011.8,43.97,9.163,43.786,439810.038,744577.267,282894.4,105.3825764,13409.48854,12968.333,7.431,616.209
6/25/2022 21:51,1011.8,43.97,9.186,43.781,439810.467,744530.371,282819.876,105.3618579,13446.24764,13013.333,7.682,628.98
6/25/2022 21:52,1011.8,43.97,9.201,43.785,439802.571,744565.657,282774.086,105.7432345,13468.85732,13051.667,7.79,634.872
6/25/2022 21:53,1011.8,43.97,9.218,43.789,439798.019,744545.981,282730.886,105.9631347,13490.20468,13027.869,7.717,630.806
6/25/2022 21:54,1011.8,43.97,9.235,43.79,439795.01,744577.905,282701.933,106.1085104,13504.52083,13076.667,7.896,640.294
6/25/2022 21:55,1011.8,43.97,9.28,43.79,439779.276,744516.819,282530.181,106.8688786,13589.5939,13163.333,8.483,664.269
6/25/2022 21:56,1011.895,43.97,9.319,43.781,439765.981,744484.324,282437.886,107.5116421,13635.41471,13178.689,8.497,665.303
6/25/2022 21:57,1011.9,43.97,9.338,43.78,439760.724,744433.362,282403.152,107.7658649,13652.67774,13230,8.86,682.467
6/25/2022 21:58,1011.9,43.97,9.342,43.78,439774.876,744458.514,282439.495,107.0815754,13634.61528,13086.667,7.963,645.046
6/25/2022 21:59,1011.9,43.97,9.284,43.78,439792.029,744408.124,282622.905,106.2525456,13543.63387,13114.754,8.074,651.7
6/25/2022 22:00,1011.9,43.97,9.293,43.78,439794.857,744410.657,282592.276,106.1159028,13558.80741,13058.333,7.712,638.578
6/25/2022 22:01,1011.9,43.97,9.267,43.781,439800.6,744467.048,282662.429,105.838447,13524.06569,13026.667,7.527,633.126
6/25/2022 22:02,1011.9,43.97,9.246,43.787,439797.933,744466.886,282714.781,105.9672895,13498.1671,13014.754,7.29,626.529
6/25/2022 22:03,1011.935,43.97,9.24,43.789,439802.429,744467.143,282724.705,105.7500939,13493.26034,13025,7.386,633.41
6/25/2022 22:04,1012,43.97,9.238,43.79,439799.095,744542.486,282723.352,105.9111522,13493.92926,13031.667,7.347,633.27
6/25/2022 22:05,1012,43.973,9.238,43.79,439796.429,744568.124,282704.543,106.0399518,13503.22999,13039.344,7.448,639.897
6/25/2022 22:06,1012,43.98,9.248,43.79,439790.667,744610.067,282629.867,106.3183584,13540.18604,13076.667,7.762,656.547
6/25/2022 22:07,1012,43.98,9.282,43.79,439784.733,744620,282547.048,106.6051229,13581.22802,13088.333,7.718,656.334
6/25/2022 22:08,1012,43.98,9.306,43.79,439769.724,744556.505,282469.8,107.3306576,13619.56239,13126.23,7.96,668.438
6/25/2022 22:09,1012,43.98,9.341,43.79,439754.076,744539.581,282378.324,108.087409,13665.02378,13156.667,8.115,675.896
6/25/2022 22:10,1012,43.98,9.338,43.79,439763.962,744557.267,282412.543,107.6092743,13648.00933,13111.667,7.881,666.054
6/25/2022 22:11,1012.09,43.98,9.338,43.79,439754.581,744569.181,282380.99,108.0629816,13663.69782,13218.033,8.609,698.526
6/25/2022 22:12,1012.1,43.976,9.393,43.79,439743.333,744548.238,282219.8,108.6071438,13743.97685,13260,8.911,711.203
6/25/2022 22:13,1012.1,43.97,9.418,43.79,439748.067,744510.629,282183.181,108.3780986,13762.24571,13240,8.685,700.941
6/25/2022 22:14,1012.1,43.97,9.405,43.788,439755.333,744459.838,282258.105,108.026607,13724.87919,13213.115,8.512,692.825
6/25/2022 22:15,1012.1,43.97,9.393,43.783,439763.971,744422.79,282290.686,107.608839,13708.64528,13281.667,8.995,711.181
6/25/2022 22:16,1012.1,43.97,9.46,43.782,439744.629,744448.495,282074.305,108.5444364,13816.631,13326.667,9.207,721.183
6/25/2022 22:17,1012.1,43.97,9.504,43.781,439729.086,744486.124,281944,109.2966414,13881.85444,13385.246,9.576,734.935
6/25/2022 22:18,1012.167,43.97,9.542,43.784,439730.2,744474.476,281884.733,109.2427183,13911.56852,13380,9.499,729.222
6/25/2022 22:19,1012.2,43.97,9.567,43.79,439723.8,744474.81,281825.314,109.552533,13941.38913,13328.333,9.164,714.907
6/25/2022 22:20,1012.2,43.97,9.565,43.79,439718.095,744505.629,281831.924,109.828751,13938.07027,13411.475,9.625,732.462
6/25/2022 22:21,1012.2,43.978,9.596,43.794,439706.838,744582.952,281726.876,110.3739096,13990.85902,13461.667,9.907,744.573
6/25/2022 22:22,1012.2,43.98,9.642,43.8,439698.124,744693.533,281604.01,110.7960335,14052.72208,13458.333,9.839,743.314
6/25/2022 22:23,1012.279,43.983,9.65,43.8,439693.524,744772.886,281554.6,111.0189087,14077.63664,13450.82,9.76,741.784
6/25/2022 22:24,1012.3,43.99,9.666,43.8,439692.619,744786.19,281516.362,111.0627603,14096.93222,13531.667,10.241,764.42
6/25/2022 22:25,1012.3,43.99,9.759,43.8,439670.067,744696.533,281269.114,112.1558761,14222.00152,13563.333,10.292,768.767
6/25/2022 22:26,1012.3,43.981,9.734,43.8,439684.438,744714.333,281393.943,111.4592205,14158.79162,13581.967,10.248,771.382
6/25/2022 22:27,1012.3,43.98,9.809,43.8,439668.657,744709.971,281168.562,112.2242431,14273.01568,13661.667,10.613,788.584
6/25/2022 22:28,1012.3,43.98,9.829,43.8,439667.952,744701.095,281123.371,112.2584277,14295.97126,13676.667,10.587,786.342
6/25/2022 22:29,1012.3,43.98,9.84,43.799,439671.476,744689.324,281137.905,112.0875602,14288.58654,13729.508,10.623,785.89
6/25/2022 22:30,1012.3,43.98,9.833,43.792,439674.838,744612.61,281169.01,111.9245635,14272.7882,13681.667,10.262,772.83
6/25/2022 22:31,1012.3,43.98,9.883,43.79,439674.981,744537.276,281050.057,111.9176309,14333.24977,13693.333,10.156,766.532
6/25/2022 22:32,1012.3,43.972,9.843,43.785,439693.314,744464.2,281245.771,111.0290841,14233.83663,13598.361,9.585,742.906
6/25/2022 22:33,1012.3,43.97,9.748,43.78,439720.905,744408.076,281557.638,109.6926942,14076.10415,13478.333,9.028,719.431
6/25/2022 22:34,1012.362,43.97,9.686,43.783,439732.676,744437.952,281688.019,109.1228737,14010.40949,13465,8.936,714.711
6/25/2022 22:35,1012.4,43.97,9.742,43.79,439723.324,744523.743,281474.905,109.5755778,14117.86637,13626.23,9.626,739.922
6/25/2022 22:36,1012.4,43.976,9.805,43.793,439706.095,744635.829,281303.914,110.4098979,14204.36631,13683.333,9.968,746.452
6/25/2022 22:37,1012.4,43.98,9.884,43.8,439676.2,744718.924,281030.105,111.8585353,14343.40291,13688.333,9.933,742.652
6/25/2022 22:38,1012.4,43.989,9.869,43.802,439685.743,744766.4,281103.8,111.3959727,14305.91814,13738.333,10.18,748.023
6/25/2022 22:39,1012.4,43.99,9.876,43.8,439694.4,744801.381,281126.143,110.9764632,14294.56266,13683.607,9.948,736.011
6/25/2022 22:40,1012.481,43.981,9.87,43.797,439691.905,744701.114,281162.943,111.0973579,14275.869,13700,10.023,734.912
6/25/2022 22:41,1012.5,43.98,9.868,43.79,439692.429,744604.638,281199.114,111.0719669,14257.5062,13641.667,9.763,722.404
6/25/2022 22:42,1012.5,43.98,9.851,43.79,439700.019,744542.067,281280.086,110.704227,14216.44024,13590.164,9.539,712.614
6/25/2022 22:43,1012.5,43.97,9.829,43.79,439713.324,744509.419,281339.352,110.0597818,14186.41848,13626.667,9.674,716.011
6/25/2022 22:44,1012.5,43.97,9.868,43.79,439687.838,744507.276,281197.743,111.2944417,14258.20201,13728.333,10.115,728.182
6/25/2022 22:45,1012.5,43.97,9.879,43.789,439692.762,744531.133,281186.8,111.0558312,14263.75634,13642.623,9.66,709.988
6/25/2022 22:46,1012.5,43.97,9.835,43.789,439704.981,744469.514,281350.886,110.4638577,14180.57933,13678.333,9.737,710.624
6/25/2022 22:47,1012.5,43.97,9.893,43.782,439688.41,744389.895,281143.838,111.2667216,14285.5725,13781.667,10.19,728.088
6/25/2022 22:48,1012.5,43.97,9.928,43.78,439682.219,744379.257,281066.229,111.5667714,14325.0227,13777.049,10.074,720.894
6/25/2022 22:49,1012.5,43.969,9.899,43.78,439695.01,744296.714,281200.848,110.9469071,14256.62619,13543.333,9.003,682.207
6/25/2022 22:50,1012.5,43.96,9.887,43.777,439695.762,744202.229,281231.257,110.9104714,14241.19773,13756.667,10.101,712.428
6/25/2022 22:51,1012.5,43.96,9.98,43.77,439670.829,744167.276,280957.162,112.1189299,14380.55116,13839.344,10.405,719.233
6/25/2022 22:52,1012.5,43.96,9.979,43.778,439677.01,744193.933,281008.981,111.8192686,14354.15619,13845,10.643,725.868
6/25/2022 22:53,1012.5,43.96,10.023,43.78,439655.857,744246.705,280865.086,112.8450042,14427.50877,13805,10.55,725.813
6/25/2022 22:54,1012.5,43.969,9.916,43.784,439686.238,744346.562,281194.676,111.3719827,14259.75862,13709.836,10.09,714.513
6/25/2022 22:55,1012.5,43.97,9.915,43.79,439674.838,744487.657,281150.562,111.9245635,14282.157,13670,9.961,716.899
6/25/2022 22:56,1012.5,43.98,9.946,43.8,439662.038,744568.029,280980.971,112.5452166,14368.42074,13708.333,10.141,728.165
6/25/2022 22:57,1012.5,43.98,9.882,43.8,439688.019,744690.467,281228.457,111.2856701,14242.61802,13557.377,9.402,702.621
6/25/2022 22:58,1012.5,43.98,9.839,43.8,439703.01,744713.638,281298.419,110.5593329,14207.15025,13588.333,9.616,720.06
6/25/2022 22:59,1012.5,43.99,9.809,43.8,439712.248,744753.752,281376.124,110.1118903,14167.80646,13536.667,9.32,716.262
6/25/2022 23:00,1012.5,43.99,9.781,43.8,439711.038,744776.171,281422.219,110.17049,14144.49206,13516.393,9.309,724.422
6/25/2022 23:01,1012.5,43.988,9.75,43.8,439726.01,744715.914,281525.543,109.4455438,14092.29817,13505,9.232,728.674
6/25/2022 23:02,1012.5,43.98,9.76,43.793,439717.6,744587.333,281467.438,109.8527194,14121.63848,13551.667,9.712,754.725
6/25/2022 23:03,1012.5,43.98,9.765,43.79,439712.648,744533.257,281449.343,110.0925189,14130.78154,13526.23,9.695,757.288
6/25/2022 23:04,1012.5,43.98,9.801,43.79,439693.19,744509.562,281284.2,111.0350925,14214.35527,13645,10.757,809.847
6/25/2022 23:05,1012.5,43.972,9.886,43.79,439656.057,744496.99,281000.876,112.8353031,14358.2831,13623.333,10.736,811.912
6/25/2022 23:06,1012.5,43.98,9.809,43.79,439684.886,744542.476,281317.229,111.4375076,14197.62156,13563.934,10.463,798.992
6/25/2022 23:07,1012.568,43.98,9.834,43.79,439661.467,744513.505,281147.552,112.5729087,14283.6859,13611.667,10.999,829.056
6/25/2022 23:08,1012.6,43.98,9.861,43.79,439655.105,744512.333,281070.419,112.8814809,14322.89151,13618.333,11.091,838.228
6/25/2022 23:09,1012.6,43.977,9.81,43.787,439674.629,744425.476,281269.81,111.9346958,14221.64872,13498.361,10.288,803.181
6/25/2022 23:10,1012.6,43.97,9.763,43.78,439693.971,744311.057,281430.276,110.9972497,14140.41878,13473.333,10.13,799.252
6/25/2022 23:11,1012.6,43.968,9.761,43.779,439690.819,744272.61,281421.724,111.1499824,14144.74233,13446.667,9.886,790.972
6/25/2022 23:12,1012.6,43.96,9.748,43.778,439699.61,744251.81,281475.876,110.7240413,14117.37589,13447.541,9.953,797.651
6/25/2022 23:13,1012.6,43.966,9.732,43.78,439702.638,744274.457,281486.352,110.5773532,14112.08461,13470,10.098,807.131
6/25/2022 23:14,1012.6,43.97,9.712,43.787,439717.2,744369.486,281541.562,109.8720881,14084.21443,13450,9.976,802.157
6/25/2022 23:15,1012.67,43.97,9.768,43.79,439685.99,744431.943,281316.733,111.3840019,14197.87279,13536.066,10.545,827.494
6/25/2022 23:16,1012.7,43.97,9.755,43.788,439700.314,744399.486,281425.01,110.6899357,14143.08098,13453.333,9.949,798.664
6/25/2022 23:17,1012.7,43.97,9.746,43.785,439695.752,744416.048,281427.876,110.9109559,14141.63206,13461.667,9.971,798.034
6/25/2022 23:18,1012.7,43.97,9.717,43.788,439710.686,744493.981,281520.067,110.1875376,14095.06206,13437.705,9.858,792.583
6/25/2022 23:19,1012.7,43.971,9.712,43.79,439712.219,744530.143,281515.619,110.1132947,14097.30727,13438.333,9.727,785.755
6/25/2022 23:20,1012.7,43.98,9.676,43.791,439721.638,744599.048,281613.876,109.657205,14047.74976,13448.333,9.815,789.174
6/25/2022 23:21,1012.7,43.98,9.716,43.795,439699.048,744626.943,281436.01,110.7512681,14137.52026,13559.016,10.376,815.309
6/25/2022 23:22,1012.7,43.98,9.718,43.794,439708.314,744550.219,281485.552,110.3024194,14112.48865,13468.333,9.618,778.119
6/25/2022 23:23,1012.7,43.977,9.671,43.786,439724.724,744498.867,281627.029,109.5078001,14041.12213,13516.667,10.058,796.86
6/25/2022 23:24,1012.7,43.97,9.741,43.78,439709.343,744321.152,281429.838,110.2525814,14140.6402,13527.869,9.912,790.3
6/25/2022 23:25,1012.701,43.964,9.758,43.774,439702.343,744218.181,281415.781,110.5916436,14147.74724,13578.333,10.073,797.99
6/25/2022 23:26,1012.8,43.96,9.823,43.771,439677.924,744201.733,281216.39,111.7749614,14248.73973,13656.667,10.425,814.156
6/25/2022 23:27,1012.8,43.96,9.853,43.78,439679.943,744217.257,281162.829,111.677092,14275.92689,13642.623,10.321,804.811
6/25/2022 23:28,1012.8,43.968,9.842,43.78,439687.257,744301.371,281209.048,111.3225984,14252.46502,13648.333,10.25,798.617
6/25/2022 23:29,1012.8,43.97,9.867,43.787,439679.848,744420.333,281109.648,111.6816969,14302.94558,13670,10.246,797.718
6/25/2022 23:30,1012.8,43.97,9.886,43.79,439679.133,744432.914,281063.733,111.7163554,14326.29232,13661.667,10.179,791.93
6/25/2022 23:31,1012.8,43.972,9.961,43.79,439656.61,744473.114,280821.962,112.8084798,14449.52654,13816.393,10.963,822.727
6/25/2022 23:32,1012.8,43.98,9.945,43.79,439676.581,744532.371,280962.562,111.8400653,14377.7995,13695,10.171,785.348
6/25/2022 23:33,1012.8,43.98,9.919,43.79,439685.562,744545.076,281035.467,111.4047448,14340.67397,13725,10.309,787.421
6/25/2022 23:34,1012.8,43.98,9.968,43.796,439663.571,744570.181,280868.057,112.4708719,14425.99246,13686.885,10.013,769.435
6/25/2022 23:35,1012.8,43.98,9.893,43.8,439685.619,744635.581,281135.4,111.4019823,14289.8592,13615,9.564,748.952
6/25/2022 23:36,1012.8,43.985,9.928,43.8,439665.238,744722.295,280951.895,112.3900323,14383.2353,13775,10.398,780.327
6/25/2022 23:37,1012.8,43.99,9.99,43.809,439645.371,744765.21,280762.6,113.3537101,14479.86108,13788.525,10.376,774.795
6/25/2022 23:38,1012.8,43.99,9.978,43.805,439663.533,744740.876,280855.076,112.4727147,14432.61814,13755,10.105,761.162
6/25/2022 23:39,1012.8,43.987,10.022,43.8,439653.133,744675.971,280732.667,112.9771388,14495.16862,13888.333,10.95,781.821
6/25/2022 23:40,1012.8,43.98,10.038,43.794,439660.781,744597.505,280797.143,112.6061787,14462.20559,13754.098,10.092,741.937
6/25/2022 23:41,1012.8,43.98,10.013,43.79,439669.067,744566.495,280849.305,112.2043631,14435.5642,13861.667,10.727,761.067
6/25/2022 23:42,1012.8,43.98,10.069,43.79,439647.505,744500.657,280689.552,113.2501715,14517.23089,13945,11.294,772.024
6/25/2022 23:43,1012.8,43.973,10.175,43.79,439609.133,744453.6,280354.019,115.112875,14689.47198,14198.361,12.936,812.519
6/25/2022 23:44,1012.8,43.97,10.333,43.79,439573.362,744409.676,279977.971,116.8511282,14883.6615,14235,13.021,810.12
6/25/2022 23:45,1012.8,43.97,10.326,43.79,439584.743,744453.038,280073.381,116.2978913,14834.27706,14258.333,13.238,809.044
6/25/2022 23:46,1012.8,43.97,10.365,43.79,439571.181,744418.552,279971.914,116.957168,14886.79926,14145.902,12.544,784.65
6/25/2022 23:47,1012.8,43.979,10.348,43.79,439575.286,744503.59,280042.743,116.757589,14850.12683,14183.333,12.759,784.68
6/25/2022 23:48,1012.879,43.98,10.375,43.792,439555.2,744549,279958.819,117.7343597,14893.58405,14228.333,13.268,793.408
6/25/2022 23:49,1012.9,43.98,10.482,43.79,439516.019,744558.867,279626.248,119.6412947,15066.39038,14431.148,14.568,829.766
6/25/2022 23:50,1012.9,43.98,10.451,43.79,439540.124,744462.8,279813.4,118.4678589,14969.0278,14271.667,13.52,797.757
6/25/2022 23:51,1012.9,43.971,10.497,43.79,439520.048,744397.686,279662.914,119.4451071,15047.2918,14363.333,14.215,815.421
6/25/2022 23:52,1012.9,43.97,10.543,43.786,439515.333,744378.79,279601.019,119.674701,15079.53836,14352.459,14.187,810.803
6/25/2022 23:53,1012.9,43.97,10.476,43.79,439540.533,744380.99,279812.257,118.4479555,14969.62151,14250,13.62,792.032
6/25/2022 23:54,1012.9,43.975,10.545,43.791,439501.686,744449.876,279567.962,120.339404,15096.77417,14303.333,14.014,802.035
6/25/2022 23:55,1012.9,43.98,10.452,43.8,439544.486,744567.362,279885.257,118.2556007,14931.72547,14193.443,13.334,780.394
6/25/2022 23:56,1012.9,43.98,10.411,43.8,439543.648,744638.981,279935.6,118.2963764,14905.61793,14240,13.762,791.707
6/25/2022 23:57,1012.9,43.98,10.403,43.8,439539.267,744633.181,279943.495,118.5095642,14901.52561,14191.667,13.526,784.146
6/25/2022 23:58,1012.9,43.98,10.407,43.799,439534.99,744607.686,279922.533,118.7177165,14912.39229,14229.508,13.801,792.467
6/25/2022 23:59,1012.9,43.98,10.446,43.79,439519.276,744529.657,279800.438,119.482697,14975.76135,14395,15.269,839.365
6/26/2022 0:00,1012.9,43.98,10.549,43.79,439485.943,744478.971,279516.467,121.1065125,15123.6422,14506.667,16.113,870.514
6/26/2022 0:01,1012.9,43.979,10.691,43.79,439424.743,744369.076,279071.381,124.0918173,15356.82069,14677.049,17.319,914.594
6/26/2022 0:02,1012.9,43.97,10.678,43.79,439464.724,744422.81,279261.438,122.1409853,15257.04229,14423.333,15.308,852.759
6/26/2022 0:03,1012.9,43.97,10.57,43.79,439511.2,744455.105,279609.267,119.8759797,15075.23935,14273.333,14.261,820.434
6/26/2022 0:04,1012.9,43.978,10.636,43.79,439471.762,744506.686,279296.076,121.7977992,15238.89109,14593.443,16.423,893.417
6/26/2022 0:05,1012.9,43.98,10.639,43.799,439489.457,744558.41,279359.543,120.9352566,15205.65952,14408.333,15.035,848.887
6/26/2022 0:06,1012.9,43.98,10.626,43.8,439500.21,744661.467,279383.495,120.4113106,15193.12716,14480,15.528,861.468
6/26/2022 0:07,1012.9,43.98,10.643,43.8,439501.676,744635.305,279358.524,120.3398911,15206.19279,14411.475,14.943,841.308
6/26/2022 0:08,1012.9,43.98,10.723,43.8,439469.019,744661.524,279093.448,121.931545,15345.21976,14648.333,16.588,882.143
6/26/2022 0:09,1012.9,43.98,10.751,43.8,439474.59,744611.752,279122.495,121.6599197,15329.95572,14510,15.493,850.192
6/26/2022 0:10,1012.9,43.98,10.772,43.799,439466.314,744624.571,279055.8,122.063448,15365.01437,14644.262,16.511,871.37
6/26/2022 0:11,1012.9,43.98,10.789,43.797,439471.152,744606.562,279048.838,121.8275413,15368.6762,14635,16.219,860.985
6/26/2022 0:12,1012.9,43.98,10.704,43.795,439505.762,744623.724,279335.248,120.140848,15218.37638,14490,15.161,828.787
6/26/2022 0:13,1012.9,43.98,10.613,43.8,439527.762,744610.238,279555.152,119.0695442,15103.45578,14459.016,14.974,821.309
6/26/2022 0:14,1012.9,43.98,10.709,43.796,439475.39,744566.4,279199.705,121.6209176,15289.41756,14638.333,16.268,851.656
6/26/2022 0:15,1012.9,43.98,10.79,43.79,439461.61,744491.819,279043.886,122.2928514,15371.28107,14621.667,16.087,845.248
6/26/2022 0:16,1012.9,43.972,10.76,43.79,439478.724,744421.819,279194.467,121.4583856,15292.16609,14649.18,16.285,851.076
6/26/2022 0:17,1012.9,43.97,10.766,43.79,439466.495,744415.981,279148.771,122.0546217,15316.15407,14658.333,16.475,851.934
6/26/2022 0:18,1012.9,43.971,10.818,43.79,439453.438,744427.914,279017.79,122.691453,15385.01169,14710,16.785,851.837
6/26/2022 0:19,1012.9,43.98,10.837,43.79,439443.838,744484.19,278964.333,123.1598241,15413.1568,14701.639,16.771,843.722
6/26/2022 0:20,1012.9,43.98,10.867,43.79,439435.924,744494.448,278910.352,123.546032,15441.60273,14753.333,17.236,845.405
6/26/2022 0:21,1012.9,43.98,10.882,43.79,439420.2,744503.067,278887.438,124.3136265,15453.68511,14661.667,16.601,823.83
6/26/2022 0:22,1012.9,43.98,10.894,43.793,439422.39,744521.952,278864.8,124.2066976,15465.6264,14700,16.93,823.844
6/26/2022 0:23,1012.9,43.98,10.855,43.797,439442.905,744526.571,279013.638,123.2053506,15387.19683,14600,16.083,805.107
6/26/2022 0:24,1012.9,43.98,10.926,43.798,439406.857,744529.61,278732.114,124.965253,15535.70536,14913.333,18.054,855.702
6/26/2022 0:25,1012.9,43.98,10.95,43.797,439410.705,744534.219,278737.333,124.7773049,15532.94605,14780,16.946,829.713
6/26/2022 0:26,1012.9,43.98,10.924,43.8,439424.971,744576.086,278828.714,124.0806861,15484.67046,14736.066,16.642,825.742
6/26/2022 0:27,1012.9,43.98,10.91,43.798,439430.676,744594.019,278852.133,123.8021848,15472.31002,14828.333,17.03,845.819
6/26/2022 0:28,1012.9,43.98,10.906,43.8,439430.01,744544.41,278865.686,123.8346946,15465.15896,14681.667,15.972,820.837
6/26/2022 0:29,1012.9,43.98,10.81,43.8,439470.057,744595.057,279179.981,121.880932,15299.76853,14527.869,14.86,794.161
6/26/2022 0:30,1012.9,43.98,10.724,43.8,439496.095,744606.381,279359.695,120.6117976,15205.57997,14486.667,14.438,794.025
6/26/2022 0:31,1012.9,43.98,10.773,43.791,439486.067,744577.105,279185.181,121.100469,15297.03929,14555,14.537,816.467
6/26/2022 0:32,1012.9,43.98,10.683,43.79,439523.029,744527.99,279469.524,119.2999648,15148.15506,14477.049,14.073,804.805
6/26/2022 0:33,1012.9,43.98,10.698,43.79,439507.181,744470.105,279366.952,120.071729,15201.78239,14555,14.33,824.999
6/26/2022 0:34,1012.9,43.976,10.777,43.79,439476.571,744423.067,279115.305,121.5633423,15333.73335,14646.667,14.729,845.266
6/26/2022 0:35,1012.9,43.971,10.865,43.79,439457.914,744407.219,278878.133,122.4731181,15458.59286,14675.41,14.849,855.129
6/26/2022 0:36,1012.9,43.98,10.862,43.79,439468.562,744501.276,278906.419,121.9538288,15443.67625,14665,14.642,856.542
6/26/2022 0:37,1012.9,43.98,10.825,43.793,439493.229,744579.029,279048.876,120.7514458,15368.65621,14580,14.072,841.941
6/26/2022 0:38,1012.9,43.98,10.815,43.8,439499.124,744650.267,279027.343,120.4642194,15379.98462,14631.148,14.225,859.436
6/26/2022 0:39,1012.9,43.98,10.863,43.798,439489.381,744587.019,278877.286,120.9389603,15459.03963,14580,13.806,853.383
6/26/2022 0:40,1012.9,43.98,10.78,43.792,439524.381,744558.181,279165.438,119.2341412,15307.4027,14506.667,13.311,842.129
6/26/2022 0:41,1012.9,43.98,10.825,43.79,439509.931,744528.363,278987.951,119.9377852,15400.71889,14547.541,13.417,858.762
6/26/2022 0:42,1012.9,43.98,10.727,43.79,439535.41,744477.257,279338.638,118.6972749,15216.60163,14425,12.747,842.426
6/26/2022 0:43,1012.9,43.98,10.733,43.79,439523.352,744440.305,279249.286,119.284239,15263.4127,14535,13.093,873.575
6/26/2022 0:44,1012.9,43.98,10.719,43.79,439539.019,744441.095,279274.362,118.5216332,15250.26858,14477.049,12.666,863.841
6/26/2022 0:45,1012.9,43.98,10.652,43.79,439555.171,744523.133,279478.886,117.7357704,15143.26486,14300,11.732,826.682
6/26/2022 0:46,1012.9,43.98,10.574,43.799,439566.229,744617.181,279653.514,117.1979576,15052.18697,14308.333,11.674,832.797
6/26/2022 0:47,1012.9,43.985,10.54,43.8,439581.01,744688.143,279699.886,116.479335,15028.04554,14280.328,11.347,825.225
6/26/2022 0:48,1012.9,43.987,10.535,43.8,439587.2,744641.695,279708.943,116.1784783,15023.3326,14286.667,11.232,827.093
6/26/2022 0:49,1012.9,43.98,10.539,43.793,439584.429,744536.924,279671.771,116.3131526,15042.6801,14391.667,11.578,849.286
6/26/2022 0:50,1012.9,43.98,10.708,43.79,439540.895,744422.524,279133.248,118.4303396,15324.30691,14696.721,12.784,910.857
6/26/2022 0:51,1012.9,43.974,10.77,43.79,439537.905,744358.971,279065.495,118.5758471,15359.91576,14660,12.609,899.047
6/26/2022 0:52,1012.9,43.97,10.814,43.78,439529.781,744301.981,278980.162,118.9712609,15404.82027,14655,12.484,890.256
6/26/2022 0:53,1012.9,43.97,10.81,43.78,439529.39,744284.581,279002.895,118.990294,15392.85143,14667.213,12.65,892.184
6/26/2022 0:54,1012.9,43.97,10.86,43.78,439524.095,744263.905,278886.333,119.2480652,15454.26789,14748.333,13.049,903.74
6/26/2022 0:55,1012.9,43.97,10.891,43.78,439509.867,744260.095,278822.876,119.9409023,15487.75246,14700,12.898,895.232
6/26/2022 0:56,1012.9,43.97,10.891,43.786,439494.219,744317.333,278800.467,120.703206,15499.58537,14727.869,13.17,900.762
6/26/2022 0:57,1012.9,43.973,10.901,43.79,439501.686,744445.733,278788.076,120.339404,15506.13021,14671.667,12.826,885.876
6/26/2022 0:58,1012.9,43.98,10.858,43.79,439521.295,744494.39,278926.81,119.3843903,15432.92733,14690,13.127,890.897
6/26/2022 0:59,1012.9,43.98,10.925,43.79,439495.381,744478.019,278685.867,120.6465868,15560.16659,14886.885,14.258,926.152
6/26/2022 1:00,1012.9,43.979,10.93,43.79,439499.848,744430.143,278746.39,120.4289467,15528.15813,14743.333,13.675,895.873
6/26/2022 1:01,1012.9,43.97,10.963,43.79,439496.638,744406.6,278673.686,120.5853408,15566.61249,14823.333,14.187,907.47
6/26/2022 1:02,1012.9,43.97,10.914,43.789,439499.714,744407.352,278857.229,120.435475,15469.621,14609.836,13.094,864.028
6/26/2022 1:03,1012.9,43.974,10.775,43.79,439541.257,744502.419,279264.467,118.4127238,15255.45461,14450,12.289,832.645
6/26/2022 1:04,1012.9,43.98,10.706,43.79,439556.124,744531.524,279388.486,117.689414,15190.51635,14596.667,13.344,866.487
6/26/2022 1:05,1012.9,43.98,10.687,43.79,439555.714,744553.562,279404.152,117.7093573,15182.3228,14478.689,12.701,841.893
6/26/2022 1:06,1012.9,43.98,10.682,43.79,439552.39,744496.914,279386.629,117.8710523,15191.48773,14458.333,12.71,843.143
6/26/2022 1:07,1012.9,43.972,10.736,43.783,439528.752,744410.438,279225,119.0213511,15276.14788,14641.667,13.901,892.574
6/26/2022 1:08,1012.9,43.97,10.854,43.78,439481.114,744289.276,278859.971,121.3418828,15468.17421,14775.41,14.77,926.968
6/26/2022 1:09,1012.9,43.97,10.966,43.78,439446.905,744245.448,278542.324,123.0101756,15636.20733,14915,15.785,963.964
6/26/2022 1:10,1012.9,43.97,10.998,43.783,439442.543,744343.229,278488.019,123.223015,15665.02116,14910,15.901,974.688
6/26/2022 1:11,1012.9,43.97,10.98,43.79,439458.162,744435.838,278603.638,122.4610217,15603.70505,14645.902,14.243,914.506
6/26/2022 1:12,1012.9,43.977,10.974,43.79,439459.133,744510.733,278554.829,122.4136612,15629.57586,14663.333,14.396,931.972
6/26/2022 1:13,1012.9,43.98,10.838,43.796,439504.19,744621.162,279032.981,120.2174228,15377.01811,14590,13.968,919.363
6/26/2022 1:14,1012.9,43.98,10.914,43.8,439458.467,744641.419,278628.152,122.4461452,15590.71934,14803.333,14.998,974.597
6/26/2022 1:15,1012.9,43.989,10.923,43.8,439463.933,744678.229,278657.6,122.1795602,15575.12679,14736.066,14.613,961.711
6/26/2022 1:16,1012.9,43.99,10.861,43.8,439501.257,744715.305,278880.343,120.3603033,15457.42717,14571.667,13.586,918.339
6/26/2022 1:17,1012.9,43.985,10.727,43.796,439542.362,744699.171,279286.962,118.3589529,15243.66606,14340,12.32,864.76
6/26/2022 1:18,1012.9,43.98,10.684,43.79,439539.771,744524.41,279345.114,118.4850373,15213.21155,14629.508,13.799,938.054
6/26/2022 1:19,1012.9,43.976,10.804,43.782,439509.295,744421.8,278982.724,119.9687618,15403.47116,14495,12.991,903.006
6/26/2022 1:20,1012.9,43.97,10.788,43.78,439534.743,744408.886,279101.21,118.7297382,15341.14016,14348.333,12.124,864.902
6/26/2022 1:21,1012.9,43.97,10.687,43.782,439556.248,744428.79,279393.486,117.6833825,15187.90104,14295.082,11.79,852.079
6/26/2022 1:22,1012.9,43.97,10.616,43.789,439572.924,744478.21,279538.657,116.8724231,15112.06155,14335,11.928,864.666
6/26/2022 1:23,1012.9,43.976,10.668,43.79,439548.867,744474.895,279312.419,118.0424441,15230.33052,14508.333,12.758,912.516
6/26/2022 1:24,1012.9,43.98,10.791,43.79,439508.314,744517.524,278912.229,120.0165429,15440.6132,14809.836,14.357,993.522
6/26/2022 1:25,1012.9,43.98,10.958,43.79,439468.667,744482.952,278454.01,121.9487089,15683.079,14845,14.607,1003.176
6/26/2022 1:26,1012.9,43.978,10.952,43.79,439477.01,744432.79,278588.733,121.5419409,15611.60315,14753.333,14.231,978.989
6/26/2022 1:27,1012.9,43.97,10.956,43.785,439474.01,744386.267,278597.581,121.6881968,15606.9144,14749.18,14.278,975.627
6/26/2022 1:28,1012.9,43.97,10.915,43.784,439484.39,744392.01,278736.886,121.1822038,15533.18237,14691.667,14.05,963.68
6/26/2022 1:29,1012.9,43.971,10.949,43.79,439479.171,744420.257,278616.429,121.4365956,15596.92868,14658.333,13.731,951.357
6/26/2022 1:30,1012.9,43.98,10.754,43.79,439547.467,744526.695,279287.524,118.110558,15243.3716,14290.164,11.901,865.037
6/26/2022 1:31,1012.9,43.98,10.668,43.79,439551.829,744576.962,279382.248,117.8983435,15193.7795,14603.333,13.449,942.842
6/26/2022 1:32,1012.9,43.98,10.812,43.793,439509.419,744631.638,278900.295,119.9627223,15446.90516,14616.667,13.389,944.135
6/26/2022 1:33,1012.9,43.98,10.692,43.795,439562.648,744622.79,279385.952,117.3721035,15191.84186,14342.623,11.955,875.919
6/26/2022 1:34,1012.967,43.98,10.708,43.79,439548.819,744632.562,279221.457,118.0447794,15278.0062,14465,12.407,905.728
6/26/2022 1:35,1013,43.98,10.6,43.79,439577.257,744626.095,279611.248,116.6617701,15074.2069,14090,10.527,814.613
6/26/2022 1:36,1013,43.98,10.44,43.79,439621.733,744549.705,280055.657,114.5010077,14843.44512,14052.459,10.335,808.735
6/26/2022 1:37,1013,43.975,10.442,43.786,439621.971,744504.714,279944.79,114.4894523,14900.8544,14160,10.712,839.189
6/26/2022 1:38,1013,43.97,10.507,43.79,439599.038,744479.162,279718.695,115.6032537,15018.25878,14350,11.572,896.831
6/26/2022 1:39,1013,43.97,10.49,43.79,439605.648,744503.8,279781.952,115.282148,14985.36702,14255.738,11.025,874.301
6/26/2022 1:40,1013,43.977,10.585,43.79,439568.486,744501.419,279418.419,117.0882075,15174.86278,14416.667,11.785,925.412
6/26/2022 1:41,1013,43.98,10.638,43.79,439564.029,744528.39,279306.867,117.3049426,15233.23843,14535,12.341,961.05
6/26/2022 1:42,1013,43.98,10.69,43.79,439554.581,744570.924,279174.781,117.7644701,15302.49799,14532.787,12.264,962.838
6/26/2022 1:43,1013,43.98,10.783,43.79,439533.162,744509.114,278889.79,118.8066889,15452.44471,14676.667,12.947,1009.136
6/26/2022 1:44,1013,43.98,10.871,43.79,439510.571,744512.8,278669.895,119.9066143,15568.61886,14491.667,11.894,953.134
6/26/2022 1:45,1013,43.98,10.674,43.79,439582.714,744506.057,279425.19,116.3965092,15171.32293,14080.328,10.013,842.936
6/26/2022 1:46,1013,43.975,10.509,43.79,439614.79,744492.952,279818.248,114.8381392,14966.50971,14218.333,10.578,878.349
6/26/2022 1:47,1013,43.97,10.62,43.788,439574.733,744460.81,279350.095,116.7844737,15210.60433,14468.333,11.673,944.698
6/26/2022 1:48,1013,43.97,10.612,43.781,439597.152,744458.857,279464.086,115.6948842,15150.99591,14321.311,10.949,903.705
6/26/2022 1:49,1013,43.97,10.647,43.78,439587.457,744450.219,279340.181,116.1659883,15215.79386,14490,11.651,943.084
6/26/2022 1:50,1013,43.97,10.736,43.788,439570.924,744441.333,279095.095,116.9696638,15344.35407,14643.333,12.307,983.138
6/26/2022 1:51,1013,43.973,10.734,43.79,439572.229,744532.419,279132.448,116.9062136,15324.72714,14493.443,11.61,941.824
6/26/2022 1:52,1013,43.98,10.67,43.79,439583.143,744561.371,279303.371,116.3756575,15235.06963,14510,11.829,948.854
6/26/2022 1:53,1013,43.98,10.724,43.79,439549.524,744565.819,279082.086,118.0104802,15351.1924,14718.333,13.095,1013.774
6/26/2022 1:54,1013,43.98,10.81,43.79,439531.162,744589.352,278876.962,118.9040381,15459.21053,14596.721,12.335,974.869
6/26/2022 1:55,1013,43.98,10.726,43.79,439556.676,744524.819,279145.933,117.6625639,15317.64446,14645,12.671,1007.778
6/26/2022 1:56,1013,43.98,10.82,43.79,439518.533,744488.371,278815.219,119.5188757,15491.7952,14698.333,12.903,1035.064
6/26/2022 1:57,1013,43.98,10.858,43.79,439512.81,744495.724,278740.562,119.7975693,15531.23898,14640.984,12.556,1020.008
6/26/2022 1:58,1013,43.98,10.9,43.79,439504.657,744503.571,278566.848,120.1946741,15623.20339,14831.667,13.554,1080.803
6/26/2022 1:59,1013,43.98,10.946,43.79,439501.019,744558.914,278495.895,120.371898,15660.84064,14705,12.87,1043.15
6/26/2022 2:00,1013,43.98,10.888,43.79,439514.048,744528.971,278711.6,119.7372785,15546.55347,14588.333,12.418,1011.585
6/26/2022 2:01,1013,43.98,10.876,43.79,439510.4,744548.371,278697.438,119.9149427,15554.04466,14640.984,12.781,1031.201
6/26/2022 2:02,1013,43.98,10.846,43.792,439519.648,744573.276,278829.114,119.4645836,15484.4593,14615,12.634,1020.734
6/26/2022 2:03,1013,43.98,10.83,43.791,439524.181,744601.714,278832.019,119.2438782,15482.92581,14626.667,12.706,1018.129
6/26/2022 2:04,1013,43.98,10.87,43.79,439506.133,744529.171,278698.705,120.1227765,15553.37439,14734.426,13.332,1033.563
6/26/2022 2:05,1013,43.98,10.96,43.79,439474.79,744533.324,278435.01,121.6501691,15693.17181,14898.333,14.421,1060.777
6/26/2022 2:06,1013,43.98,11,43.794,439467.514,744572.229,278395.019,122.0049316,15714.42518,14728.333,13.515,1006.387
6/26/2022 2:07,1013,43.98,10.929,43.794,439495.143,744568.01,278676.495,120.6581834,15565.12592,14647.541,13.245,971.473
6/26/2022 2:08,1013.084,43.98,10.81,43.79,439532.381,744526.895,279037.41,118.8447031,15374.68792,14576.667,13.053,938.744
6/26/2022 2:09,1013.1,43.98,10.898,43.79,439491.79,744518.438,278736.505,120.8215665,15533.3838,14933.333,15.178,979.728
6/26/2022 2:10,1013.1,43.98,10.857,43.79,439505.257,744526.876,278937.495,120.1654471,15427.29627,14568.852,13.083,898.407
6/26/2022 2:11,1013.1,43.973,10.766,43.784,439525.619,744452.514,279201.486,119.1738699,15288.48307,14435,12.482,860.402
6/26/2022 2:12,1013.1,43.97,10.766,43.78,439521.162,744378.705,279193.305,119.390866,15292.77585,14526.667,13.167,866.958
6/26/2022 2:13,1013.1,43.97,10.811,43.78,439506.467,744308.267,279056.762,120.1065073,15364.50842,14634.426,13.772,874.815
6/26/2022 2:14,1013.1,43.97,10.827,43.78,439495.695,744310.533,279053.371,120.6312873,15366.29191,14658.333,14.179,873.974
6/26/2022 2:15,1013.1,43.97,10.915,43.78,439462.895,744320.59,278774.933,122.2301819,15513.07368,14740,14.683,883.291
6/26/2022 2:16,1013.1,43.97,10.921,43.786,439473.267,744463.324,278815.571,121.7244214,15491.60934,14881.967,15.582,904.614
6/26/2022 2:17,1013.1,43.975,10.938,43.793,439469.743,744584.619,278758.476,121.8962425,15521.77004,14641.667,14.14,856.62
6/26/2022 2:18,1013.1,43.98,10.84,43.8,439506.914,744747.41,279034.21,120.0847343,15376.37149,14643.333,14.158,858.126
6/26/2022 2:19,1013.1,43.988,10.833,43.8,439500.971,744792.495,278997.562,120.3742364,15395.65884,14708.197,14.576,870.674
6/26/2022 2:20,1013.1,43.99,10.863,43.8,439488.257,744784.59,278924.229,120.9937371,15434.28769,14690,14.405,863.16
6/26/2022 2:21,1013.1,43.986,10.861,43.799,439488.162,744738.41,278947.686,120.9983669,15421.92646,14715,14.639,866.868
6/26/2022 2:22,1013.1,43.98,10.956,43.791,439450.686,744630.876,278662.971,122.8257065,15572.28368,14747.541,14.896,870.159
6/26/2022 2:23,1013.1,43.98,10.87,43.79,439482.714,744577.171,279004.429,121.2638937,15392.04395,14511.667,13.483,827.315
6/26/2022 2:24,1013.1,43.98,10.797,43.79,439500.2,744522.6,279171.819,120.4117978,15304.05284,14578.333,13.809,843.533
6/26/2022 2:25,1013.1,43.973,10.807,43.782,439502.619,744460.095,279126.39,120.2939523,15327.90947,14588.525,13.772,846.604
6/26/2022 2:26,1013.1,43.97,10.86,43.78,439487.981,744407.971,278964.219,121.0071879,15413.21684,14735,14.471,880.01
6/26/2022 2:27,1013.1,43.97,10.914,43.78,439474.495,744368.352,278795.629,121.6645513,15502.14061,14930,15.379,925.922
6/26/2022 2:28,1013.1,43.97,10.996,43.78,439466.705,744421.752,278605.79,122.0443812,15602.56487,14881.967,15.129,920.334
6/26/2022 2:29,1013.1,43.971,11.04,43.789,439443.419,744512.962,278443.429,123.1802694,15688.69925,14920,15.257,933.295
6/26/2022 2:30,1013.1,43.98,11.108,43.79,439421.486,744621.219,278263.571,124.2508355,15784.38065,14951.667,15.426,940.616
6/26/2022 2:31,1013.006,43.98,11.027,43.79,439447.629,744617.743,278557.371,122.9748513,15628.22799,14777.049,14.537,906.832
6/26/2022 2:32,1013,43.98,11.015,43.79,439447.867,744554.076,278564.248,122.9632393,15624.5818,14865,14.797,925.942
6/26/2022 2:33,1013,43.976,11.076,43.787,439434.267,744484.933,278364.686,123.6269055,15730.55495,14956.667,15.074,942.008
6/26/2022 2:34,1013,43.97,11.144,43.784,439435.067,744480.705,278235.505,123.5878593,15799.33638,14978.689,15.071,940.005
6/26/2022 2:35,1013,43.976,11.073,43.79,439472.571,744587.114,278487.314,121.7583552,15665.39539,14808.333,14.171,902.479
6/26/2022 2:36,1013,43.98,11.05,43.79,439471.324,744618.667,278500.714,121.819155,15658.28301,14846.667,14.23,902.39
6/26/2022 2:37,1013,43.98,11.104,43.792,439458.114,744695.19,278335.352,122.4633629,15746.16102,14950.82,14.435,916.227
6/26/2022 2:38,1013,43.98,11.112,43.799,439463.81,744707.038,278364.857,122.1855586,15730.464,14833.333,13.538,888.889
6/26/2022 2:39,1013,43.98,10.967,43.8,439503.629,744751.81,278795.781,120.2447509,15502.06033,14731.667,12.958,869.906
6/26/2022 2:40,1013,43.985,10.962,43.8,439502.562,744755.867,278732.276,120.2967291,15535.6197,14765.574,12.867,875.631
6/26/2022 2:41,1013,43.99,10.937,43.8,439521.295,744818.743,278824.39,119.3843903,15486.95316,14616.667,12.025,846.328
6/26/2022 2:42,1013,43.99,10.832,43.8,439544.2,744834.952,279126.733,118.2695169,15327.72928,14463.333,11.26,817.413
6/26/2022 2:43,1013,43.986,10.729,43.793,439567.181,744759.467,279392.276,117.1516642,15188.53393,14467.213,11.252,824.794
6/26/2022 2:44,1013,43.98,10.738,43.79,439561.362,744617.895,279316.171,117.4346466,15228.36552,14425,11.005,819.648
6/26/2022 2:45,1013,43.978,10.865,43.785,439521.876,744492.619,278872.6,119.3561019,15461.51149,14855,12.564,908.86
6/26/2022 2:46,1013,43.97,10.951,43.786,439521.057,744511.21,278717.8,119.3959784,15543.27443,14811.667,12.3,898.19
6/26/2022 2:47,1013,43.977,10.982,43.79,439519.219,744558.914,278639.286,119.4854725,15584.82307,14726.23,11.888,878.082
6/26/2022 2:48,1013,43.98,10.947,43.794,439529.333,744678.038,278723.533,118.9930687,15540.24268,14891.667,12.571,911.003
6/26/2022 2:49,1013,43.98,10.959,43.794,439533.61,744752.952,278735.314,118.7848834,15534.01347,14806.667,12.068,883.911
6/26/2022 2:50,1013,43.98,10.952,43.791,439530.876,744747.819,278721.924,118.9179594,15541.09353,14714.754,11.696,864.487
6/26/2022 2:51,1013,43.98,10.854,43.79,439560.838,744716.324,279090.971,117.4601314,15346.52174,14470,10.712,815.097
6/26/2022 2:52,1013,43.98,10.872,43.79,439551.467,744670.476,278942.162,117.9159541,15424.83704,14646.667,11.428,843.602
6/26/2022 2:53,1013,43.98,10.906,43.79,439552.143,744633.59,278867.924,117.8830682,15463.97826,14759.016,11.784,855.042
6/26/2022 2:54,1013,43.973,10.902,43.782,439553.943,744556.619,278952.19,117.7955052,15419.55351,14703.333,11.533,842.672
6/26/2022 2:55,1013,43.97,10.872,43.78,439562.238,744484.086,279074.571,117.3920431,15355.14341,14503.333,10.756,801.54
6/26/2022 2:56,1013,43.97,10.722,43.78,439596.067,744508.286,279488.943,115.7476007,15138.01248,14527.869,10.81,803.536
6/26/2022 2:57,1013,43.97,10.746,43.785,439590.638,744554.029,279366.305,116.0114015,15202.12095,14553.333,10.799,806.856
6/26/2022 2:58,1013,43.976,10.765,43.79,439587.943,744645.248,279295.076,116.1423693,15239.41497,14483.333,10.485,793.421
6/26/2022 2:59,1013,43.98,10.718,43.79,439577.61,744608.133,279382.41,116.6446098,15193.69475,14588.525,10.814,811.111
6/26/2022 3:00,1013,43.98,10.859,43.79,439541.962,744575.41,278916.867,118.3784173,15438.16824,14871.667,11.903,858.655
6/26/2022 3:01,1013,43.97,10.943,43.782,439530.248,744437.743,278790.771,118.9485285,15504.70661,14730,11.539,832.449
6/26/2022 3:02,1013,43.97,10.912,43.78,439535.048,744362.914,278923.324,118.7148936,15434.76469,14614.754,11.175,811.479
6/26/2022 3:03,1013,43.963,10.842,43.77,439554.962,744301.352,279144.114,117.7459368,15318.59976,14731.667,11.835,834.878
6/26/2022 3:04,1013,43.96,10.957,43.774,439512.314,744291.857,278756.057,119.8217252,15523.04851,14760,11.821,839.379
6/26/2022 3:05,1013,43.966,11.001,43.78,439514.552,744312.305,278656.133,119.7127342,15575.90338,14839.344,12.195,855.646
6/26/2022 3:06,1013,43.97,11.026,43.78,439507.876,744400.629,278600.733,120.0378768,15605.24425,14938.333,12.627,873.817
6/26/2022 3:07,1013,43.97,11.011,43.781,439514.152,744426.39,278663.486,119.7322137,15572.01108,14858.333,12.331,866.856
6/26/2022 3:08,1013,43.97,11.104,43.786,439487.4,744478.962,278361.895,121.0355031,15732.03948,14980.328,12.756,897.954
6/26/2022 3:09,1013,43.97,11.059,43.79,439504.695,744486.333,278553.81,120.1928231,15630.11619,14746.667,11.78,861.031
6/26/2022 3:10,1013,43.97,10.908,43.79,439536.619,744507.914,278990.476,118.6384336,15399.38944,14583.333,11.025,833.946
6/26/2022 3:11,1013,43.97,10.851,43.786,439555.343,744473.41,279087.067,117.7274038,15348.57391,14590.164,11.019,846.535
6/26/2022 3:12,1013,43.97,10.887,43.78,439541.114,744494.971,278900.943,118.4196825,15446.56348,14733.333,11.576,887.323
6/26/2022 3:13,1013,43.97,10.876,43.78,439560.686,744446.39,279013.533,117.467524,15387.2521,14601.667,11.029,862.947
6/26/2022 3:14,1013,43.97,10.88,43.78,439549.257,744424.648,278937.238,118.02347,15427.4317,14729.508,11.51,893.08
6/26/2022 3:15,1013,43.97,10.996,43.78,439514.552,744395.495,278561.914,119.7127342,15625.81924,14908.333,12.363,932.309
6/26/2022 3:16,1013,43.97,11.033,43.78,439507.924,744365.962,278516.914,120.0355388,15649.68653,14961.667,12.527,937.491
6/26/2022 3:17,1013,43.97,11.076,43.78,439501.99,744374.829,278429.533,120.3245943,15696.08177,14959.016,12.478,931.947
6/26/2022 3:18,1013.057,43.97,11.062,43.78,439492.238,744405.676,278483.067,120.7997357,15667.64992,14805,11.907,895.867
6/26/2022 3:19,1013.1,43.97,10.984,43.783,439516.829,744438.924,278739.762,119.6018509,15531.6619,14676.667,11.427,870.599
6/26/2022 3:20,1013.1,43.97,10.998,43.79,439512.552,744497.952,278667.895,119.8101342,15569.6774,14724.59,11.415,868.598
6/26/2022 3:21,1013.1,43.97,10.962,43.79,439519.914,744473.657,278765.152,119.4516317,15518.24197,14816.667,11.489,878.997
6/26/2022 3:22,1013.1,43.97,10.971,43.79,439512.743,744564.933,278733,119.8008323,15535.23691,14726.667,11.114,863.052
6/26/2022 3:23,1013.1,43.97,10.963,43.79,439520.476,744523.771,278761.381,119.4242674,15520.23479,14626.23,10.64,841.709
6/26/2022 3:24,1013.1,43.97,10.959,43.783,439523.133,744482.448,278730.429,119.2949014,15536.59627,14765,11.026,870.23
6/26/2022 3:25,1013.1,43.97,10.922,43.78,439539.133,744392.8,278913.676,118.5160853,15439.85038,14636.667,10.513,849.574
6/26/2022 3:26,1013.1,43.97,10.881,43.78,439549.962,744404.886,278991.648,117.9891712,15398.77238,14577.049,10.261,839.522
6/26/2022 3:27,1013.1,43.97,10.84,43.783,439559.095,744458.648,279103.933,117.544905,15339.70911,14503.333,9.956,826.071
6/26/2022 3:28,1013.1,43.97,10.808,43.78,439568.581,744456.076,279163.486,117.0835881,15308.42751,14570,10.313,843.908
6/26/2022 3:29,1013.1,43.97,10.847,43.78,439555.581,744447.705,279005.6,117.7158268,15391.42756,14595.082,10.484,848.141
6/26/2022 3:30,1013.1,43.97,10.792,43.78,439578.19,744431.495,279240.133,116.6164147,15268.21179,14503.333,10.126,828.203
6/26/2022 3:31,1013.1,43.97,10.882,43.78,439546.457,744397.067,278873.552,118.1596989,15461.0093,14840,11.261,887.497
6/26/2022 3:32,1013.1,43.97,10.973,43.78,439539.21,744448.962,278694.533,118.5123381,15555.58151,14660.656,10.522,851.228
6/26/2022 3:33,1013.1,43.97,10.949,43.78,439541.257,744365.238,278767.781,118.4127238,15516.85272,14653.333,10.541,844.814
6/26/2022 3:34,1013.1,43.97,10.918,43.78,439550,744397.257,278919.21,117.9873225,15436.93318,14596.667,10.514,831.995
6/26/2022 3:35,1013.1,43.97,10.905,43.78,439551.019,744325.629,278926.381,117.9377486,15433.15344,14688.525,11.074,837.734
6/26/2022 3:36,1013.1,43.97,10.982,43.78,439535.305,744385.695,278724.533,118.7023853,15539.71388,14816.667,11.678,848.489
6/26/2022 3:37,1013.1,43.97,10.904,43.78,439559.581,744379.276,279022.743,117.5212672,15382.40518,14485,10.424,794.543
6/26/2022 3:38,1013.1,43.97,10.848,43.781,439560.571,744419.657,279119.905,117.4731171,15331.31645,14608.333,11.026,811.447
6/26/2022 3:39,1013.1,43.97,10.916,43.783,439532.886,744436.648,278873.61,118.8201227,15460.9787,14691.803,11.476,822.466
6/26/2022 3:40,1013.1,43.97,10.909,43.788,439537.733,744453.238,278958.819,118.5842178,15416.06132,14650,11.296,813.138
6/26/2022 3:41,1013.1,43.97,10.835,43.78,439556.41,744427.943,279180.514,117.6755025,15299.48877,14576.667,11.092,801.71
6/26/2022 3:42,1013.1,43.97,10.819,43.78,439558.819,744422.733,279194.257,117.5583291,15292.27628,14559.016,11.11,800.677
6/26/2022 3:43,1013.1,43.97,10.806,43.78,439553.305,744419.286,279218,117.8265409,15279.81951,14656.667,11.828,818.594
6/26/2022 3:44,1013.1,43.97,10.878,43.78,439528.467,744438.314,278952.619,119.0352247,15419.3275,14813.333,12.758,843.074
6/26/2022 3:45,1013.1,43.97,11.036,43.78,439483.857,744402.895,278511.057,121.2081823,15652.79427,14898.361,13.303,857.833
6/26/2022 3:46,1013.1,43.97,11.091,43.78,439483.59,744415.819,278495.771,121.2211961,15660.90645,14775,12.898,834.999
6/26/2022 3:47,1013.1,43.97,10.997,43.781,439510.373,744441.49,278740.294,119.9162577,15531.38066,14893.333,13.483,849.073
6/26/2022 3:48,1013.1,43.97,11.037,43.79,439493.933,744505.457,278606.219,120.7171418,15602.33759,14804.918,13.17,831.034
6/26/2022 3:49,1013.1,43.97,10.941,43.79,439525.276,744536.914,278968.476,119.1905684,15410.97463,14548.333,12.155,789.338
6/26/2022 3:50,1013.1,43.97,10.907,43.79,439520.019,744550.095,278970.667,119.4465191,15409.82066,14771.667,13.226,817.347
6/26/2022 3:51,1013.1,43.97,10.997,43.79,439501.238,744539.857,278710.543,120.361229,15547.11252,14900,13.659,827.207
6/26/2022 3:52,1013.1,43.97,10.984,43.79,439507.257,744520.114,278822.505,120.0680271,15487.94833,14673.333,12.654,792.675
6/26/2022 3:53,1013.1,43.97,10.962,43.788,439508.238,744553.505,278853.81,120.0202446,15471.42509,14828.333,13.291,802.995
6/26/2022 3:54,1013.1,43.97,10.939,43.789,439515.019,744562.8,278921.724,119.6899921,15435.60804,14754.098,12.915,785.813
6/26/2022 3:55,1013.1,43.97,10.912,43.79,439521.981,744571.362,279051.81,119.3509896,15367.11295,14563.333,12.149,754.728
6/26/2022 3:56,1013.1,43.97,10.73,43.786,439573.381,744550.81,279567.057,116.8502044,15097.24616,14340,11.056,722.038
6/26/2022 3:57,1013.1,43.97,10.694,43.78,439580.486,744549.4,279593.895,116.5048058,15083.252,14327.869,10.943,714.602
6/26/2022 3:58,1013.1,43.97,10.594,43.79,439594.629,744544.305,279874.648,115.8174707,14937.23001,14156.667,10.402,692.697
6/26/2022 3:59,1013.1,43.97,10.445,43.79,439620.99,744554.905,280236.762,114.5370825,14749.89249,14155,10.435,688.612
6/26/2022 4:00,1013.1,43.97,10.401,43.79,439616.686,744586.162,280261.895,114.7460686,14736.93193,14103.279,10.101,679.403
6/26/2022 4:01,1013.1,43.97,10.4,43.785,439612.057,744510.21,280269.095,114.9708637,14733.22005,14086.667,10.037,675.841
6/26/2022 4:02,1013.1,43.97,10.43,43.78,439599.276,744448.629,280154.295,115.5916909,14792.45714,14135,10.268,677.433
6/26/2022 4:03,1013.1,43.97,10.397,43.781,439613.143,744454.505,280284.714,114.9181223,14725.16936,14054.098,9.908,666.54
6/26/2022 4:04,1013.1,43.97,10.402,43.789,439609.8,744560.057,280227.629,115.0804795,14754.60353,14221.667,10.676,683.253
6/26/2022 4:05,1013.1,43.979,10.405,43.798,439618.571,744708.971,280233.752,114.6545369,14751.44505,14043.333,9.878,660.089
6/26/2022 4:06,1013.1,43.982,10.394,43.8,439614.2,744823.371,280207.038,114.8667909,14765.22754,14057.377,9.989,656.661
6/26/2022 4:07,1013.1,43.99,10.349,43.803,439617.962,744884.267,280325.181,114.6841081,14704.32074,14130,10.558,660.503
6/26/2022 4:08,1013.062,43.99,10.339,43.81,439621.276,744961.648,280360.686,114.5231963,14686.04014,13923.333,9.636,636.06
6/26/2022 4:09,1013,43.99,10.249,43.807,439633.324,744959.562,280587.914,113.9383298,14569.30309,13929.508,9.905,631.305
6/26/2022 4:10,1013,43.99,10.256,43.802,439619.886,744903.581,280520.752,114.5906861,14603.76095,14020,10.52,634.877
6/26/2022 4:11,1013,43.988,10.177,43.797,439645.533,744767.429,280813.61,113.3458498,14453.79266,13841.667,9.613,614.586
6/26/2022 4:12,1013,43.98,10.142,43.79,439653.6,744657.79,280894.914,112.9544851,14412.28888,13795.082,9.439,604.773
6/26/2022 4:13,1013,43.975,10.111,43.786,439664.943,744570.962,281004.971,112.4043378,14356.19793,13690,9.176,591.05
6/26/2022 4:14,1013,43.97,10.087,43.78,439666.762,744458.324,281061.324,112.3161307,14327.51775,13693.333,9.363,586.477
6/26/2022 4:15,1013,43.97,10.038,43.78,439664.924,744439.762,281191.781,112.4052592,14261.22801,13814.754,10.371,588.648
6/26/2022 4:16,1013,43.97,10.144,43.786,439629.543,744501.067,280843.552,114.121856,14438.50136,13885,10.868,587.637
6/26/2022 4:17,1013,43.97,10.174,43.79,439608.257,744583.257,280780.819,115.1554224,14470.54778,13916.667,11.134,584.979
6/26/2022 4:18,1013,43.977,10.152,43.79,439615.248,744698.4,280843.048,114.8158981,14438.75868,13868.852,10.893,578.543
6/26/2022 4:19,1013,43.98,10.13,43.794,439623.6,744712.152,280916.152,114.410363,14401.45674,13755,10.382,567.62
6/26/2022 4:20,1013,43.98,10.091,43.79,439626.067,744634.419,281041.914,114.2905949,14337.39315,13835,10.853,567.203
6/26/2022 4:21,1013,43.978,10.102,43.79,439607.876,744635.124,280968.848,115.173928,14374.59666,13862.295,11.156,563.423
6/26/2022 4:22,1013,43.97,10.094,43.79,439625.533,744570.914,281051.152,114.3165189,14332.69264,13683.333,10.109,551.652
6/26/2022 4:23,1013,43.97,10.053,43.782,439630.352,744572.657,281119.438,114.0825862,14297.96992,13796.667,10.775,551.912
6/26/2022 4:24,1013,43.97,10.003,43.78,439641.219,744490.343,281304.581,113.5551769,14204.0284,13626.23,9.863,542.816
6/26/2022 4:25,1013,43.97,9.967,43.78,439640.705,744404.238,281344.81,113.5801193,14183.6552,13581.667,9.57,537.41
6/26/2022 4:26,1013,43.97,9.893,43.78,439668.01,744385.086,281570.924,112.2556153,14069.40308,13533.333,9.289,532.688
6/26/2022 4:27,1013,43.964,9.854,43.78,439685.095,744377.314,281656.286,111.4273782,14026.38523,13504.918,9.156,529.272
6/26/2022 4:28,1013,43.96,9.865,43.774,439676.029,744347.476,281601.41,111.866825,14054.03259,13575,9.501,528.202
6/26/2022 4:29,1013,43.96,9.827,43.771,439689.495,744316.676,281734.067,111.214142,13987.24237,13510,9.391,524.283
6/26/2022 4:30,1013,43.96,9.843,43.777,439671.6,744366.314,281627.848,112.0815482,14040.70949,13553.333,9.654,523.417
6/26/2022 4:31,1013,43.965,9.82,43.78,439677.781,744395.943,281714.486,111.7818934,13997.0915,13531.148,9.504,521.436
6/26/2022 4:32,1013,43.97,9.905,43.785,439648.162,744484.752,281432.724,113.218296,14139.18129,13698.333,10.584,524.194
6/26/2022 4:33,1013,43.97,9.956,43.79,439625.229,744517.705,281278.857,114.3312773,14217.06312,13851.667,11.434,526.229
6/26/2022 4:34,1013,43.97,9.994,43.79,439632.505,744618.952,281224.514,113.9780816,14244.6182,13770.492,10.962,523.05
6/26/2022 4:35,1013,43.97,10.025,43.79,439625.381,744640.838,281155.286,114.323898,14279.75764,13785,10.916,521.44
6/26/2022 4:36,1013,43.975,10.045,43.79,439612.705,744614.629,281079.514,114.9393935,14318.26599,13885,11.376,521.88
6/26/2022 4:37,1013,43.98,10.046,43.79,439619.8,744564.467,281132.371,114.5948619,14291.39815,13845.902,11.04,519.395
6/26/2022 4:38,1013,43.98,10.11,43.79,439612.133,744683.181,280930.057,114.9671727,14394.3668,13883.333,11.094,518.987
6/26/2022 4:39,1013,43.98,10.106,43.79,439625.81,744659.6,280996.029,114.3030714,14360.75137,13898.333,11.076,517.719
6/26/2022 4:40,1013,43.98,10.1,43.79,439627.2,744639.971,281022.419,114.2355927,14347.31506,13859.016,10.79,515.58
6/26/2022 4:41,1013,43.972,10.02,43.784,439647.114,744587.4,281249.257,113.2691417,14232.0689,13773.333,10.265,512.735
6/26/2022 4:42,1013,43.97,10.115,43.78,439622.981,744477.152,280942.952,114.4404155,14387.79333,14063.333,11.427,516.383
6/26/2022 4:43,1013,43.97,10.106,43.78,439637.152,744464.057,281040.638,113.7525422,14338.04247,13918.033,10.692,513.478
6/26/2022 4:44,1013,43.97,10.073,43.78,439649.914,744481.952,281115.467,113.1332977,14299.98804,13775,9.882,510.916
6/26/2022 4:45,1013,43.97,10.111,43.78,439635.467,744495.571,280979.848,113.8343193,14368.99278,13955,10.437,517.86
6/26/2022 4:46,1013,43.97,10.195,43.783,439624.724,744551.067,280733.305,114.3557939,14494.84227,14127.869,10.854,530.112
6/26/2022 4:47,1013,43.97,10.176,43.788,439639.79,744627.695,280833.943,113.6245216,14443.40781,14038.333,10.415,535.457
6/26/2022 4:48,1013,43.98,10.203,43.79,439631.486,744666.8,280715.41,114.0275421,14503.99724,14103.333,10.499,548.471
6/26/2022 4:49,1013,43.98,10.268,43.79,439618.914,744647.876,280532,114.6378821,14597.98739,14188.525,10.68,568.667
6/26/2022 4:50,1013,43.98,10.288,43.789,439622.381,744615.133,280505.752,114.4695461,14611.46209,14201.667,10.7,592.128
6/26/2022 4:51,1013,43.972,10.334,43.789,439619.324,744606.133,280366.819,114.6179742,14682.88352,14218.333,10.697,605.548
6/26/2022 4:52,1013,43.97,10.304,43.79,439625.41,744608.695,280462.895,114.3224902,14633.47592,14188.525,10.572,616.53
6/26/2022 4:53,1013,43.97,10.375,43.79,439613.229,744614.762,280215.933,114.9139458,14760.63768,14241.667,10.777,640.736
6/26/2022 4:54,1013,43.98,10.358,43.79,439612.124,744612.524,280288.362,114.9676098,14723.28933,14281.667,10.828,658.309
6/26/2022 4:55,1013,43.98,10.411,43.79,439608.876,744597.105,280109.029,115.1253574,14815.84566,14250.82,10.627,665.321
6/26/2022 4:56,1013,43.98,10.331,43.79,439634.829,744667.067,280369.324,113.865284,14681.5943,14123.333,10.142,660.964
6/26/2022 4:57,1013,43.98,10.323,43.79,439639.914,744725.524,280356.676,113.6185041,14688.10424,14136.667,10.137,670.343
6/26/2022 4:58,1013,43.98,10.315,43.79,439635.657,744718.819,280363.019,113.8250979,14684.83932,14216.393,10.431,690.975
6/26/2022 4:59,1013,43.98,10.328,43.79,439643.629,744766.057,280319.343,113.438234,14707.32761,14215,10.296,694.784
6/26/2022 5:00,1013,43.98,10.356,43.79,439632.962,744722.238,280200.2,113.9559001,14768.75644,14213.333,10.266,700.934
6/26/2022 5:01,1013,43.98,10.445,43.79,439611.8,744671.248,279928.305,114.983345,14909.39971,14380.328,10.849,731.854
6/26/2022 5:02,1013,43.98,10.484,43.79,439605.143,744607.629,279891.162,115.3066782,14928.66205,14276.667,10.496,725.898
6/26/2022 5:03,1013,43.976,10.56,43.79,439584.171,744586.41,279631.886,116.3256923,15063.4529,14523.333,11.287,768.54
6/26/2022 5:04,1013,43.98,10.602,43.79,439580.429,744641.629,279578.819,116.5075764,15091.11233,14513.115,11.214,773.607
6/26/2022 5:05,1013,43.98,10.627,43.79,439574.248,744658.457,279518.933,116.8080529,15122.35502,14488.333,11.219,775.829
6/26/2022 5:06,1013.022,43.98,10.641,43.79,439574.667,744701.79,279476.771,116.7876824,15144.36956,14568.333,11.646,793.039
6/26/2022 5:07,1013.1,43.98,10.673,43.791,439566.2,744720.305,279373.171,117.1993678,15198.52836,14575.41,11.774,796.676
6/26/2022 5:08,1013.1,43.98,10.694,43.79,439566.6,744737.01,279374.4,117.1799166,15197.88534,14508.333,11.552,788.517
6/26/2022 5:09,1013.1,43.98,10.694,43.79,439558.6,744745.029,279323.324,117.5689809,15224.61968,14650,12.088,809.215
6/26/2022 5:10,1013.1,43.98,10.775,43.79,439541.981,744781.467,279131.905,118.3774927,15325.01237,14598.361,11.83,800.483
6/26/2022 5:11,1013.1,43.98,10.696,43.79,439567.952,744738.59,279424.524,117.1141734,15171.6711,14363.333,10.969,768.728
6/26/2022 5:12,1013.1,43.98,10.629,43.79,439580,744744.571,279548.152,116.5284297,15107.10754,14541.667,11.469,791.519
6/26/2022 5:13,1013.1,43.98,10.666,43.788,439577.676,744706.248,279450.476,116.6414014,15158.10701,14590.164,11.54,794.957
6/26/2022 5:14,1013.1,43.971,10.706,43.78,439557.476,744524.248,279355.971,117.6236515,15207.52891,14668.333,11.88,805.867
6/26/2022 5:15,1013.1,43.97,10.686,43.78,439573.286,744481.562,279472.39,116.8548232,15146.65794,14530,11.337,791.836
6/26/2022 5:16,1013.1,43.97,10.821,43.78,439534.352,744479.533,278980.695,118.7487687,15404.53959,14886.885,12.374,849.736
6/26/2022 5:17,1013.1,43.97,10.883,43.786,439540.8,744612.543,278902.629,118.4349625,15445.67451,14690,11.531,824.808
6/26/2022 5:18,1013.1,43.978,10.869,43.79,439549.476,744736.305,278943.038,118.0128154,15424.37546,14715,11.582,834.039
6/26/2022 5:19,1013.1,43.98,10.899,43.791,439544.248,744794.571,278826.467,118.2671813,15485.85666,14888.525,12.171,871.331
6/26/2022 5:20,1013.1,43.98,11.074,43.796,439494.79,744745.048,278285.705,120.6753834,15772.59072,15128.333,12.825,915.038
6/26/2022 5:21,1013.1,43.98,11.087,43.79,439513.648,744755.476,278376.867,119.7567583,15724.07667,14943.333,12.287,888.641
6/26/2022 5:22,1013.1,43.98,11.069,43.79,439514.21,744758.39,278444.152,119.7293892,15688.31518,14859.016,12.095,874.273
6/26/2022 5:23,1013.1,43.98,11.024,43.79,439522.076,744735.752,278554.724,119.3463642,15629.63153,14960,12.693,889.376
6/26/2022 5:24,1013.1,43.98,10.993,43.79,439530.419,744736.895,278670.029,118.9402047,15568.54794,14848.333,12.448,872.797
6/26/2022 5:25,1013.1,43.98,11.063,43.79,439499.629,744667.657,278444.038,120.4396161,15688.37574,14903.279,12.535,876.53
6/26/2022 5:26,1013.1,43.98,10.974,43.79,439527.752,744718.086,278765.648,119.070031,15517.97986,14618.333,11.52,832.316
6/26/2022 5:27,1013.1,43.98,10.905,43.793,439537.181,744749.124,278893.324,118.6110822,15450.58104,14783.333,12.294,857.298
6/26/2022 5:28,1013.1,43.98,10.963,43.79,439531.371,744777.79,278726.524,118.8938648,15538.66107,14909.836,12.727,872.697
6/26/2022 5:29,1013.1,43.98,11.062,43.79,439504.029,744746.133,278431.724,120.2252656,15694.91764,15096.667,13.467,900.658
6/26/2022 5:30,1013.1,43.98,11.074,43.79,439510.867,744697.657,278451.429,119.892198,15684.44984,14878.333,12.57,866.648
6/26/2022 5:31,1013.1,43.98,11.022,43.79,439523.924,744684.248,278651.2,119.2563905,15578.51492,14706.667,11.987,846.683
6/26/2022 5:32,1013.11,43.98,11.055,43.79,439517.914,744716.067,278497.4,119.5490171,15660.04186,14881.967,12.61,878.77
6/26/2022 5:33,1013.2,43.98,10.978,43.79,439531.229,744674.61,278764.895,118.9007768,15518.37778,14850,12.497,881.694
6/26/2022 5:34,1013.2,43.98,10.971,43.79,439533.21,744680.124,278759.495,118.8043525,15521.23151,14790,12.176,871.981
6/26/2022 5:35,1013.2,43.98,10.992,43.792,439518.029,744673.181,278613.933,119.5434172,15598.25089,14863.934,12.305,883.128
6/26/2022 5:36,1013.2,43.98,11.075,43.793,439506.276,744691,278397.381,120.1158109,15713.16951,14960,12.636,900.522
6/26/2022 5:37,1013.2,43.98,11.147,43.794,439495.6,744694.048,278248.467,120.6359161,15792.42838,15013.333,12.71,905.805
6/26/2022 5:38,1013.2,43.98,11.129,43.794,439496.562,744690.486,278304.219,120.5890438,15762.73227,15090.164,13.061,916.009
6/26/2022 5:39,1013.2,43.98,11.336,43.793,439456.6,744680.524,277743.029,122.5372109,16062.86787,15228.333,13.349,930.688
6/26/2022 5:40,1013.2,43.98,11.257,43.79,439483.952,744658.41,278074.114,121.203552,15885.46942,14986.667,12.524,891.988
6/26/2022 5:41,1013.2,43.98,11.227,43.79,439495.8,744646.381,278145.095,120.6261712,15847.55985,14947.541,12.341,883.783
6/26/2022 5:42,1013.2,43.98,11.119,43.79,439525.762,744600.457,278474.219,119.1669082,15672.34738,14998.333,12.379,890.091
6/26/2022 5:43,1013.2,43.98,11.053,43.79,439538.143,744637.124,278649.943,118.5642644,15579.18041,14795,11.536,856.116
6/26/2022 5:44,1013.2,43.974,10.978,43.784,439545.848,744597.6,278800.162,118.1893301,15499.74646,14767.213,11.415,856.136
6/26/2022 5:45,1013.2,43.97,11.033,43.78,439527.581,744464.124,278610.705,119.0783554,15599.96095,15015,12.038,897.138
6/26/2022 5:46,1013.2,43.97,10.987,43.777,439545.648,744388.343,278775.59,118.1990613,15512.72655,14798.333,11.28,862.589
6/26/2022 5:47,1013.2,43.969,11.027,43.773,439536.314,744383.571,278640.724,118.6532776,15584.06162,14732.787,11.075,853.982
6/26/2022 5:48,1013.2,43.966,11.047,43.776,439529.848,744366.381,278570.286,118.9679995,15621.38079,14870,11.5,875.317
6/26/2022 5:49,1013.2,43.97,11.093,43.78,439529.876,744380.876,278466.257,118.9666365,15676.57503,14945,11.684,884.173
6/26/2022 5:50,1013.2,43.97,11.125,43.78,439523.286,744449.114,278398.676,119.2874523,15712.48108,14937.705,11.66,878.17
6/26/2022 5:51,1013.2,43.97,11.092,43.78,439528.562,744443.143,278512.2,119.0306002,15652.18777,14803.333,11.223,854.433
6/26/2022 5:52,1013.2,43.97,11.064,43.78,439543.629,744502.705,278597.181,118.2973009,15607.12636,14848.333,11.351,853.812
6/26/2022 5:53,1013.2,43.97,11.012,43.78,439547.457,744504.314,278747.629,118.1110445,15527.50319,14813.115,11.188,841.988
6/26/2022 5:54,1013.2,43.97,11.022,43.78,439536.581,744481.857,278663.143,118.6402831,15572.19264,14878.333,11.42,844.621
6/26/2022 5:55,1013.2,43.97,11.051,43.78,439532.629,744531.162,278608.638,118.8326319,15601.056,14830,11.203,827.882
6/26/2022 5:56,1013.2,43.97,11.008,43.781,439540.133,744532.667,278739.571,118.4674209,15531.76288,14731.148,10.909,807.077
6/26/2022 5:57,1013.2,43.97,10.926,43.78,439557.857,744514.41,279000.038,117.6051197,15394.35539,14553.333,10.301,779.706
6/26/2022 5:58,1013.2,43.97,10.855,43.78,439580.152,744445.914,279205.571,116.5210411,15286.33978,14590,10.503,772.576
6/26/2022 5:59,1013.2,43.97,10.808,43.78,439594.543,744454.867,279319.79,115.8216494,15226.47029,14563.934,10.288,763.819
6/26/2022 6:00,1013.2,43.97,10.834,43.78,439576.143,744437.695,279210.486,116.7159258,15283.76121,14503.333,10.073,747.23
6/26/2022 6:01,1013.2,43.97,10.69,43.78,439591.371,744450.238,279608.848,115.9757819,15075.45773,14385,9.714,732.796
6/26/2022 6:02,1013.2,43.97,10.709,43.78,439597.286,744527.343,279527.038,115.6883737,15118.12482,14288.525,9.298,718.928
6/26/2022 6:03,1013.247,43.97,10.575,43.78,439634.895,744544.876,279907.81,113.8620807,14920.02694,14198.333,9.015,711.23
6/26/2022 6:04,1013.3,43.97,10.61,43.78,439619.457,744490.114,279704.39,114.6115163,15025.70173,14431.667,9.48,738.945
6/26/2022 6:05,1013.3,43.966,10.642,43.772,439618.438,744368.314,279633.429,114.660995,15062.64903,14532.787,9.63,760.417
6/26/2022 6:06,1013.3,43.96,10.742,43.77,439600.733,744303.819,279332.981,115.520907,15219.56327,14685,9.94,790.349
6/26/2022 6:07,1013.3,43.96,10.82,43.77,439583.257,744240.295,279136.562,116.3701165,15322.56619,14661.667,9.874,797.279
6/26/2022 6:08,1013.3,43.96,10.776,43.77,439601.81,744271.771,279348.438,115.4685861,15211.47164,14480.328,9.338,776.256
6/26/2022 6:09,1013.3,43.96,10.78,43.77,439606.067,744260.076,279257.905,115.2617955,15258.89426,14675,9.851,814.1
6/26/2022 6:10,1013.3,43.96,10.793,43.77,439605.276,744311.943,279259.048,115.3002177,15258.29509,14570,9.608,804.663
6/26/2022 6:11,1013.3,43.96,10.813,43.77,439593.019,744299.295,279173.629,115.8957012,15303.10271,14537.705,9.471,804.455
6/26/2022 6:12,1013.338,43.96,10.69,43.77,439611.552,744268.086,279564.429,114.9953894,15098.61682,14285,8.751,770.515
6/26/2022 6:13,1013.4,43.96,10.624,43.771,439628.39,744336.257,279663.305,114.1778254,15047.0882,14405,9.04,792.375
6/26/2022 6:14,1013.4,43.96,10.637,43.78,439628.571,744392.114,279581.286,114.1690391,15089.82595,14413.115,9.047,796.352
6/26/2022 6:15,1013.4,43.965,10.718,43.78,439605.257,744411.514,279319.819,115.3011407,15226.4551,14648.333,9.607,832.228
6/26/2022 6:16,1013.4,43.97,10.807,43.78,439583.876,744463.705,279074.8,116.3400304,15355.023,14753.333,9.804,842.211
6/26/2022 6:17,1013.4,43.97,10.897,43.78,439576.79,744521.114,278883.495,116.6844725,15455.76468,14652.459,9.57,823.802
6/26/2022 6:18,1013.4,43.97,10.856,43.787,439593.019,744543.257,279020.486,115.8957012,15383.59289,14666.667,9.568,819.739
6/26/2022 6:19,1013.4,43.975,10.783,43.79,439605.057,744627.238,279274.095,115.3108557,15250.4085,14421.667,8.999,781.723
6/26/2022 6:20,1013.4,43.97,10.683,43.785,439615.333,744576.867,279506.381,114.8117704,15128.90735,14476.667,9.124,787.602
6/26/2022 6:21,1013.4,43.97,10.763,43.78,439608.714,744486.924,279262.933,115.1332258,15256.25866,14526.23,9.141,789.301
6/26/2022 6:22,1013.4,43.97,10.776,43.78,439602.752,744393.314,279250.714,115.4228248,15262.66404,14601.667,9.347,795.941
6/26/2022 6:23,1013.4,43.97,10.763,43.78,439607.686,744428.219,279356.429,115.1831565,15207.28921,14313.333,8.678,758.755
6/26/2022 6:24,1013.4,43.97,10.619,43.78,439637.705,744509.648,279713.448,113.7257046,15020.98861,14383.607,8.967,763.971
6/26/2022 6:25,1013.4,43.97,10.619,43.789,439633.286,744542.324,279666.829,113.9401742,15045.25324,14395,9.027,759.812
6/26/2022 6:26,1013.4,43.97,10.506,43.79,439641.867,744572.21,280005.314,113.5237326,14869.50069,14068.333,8.214,715.032
6/26/2022 6:27,1013.4,43.97,10.37,43.781,439670.181,744534.181,280357.905,112.1503486,14687.47162,13993.443,8.189,702.719
6/26/2022 6:28,1013.4,43.97,10.287,43.78,439674.086,744459.59,280555.571,111.9610207,14585.89201,13971.667,8.247,694.457
6/26/2022 6:29,1013.4,43.963,10.231,43.775,439674.229,744408.714,280665.648,111.9540879,14529.46964,13890,8.129,681.123
6/26/2022 6:30,1013.4,43.96,10.176,43.774,439684.352,744407.857,280821.257,111.4633886,14449.88662,13886.885,8.354,673.26
6/26/2022 6:31,1013.4,43.967,10.136,43.78,439684.743,744462.114,280872.181,111.4444382,14423.88781,13831.667,8.304,662.44
6/26/2022 6:32,1013.4,43.97,10.146,43.782,439676.2,744548.914,280823.038,111.8585353,14448.97697,13850,8.475,657.445
6/26/2022 6:33,1013.4,43.97,10.111,43.783,439684.971,744577.2,280922.657,111.433388,14398.13974,13808.197,8.287,647.663
6/26/2022 6:34,1013.4,43.97,10.108,43.79,439685.867,744642.61,280904.61,111.389963,14407.34309,13755,8.224,637.588
6/26/2022 6:35,1013.4,43.97,10.062,43.79,439694.905,744630.743,281055.61,110.9519946,14330.42457,13680,8.122,626.359
6/26/2022 6:36,1013.4,43.972,10.03,43.79,439702.81,744652.048,281116.514,110.5690212,14299.45593,13732.787,8.386,622.118
6/26/2022 6:37,1013.4,43.98,9.979,43.79,439721.152,744693.895,281275.838,109.6807353,14218.59326,13596.667,7.879,609.873
6/26/2022 6:38,1013.4,43.972,10.02,43.788,439701.381,744651.705,281097.495,110.6382456,14309.12334,13736.667,8.527,609.557
6/26/2022 6:39,1013.4,43.97,9.946,43.78,439718.962,744592.695,281363.695,109.7867708,14174.09605,13593.443,8.081,595.441
6/26/2022 6:40,1013.4,43.97,9.971,43.78,439704.752,744519.638,281262.781,110.4749502,14225.21195,13800,8.953,600.163
6/26/2022 6:41,1013.4,43.97,10.057,43.78,439678.419,744464.771,281030.286,111.7509661,14343.31079,13710,8.67,590.128
6/26/2022 6:42,1013.4,43.97,9.982,43.78,439693.6,744444.133,281291.79,111.0152261,14210.50907,13626.23,8.39,579.633
6/26/2022 6:43,1013.4,43.97,9.934,43.78,439696.095,744461.781,281402.105,110.8943372,14154.66327,13610,8.482,571.785
6/26/2022 6:44,1013.4,43.97,9.874,43.78,439705.914,744516.124,281548.99,110.4186651,14080.46676,13518.333,7.997,563.387
6/26/2022 6:45,1013.4,43.97,9.825,43.782,439716.324,744621.124,281662.352,109.9145063,14023.33068,13468.852,7.936,556.132
6/26/2022 6:46,1013.4,43.97,9.873,43.789,439698.352,744656.857,281481.876,110.7849874,14114.34526,13703.333,8.933,559.396
6/26/2022 6:47,1013.4,43.97,9.9,43.79,439692.038,744633.143,281446.6,111.0909132,14132.16777,13606.667,8.517,552.701
6/26/2022 6:48,1013.4,43.97,9.821,43.788,439715.41,744644.333,281676.638,109.9587656,14016.13817,13462.295,7.973,545.535
6/26/2022 6:49,1013.4,43.97,9.812,43.782,439713.286,744611.543,281679.286,110.061622,14014.80519,13563.333,8.459,544.48
6/26/2022 6:50,1013.4,43.97,9.783,43.78,439719.562,744591.933,281744.695,109.7577193,13981.89792,13536.667,8.327,541.476
6/26/2022 6:51,1013.4,43.97,9.813,43.78,439713.676,744553.124,281654.981,110.0427355,14027.04241,13513.115,8.345,537.089
6/26/2022 6:52,1013.4,43.97,9.795,43.78,439721.257,744557.829,281724.01,109.6756515,13992.30057,13473.333,8.13,533.268
6/26/2022 6:53,1013.4,43.97,9.845,43.78,439701.245,744547.333,281558.5,110.644834,14075.66933,13520,8.373,531.825
6/26/2022 6:54,1013.4,43.97,9.796,43.78,439711.305,744537.362,281728.895,110.1575592,13989.84353,13488.525,8.324,528.262
6/26/2022 6:55,1013.4,43.97,9.83,43.782,439696.524,744570.848,281596.133,110.873552,14056.69258,13643.333,9.059,529.539
6/26/2022 6:56,1013.4,43.977,9.797,43.789,439708.21,744660.229,281725.705,110.3074565,13991.448,13425,8.02,522.95
6/26/2022 6:57,1013.4,43.98,9.791,43.79,439700.771,744678.552,281696.019,110.6677964,14006.38332,13501.639,8.4,522.699
6/26/2022 6:58,1013.4,43.98,9.753,43.79,439717.771,744674.486,281821.048,109.8444394,13943.53127,13491.667,8.434,520.718
6/26/2022 6:59,1013.4,43.979,9.711,43.786,439729.086,744605.019,281923.524,109.2966414,13892.11687,13358.333,7.898,515.888
6/26/2022 7:00,1013.4,43.97,9.662,43.78,439744.886,744554.457,282042.038,108.5320016,13832.76847,13440.984,8.204,516.16
6/26/2022 7:01,1013.4,43.97,9.681,43.78,439740.686,744531.952,281972.248,108.735227,13867.70267,13495,8.517,515.813
6/26/2022 7:02,1013.4,43.97,9.717,43.78,439728.095,744505.362,281872.657,109.3446121,13917.62664,13483.333,8.399,514.888
6/26/2022 7:03,1013.4,43.97,9.769,43.78,439709.467,744548.638,281716.924,110.2465758,13995.86502,13665.574,9.297,516.454
6/26/2022 7:04,1013.4,43.97,9.899,43.78,439673.39,744570.905,281368.257,111.9947637,14171.78734,13770,9.689,517.554
6/26/2022 7:05,1013.4,43.97,9.928,43.788,439671.857,744574.21,281333.867,112.0690878,14189.19569,13705,9.407,515.439
6/26/2022 7:06,1013.4,43.97,9.948,43.786,439675.01,744625.724,281297.505,111.916225,14207.61334,13738.333,9.567,515.916
6/26/2022 7:07,1013.4,43.973,9.965,43.79,439670.467,744631.914,281294.781,112.1364817,14208.99353,13729.508,9.48,515.658
6/26/2022 7:08,1013.4,43.98,9.978,43.79,439663.657,744649.505,281238.019,112.4667013,14237.76801,13741.667,9.594,515.465
6/26/2022 7:09,1013.4,43.98,10.03,43.79,439665.01,744732.333,281113.724,112.4010887,14300.8739,13750,9.546,514.801
6/26/2022 7:10,1013.4,43.98,10.02,43.79,439666.629,744683.686,281142.171,112.32258,14286.41933,13767.213,9.561,514.125
6/26/2022 7:11,1013.4,43.977,10.072,43.785,439659.829,744634.352,281030.381,112.6523504,14343.26244,13823.333,9.713,514.539
6/26/2022 7:12,1013.4,43.97,10.076,43.78,439657.933,744487.524,281052.543,112.7443093,14331.98493,13930,10.1,517.002
6/26/2022 7:13,1013.4,43.97,10.183,43.78,439635.4,744518.124,280743.848,113.837571,14489.44983,14062.295,10.263,518.704
6/26/2022 7:14,1013.4,43.97,10.181,43.78,439643.438,744513.352,280811.714,113.4475018,14454.7612,14003.333,9.876,517.856
6/26/2022 7:15,1013.4,43.97,10.096,43.781,439670.286,744542.6,281087.333,112.1452576,14314.28999,13828.333,9.278,516.183
6/26/2022 7:16,1013.402,43.97,10.115,43.786,439651.181,744609.238,280926.676,113.0718318,14396.09057,13967.213,9.669,520.916
6/26/2022 7:17,1013.5,43.975,10.107,43.79,439658.248,744607.724,280991.095,112.729031,14363.26415,13786.667,8.966,517.559
6/26/2022 7:18,1013.5,43.98,10.097,43.79,439666.4,744714.829,280986.086,112.3336845,14365.81534,13910,9.403,525.742
6/26/2022 7:19,1013.5,43.98,10.161,43.79,439642.581,744716.743,280767.629,113.4890862,14477.29004,14159.016,10.539,544.954
6/26/2022 7:20,1013.5,43.98,10.324,43.79,439597.781,744669.981,280317.867,115.664324,14708.08787,14256.667,11.155,564.836
6/26/2022 7:21,1013.5,43.98,10.285,43.79,439617.486,744692.19,280533.362,114.7072216,14597.28836,14041.667,10.217,557.596
6/26/2022 7:22,1013.5,43.98,10.303,43.785,439604.514,744650.552,280427.41,115.3372321,14651.71503,14218.033,10.905,584.305
6/26/2022 7:23,1013.5,43.98,10.298,43.79,439607.067,744673.771,280459.743,115.2132225,14635.0956,14083.333,10.335,580.364
6/26/2022 7:24,1013.5,43.98,10.255,43.79,439615.257,744715.352,280529.476,114.815461,14599.28286,14018.333,10.078,587.881
6/26/2022 7:25,1013.5,43.98,10.249,43.79,439623.8,744716.676,280529.21,114.4006531,14599.41939,14018.033,10.081,597.038
6/26/2022 7:26,1013.5,43.98,10.318,43.79,439607.314,744704.162,280312.305,115.2012252,14710.95293,14226.667,11.173,634.239
6/26/2022 7:27,1013.5,43.977,10.34,43.783,439610.219,744607.629,280307.59,115.0601294,14713.3819,14105,10.618,626.032
6/26/2022 7:28,1013.5,43.97,10.363,43.78,439586.067,744531.905,280221.8,116.2335423,14757.61066,14214.754,11.327,655.081
6/26/2022 7:29,1013.5,43.97,10.326,43.78,439595.133,744538.562,280354.305,115.7929818,14689.32475,14168.333,11.239,657.709
6/26/2022 7:30,1013.5,43.97,10.388,43.787,439575.314,744553.152,280117.571,116.7562278,14811.43074,14200,11.398,666.292
6/26/2022 7:31,1013.5,43.978,10.387,43.79,439585.238,744635.762,280141.924,116.273833,14798.84737,14336.066,12.039,690.522
6/26/2022 7:32,1013.5,43.98,10.426,43.79,439578.971,744704.438,280051.114,116.5784494,14845.79551,14141.667,11.07,667.403
6/26/2022 7:33,1013.5,43.98,10.316,43.79,439605.819,744739.076,280372.371,115.2738419,14680.02621,14080,10.856,666.357
6/26/2022 7:34,1013.5,43.98,10.386,43.79,439583.838,744729.114,280096.095,116.3418773,14822.53178,14267.213,11.634,694.4
6/26/2022 7:35,1013.5,43.98,10.374,43.79,439587.438,744781.171,280162.143,116.1669117,14788.40394,14211.667,11.4,691.487
6/26/2022 7:36,1013.5,43.98,10.444,43.79,439567.676,744789.619,279947.733,117.1275941,14899.32909,14295,11.788,707.706
6/26/2022 7:37,1013.5,43.98,10.491,43.79,439559.59,744720.162,279830.99,117.5208295,14959.89239,14280.328,11.559,709.909
6/26/2022 7:38,1013.5,43.98,10.523,43.79,439554.619,744698.114,279771.219,117.7626216,14990.94544,14261.667,11.423,709.336
6/26/2022 7:39,1013.5,43.977,10.492,43.783,439565.705,744546.286,279879.895,117.2234389,14934.50746,14243.333,11.321,716.337
6/26/2022 7:40,1013.561,43.97,10.578,43.78,439556.305,744571.905,279619.457,117.6806099,15069.92894,14395.082,11.769,744.472
6/26/2022 7:41,1013.6,43.97,10.527,43.781,439575.39,744537.381,279837.486,116.752533,14956.51935,14310,11.381,739.838
6/26/2022 7:42,1013.6,43.97,10.563,43.782,439573.524,744574.676,279671.943,116.843252,15042.59055,14520,11.972,788.658
6/26/2022 7:43,1013.6,43.97,10.673,43.781,439550.99,744544.457,279338.81,117.9391594,15216.51159,14613.115,12.02,811.253
6/26/2022 7:44,1013.6,43.976,10.652,43.789,439563.829,744607.162,279443.219,117.3146689,15161.89937,14396.667,11.109,779.558
6/26/2022 7:45,1013.6,43.98,10.619,43.79,439576.381,744657.086,279533.752,116.7043556,15114.62104,14640,11.744,823.894
6/26/2022 7:46,1013.6,43.98,10.78,43.788,439537.676,744619.971,279016.476,118.5869918,15385.70321,14737.705,11.784,839.062
6/26/2022 7:47,1013.6,43.973,10.746,43.78,439559.486,744582.333,279273.086,117.5258878,15250.93729,14346.667,10.428,774.175
6/26/2022 7:48,1013.6,43.97,10.698,43.78,439571.362,744508.467,279386.076,116.9483676,15191.777,14495,10.767,795.906
6/26/2022 7:49,1013.6,43.97,10.714,43.78,439570.762,744485.114,279326.667,116.9775405,15222.86919,14547.541,10.767,800.563
6/26/2022 7:50,1013.6,43.97,10.754,43.78,439571.2,744458.59,279235.438,116.9562442,15270.67374,14540,10.568,792.663
6/26/2022 7:51,1013.61,43.97,10.769,43.78,439573.276,744441.057,279205.143,116.8553094,15286.56434,14625,10.698,798.406
6/26/2022 7:52,1013.7,43.97,10.786,43.78,439573.229,744461.086,279207.714,116.8575944,15285.21547,14514.754,10.194,772.804
6/26/2022 7:53,1013.7,43.97,10.68,43.78,439591.219,744393.371,279502.848,115.9831681,15130.75187,14538.333,10.095,769.35
6/26/2022 7:54,1013.7,43.97,10.696,43.78,439597.629,744468.638,279420.2,115.6717089,15173.93165,14495,9.869,762.192
6/26/2022 7:55,1013.7,43.97,10.656,43.78,439611.133,744470.486,279580.333,115.0157388,15090.32287,14350.82,9.342,738.792
6/26/2022 7:56,1013.7,43.97,10.618,43.78,439612.648,744441.21,279681.562,114.9421617,15037.58287,14276.667,8.971,722.442
6/26/2022 7:57,1013.7,43.968,10.546,43.779,439634.095,744433.552,279872.095,113.9009086,14938.55479,14261.667,8.873,719.373
6/26/2022 7:58,1013.7,43.96,10.584,43.78,439630.752,744416.057,279713.505,114.0631701,15020.95896,14513.333,9.37,748.954
6/26/2022 7:59,1013.7,43.96,10.698,43.778,439609.905,744374.524,279393.762,115.0753798,15187.75669,14614.754,9.477,759.415
6/26/2022 8:00,1013.7,43.96,10.728,43.779,439610.095,744380.038,279374.971,115.0661518,15197.58659,14625,9.479,760.87
6/26/2022 8:01,1013.7,43.97,10.813,43.78,439595.838,744479.676,279110.914,115.7587272,15336.0406,14738.333,9.751,774.499
6/26/2022 8:02,1013.7,43.97,10.798,43.78,439603.61,744533.781,279209.476,115.3811452,15284.29107,14537.705,9.125,744.972
6/26/2022 8:03,1013.7,43.97,10.781,43.78,439611.876,744565.324,279240.352,114.979654,15268.09695,14635,9.42,757.674
6/26/2022 8:04,1013.7,43.97,10.813,43.78,439599.505,744522.2,279152.962,115.5805655,15313.95327,14611.667,9.337,753.364
6/26/2022 8:05,1013.7,43.97,10.802,43.78,439599.352,744475.352,279209.2,115.5879986,15284.43587,14591.803,9.241,747.629
6/26/2022 8:06,1013.7,43.97,10.777,43.78,439606.448,744420.695,279279.895,115.2432891,15247.36906,14553.333,9.099,740.062
6/26/2022 8:07,1013.7,43.961,10.774,43.77,439605.124,744343.276,279323.79,115.3076011,15224.37567,14488.333,8.911,726.676
6/26/2022 8:08,1013.7,43.96,10.743,43.77,439613.933,744298.876,279411.571,114.8797572,15178.44329,14593.443,9.237,738.618
6/26/2022 8:09,1013.7,43.96,10.878,43.774,439585.505,744339.305,278990.686,116.2608563,15399.27887,14746.667,9.611,753.127
6/26/2022 8:10,1013.762,43.967,10.831,43.78,439594.029,744478.152,279205.657,115.8466245,15286.29466,14576.667,9.119,729.714
6/26/2022 8:11,1013.8,43.971,10.75,43.788,439609.933,744635.543,279394.295,115.0740199,15187.47791,14511.475,8.925,718.591
6/26/2022 8:12,1013.8,43.98,10.798,43.79,439600.79,744720.095,279161.943,115.5181379,15309.23763,14763.333,9.685,747.289
6/26/2022 8:13,1013.8,43.98,10.836,43.792,439599.933,744769.429,279145.638,115.5597722,15317.79939,14633.333,9.214,725.883
6/26/2022 8:14,1013.8,43.98,10.858,43.79,439594.867,744743.876,279054.133,115.8059065,15365.89113,14724.59,9.482,736.94
6/26/2022 8:15,1013.8,43.98,10.831,43.785,439599.362,744599.495,279193.362,115.5875128,15292.74594,14680,9.386,730.511
6/26/2022 8:16,1013.8,43.971,10.824,43.78,439607.829,744607.724,279201.219,115.1762108,15288.62316,14655,9.328,727.198
6/26/2022 8:17,1013.8,43.97,10.966,43.781,439568.581,744581.648,278767.429,117.0835881,15517.03873,14801.639,9.827,747.2
6/26/2022 8:18,1013.8,43.97,10.838,43.784,439603.867,744602.162,279246.324,115.3686609,15264.96565,14533.333,9.017,712.347
6/26/2022 8:19,1013.8,43.97,10.825,43.786,439600.924,744598.676,279200.276,115.5116281,15289.11795,14701.667,9.544,734.547
6/26/2022 8:20,1013.8,43.97,10.943,43.787,439570.2,744572.581,278849.486,117.0048662,15473.70686,14695.082,9.533,732.941
6/26/2022 8:21,1013.8,43.97,10.85,43.783,439585.371,744578.41,279174.048,116.267369,15302.88276,14661.667,9.45,727.228
6/26/2022 8:22,1013.8,43.97,10.911,43.783,439568.733,744569.924,278932.4,117.0761971,15429.98125,14826.667,10.055,748.383
6/26/2022 8:23,1013.8,43.97,10.934,43.783,439568.486,744600.248,278951.333,117.0882075,15420.00501,14690.164,9.662,727.475
6/26/2022 8:24,1013.8,43.97,10.853,43.79,439592.914,744607.381,279185.876,115.9008033,15296.67454,14598.333,9.325,713.541
6/26/2022 8:25,1013.8,43.97,10.856,43.79,439587.495,744605.486,279151.819,116.1641415,15314.55347,14625,9.498,712.94
6/26/2022 8:26,1013.8,43.97,10.845,43.79,439601.533,744633.676,279193.248,115.4820427,15292.80576,14567.213,9.316,699.938
6/26/2022 8:27,1013.8,43.97,10.797,43.784,439612.619,744614.486,279336.143,114.9435701,15217.90782,14480,9.138,682.625
6/26/2022 8:28,1013.8,43.97,10.757,43.78,439607.076,744571.99,279448.514,115.2127854,15159.13227,14520,9.285,676.898
6/26/2022 8:29,1013.8,43.97,10.706,43.78,439627.562,744520.79,279610.448,114.2180196,15074.62384,14409.836,8.987,660.083
6/26/2022 8:30,1013.8,43.97,10.752,43.78,439607.4,744479.724,279419.514,115.197048,15174.29029,14738.333,10.282,689.475
6/26/2022 8:31,1013.8,43.97,10.821,43.78,439588.876,744507.962,279252.562,116.0970275,15261.69521,14663.333,9.965,677.551
6/26/2022 8:32,1013.8,43.97,10.765,43.78,439604.4,744537,279462.924,115.3427698,15151.60299,14463.934,9.124,654.895
6/26/2022 8:33,1013.8,43.97,10.749,43.78,439606.171,744539.333,279478.886,115.2567439,15143.26486,14521.667,9.338,660.014
6/26/2022 8:34,1013.8,43.97,10.765,43.78,439601.81,744565.029,279409.743,115.4685861,15179.39913,14585,9.552,667.119
6/26/2022 8:35,1013.8,43.97,10.782,43.78,439595.343,744525.667,279355.4,115.7827783,15207.82775,14578.689,9.484,667.168
6/26/2022 8:36,1013.8,43.97,10.851,43.78,439585.038,744513.505,279143.419,116.2835535,15318.96476,14768.333,10.208,696.944
6/26/2022 8:37,1013.8,43.97,10.92,43.78,439570.343,744445.857,279001.371,116.9979132,15393.65368,14820,10.451,711.931
6/26/2022 8:38,1013.8,43.97,10.948,43.78,439571.752,744450.752,278977.019,116.9294055,15406.47539,14596.721,9.609,684.017
6/26/2022 8:39,1013.8,43.97,10.838,43.78,439609.81,744472.41,279295.448,115.0799938,15239.22008,14603.333,9.674,689.258
6/26/2022 8:40,1013.8,43.97,10.85,43.78,439598.962,744484.133,279206,115.606946,15286.11471,14668.333,9.793,696.86
6/26/2022 8:41,1013.8,43.97,10.856,43.78,439603.286,744532.333,279207.419,115.3968842,15285.37024,14547.541,9.298,680.055
6/26/2022 8:42,1013.8,43.97,10.823,43.78,439602.219,744585.819,279273.914,115.4487172,15250.50336,14608.333,9.54,689.751
6/26/2022 8:43,1013.8,43.97,10.836,43.78,439597.933,744553.419,279239.971,115.6569391,15268.29673,14446.667,8.939,666.9
6/26/2022 8:44,1013.8,43.97,10.791,43.78,439603.81,744575.724,279367.181,115.3714298,15201.66256,14588.525,9.424,686.013
6/26/2022 8:45,1013.8,43.97,10.787,43.781,439607,744572.552,279367.19,115.2164769,15201.65785,14471.667,8.955,669.247
6/26/2022 8:46,1013.8,43.97,10.714,43.781,439626.276,744587.781,279573.648,114.2804487,15093.80884,14593.333,9.374,683.875
6/26/2022 8:47,1013.8,43.97,10.748,43.783,439617.771,744556.238,279455.543,114.6933826,15155.45936,14485.246,8.947,668.886
6/26/2022 8:48,1013.8,43.97,10.675,43.783,439632.524,744600.59,279646,113.9771594,15056.10052,14431.667,8.706,661.022
6/26/2022 8:49,1013.8,43.97,10.733,43.78,439617.114,744536.781,279455.724,114.7252853,15155.36479,14593.333,9.215,683.012
6/26/2022 8:50,1013.8,43.97,10.793,43.78,439601.676,744475.086,279314.733,115.4750958,15229.11861,14565,9.105,681.207
6/26/2022 8:51,1013.8,43.97,10.703,43.777,439621.295,744404.686,279626.914,114.5222738,15066.04337,14349.18,8.308,651.061
6/26/2022 8:52,1013.8,43.96,10.66,43.77,439628.429,744362.705,279681.638,114.1759322,15037.54331,14440,8.513,663.644
6/26/2022 8:53,1013.8,43.96,10.697,43.77,439626.676,744303.057,279585,114.2610304,15087.88944,14510,8.662,671.551
6/26/2022 8:54,1013.8,43.96,10.821,43.77,439598.657,744244.333,279223.086,115.621764,15277.15177,14542.623,8.704,672.457
6/26/2022 8:55,1013.831,43.96,10.684,43.77,439634.476,744313,279691.657,113.8824167,15032.32824,14396.667,8.229,651.627
6/26/2022 8:56,1013.9,43.962,10.742,43.779,439628.057,744437.038,279473.057,114.1939903,15146.30952,14521.667,8.568,666.825
6/26/2022 8:57,1013.9,43.97,10.71,43.786,439637.743,744593.467,279555.01,113.7238605,15103.52986,14463.934,8.379,658.119
6/26/2022 8:58,1013.9,43.974,10.678,43.79,439637.705,744673.562,279636.476,113.7257046,15061.06166,14493.333,8.372,651.278
6/26/2022 8:59,1013.9,43.98,10.623,43.79,439642.048,744722.743,279741.752,113.5149496,15006.26584,14435,8.178,640.693
6/26/2022 9:00,1013.9,43.98,10.624,43.79,439650.848,744736.676,279747.352,113.0879864,15003.35373,14352.459,7.877,627.379
6/26/2022 9:01,1013.9,43.98,10.584,43.79,439659.676,744768.752,279892.695,112.6597709,14927.8668,14251.667,7.507,612.151
6/26/2022 9:02,1013.9,43.98,10.602,43.79,439650.533,744771.733,279797.99,113.1032679,14977.0332,14390,7.968,625.181
6/26/2022 9:03,1013.9,43.98,10.549,43.79,439657.324,744773.705,279951.39,112.7738478,14897.43383,14342.623,7.734,618.812
6/26/2022 9:04,1013.9,43.98,10.613,43.79,439638.838,744742.181,279717.524,113.6707205,15018.86799,14485,8.243,635.053
6/26/2022 9:05,1013.9,43.98,10.635,43.786,439642.429,744653.476,279703.267,113.4964619,15026.28611,14380,7.81,619.161
6/26/2022 9:06,1013.9,43.971,10.64,43.78,439644.895,744591.181,279710.552,113.3768057,15022.4954,14401.639,7.886,621.452
6/26/2022 9:07,1013.9,43.97,10.576,43.78,439655.095,744502.295,279940.105,112.881966,14903.28272,14206.667,7.2,595.321
6/26/2022 9:08,1013.9,43.97,10.61,43.78,439646.933,744448.648,279772.19,113.2779235,14990.44072,14435,7.924,620.6
6/26/2022 9:09,1013.9,43.97,10.652,43.78,439645.457,744438.171,279700.229,113.3495373,15027.86704,14406.557,7.857,617.277
6/26/2022 9:10,1013.9,43.97,10.62,43.78,439655.8,744455.305,279818.352,112.847769,14966.4557,14283.333,7.387,599.924
6/26/2022 9:11,1013.9,43.97,10.539,43.78,439664.857,744470.019,280050.267,112.4085082,14846.23373,14248.333,7.266,594.83
6/26/2022 9:12,1013.9,43.97,10.515,43.78,439678.81,744494.324,280082.295,111.7320126,14829.66715,14259.016,7.25,592.507
6/26/2022 9:13,1013.9,43.97,10.526,43.78,439665.057,744483.324,280017.714,112.3988096,14863.08091,14263.333,7.304,592.768
6/26/2022 9:14,1013.9,43.97,10.524,43.78,439668.514,744475.629,280037.619,112.2311769,14852.77838,14303.333,7.453,595.293
6/26/2022 9:15,1013.9,43.963,10.549,43.771,439653.333,744375.286,279965.81,112.967437,14889.96168,14303.279,7.347,590.43
6/26/2022 9:16,1013.9,43.96,10.52,43.769,439668.524,744246.629,280077.429,112.2306921,14832.18354,14250,7.069,580.705
6/26/2022 9:17,1013.9,43.955,10.552,43.76,439653.295,744138.229,279981.952,112.9692803,14881.59936,14286.667,7.221,584.27
6/26/2022 9:18,1013.9,43.95,10.549,43.764,439645.114,744152.371,279993.857,113.3661798,14875.43343,14383.607,7.656,597.83
6/26/2022 9:19,1013.9,43.956,10.639,43.77,439629.495,744219.971,279721.771,114.124186,15016.65856,14400,7.664,598.865
6/26/2022 9:20,1013.965,43.96,10.609,43.776,439635.181,744328.057,279831.638,113.8481999,14959.5559,14401.667,7.72,601.983
6/26/2022 9:21,1014,43.966,10.602,43.78,439649.39,744489.286,279847.771,113.1587191,14951.17962,14319.672,7.352,590.256
6/26/2022 9:22,1014,43.97,10.541,43.789,439650.905,744493.533,280013.448,113.0852212,14865.28938,14300,7.255,588.699
6/26/2022 9:23,1014,43.97,10.526,43.781,439658.543,744571.762,280014.162,112.7147228,14864.91973,14330,7.351,594.641
6/26/2022 9:24,1014,43.97,10.526,43.78,439655.124,744490.267,280011.114,112.8805593,14866.49773,14308.197,7.226,593.962
6/26/2022 9:25,1014,43.968,10.529,43.774,439657.286,744390.2,280025.781,112.775691,14858.90514,14286.667,7.147,594.523
6/26/2022 9:26,1014,43.96,10.51,43.77,439672.6,744344.676,280090.829,112.0330647,14825.2544,14185,6.678,579.444
6/26/2022 9:27,1014,43.96,10.429,43.77,439695.019,744285.457,280319.038,110.9464711,14707.48471,14144.262,6.516,575.737
6/26/2022 9:28,1014,43.96,10.406,43.764,439695.476,744292.714,280333.39,110.9243285,14700.09318,14173.333,6.642,583.088
6/26/2022 9:29,1014,43.96,10.442,43.77,439686.181,744244.781,280207.905,111.3747452,14764.78014,14180,6.701,587.859
6/26/2022 9:30,1014,43.96,10.388,43.763,439701,744271.248,280412.038,110.6567027,14659.61952,14160.656,6.628,585.652
6/26/2022 9:31,1014,43.96,10.441,43.766,439686.038,744232.048,280192.981,111.3816756,14772.4824,14311.667,7.246,612.29
6/26/2022 9:32,1014,43.96,10.471,43.77,439677.257,744260.181,280139.981,111.8072949,14799.85114,14166.667,6.63,587.061
6/26/2022 9:33,1014,43.96,10.388,43.77,439691.448,744298.486,280377.2,111.1195027,14677.54121,14173.77,6.715,590.951
6/26/2022 9:34,1014,43.96,10.406,43.77,439683.448,744312.248,280305.99,111.5072032,14714.2062,14151.667,6.641,588.382
6/26/2022 9:35,1014,43.96,10.358,43.77,439695.076,744314.562,280435.857,110.9437093,14647.37233,14113.333,6.435,581.29
6/26/2022 9:36,1014,43.96,10.359,43.77,439689.39,744255.638,280406.6,111.2192303,14662.4163,14160.656,6.607,591.486
6/26/2022 9:37,1014,43.96,10.363,43.771,439696.657,744319.714,280382.762,110.8671081,14674.67925,14143.333,6.49,589.088
6/26/2022 9:38,1014,43.963,10.355,43.78,439699.933,744441.676,280385.362,110.7083933,14673.3415,14123.333,6.379,586.831
6/26/2022 9:39,1014,43.97,10.379,43.78,439689.514,744425.524,280291,111.2132213,14721.92989,14200,6.562,598.132
6/26/2022 9:40,1014,43.967,10.385,43.776,439689.771,744412.648,280304.371,111.2007671,14715.0403,14110,6.269,585.774
6/26/2022 9:41,1014,43.96,10.381,43.77,439693.457,744359.895,280342.505,111.0221551,14695.39971,14151.667,6.413,592.96
6/26/2022 9:42,1014,43.96,10.336,43.77,439705.124,744233.086,280490.638,110.456931,14619.22371,14091.803,6.233,585.199
6/26/2022 9:43,1014,43.96,10.339,43.769,439713.476,744226.819,280463.819,110.0524209,14633.00114,14100,5.943,574.892
6/26/2022 9:44,1014,43.96,10.319,43.765,439722.076,744182.19,280553.295,109.635999,14587.05973,14041.667,5.616,561.446
6/26/2022 9:45,1014,43.96,10.232,43.769,439747.533,744245.79,280801.848,108.4039336,14459.80159,13911.667,5.34,548.309
6/26/2022 9:46,1014,43.96,10.189,43.771,439749.419,744312.981,280870.552,108.3126903,14424.71914,13929.508,5.373,549.195
6/26/2022 9:47,1014,43.96,10.167,43.776,439750.4,744395.086,280896.6,108.2652322,14411.42882,13911.667,5.35,547.799
6/26/2022 9:48,1014,43.968,10.151,43.78,439760.905,744486.695,280912.552,107.7571113,14403.2926,13910,5.37,547.187
6/26/2022 9:49,1014,43.97,10.157,43.78,439756.038,744429.752,280879.81,107.9925066,14419.99482,13973.77,5.391,550.233
6/26/2022 9:50,1014,43.962,10.181,43.776,439743.095,744381.19,280819.629,108.6186598,14450.71815,13930,5.379,547.857
6/26/2022 9:51,1014,43.96,10.137,43.77,439752.267,744320.867,280951.371,108.1749155,14383.50235,13920,5.353,547.152
6/26/2022 9:52,1014,43.96,10.161,43.77,439744.914,744351.695,280860.848,108.5306468,14429.67185,13955.738,5.451,552.433
6/26/2022 9:53,1014,43.96,10.187,43.77,439750.448,744347.476,280802.876,108.2629102,14459.27636,13923.333,5.175,541.928
6/26/2022 9:54,1014,43.96,10.12,43.778,439775.943,744431.514,281040.724,107.029994,14337.9987,13798.333,4.506,514.952
6/26/2022 9:55,1014,43.969,10.102,43.78,439773.686,744470.21,281025.133,107.1391048,14345.93359,13903.279,5.099,536.696
6/26/2022 9:56,1014,43.97,10.12,43.78,439767.286,744481.943,280972.676,107.4485395,14372.6464,13848.333,4.735,522.187
6/26/2022 9:57,1014,43.967,10.078,43.776,439770.752,744412.562,281119.838,107.2809543,14297.76665,13788.333,4.431,511.215
6/26/2022 9:58,1014,43.96,10.03,43.77,439782,744372.457,281239.648,106.7372132,14236.94183,13795.082,4.496,514.584
6/26/2022 9:59,1014,43.96,10.035,43.77,439787.186,744383.01,281208.167,106.4865742,14252.91206,13828.333,4.218,504.425
6/26/2022 10:00,1014,43.96,10.051,43.771,439787.257,744449.495,281164.152,106.4831431,14275.25505,13846.667,4.151,501.305
6/26/2022 10:01,1014,43.96,10.024,43.77,439811.4,744448.714,281268.695,105.3167996,14222.21392,13765.574,3.979,495.727
6/26/2022 10:02,1014,43.967,9.991,43.779,439815.171,744474.724,281354.695,105.1346952,14178.65126,13698.333,3.801,489.356
6/26/2022 10:03,1014,43.97,9.954,43.779,439813.886,744453.79,281435.648,105.1967466,14137.70324,13670,3.796,490.592
6/26/2022 10:04,1014,43.97,9.942,43.78,439810.819,744521.429,281409.381,105.3448583,14150.98356,13716.393,4.014,501.233
6/26/2022 10:05,1014,43.97,9.984,43.78,439800.267,744558.4,281278.448,105.8545337,14217.27041,13761.667,4.229,511.683
6/26/2022 10:06,1014,43.97,9.919,43.781,439819.019,744600.905,281517.895,104.9488925,14096.1584,13520,3.524,484.921
6/26/2022 10:07,1014,43.972,9.868,43.787,439824.133,744682.714,281580.819,104.7019915,14064.41332,13721.311,4.288,517.104
6/26/2022 10:08,1014,43.98,9.899,43.79,439818.152,744757.581,281472.448,104.9907543,14119.10752,13605,4.209,512.036
6/26/2022 10:09,1014,43.98,9.848,43.784,439815.752,744667.267,281600.181,105.10664,14054.65207,13648.333,4.323,517.678
6/26/2022 10:10,1014,43.974,9.782,43.78,439829.067,744635.81,281835.848,104.4638147,13936.10022,13380.328,3.578,486.186
6/26/2022 10:11,1014,43.97,9.719,43.78,439837.59,744576.886,281937.219,104.052466,13885.25263,13498.333,3.88,498.327
6/26/2022 10:12,1014,43.97,9.715,43.78,439842.743,744508.867,281967.914,103.8038129,13869.87348,13403.333,3.369,477.071
6/26/2022 10:13,1014,43.97,9.657,43.777,439861.057,744486.657,282148.19,102.9203819,13779.71315,13339.344,3.217,470.309
6/26/2022 10:14,1014,43.97,9.657,43.776,439856.238,744469.01,282092.562,103.1527965,13807.50423,13386.667,3.453,479.978
6/26/2022 10:15,1014,43.97,9.656,43.78,439856.705,744536.105,282088.152,103.1302723,13809.70855,13376.667,3.438,478.353
6/26/2022 10:16,1014,43.97,9.605,43.78,439867.01,744574.514,282235.943,102.6333197,13735.92692,13336.066,3.317,473.01
6/26/2022 10:17,1014,43.97,9.593,43.78,439869.657,744623.648,282235.114,102.505693,13736.34026,13351.667,3.395,475.74
6/26/2022 10:18,1014,43.97,9.571,43.783,439872.581,744639.8,282280.448,102.3647218,13713.74551,13301.667,3.315,471.703
6/26/2022 10:19,1014,43.97,9.535,43.781,439871.886,744639.314,282360.429,102.3982279,13673.92559,13303.279,3.379,474.118
6/26/2022 10:20,1014,43.97,9.549,43.78,439860.971,744594.124,282313.448,102.9245293,13697.30922,13313.333,3.385,474.7
6/26/2022 10:21,1014,43.97,9.56,43.78,439866.6,744612.276,282273.848,102.6530889,13717.03389,13368.333,3.314,472.151
6/26/2022 10:22,1014,43.97,9.599,43.781,439862.438,744651.971,282160.371,102.8537838,13773.63123,13395.082,3.339,472.025
6/26/2022 10:23,1014,43.98,9.589,43.79,439864.467,744717.6,282201.2,102.7559409,13753.25476,13346.667,3.398,472.632
6/26/2022 10:24,1014,43.98,9.54,43.79,439863.171,744738.762,282324.105,102.8184363,13692.0033,13295,3.309,469.117
6/26/2022 10:25,1014,43.98,9.543,43.79,439863.781,744765.533,282283.571,102.7890207,13712.18964,13329.508,3.454,473.278
6/26/2022 10:26,1014,43.98,9.524,43.79,439872.048,744726.714,282350.324,102.3904178,13678.9535,13283.333,3.498,472.958
6/26/2022 10:27,1014,43.98,9.555,43.785,439859.029,744695.943,282223.895,103.0181861,13741.93461,13411.667,3.919,486.195
6/26/2022 10:28,1014,43.975,9.601,43.78,439855.4,744612.79,282125.695,103.1932155,13790.94818,13418.033,4.058,489.494
6/26/2022 10:29,1014,43.97,9.624,43.78,439855.333,744593.695,282070.314,103.1964471,13818.62651,13418.333,3.977,485.109
6/26/2022 10:30,1014,43.97,9.597,43.78,439854.305,744533.238,282181.41,103.2460317,13763.12954,13361.667,4.014,485.53
6/26/2022 10:31,1014,43.97,9.602,43.78,439851.543,744553.933,282142.181,103.3792612,13782.7139,13429.508,4.176,490.999
6/26/2022 10:32,1014,43.97,9.628,43.781,439854.514,744580.476,282085.571,103.2359507,13810.99873,13380,3.634,474.148
6/26/2022 10:33,1014,43.97,9.609,43.789,439852.8,744671.457,282138.162,103.3186265,13784.72105,13390,3.764,477.121
6/26/2022 10:34,1014,43.977,9.603,43.79,439862.8,744742.419,282144.038,102.8363269,13781.78652,13398.361,4.221,488.389
6/26/2022 10:35,1014,43.98,9.632,43.79,439844.448,744796.476,282038.638,103.7215478,13834.46941,13420,4.418,492.35
6/26/2022 10:36,1014,43.98,9.581,43.79,439855.857,744798.152,282218.543,103.1711731,13744.60376,13278.333,3.982,480.292
6/26/2022 10:37,1013.939,43.98,9.565,43.79,439851.657,744741.686,282223.01,103.3737621,13742.37596,13380.328,4.612,493.662
6/26/2022 10:38,1013.9,43.98,9.609,43.79,439836.962,744699.495,282074.048,104.082772,13816.7595,13395,4.774,495.228
6/26/2022 10:39,1013.9,43.98,9.647,43.79,439821.667,744664.79,281975.076,104.8210441,13866.28626,13490,5.491,508.315
6/26/2022 10:40,1013.9,43.98,9.653,43.79,439816.467,744674.686,281991.21,105.0721149,13858.20687,13400,5.254,500.619
6/26/2022 10:41,1013.9,43.978,9.616,43.786,439824.514,744647.857,282106.81,104.6835985,13800.38357,13357.377,5.047,494.112
6/26/2022 10:42,1013.9,43.97,9.598,43.781,439821.771,744576.257,282132.505,104.8160231,13787.5465,13335,4.861,489.448
6/26/2022 10:43,1013.9,43.97,9.57,43.78,439829.562,744548.343,282216.819,104.4399216,13745.46361,13316.667,4.828,488.139
6/26/2022 10:44,1013.9,43.97,9.588,43.78,439822.2,744483.257,282169.638,104.7953114,13769.0051,13362.295,5.15,493.377
6/26/2022 10:45,1013.9,43.97,9.595,43.78,439812.419,744453.029,282146.676,105.2675894,13780.46918,13331.667,5.053,490.051
6/26/2022 10:46,1013.9,43.97,9.599,43.78,439814.038,744461.876,282139.076,105.1894066,13784.26457,13360,5.158,492.676
6/26/2022 10:47,1013.9,43.97,9.609,43.78,439803.857,744531.076,282088.819,105.6811149,13809.37514,13393.443,5.762,502.455
6/26/2022 10:48,1013.9,43.971,9.615,43.789,439809.314,744620.095,282067.819,105.4175424,13819.87408,13350,5.607,499.405
6/26/2022 10:49,1013.9,43.98,9.591,43.79,439816.648,744697.848,282138.914,105.0633751,13784.34548,13320,5.591,498.612
6/26/2022 10:50,1013.9,43.98,9.56,43.79,439821.476,744716.962,282219.343,104.8302655,13744.20477,13249.18,5.175,490.586
6/26/2022 10:51,1013.9,43.98,9.517,43.79,439827.99,744673.324,282335.505,104.5158014,13686.32853,13225,5.214,490.814
6/26/2022 10:52,1013.9,43.98,9.492,43.79,439831.705,744657.876,282377.076,104.3364853,13665.6445,13211.667,5.314,492.316
6/26/2022 10:53,1013.9,43.973,9.47,43.783,439825.371,744590.524,282420.79,104.642227,13643.91024,13162.295,5.154,489.083
6/26/2022 10:54,1013.9,43.97,9.439,43.78,439831.724,744535.762,282512.533,104.3355683,13598.34977,13133.333,5.128,488.204
6/26/2022 10:55,1013.9,43.97,9.424,43.78,439841.314,744525.59,282552.867,103.8727643,13578.34241,13103.333,5.108,487.341
6/26/2022 10:56,1013.9,43.97,9.369,43.78,439853.686,744533.057,282706.019,103.2758893,13502.50003,13072.131,5.054,486.619
6/26/2022 10:57,1013.9,43.97,9.373,43.78,439842.086,744540.714,282653.867,103.8355138,13528.30356,13130,4.948,483.913
6/26/2022 10:58,1013.914,43.97,9.4,43.784,439846.21,744605.248,282560.743,103.6365366,13574.43722,13170,4.775,480.465
6/26/2022 10:59,1014,43.97,9.426,43.789,439847.476,744632.343,282492,103.5754585,13608.54037,13201.639,4.317,472.466
6/26/2022 11:00,1014,43.97,9.389,43.784,439858.867,744599.829,282628.333,103.0259991,13540.94569,13181.667,4.689,477.741
6/26/2022 11:01,1014,43.97,9.482,43.78,439840.248,744508.038,282339.6,103.9242022,13684.29037,13320,4.191,467.261
6/26/2022 11:02,1014,43.97,9.469,43.78,439855.848,744488.524,282451.819,103.1716072,13628.49283,13206.557,3.716,455.496
6/26/2022 11:03,1014,43.97,9.412,43.78,439886.762,744561.076,282625.895,101.6811963,13542.15306,13195,3.062,436.534
6/26/2022 11:04,1014,43.97,9.488,43.789,439884.733,744601.99,282371.362,101.7789774,13668.48668,13420,2.872,429.613
6/26/2022 11:05,1014,43.979,9.554,43.79,439872.676,744675.705,282222.4,102.3601419,13742.68017,13398.361,2.877,429.224
6/26/2022 11:06,1014,43.98,9.528,43.79,439876.105,744690.305,282327.99,102.194839,13690.06927,13326.667,2.891,431.035
6/26/2022 11:07,1014,43.98,9.522,43.79,439879.895,744685.895,282326.333,102.012152,13690.89414,13348.333,2.82,431.476
6/26/2022 11:08,1014,43.98,9.507,43.79,439889.971,744675.248,282400.457,101.5265603,13654.01761,13304.918,2.85,426.199
6/26/2022 11:09,1014,43.98,9.508,43.79,439883.248,744620.905,282380.181,101.8505458,13664.10018,13326.667,2.772,425.192
6/26/2022 11:10,1014,43.98,9.514,43.79,439882.333,744655.248,282355.19,101.894645,13676.53223,13385,2.606,424.805
6/26/2022 11:11,1014,43.979,9.529,43.79,439880.2,744620.867,282320.905,101.9974512,13693.59642,13413.115,2.685,424.253
6/26/2022 11:12,1014,43.97,9.554,43.783,439885.457,744580.429,282270.086,101.7440859,13718.90844,13403.333,2.559,422.252
6/26/2022 11:13,1014,43.97,9.549,43.78,439881.81,744474.314,282314.267,101.9198519,13696.90142,13351.667,2.573,422.469
6/26/2022 11:14,1014,43.97,9.553,43.78,439872.886,744406.648,282300.8,102.3500179,13703.6077,13380.328,2.596,422.389
6/26/2022 11:15,1014,43.97,9.547,43.78,439873.933,744469.333,282316.448,102.2995434,13695.81548,13360,2.553,422.453
6/26/2022 11:16,1014,43.97,9.539,43.781,439886.133,744531.505,282336.143,101.7115083,13686.01098,13361.667,2.481,422.25
6/26/2022 11:17,1014,43.97,9.555,43.78,439889.419,744505.457,282274.495,101.5531592,13716.71152,13427.869,2.459,420.958
6/26/2022 11:18,1014,43.97,9.564,43.78,439890.714,744467.99,282271.019,101.4907584,13718.44353,13391.667,2.523,421.171
6/26/2022 11:19,1014,43.969,9.574,43.773,439879.029,744353.514,282248.276,102.0538936,13729.77842,13435,2.502,420.776
6/26/2022 11:20,1014,43.96,9.591,43.77,439891.152,744318.752,282242.619,101.4696535,13732.5985,13398.361,2.455,419.919
6/26/2022 11:21,1014,43.96,9.569,43.772,439890.486,744327.076,282294.724,101.5017447,13706.63393,13403.333,2.562,420.814
6/26/2022 11:22,1014,43.96,9.566,43.778,439889.105,744380.467,282289.095,101.5682899,13709.4378,13381.667,2.602,421.29
6/26/2022 11:23,1014,43.969,9.535,43.78,439889.571,744487.305,282384.314,101.5458348,13662.04469,13288.525,2.466,419.596
6/26/2022 11:24,1014,43.97,9.479,43.785,439909.19,744542.771,282494.171,100.6007251,13607.46272,13278.333,2.375,418.762
6/26/2022 11:25,1014,43.971,9.473,43.79,439907.314,744611.314,282474.486,100.6910753,13617.2355,13338.333,2.384,418.81
6/26/2022 11:26,1014,43.98,9.469,43.79,439910.829,744661.219,282484.762,100.5217931,13612.13348,13281.667,2.279,417.701
6/26/2022 11:27,1014,43.98,9.434,43.79,439909.552,744618.829,282556.257,100.5832914,13576.66147,13280.328,2.26,417.53
6/26/2022 11:28,1014,43.98,9.457,43.788,439904.676,744608.286,282471.819,100.8181323,13618.5598,13358.333,2.344,419.264
6/26/2022 11:29,1014,43.971,9.537,43.78,439893.733,744523.829,282280.838,101.3452941,13713.55121,13470,2.361,419.047
6/26/2022 11:30,1014,43.97,9.578,43.78,439887.21,744461.295,282210.105,101.6596071,13748.81246,13426.23,2.382,418.812
6/26/2022 11:31,1014,43.97,9.57,43.78,439895.667,744477.829,282246.067,101.2521148,13730.8796,13466.667,2.356,419.682
6/26/2022 11:32,1014,43.97,9.603,43.78,439890.952,744452.81,282156.248,101.4792904,13775.68968,13508.333,2.353,420.04
6/26/2022 11:33,1014,43.97,9.643,43.78,439885.714,744469.067,282059.352,101.7317006,13824.10823,13555.738,2.328,419.674
6/26/2022 11:34,1014,43.97,9.662,43.78,439880.924,744477.943,282004.41,101.9625552,13851.5984,13556.667,2.336,420.438
6/26/2022 11:35,1014,43.97,9.676,43.78,439872.981,744414.076,281972.381,102.345438,13867.63605,13560,2.387,421.514
6/26/2022 11:36,1014,43.97,9.707,43.78,439875.59,744423.619,281917.467,102.2196648,13895.15328,13637.705,2.365,420.987
6/26/2022 11:37,1014,43.97,9.789,43.78,439875.01,744464.505,281723.61,102.2476243,13992.50177,13710,2.376,419.637
6/26/2022 11:38,1014,43.97,9.774,43.78,439876.743,744488.695,281802.714,102.1640846,13952.73936,13613.333,2.349,418.881
6/26/2022 11:39,1013.993,43.97,9.766,43.783,439880.638,744557.733,281805.514,101.97634,13951.3329,13639.344,2.392,420.727
6/26/2022 11:40,1013.9,43.978,9.778,43.788,439882.01,744547.248,281759.4,101.9102125,13974.5049,13665,2.413,421.944
6/26/2022 11:41,1013.9,43.977,9.793,43.785,439877.552,744561.029,281731.457,102.1250879,13988.55499,13680,2.468,424.088
6/26/2022 11:42,1013.9,43.97,9.81,43.78,439878.933,744498.686,281708.105,102.0585209,14000.30182,13695.082,2.35,420.925
6/26/2022 11:43,1013.9,43.97,9.829,43.78,439870.429,744416.714,281659.381,102.4684724,14024.8267,13686.667,2.451,422.309
6/26/2022 11:44,1013.9,43.97,9.836,43.78,439868.781,744384.286,281655.39,102.5479288,14026.83644,13713.333,2.549,424.718
6/26/2022 11:45,1013.9,43.969,9.858,43.773,439854.095,744319.581,281598.467,103.256161,14055.51605,13729.508,2.598,425.723
6/26/2022 11:46,1013.9,43.96,9.838,43.772,439867.381,744314.933,281693.19,102.6154311,14007.80701,13538.333,2.537,423.936
6/26/2022 11:47,1013.9,43.96,9.685,43.772,439886.286,744284.333,282125.714,101.7041351,13790.93869,13423.333,2.556,423.706
6/26/2022 11:48,1013.9,43.96,9.705,43.77,439869.771,744253.59,281968.305,102.5001967,13869.67763,13554.098,2.599,425.49
6/26/2022 11:49,1013.9,43.96,9.746,43.77,439865.114,744209.276,281893.505,102.7247423,13907.16869,13556.667,2.697,427.641
6/26/2022 11:50,1013.9,43.96,9.755,43.771,439873.724,744283.39,281886.219,102.3096189,13910.82313,13573.333,2.794,429.897
6/26/2022 11:51,1013.9,43.961,9.735,43.78,439881.333,744384.476,281944.571,101.9428422,13881.56831,13439.344,2.76,427.827
6/26/2022 11:52,1013.9,43.97,9.649,43.784,439892.181,744494.495,282149.581,101.4200725,13779.01857,13360,2.789,427.479
6/26/2022 11:53,1013.9,43.975,9.607,43.79,439883.448,744597.533,282193.295,101.8409068,13757.19878,13408.333,2.743,427.492
6/26/2022 11:54,1013.9,43.98,9.599,43.79,439883.543,744612.048,282195.181,101.8363283,13756.25776,13339.344,2.783,426.659
6/26/2022 11:55,1013.9,43.977,9.519,43.787,439894.219,744584.114,282439.829,101.3218783,13634.44933,13170,2.713,424.583
6/26/2022 11:56,1013.9,43.97,9.455,43.78,439903.114,744473.762,282570.876,100.8933692,13569.41371,13220,2.906,425.517
6/26/2022 11:57,1013.9,43.97,9.483,43.78,439900.657,744352.61,282476.171,101.0117223,13616.39883,13306.557,2.699,425.013
6/26/2022 11:58,1013.9,43.967,9.498,43.778,439895.124,744297.438,282454.333,101.2782758,13627.24406,13271.667,2.665,425.718
6/26/2022 11:59,1013.9,43.96,9.499,43.776,439891.01,744313.695,282439.876,101.4764957,13634.42598,13296.667,2.685,426.416
6/26/2022 12:00,1013.9,43.96,9.504,43.776,439891.038,744290.914,282421.6,101.4751466,13643.50767,13301.639,2.738,428.395
6/26/2022 12:01,1013.9,43.96,9.516,43.78,439886.124,744324.133,282385.143,101.711942,13661.63242,13321.667,2.733,428.711
6/26/2022 12:02,1013.9,43.968,9.534,43.78,439883.981,744321.838,282333.295,101.8152191,13687.42855,13336.667,2.782,427.317
6/26/2022 12:03,1013.9,43.97,9.522,43.78,439888.495,744356.114,282369.162,101.5976843,13669.58104,13327.869,2.713,427.958
6/26/2022 12:04,1013.9,43.97,9.534,43.78,439900.952,744402.829,282359.257,100.9975118,13674.50869,13341.667,2.562,424.794
6/26/2022 12:05,1013.9,43.97,9.554,43.78,439904.067,744424.352,282294.638,100.8474656,13706.67676,13365,2.618,426.123
6/26/2022 12:06,1013.9,43.97,9.558,43.78,439901.895,744472.733,282277.162,100.9520871,13715.38268,13416.393,2.63,427.802
6/26/2022 12:07,1013.9,43.97,9.598,43.79,439901.067,744534.19,282165.943,100.9919721,13770.84957,13438.333,2.605,427.931
6/26/2022 12:08,1013.9,43.97,9.616,43.79,439901.124,744565.524,282119.371,100.9892264,13794.10745,13476.667,2.566,427.295
6/26/2022 12:09,1013.9,43.974,9.637,43.79,439891.819,744560.095,282089.543,101.4375148,13809.01325,13468.852,2.587,427.823
6/26/2022 12:10,1013.9,43.98,9.621,43.79,439898.895,744602.648,282148.238,101.0966025,13779.68919,13290,2.771,426.313
6/26/2022 12:11,1013.9,43.98,9.393,43.79,439912.61,744626.952,282806.429,100.4360266,13452.88548,12831.667,2.819,423.828
6/26/2022 12:12,1013.9,43.98,9.249,43.79,439931.686,744612.562,283076.505,99.51766805,13319.86589,13029.508,2.541,421.855
6/26/2022 12:13,1013.9,43.976,9.328,43.79,439918.657,744581.219,282781.438,100.1448576,13465.22592,13191.667,2.623,424.592
6/26/2022 12:14,1013.9,43.97,9.393,43.79,439915.41,744589,282630.59,100.3011977,13539.828,13221.667,2.599,425.408
6/26/2022 12:15,1013.9,43.97,9.399,43.79,439911.229,744520.2,282630.552,100.5025302,13539.84682,13191.803,2.62,426.3
6/26/2022 12:16,1013.9,43.97,9.419,43.79,439914.771,744529.781,282570.505,100.3319666,13569.59762,13256.667,2.603,426.909
6/26/2022 12:17,1013.9,43.977,9.391,43.79,439921.048,744598.952,282682.029,100.0297424,13514.36679,13141.667,2.501,424.218
6/26/2022 12:18,1013.9,43.98,9.402,43.79,439924.743,744653.39,282591.343,99.8518611,13559.26974,13290,2.545,424.33
6/26/2022 12:19,1013.9,43.98,9.424,43.79,439921.019,744622.6,282549.8,100.0311385,13579.86328,13267.213,2.534,424.184
6/26/2022 12:20,1013.9,43.98,9.432,43.789,439923.59,744619.895,282536.238,99.90736575,13586.5894,13318.333,2.525,422.416
6/26/2022 12:21,1013.9,43.972,9.472,43.781,439905.857,744452.981,282430.705,100.7612493,13638.98287,13283.333,2.699,422.528
6/26/2022 12:22,1013.9,43.97,9.479,43.775,439905.371,744349.21,282455.448,100.7846573,13626.69023,13331.148,2.591,422.316
6/26/2022 12:23,1013.9,43.97,9.477,43.776,439905.705,744298.095,282504.476,100.7685703,13602.34805,13190,2.727,421.897
6/26/2022 12:24,1013.9,43.97,9.419,43.781,439909.314,744388.886,282616.029,100.5947533,13547.03952,13255,2.561,421.503
6/26/2022 12:25,1013.9,43.97,9.422,43.79,439915.771,744585.41,282593.257,100.2838151,13558.3213,13173.77,2.507,420.634
6/26/2022 12:26,1013.9,43.98,9.34,43.791,439926.229,744644.657,282813.267,99.78032872,13449.50984,13081.667,2.43,420.164
6/26/2022 12:27,1013.9,43.98,9.305,43.794,439924.657,744686.619,282878.457,99.85600102,13417.34844,12958.333,2.391,419.538
6/26/2022 12:28,1013.9,43.98,9.233,43.792,439939.114,744691.838,283067.771,99.16020298,13324.1578,13004.918,2.46,420.559
6/26/2022 12:29,1013.9,43.98,9.242,43.79,439934.486,744690.124,282986.457,99.382912,13364.14721,13040,2.451,420.834
6/26/2022 12:30,1013.9,43.98,9.252,43.79,439928.867,744658.305,282944.79,99.65334932,13384.66066,13076.667,2.43,420.693
6/26/2022 12:31,1013.9,43.98,9.268,43.79,439931.505,744652.867,282910.143,99.52637943,13401.72939,13075.41,2.433,420.552
6/26/2022 12:32,1013.9,43.98,9.298,43.79,439918.952,744609.19,282816.333,100.1306543,13447.99642,13171.667,2.616,421.546
6/26/2022 12:33,1013.9,43.98,9.349,43.79,439913.695,744623.029,282682.305,100.3837791,13514.23023,13208.333,2.755,420.715
6/26/2022 12:34,1013.9,43.98,9.352,43.797,439929.257,744717.467,282693.952,99.63457759,13508.4684,13209.836,2.587,419.378
6/26/2022 12:35,1013.9,43.98,9.388,43.797,439915.819,744733.39,282575.362,100.2815039,13567.19003,13300,2.858,422.212
6/26/2022 12:36,1013.9,43.98,9.397,43.79,439912.038,744677.371,282588.143,100.4635716,13560.85551,13200,2.922,423.178
6/26/2022 12:37,1013.9,43.98,9.398,43.79,439927.267,744601.99,282598.467,99.73036374,13555.73975,13236.066,2.684,421.519
6/26/2022 12:38,1013.9,43.977,9.396,43.78,439918.952,744455.248,282627.267,100.1306543,13541.4736,13200,2.586,420.7
6/26/2022 12:39,1013.9,43.97,9.365,43.78,439923.133,744487,282730.019,99.92936593,13490.63327,13063.333,2.664,421.466
6/26/2022 12:40,1013.9,43.97,9.306,43.782,439924.019,744457.21,282862.6,99.88671377,13425.16811,13085.246,2.645,422.091
6/26/2022 12:41,1013.9,43.974,9.321,43.79,439919.952,744520.362,282794.829,100.0825086,13458.61284,13096.667,2.555,422.102
6/26/2022 12:42,1013.9,43.98,9.285,43.796,439931.019,744615.038,282907.333,99.54977044,13403.11418,13028.333,2.492,421.548
6/26/2022 12:43,1013.9,43.981,9.274,43.8,439937.724,744761.752,282896.067,99.22708961,13408.66684,13070.492,2.515,422.508
6/26/2022 12:44,1013.896,43.99,9.265,43.8,439934.619,744818.819,282897.667,99.37651135,13407.87818,13066.667,2.533,423.949
6/26/2022 12:45,1013.8,43.99,9.26,43.8,439937.467,744782.714,282904.276,99.2394567,13404.62077,13061.667,2.521,424.942
6/26/2022 12:46,1013.8,43.99,9.255,43.8,439927,744815.667,282907.114,99.74321586,13403.22211,13042.623,2.538,427.407
6/26/2022 12:47,1013.8,43.99,9.235,43.8,439935.238,744813.848,282952.629,99.3467222,13380.80023,13035,2.526,428.236
6/26/2022 12:48,1013.8,43.99,9.287,43.8,439929.981,744810.41,282775.971,99.5997301,13467.92621,13186.667,2.516,427.336
6/26/2022 12:49,1013.8,43.986,9.29,43.8,439928.486,744721.752,282850.229,99.67168806,13431.2702,13088.525,2.548,429.386
6/26/2022 12:50,1013.8,43.98,9.297,43.791,439930.695,744643.648,282812.181,99.56536463,13450.04593,13110,2.692,438.833
6/26/2022 12:51,1013.8,43.98,9.304,43.79,439921.886,744641.676,282783.124,99.98939851,13464.39321,13108.333,2.946,449.658
6/26/2022 12:52,1013.8,43.98,9.327,43.79,439922.19,744605.086,282711.914,99.97476327,13499.5848,13186.885,3.198,464.962
6/26/2022 12:53,1013.8,43.98,9.387,43.79,439896.714,744608.276,282516.2,101.2016729,13596.5302,13245,3.636,489.369
6/26/2022 12:54,1013.8,43.98,9.42,43.79,439885.219,744615.724,282414.067,101.7555557,13647.2518,13250,3.806,503.173
6/26/2022 12:55,1013.8,43.98,9.428,43.795,439887.581,744654.676,282407.857,101.6417288,13650.33872,13185.246,3.597,494.56
6/26/2022 12:56,1013.8,43.98,9.404,43.8,439887.162,744665.333,282466.457,101.6619202,13621.22251,13158.333,3.949,514.883
6/26/2022 12:57,1013.8,43.98,9.381,43.8,439895.648,744710.981,282532.181,101.2530302,13588.60179,13051.667,3.727,504.986
6/26/2022 12:58,1013.8,43.98,9.312,43.798,439902.238,744729.41,282696.41,100.935565,13507.25257,13081.967,4.402,540.974
6/26/2022 12:59,1013.8,43.98,9.304,43.79,439898.038,744648.695,282684.505,101.137888,13513.14179,13016.667,4.332,536.163
6/26/2022 13:00,1013.8,43.98,9.266,43.79,439911.219,744573.248,282841.229,100.5030117,13435.71035,12916.667,3.86,509.607
6/26/2022 13:01,1013.8,43.972,9.214,43.78,439919.829,744468.429,283008.038,100.0884304,13353.52835,12847.541,3.572,493.497
6/26/2022 13:02,1013.8,43.97,9.159,43.78,439928.762,744437.248,283149.476,99.65840329,13284.03338,12850,3.549,490.416
6/26/2022 13:03,1013.8,43.97,9.143,43.78,439927.143,744384.867,283173.324,99.73633251,13272.33272,12818.333,3.496,484.78
6/26/2022 13:04,1013.8,43.97,9.134,43.78,439925.524,744437.59,283178.162,99.81426531,13269.95962,12885.246,3.702,492.291
6/26/2022 13:05,1013.8,43.97,9.102,43.78,439935.294,744406.284,283278.608,99.34402724,13220.73516,12730,3.05,462.406
6/26/2022 13:06,1013.8,43.97,9.04,43.78,439952.876,744434.79,283431.59,98.49811958,13145.93166,12700,2.835,452.315
6/26/2022 13:07,1013.8,43.97,9.003,43.78,439954.286,744443.667,283533.257,98.43029975,13096.33095,12641.667,2.849,452.687
6/26/2022 13:08,1013.8,43.97,8.972,43.78,439959.171,744418.571,283596.524,98.19535627,13065.50948,12654.098,3.025,460.076
6/26/2022 13:09,1013.8,43.97,8.956,43.78,439954.343,744371.324,283630.343,98.42755815,13049.04816,12658.333,2.993,457.935
6/26/2022 13:10,1013.8,43.97,8.963,43.78,439955.971,744355.543,283585.457,98.3492562,13070.89845,12708.333,2.867,451.561
6/26/2022 13:11,1013.8,43.97,8.928,43.78,439968.638,744458.79,283720.229,97.74013483,13005.34418,12509.836,2.785,443.041
6/26/2022 13:12,1013.8,43.97,8.84,43.788,439986.267,744534.914,283936.029,96.8927691,12900.7025,12525,2.78,444.61
6/26/2022 13:13,1013.8,43.98,8.855,43.793,439982.448,744644.819,283829.39,97.07629936,12952.36182,12625,2.773,443.89
6/26/2022 13:14,1013.8,43.98,8.838,43.8,439980.6,744758.924,283849.562,97.16511613,12942.58237,12537.705,2.603,435.724
6/26/2022 13:15,1013.8,43.99,8.825,43.8,439984.314,744767.171,283857.429,96.98662223,12938.76936,12630,2.713,439.51
6/26/2022 13:16,1013.751,43.982,8.861,43.792,439987.333,744694.333,283790.267,96.84154374,12971.33877,12625,2.623,435.332
6/26/2022 13:17,1013.7,43.98,8.872,43.79,439975.676,744624.276,283763.724,97.40179136,12984.22118,12634.426,2.618,434.969
6/26/2022 13:18,1013.7,43.98,8.874,43.79,439979.724,744568.933,283761.143,97.20721921,12985.47416,12621.667,2.576,433.502
6/26/2022 13:19,1013.7,43.98,8.87,43.79,439977.59,744574.629,283784.952,97.30978978,12973.91787,12641.667,2.587,436.065
6/26/2022 13:20,1013.7,43.98,8.882,43.79,439974.295,744550.143,283712.962,97.46817596,13008.87493,12713.115,2.766,445.752
6/26/2022 13:21,1013.7,43.98,8.911,43.79,439967.295,744566.733,283634.914,97.80470565,13046.82399,12691.667,2.981,457.558
6/26/2022 13:22,1013.783,43.98,8.919,43.79,439958.305,744513.667,283615.4,98.23700406,13056.32042,12686.667,3.19,466.564
6/26/2022 13:23,1013.8,43.978,8.889,43.785,439956.667,744481.39,283714.829,98.31578177,13007.96778,12524.59,3.146,464.941
6/26/2022 13:24,1013.8,43.97,8.789,43.78,439966.39,744434.8,283995.59,97.84821901,12871.89182,12403.333,3.216,466.695
6/26/2022 13:25,1013.8,43.97,8.715,43.78,439963.581,744368.143,284170.39,97.98328585,12787.51422,12261.667,3.359,471.633
6/26/2022 13:26,1013.8,43.97,8.655,43.777,439971.914,744333.867,284274.105,97.58263662,12737.57423,12326.23,3.687,483.496
6/26/2022 13:27,1013.8,43.97,8.679,43.777,439962.314,744319.257,284157,98.0442113,12793.96841,12396.667,4.114,497.613
6/26/2022 13:28,1013.8,43.97,8.709,43.78,439955.429,744270.867,284089.114,98.37532438,12826.71422,12435,3.966,489.698
6/26/2022 13:29,1013.8,43.97,8.722,43.78,439966.067,744355.924,284087.267,97.86374947,12827.60571,12454.098,3.106,453.779
6/26/2022 13:30,1013.8,43.97,8.78,43.784,439969.486,744438.79,283905.2,97.69936466,12915.627,12598.333,3.125,450.587
6/26/2022 13:31,1013.8,43.973,8.817,43.79,439971.562,744494.305,283830.4,97.5995588,12951.87209,12596.667,3.255,456.945
6/26/2022 13:32,1013.8,43.98,8.813,43.79,439968.219,744571.238,283855.886,97.76027989,12939.51719,12544.262,3.111,452.731
6/26/2022 13:33,1013.8,43.98,8.806,43.795,439977.886,744649.495,283873.39,97.29556219,12931.03497,12588.333,2.849,442.343
6/26/2022 13:34,1013.8,43.98,8.823,43.795,439984.686,744654.895,283816.343,96.96874504,12958.68892,12643.333,2.838,437.68
6/26/2022 13:35,1013.8,43.98,8.866,43.79,439980.895,744611.838,283715.629,97.15093782,13007.57908,12731.148,2.751,433.616
6/26/2022 13:36,1013.8,43.98,8.926,43.79,439979.476,744583.733,283586.162,97.219139,13070.55512,12748.333,2.684,431.731
6/26/2022 13:37,1013.8,43.98,8.943,43.786,439968.648,744449.667,283570,97.73965405,13078.42685,12806.667,2.681,431.755
6/26/2022 13:38,1013.8,43.971,8.989,43.78,439962.781,744402.771,283451.333,98.0217547,13136.2926,12834.426,2.543,427.76
6/26/2022 13:39,1013.8,43.97,9.004,43.781,439967.105,744383.524,283442.943,97.81384096,13140.38841,12831.667,2.615,430.167
6/26/2022 13:40,1013.8,43.97,9.049,43.78,439965.752,744363.705,283321.343,97.8788954,13199.81879,12935,2.543,428.268
6/26/2022 13:41,1013.8,43.97,9.106,43.78,439960.105,744367.314,283189.962,98.15043937,13264.17243,12991.803,2.495,426.75
6/26/2022 13:42,1013.8,43.97,9.145,43.782,439952.21,744430.181,283108.476,98.53015458,13304.16085,13003.333,2.462,425.349
6/26/2022 13:43,1013.8,43.97,9.171,43.788,439960.667,744453.505,283075.8,98.12341285,13320.21231,13005,2.449,424.879
6/26/2022 13:44,1013.8,43.98,9.149,43.79,439958.21,744546.371,283134.781,98.24157287,13291.2457,12908.197,2.537,421.261
6/26/2022 13:45,1013.8,43.98,9.1,43.79,439955.552,744518.219,283261.305,98.3694085,13229.20846,12888.333,2.797,424.491
6/26/2022 13:46,1013.8,43.978,9.082,43.787,439957.21,744450.981,283308.867,98.28966641,13205.92347,12816.667,2.505,421.117
6/26/2022 13:47,1013.8,43.97,9.074,43.78,439967.038,744370.943,283319.667,97.81706237,13200.63881,12837.705,2.611,422.12
6/26/2022 13:48,1013.8,43.97,9.055,43.78,439969.267,744408.857,283389.629,97.70989366,13166.42927,12856.667,2.608,422.247
6/26/2022 13:49,1013.8,43.97,9.089,43.78,439956.371,744339.743,283269.781,98.33001794,13225.05743,12916.667,2.591,422.706
6/26/2022 13:50,1013.8,43.97,9.108,43.78,439962.371,744358.267,283237.324,98.04147033,13240.95625,12933.333,2.56,423.369
6/26/2022 13:51,1013.8,43.97,9.111,43.78,439961.752,744347.724,283246.124,98.07123655,13236.64474,12847.541,2.507,424.485
6/26/2022 13:52,1013.8,43.97,9.079,43.78,439968.533,744289.238,283335.362,97.7451831,13192.96071,12805,2.525,424.459
6/26/2022 13:53,1013.8,43.97,9.044,43.78,439975.933,744288.229,283411.01,97.38943767,13155.98293,12818.333,2.554,425.388
6/26/2022 13:54,1013.8,43.97,9.044,43.78,439982.286,744308.943,283400.381,97.08408506,13161.17556,12839.344,2.552,426.104
6/26/2022 13:55,1013.8,43.97,9.044,43.781,439971.381,744316.41,283397.086,97.60826033,13162.78548,12840,2.574,428.482
6/26/2022 13:56,1013.8,43.97,9.051,43.788,439966.143,744373.829,283358.343,97.86009523,13181.72208,12788.333,2.581,428.61
6/26/2022 13:57,1013.8,43.97,9.02,43.789,439970.524,744405.933,283471.095,97.64946099,13126.64763,12740.984,2.554,429.457
6/26/2022 13:58,1013.8,43.97,9.003,43.79,439974.6,744428.6,283473.857,97.4535144,13125.29988,12758.333,2.519,429.848
6/26/2022 13:59,1013.8,43.978,9.017,43.79,439977.429,744494.562,283440.733,97.31752849,13141.46739,12810,2.569,432.375
6/26/2022 14:00,1013.8,43.973,9.003,43.79,439981.533,744416.943,283475.133,97.12027461,13124.67727,12793.443,2.567,433.647
6/26/2022 14:01,1013.8,43.97,9.018,43.782,439980.41,744363.438,283454.648,97.17424799,13134.67446,12795,2.616,437.286
6/26/2022 14:02,1013.8,43.97,9.017,43.78,439978.667,744260.619,283461.476,97.25802307,13131.34183,12795,2.621,438.758
6/26/2022 14:03,1013.8,43.97,9.034,43.78,439974.629,744227.752,283399.362,97.45212035,13161.67343,12872.131,2.575,436.183
6/26/2022 14:04,1013.8,43.97,9.067,43.78,439977.886,744301.124,283332.61,97.29556219,13194.30685,12846.667,2.575,432.904
6/26/2022 14:05,1013.8,43.97,9.043,43.785,439982.743,744374.171,283398.352,97.06212179,13162.16691,12820,2.53,430.719
6/26/2022 14:06,1013.8,43.977,9.053,43.793,439975.4,744490.314,283340,97.41505846,13190.69218,12880.328,2.478,427.494
6/26/2022 14:07,1013.8,43.981,9.018,43.8,439988.457,744702.457,283442.733,96.78753293,13140.49094,12746.667,2.381,422.45
6/26/2022 14:08,1013.8,43.99,8.983,43.8,439988.057,744704.924,283495.352,96.80675366,13114.81343,12823.333,2.455,424.401
6/26/2022 14:09,1013.8,43.987,9.025,43.8,439982.467,744624.229,283381.838,97.07538623,13170.23677,12855.738,2.466,424.871
6/26/2022 14:10,1013.8,43.98,9.044,43.79,439981.676,744558.419,283352.895,97.1134019,13184.38596,12866.667,2.495,426.456
6/26/2022 14:11,1013.8,43.979,9.038,43.79,439967.238,744433.705,283376.743,97.80744623,13172.72701,12816.667,2.462,426.599
6/26/2022 14:12,1013.8,43.97,9.025,43.782,439966.343,744316.99,283427.076,97.85047885,13148.13599,12818.033,2.398,427.619
6/26/2022 14:13,1013.8,43.97,9.01,43.78,439973.543,744209.743,283487.695,97.50432565,13118.54848,12751.667,2.462,428.608
6/26/2022 14:14,1013.8,43.97,8.984,43.78,439978.79,744229.552,283549.848,97.2521111,13088.24506,12720,2.508,430.625
6/26/2022 14:15,1013.8,43.97,8.97,43.78,439971.571,744266.162,283578.133,97.59912613,13074.46538,12762.295,2.498,431.263
6/26/2022 14:16,1013.8,43.97,8.982,43.786,439976.324,744370.019,283509.314,97.37064293,13108.00412,12786.667,2.539,432.513
6/26/2022 14:17,1013.8,43.97,8.999,43.79,439975.152,744454.39,283439.743,97.4269797,13141.95074,12850,2.567,433.744
6/26/2022 14:18,1013.8,43.98,9.018,43.79,439975.914,744506.848,283394.41,97.39035097,13164.09302,12837.705,2.701,437.943
6/26/2022 14:19,1013.8,43.98,9.022,43.79,439973.438,744506.724,283396.552,97.50937321,13163.0464,12806.667,2.814,440.433
6/26/2022 14:20,1013.8,43.977,9.002,43.79,439971.048,744422.943,283456.981,97.62426934,13133.53572,12700,2.637,436.153
6/26/2022 14:21,1013.8,43.97,8.888,43.781,439990.648,744323.448,283837.648,96.68225525,12948.35789,12483.607,2.448,430.153
6/26/2022 14:22,1013.8,43.97,8.807,43.78,439994.486,744280.771,284011.781,96.49785493,12864.06523,12441.667,2.458,429.27
6/26/2022 14:23,1013.8,43.97,8.765,43.786,439999.562,744384.01,284085.124,96.25400462,12828.64009,12525,2.528,430.543
6/26/2022 14:24,1013.8,43.971,8.744,43.79,440002.248,744459.495,284116.2,96.1249838,12813.64414,12411.475,2.458,427.728
6/26/2022 14:25,1013.8,43.98,8.693,43.795,440013.286,744563.638,284214.638,95.59488179,12766.19697,12386.667,2.516,428.648
6/26/2022 14:26,1013.8,43.98,8.69,43.796,440005.295,744524.448,284191.562,95.97863443,12777.31214,12468.333,2.6,431.005
6/26/2022 14:27,1013.8,43.98,8.708,43.792,440005.476,744538.314,284147.457,95.96994129,12798.56922,12460.656,2.547,429.884
6/26/2022 14:28,1013.8,43.98,8.693,43.79,440002.438,744475.562,284186.19,96.11585761,12779.90036,12428.333,2.529,428.613
6/26/2022 14:29,1013.8,43.98,8.689,43.79,440005.162,744473.886,284173.476,95.98502225,12786.02694,12463.333,2.485,428.839
6/26/2022 14:30,1013.8,43.98,8.707,43.79,440012.238,744452.419,284155.762,95.64520504,12794.56522,12444.262,2.576,430.647
6/26/2022 14:31,1013.8,43.98,8.699,43.79,440008.124,744444.619,284167.2,95.8427671,12789.05171,12460,2.684,432.86
6/26/2022 14:32,1013.8,43.971,8.702,43.79,440005.095,744389.552,284149.867,95.98824017,12797.40725,12471.667,2.656,432.076
6/26/2022 14:33,1013.8,43.97,8.702,43.784,440009.581,744372.667,284161.086,95.77279656,12791.99873,12454.098,2.593,428.554
6/26/2022 14:34,1013.8,43.97,8.688,43.781,440006.867,744324.61,284199.4,95.90313522,12773.53624,12403.333,2.623,428.273
6/26/2022 14:35,1013.8,43.97,8.67,43.785,440009.229,744320.543,284221.629,95.78970064,12762.83048,12450,2.576,428.515
6/26/2022 14:36,1013.8,43.97,8.671,43.786,440006.143,744313.895,284207.657,95.93790671,12769.55907,12454.098,2.497,426.495
6/26/2022 14:37,1013.8,43.97,8.688,43.789,440006.924,744348.667,284152.438,95.90039772,12796.16771,12520,2.442,424.243
6/26/2022 14:38,1013.756,43.97,8.708,43.787,440012.419,744355.933,284129.486,95.63651361,12807.23542,12543.333,2.374,423.146
6/26/2022 14:39,1013.7,43.97,8.766,43.784,440002.886,744293.181,283960.448,96.0943392,12888.88692,12601.667,2.343,422.089
6/26/2022 14:40,1013.7,43.97,8.77,43.782,440005.524,744317.571,283992.838,95.96763593,12873.22234,12559.016,2.432,423.911
6/26/2022 14:41,1013.7,43.97,8.776,43.789,439997.4,744356.638,283966.857,96.35786249,12885.78666,12578.333,2.452,425.173
6/26/2022 14:42,1013.7,43.97,8.754,43.79,439997.095,744388.352,284039.562,96.37251455,12850.64139,12480,2.404,423.248
6/26/2022 14:43,1013.7,43.976,8.743,43.79,440004.819,744453.895,284042.39,96.00149618,12849.27526,12562.295,2.453,424.87
6/26/2022 14:44,1013.763,43.98,8.758,43.793,439991.229,744495.81,283983.495,96.65433927,12877.73991,12568.333,2.474,425.361
6/26/2022 14:45,1013.8,43.98,8.766,43.791,439985.171,744457.705,283950.171,96.9454377,12893.85901,12575,2.529,427.148
6/26/2022 14:46,1013.8,43.98,8.779,43.79,439990.19,744391.657,283924.819,96.70426164,12906.12838,12609.836,2.639,431.141
6/26/2022 14:47,1013.8,43.972,8.809,43.783,439984.81,744297.324,283856.162,96.96278602,12939.38342,12618.333,2.949,440.655
6/26/2022 14:48,1013.8,43.97,8.813,43.78,439987.762,744230.39,283877.029,96.82092909,12929.27189,12555,2.843,439.036
6/26/2022 14:49,1013.8,43.966,8.766,43.78,439991.457,744139.39,284026.771,96.64338441,12856.82121,12508.197,2.84,439.531
6/26/2022 14:50,1013.8,43.96,8.756,43.78,439989.686,744116.105,284040.038,96.7284786,12850.41144,12541.667,2.802,438.618
6/26/2022 14:51,1013.8,43.965,8.774,43.78,439993.59,744199.657,283957.267,96.54090229,12890.42582,12593.333,2.659,433.64
6/26/2022 14:52,1013.8,43.97,8.758,43.781,439999.962,744213.4,284031.505,96.23479017,12854.53387,12460.656,2.592,428.937
6/26/2022 14:53,1013.8,43.97,8.728,43.78,439990.143,744205.114,284084.076,96.70651995,12829.14596,12548.333,2.688,433.459
6/26/2022 14:54,1013.8,43.97,8.757,43.781,439999.81,744238.705,284006.286,96.24209164,12866.72122,12551.667,2.729,434.927
6/26/2022 14:55,1013.8,43.97,8.747,43.784,440000.99,744256.21,284036.876,96.18541005,12851.93898,12472.131,2.67,433.629
6/26/2022 14:56,1013.8,43.97,8.655,43.786,440017.619,744270.076,284315.848,95.38683413,12717.50059,12225,2.712,433.119
6/26/2022 14:57,1013.759,43.97,8.528,43.783,440023.467,744288.6,284649.162,95.10608485,12557.752,12198.333,2.69,430.935
6/26/2022 14:58,1013.7,43.97,8.55,43.79,440011.419,744280.524,284488.038,95.68453312,12634.85517,12334.426,2.502,427.464
6/26/2022 14:59,1013.7,43.97,8.552,43.79,440013.924,744330.819,284501.914,95.56424681,12628.20626,12256.667,2.64,425.825
6/26/2022 15:00,1013.7,43.97,8.546,43.79,440019.371,744331.457,284503.41,95.30271966,12627.48953,12361.667,2.597,428.156
6/26/2022 15:01,1013.7,43.97,8.588,43.79,440015.01,744288.419,284378.648,95.51210139,12687.32916,12390.164,2.572,427.712
6/26/2022 15:02,1013.7,43.97,8.608,43.784,440021.99,744251.162,284352.933,95.17698788,12699.67949,12368.333,2.444,425.325
6/26/2022 15:03,1013.732,43.97,8.602,43.78,440025.381,744193.629,284394.171,95.01420818,12679.87657,12361.667,2.491,426.047
6/26/2022 15:04,1013.8,43.97,8.587,43.78,440031.352,744213.419,284435.01,94.72761774,12660.27966,12324.59,2.445,424.479
6/26/2022 15:05,1013.8,43.97,8.537,43.78,440034.286,744164.724,284581.933,94.5868122,12589.89616,12245,2.411,422.936
6/26/2022 15:06,1013.8,43.97,8.538,43.78,440024.81,744148.552,284544.257,95.04161705,12607.92716,12335,2.418,423.361
6/26/2022 15:07,1013.8,43.967,8.557,43.78,440027.838,744169.505,284494.01,94.89627351,12631.99339,12396.721,2.395,421.725
6/26/2022 15:08,1013.8,43.97,8.612,43.78,440027.438,744207.8,284324.981,94.91547273,12713.11065,12381.667,2.428,421.842
6/26/2022 15:09,1013.8,43.97,8.595,43.787,440028.229,744268.343,284377.619,94.87750648,12687.82326,12418.333,2.474,421.801
6/26/2022 15:10,1013.8,43.97,8.584,43.79,440024.267,744315.2,284412.486,95.06768229,12671.0862,12355.738,2.748,425.736
6/26/2022 15:11,1013.8,43.97,8.584,43.79,440032.362,744346.857,284388.819,94.67914552,12682.44583,12396.667,2.593,423.237
6/26/2022 15:12,1013.8,43.97,8.597,43.787,440026.752,744297.143,284373.648,94.9483999,12689.7301,12401.667,2.464,421.246
6/26/2022 15:13,1013.8,43.97,8.606,43.781,440031.914,744248.581,284364.048,94.7006459,12694.34051,12418.033,2.478,421.847
6/26/2022 15:14,1013.8,43.97,8.612,43.781,440033.495,744273.743,284337.571,94.62477191,12707.06022,12438.333,2.454,421.979
6/26/2022 15:15,1013.8,43.97,8.618,43.781,440033.086,744251.352,284317.819,94.64439996,12716.55313,12443.333,2.483,424.081
6/26/2022 15:16,1013.8,43.97,8.635,43.785,440023.076,744288.59,284247.038,95.12485442,12750.59838,12491.803,2.503,427.925
6/26/2022 15:17,1013.8,43.97,8.65,43.782,440026.876,744305.038,284225.914,94.94244801,12760.76725,12461.667,2.474,429.02
6/26/2022 15:18,1013.8,43.97,8.656,43.78,440022.705,744210.238,284207.895,95.14266411,12769.44444,12500,2.587,433.739
6/26/2022 15:19,1013.8,43.97,8.67,43.78,440025.857,744200.2,284182.4,94.99135979,12781.72653,12483.607,2.49,431.247
6/26/2022 15:20,1013.8,43.97,8.665,43.78,440023.819,744189.952,284203.324,95.08918762,12771.64609,12473.333,2.604,435.47
6/26/2022 15:21,1013.8,43.97,8.663,43.785,440025.895,744275.695,284192.238,94.98953578,12776.98646,12493.333,2.726,441.522
6/26/2022 15:22,1013.8,43.97,8.667,43.79,440018.105,744330.714,284165.638,95.36350059,12789.80458,12454.098,2.672,441.609
6/26/2022 15:23,1013.8,43.977,8.633,43.79,440028.819,744429.181,284262.543,94.84918834,12743.13688,12438.333,2.657,442.016
6/26/2022 15:24,1013.8,43.98,8.627,43.798,440028.733,744478.114,284263.019,94.85331604,12742.90785,12430,2.708,444.798
6/26/2022 15:25,1013.8,43.98,8.601,43.799,440028.981,744461.181,284335.21,94.84141294,12708.19476,12360.656,2.591,441.937
6/26/2022 15:26,1013.8,43.98,8.583,43.79,440032.067,744404.638,284377.762,94.6933031,12687.75459,12388.333,2.749,448.173
6/26/2022 15:27,1013.8,43.974,8.605,43.787,440034.095,744325.124,284329.933,94.59597812,12710.73069,12395,2.696,445.996
6/26/2022 15:28,1013.8,43.97,8.608,43.78,440031.352,744229.733,284329.981,94.72761774,12710.70762,12409.836,2.698,445.202
6/26/2022 15:29,1013.8,43.97,8.606,43.78,440030.99,744158.6,284341.276,94.74499129,12705.27996,12388.333,2.648,443.797
6/26/2022 15:30,1013.8,43.963,8.584,43.774,440030.219,744071.352,284433.086,94.78199466,12661.20259,12276.667,2.508,435.174
6/26/2022 15:31,1013.8,43.96,8.539,43.776,440029.924,744081.61,284551.362,94.79615311,12604.52591,12336.667,2.545,437.087
6/26/2022 15:32,1013.8,43.96,8.562,43.777,440028.8,744088.038,284442.762,94.85010028,12656.56142,12370.492,2.541,436.428
6/26/2022 15:33,1013.8,43.96,8.53,43.78,440039.448,744077.038,284561.314,94.3391113,12599.7625,12263.333,2.519,432.074
6/26/2022 15:34,1013.8,43.96,8.523,43.78,440038.648,744072.057,284552.848,94.37749728,12603.8146,12326.667,2.486,432.089
6/26/2022 15:35,1013.8,43.96,8.56,43.78,440034.771,744091.505,284442.724,94.56353771,12656.57965,12380.328,2.476,433.501
6/26/2022 15:36,1013.8,43.96,8.553,43.78,440039.01,744094.59,284503.419,94.36012751,12627.48522,12320,2.616,438.437
6/26/2022 15:37,1013.8,43.96,8.531,43.78,440038,744110.343,284542.238,94.40859056,12608.89376,12296.667,2.636,439.818
6/26/2022 15:38,1013.8,43.96,8.545,43.78,440029.352,744125.4,284473.133,94.82360643,12641.99899,12334.426,2.688,445.055
6/26/2022 15:39,1013.83,43.96,8.549,43.778,440026.933,744072.686,284466.667,94.93971206,12645.09868,12381.667,3.001,456.11
6/26/2022 15:40,1013.9,43.96,8.569,43.779,440023.905,744059.59,284405.781,95.08505934,12674.30396,12341.667,2.672,444.095
6/26/2022 15:41,1013.9,43.96,8.555,43.78,440020.038,744007.8,284466.19,95.27069774,12645.32736,12360.656,2.852,449.396
6/26/2022 15:42,1013.9,43.96,8.565,43.78,440019.229,744060.476,284417.714,95.30953701,12668.57753,12330,2.663,443.257
6/26/2022 15:43,1013.9,43.96,8.544,43.78,440014.733,744029.943,284492.2,95.52540168,12632.86071,12313.333,2.71,445.091
6/26/2022 15:44,1013.9,43.96,8.55,43.78,440017.467,744074.962,284454.581,95.39413193,12650.89345,12340.984,2.746,444.814
6/26/2022 15:45,1013.9,43.96,8.55,43.779,440013.562,744045.486,284457.162,95.58162897,12649.65586,12375,2.898,448.991
6/26/2022 15:46,1013.9,43.96,8.55,43.778,440013.838,743984.743,284464.8,95.56837626,12645.99375,12303.333,2.785,444.108
6/26/2022 15:47,1013.9,43.96,8.521,43.775,440012.448,743995.752,284527.114,95.63512106,12616.13551,12308.197,2.805,444.068
6/26/2022 15:48,1013.9,43.96,8.516,43.777,440022.552,744015.686,284550.381,95.15000886,12604.9955,12273.333,2.69,439.656
6/26/2022 15:49,1013.9,43.96,8.502,43.775,440025.619,744008.276,284600.762,95.00278395,12580.88954,12228.333,2.597,432.471
6/26/2022 15:50,1013.9,43.96,8.413,43.78,440041.01,744065.381,284879.457,94.26416519,12447.93582,12045.902,2.629,427.968
6/26/2022 15:51,1013.9,43.96,8.374,43.78,440046.657,744100.314,284922.171,93.99324506,12427.61779,12113.333,2.535,429.265
6/26/2022 15:52,1013.9,43.97,8.377,43.78,440042.914,744157.438,284882.067,94.17281414,12446.69385,12145,2.525,429
6/26/2022 15:53,1013.9,43.97,8.292,43.78,440051,744178.048,285179.267,93.78491517,12305.65481,11845.902,2.395,423.121
6/26/2022 15:54,1013.9,43.97,8.245,43.78,440058.495,744147.352,285242.505,93.4254472,12275.74263,11995,2.438,424.965
6/26/2022 15:55,1013.9,43.97,8.251,43.78,440055.781,744119.21,285224.6,93.5556046,12284.20838,11906.667,2.464,423.274
6/26/2022 15:56,1013.9,43.97,8.201,43.78,440060.019,744182.305,285356.867,93.35236396,12221.73566,11901.639,2.453,423.45
6/26/2022 15:57,1013.9,43.97,8.209,43.78,440055.914,744160.238,285291.181,93.54922598,12252.74185,11965,2.43,423.679
6/26/2022 15:58,1013.9,43.97,8.216,43.783,440052.133,744205.419,285257.81,93.7305704,12268.50839,11953.333,2.379,422.538
6/26/2022 15:59,1013.9,43.97,8.19,43.79,440064.305,744219.305,285339.771,93.14684635,12229.80202,11926.23,2.337,421.522
6/26/2022 16:00,1013.9,43.97,8.176,43.789,440065.714,744218.448,285369.629,93.07928899,12215.71583,11881.667,2.431,421.666
6/26/2022 16:01,1013.9,43.97,8.149,43.782,440066.638,744221.333,285432.238,93.03498741,12186.20351,11865,2.462,422.526
6/26/2022 16:02,1013.9,43.97,8.138,43.781,440064.4,744209.762,285448.457,93.14229129,12178.56377,11875.41,2.428,422.04
6/26/2022 16:03,1013.9,43.97,8.113,43.78,440070.752,744169.143,285515.181,92.83775405,12147.15816,11861.667,2.372,421.925
6/26/2022 16:04,1013.9,43.97,8.115,43.78,440072.343,744117.924,285503,92.76148454,12152.88865,11836.667,2.263,420.606
6/26/2022 16:05,1013.9,43.97,8.097,43.78,440079.619,744122.895,285532.105,92.41273098,12139.19847,11865.574,2.365,423.698
6/26/2022 16:06,1013.9,43.97,8.094,43.78,440077.105,744091.019,285533.162,92.53322397,12138.70142,11871.667,2.401,425.187
6/26/2022 16:07,1013.9,43.97,8.097,43.78,440069.829,744064.219,285501.495,92.8820025,12153.59676,11890,2.483,427.559
6/26/2022 16:08,1013.9,43.962,8.119,43.778,440072.638,744047.419,285462.981,92.74734318,12171.72437,11909.836,2.58,429.532
6/26/2022 16:09,1013.9,43.96,8.145,43.77,440058.933,743878.029,285396.514,93.40444264,12203.03878,11951.667,2.685,432.175
6/26/2022 16:10,1013.9,43.96,8.146,43.77,440056.81,743795.733,285427.676,93.50625486,12188.35278,11895,2.52,427.866
6/26/2022 16:11,1013.9,43.95,8.143,43.77,440062.078,743802.902,285437.01,93.2536299,12183.95549,11911.475,2.53,427.965
6/26/2022 16:12,1013.9,43.954,8.157,43.77,440066.694,743862.574,285395.426,93.0323025,12203.55169,11958.333,2.485,427.107
6/26/2022 16:13,1013.9,43.96,8.175,43.775,440073.784,743924.461,285360.402,92.69240872,12220.06806,11980,2.442,427.499
6/26/2022 16:14,1013.9,43.96,8.194,43.78,440065.486,743985.429,285306.448,93.09022073,12245.53196,11926.23,2.537,430.562
6/26/2022 16:15,1013.9,43.96,8.144,43.78,440066.238,744028.39,285448.724,93.05416544,12178.43803,11876.667,2.542,431.792
6/26/2022 16:16,1013.9,43.965,8.127,43.78,440061.314,744098.181,285460.257,93.29026488,12173.00697,11876.667,2.634,433.969
6/26/2022 16:17,1013.9,43.97,8.108,43.78,440067.324,744098.867,285484.476,93.0020976,12161.60562,11875.41,2.686,435.234
6/26/2022 16:18,1013.9,43.97,8.097,43.782,440065.371,744104.2,285522.352,93.09573457,12143.78519,11785,2.698,434.747
6/26/2022 16:19,1013.9,43.97,8.032,43.788,440077.305,744155.79,285703.657,92.52363789,12058.6532,11761.667,2.743,435.134
6/26/2022 16:20,1013.9,43.97,8.024,43.79,440078.829,744175.39,285697.505,92.4505938,12061.53725,11737.705,2.725,435.04
6/26/2022 16:21,1013.9,43.97,7.979,43.79,440079.41,744201.771,285811.59,92.42274777,12008.10736,11676.667,2.516,429.258
6/26/2022 16:22,1013.886,43.97,7.961,43.79,440088.105,744246.505,285824.829,92.00607097,12001.91434,11741.667,2.71,433.581
6/26/2022 16:23,1013.8,43.97,7.983,43.785,440073.286,744173.829,285745.152,92.71628054,12039.20892,11767.213,2.806,434.943
6/26/2022 16:24,1013.8,43.97,7.988,43.782,440075.133,744154.619,285748.086,92.62774559,12037.83463,11750,2.818,434.305
6/26/2022 16:25,1013.8,43.97,8.001,43.78,440076.238,744088.543,285708.686,92.57478023,12056.29586,11806.667,2.809,434.399
6/26/2022 16:26,1013.8,43.967,8.037,43.78,440063.733,743999.79,285611.552,93.17427282,12101.86589,11822.951,2.882,436.092
6/26/2022 16:27,1013.8,43.96,8.038,43.78,440060.4,743986.514,285630.333,93.33409365,12093.04853,11758.333,2.815,435.383
6/26/2022 16:28,1013.8,43.96,8.013,43.78,440073.476,744005.743,285709.41,92.70717278,12055.9565,11751.667,2.779,435.068
6/26/2022 16:29,1013.8,43.96,8.002,43.78,440082.486,744040.324,285724.114,92.27532966,12049.06534,11754.098,2.852,435.662
6/26/2022 16:30,1013.8,43.96,7.995,43.78,440079.076,744035.962,285743.619,92.43875559,12039.92701,11743.333,2.82,434.274
6/26/2022 16:31,1013.8,43.96,7.989,43.78,440090.562,744030.114,285773.229,91.88834674,12026.06063,11735,2.758,430.585
6/26/2022 16:32,1013.8,43.97,7.961,43.78,440085.781,744063.257,285850.286,92.11743026,11990.01013,11638.333,2.65,427.965
6/26/2022 16:33,1013.8,43.97,7.926,43.78,440087.914,744123.571,285945.257,92.01522286,11945.64896,11631.148,2.634,428.027
6/26/2022 16:34,1013.8,43.97,7.862,43.79,440101.171,744234.886,286105.276,91.38012374,11871.07918,11303.333,2.459,423.135
6/26/2022 16:35,1013.8,43.97,7.604,43.79,440135.39,744198.305,286881.362,89.74191352,11512.54253,11031.667,2.528,421.53
6/26/2022 16:36,1013.8,43.97,7.55,43.783,440128.714,744150.181,286880.352,90.06139672,11513.00576,11267.213,2.488,422.652
6/26/2022 16:37,1013.8,43.97,7.595,43.78,440116.305,744065.343,286699.771,90.65539709,11595.96983,11313.333,2.495,422.835
6/26/2022 16:38,1013.8,43.97,7.573,43.78,440122.514,744033.048,286786.581,90.35815522,11556.05183,11241.667,2.471,422.421
6/26/2022 16:39,1013.8,43.961,7.567,43.776,440130.248,743943.933,286809.429,89.98798103,11545.55637,11278.689,2.418,422.507
6/26/2022 16:40,1013.8,43.96,7.535,43.77,440134.314,743947.314,286899.895,89.79340191,11504.04397,11150,2.575,422.992
6/26/2022 16:41,1013.8,43.96,7.483,43.77,440137.305,743885.838,287009.21,89.65028151,11453.97617,11176.667,2.539,423.175
6/26/2022 16:42,1013.8,43.96,7.505,43.77,440133.914,743906.914,286916.886,89.81254297,11496.2551,11252.459,2.486,423.857
6/26/2022 16:43,1013.8,43.96,7.513,43.779,440135.876,743936.962,286882.829,89.71865813,11511.86971,11268.333,2.484,425.613
6/26/2022 16:44,1013.8,43.96,7.52,43.779,440140.086,743959.714,286860.629,89.51722064,11522.05343,11258.333,2.412,427.084
6/26/2022 16:45,1013.8,43.964,7.518,43.78,440148.629,744024.952,286854.676,89.10853479,11524.78495,11288.525,2.556,430.537
6/26/2022 16:46,1013.8,43.97,7.536,43.78,440150.324,744065.01,286808.657,89.02746008,11545.91092,11250,2.524,430.06
6/26/2022 16:47,1013.849,43.97,7.511,43.78,440147.476,744092.448,286891.59,89.16368697,11507.85197,11228.333,2.516,430.944
6/26/2022 16:48,1013.9,43.97,7.518,43.782,440146.724,744174.571,286843.419,89.19965885,11529.95102,11268.852,2.565,432.648
6/26/2022 16:49,1013.9,43.97,7.525,43.787,440142.152,744193.238,286819.438,89.41837679,11540.96005,11276.667,2.59,431.149
6/26/2022 16:50,1013.9,43.974,7.515,43.79,440150.686,744260.229,286850.79,89.01014551,11526.56819,11243.333,2.506,430.475
6/26/2022 16:51,1013.9,43.98,7.515,43.79,440141.429,744272.571,286823.552,89.45296669,11539.07107,11296.721,2.478,429.313
6/26/2022 16:52,1013.9,43.98,7.516,43.79,440136.076,744243.448,286810.61,89.70908811,11545.01399,11285,2.501,431.017
6/26/2022 16:53,1013.9,43.975,7.521,43.79,440145.048,744203.752,286814.429,89.27983297,11543.26017,11293.333,2.522,430.963
6/26/2022 16:54,1013.9,43.97,7.529,43.782,440147.543,744134.371,286804.314,89.16048207,11547.90561,11291.803,2.498,430.257
6/26/2022 16:55,1013.9,43.97,7.529,43.78,440142.943,744076.848,286796.41,89.38053444,11551.53623,11311.667,2.569,433.139
6/26/2022 16:56,1013.9,43.97,7.541,43.78,440153.648,744084.171,286795.838,88.86847893,11551.799,11231.667,2.436,429.24
6/26/2022 16:57,1013.9,43.965,7.416,43.777,440170.333,743979.61,287200.438,88.07069228,11366.63821,10981.967,2.312,425.188
6/26/2022 16:58,1013.866,43.96,7.363,43.772,440168.962,743939.152,287258.505,88.13623176,11340.18,11163.333,2.496,431.9
6/26/2022 16:59,1013.8,43.96,7.44,43.77,440149.552,743884.648,286985.467,89.06438566,11464.84206,11235,2.698,438.313
6/26/2022 17:00,1013.8,43.96,7.48,43.77,440140.467,743905.114,286886.048,89.49899198,11510.39342,11265.574,2.907,443.328
6/26/2022 17:01,1013.8,43.96,7.49,43.775,440141.552,743929.838,286871.219,89.44708205,11517.19499,11286.667,2.978,444.745
6/26/2022 17:02,1013.8,43.963,7.513,43.78,440147.59,744036.19,286812.952,89.15823386,11543.93844,11325,3.105,447.63
6/26/2022 17:03,1013.8,43.97,7.539,43.788,440138.019,744126.543,286734.276,89.61611816,11580.09558,11280.328,2.983,443.609
6/26/2022 17:04,1013.8,43.97,7.47,43.79,440154.495,744241.629,286962.724,88.8279708,11475.25485,11136.667,2.724,436.164
6/26/2022 17:05,1013.8,43.975,7.418,43.79,440160.914,744261.343,287085.257,88.5210113,11419.2062,11171.667,2.87,439.476
6/26/2022 17:06,1013.8,43.98,7.444,43.79,440143.238,744218.276,286950.867,89.36642152,11480.68529,11255.738,3.01,442.663
6/26/2022 17:07,1013.8,43.98,7.43,43.79,440144.59,744219.619,287030.41,89.3017428,11444.27817,11098.333,2.753,435.972
6/26/2022 17:08,1013.8,43.976,7.386,43.79,440151.695,744196.324,287137.99,88.9618857,11395.12498,11133.333,2.842,438.43
6/26/2022 17:09,1013.8,43.97,7.41,43.79,440151.333,744172.505,287043.048,88.97919977,11438.49872,11172.131,2.906,439.474
6/26/2022 17:10,1013.8,43.97,7.369,43.781,440160.771,744140.657,287210.457,88.52784901,11362.07098,11045,2.713,432.206
6/26/2022 17:11,1013.8,43.97,7.349,43.78,440158.914,744043.771,287244.952,88.61664618,11346.35282,11113.333,2.651,433.111
6/26/2022 17:12,1013.8,43.969,7.348,43.78,440163.162,743954.086,287240.867,88.41352422,11348.21368,11061.667,2.574,432.42
6/26/2022 17:13,1013.8,43.96,7.322,43.773,440167.486,743933.114,287295.4,88.20679355,11323.38387,11045.902,2.537,430.542
6/26/2022 17:14,1013.8,43.96,7.279,43.77,440175.895,743818.562,287440.457,87.80483193,11257.46142,10970,2.52,428.735
6/26/2022 17:15,1013.8,43.96,7.265,43.77,440166.971,743799.981,287453.019,88.23141439,11251.76102,11008.333,2.505,429.287
6/26/2022 17:16,1013.8,43.96,7.253,43.77,440169.79,743784.124,287498.695,88.09664962,11231.04555,10940.984,2.473,426.846
6/26/2022 17:17,1013.8,43.96,7.242,43.773,440168.619,743858.029,287482.657,88.15262899,11238.31723,11028.333,2.545,429.505
6/26/2022 17:18,1013.8,43.96,7.255,43.78,440168.381,743906.6,287429.086,88.16400675,11262.62254,11051.667,2.581,432.024
6/26/2022 17:19,1013.8,43.96,7.292,43.78,440152.467,743896.581,287312.552,88.92496238,11315.57956,11122.951,2.759,436.644
6/26/2022 17:20,1013.8,43.96,7.324,43.772,440148.971,743817.305,287224.686,89.09217604,11355.58609,11131.667,2.851,439.79
6/26/2022 17:21,1013.721,43.96,7.312,43.77,440150.848,743805.219,287305.324,89.00239707,11318.86805,11048.333,2.743,437.811
6/26/2022 17:22,1013.7,43.96,7.305,43.77,440145.429,743741.39,287301.314,89.2616069,11320.69266,11095.082,2.772,439.797
6/26/2022 17:23,1013.7,43.96,7.321,43.773,440137.495,743795.933,287243.276,89.64119035,11347.11628,11106.667,2.892,444.971
6/26/2022 17:24,1013.7,43.96,7.32,43.78,440134.295,743884.771,287219.333,89.7943111,11358.02552,11123.333,2.91,447.225
6/26/2022 17:25,1013.7,43.97,7.33,43.786,440136.524,744018.762,287201.895,89.68765145,11365.97397,11091.803,2.778,446.163
6/26/2022 17:26,1013.7,43.97,7.315,43.79,440142.029,744111.419,287224.962,89.42426133,11355.46032,11096.667,2.962,451.516
6/26/2022 17:27,1013.7,43.979,7.304,43.79,440152.371,744218.781,287252.486,88.92955384,11342.92121,11080,3.04,455.266
6/26/2022 17:28,1013.7,43.98,7.278,43.792,440149.181,744246.219,287321.838,89.08213127,11311.3554,11016.393,2.861,451.664
6/26/2022 17:29,1013.7,43.98,7.225,43.79,440155.914,744166.371,287465.667,88.76010873,11246.02297,10976.667,2.856,452.899
6/26/2022 17:30,1013.7,43.98,7.228,43.79,440167.743,744166.095,287429.943,88.19450718,11262.23352,11031.667,3.125,460.224
6/26/2022 17:31,1013.7,43.97,7.261,43.783,440149.362,744044.381,287332.448,89.07347368,11306.52987,11036.066,3.08,459
6/26/2022 17:32,1013.7,43.97,7.247,43.78,440153.476,743963.752,287416.981,88.87670502,11268.11803,11026.667,2.908,453.485
6/26/2022 17:33,1013.7,43.967,7.257,43.774,440151.59,743871.895,287378.686,88.96690772,11285.51168,11028.333,2.798,448.407
6/26/2022 17:34,1013.7,43.96,7.219,43.773,440157.286,743841.476,287542.924,88.694497,11211.00344,10827.869,2.531,434.42
6/26/2022 17:35,1013.7,43.96,7.095,43.773,440182.305,743819.19,287913.99,87.49849008,11043.51969,10730,2.492,432.585
6/26/2022 17:36,1013.7,43.96,7.07,43.78,440178.314,743826.248,287888.667,87.68921833,11054.91179,10835,2.568,434.895
6/26/2022 17:37,1013.7,43.964,7.08,43.78,440179.19,743908.686,287840.162,87.64735279,11076.74822,10824.59,2.501,433.415
6/26/2022 17:38,1013.7,43.97,7.07,43.78,440185.152,743882.162,287859.667,87.36244641,11067.96484,10846.667,2.495,433.665
6/26/2022 17:39,1013.7,43.97,7.093,43.78,440189.171,743879.762,287785.295,87.17041765,11101.47313,10895,2.57,438.037
6/26/2022 17:40,1013.7,43.965,7.095,43.78,440185.381,743873.581,287793.571,87.35150414,11097.74203,10850.82,2.528,436.523
6/26/2022 17:41,1013.7,43.96,7.091,43.78,440186.048,743845.362,287798.971,87.31963341,11095.30784,10855,2.524,435.889
6/26/2022 17:42,1013.7,43.968,7.1,43.782,440188.181,743846.038,287767.962,87.21771803,11109.28935,10928.333,2.515,435.124
6/26/2022 17:43,1013.7,43.97,7.141,43.79,440184.8,743977.762,287656.19,87.3792661,11159.75432,10968.852,2.538,436.845
6/26/2022 17:44,1013.7,43.97,7.15,43.79,440184.952,744028.971,287627.638,87.37200303,11172.66276,10928.333,2.599,437.794
6/26/2022 17:45,1013.7,43.971,7.149,43.791,440182.229,744091.4,287629.81,87.50212188,11171.68054,10960,2.58,432.72
6/26/2022 17:46,1013.7,43.98,7.144,43.79,440182.533,744081.648,287646.429,87.48759471,11164.16651,10940.984,2.574,427.519
6/26/2022 17:47,1013.7,43.98,7.182,43.79,440163.505,744031.429,287518.8,88.39712444,11221.933,11018.333,2.671,429.06
6/26/2022 17:48,1013.7,43.98,7.196,43.79,440163.257,744049.914,287498.086,88.40898199,11231.32163,11023.333,2.601,429.762
6/26/2022 17:49,1013.7,43.971,7.203,43.79,440166.99,744057.99,287476.105,88.23050604,11241.28857,11022.951,2.608,430.43
6/26/2022 17:50,1013.7,43.97,7.21,43.79,440171.6,744040.41,287466.086,88.0101267,11245.8329,11046.667,2.589,430.073
6/26/2022 17:51,1013.7,43.97,7.227,43.789,440171.152,743969.133,287422.905,88.0315419,11265.42846,11066.667,2.635,431.246
6/26/2022 17:52,1013.7,43.97,7.241,43.783,440163.505,743901.867,287413.457,88.39712444,11269.71811,11026.23,2.517,428.124
6/26/2022 17:53,1013.7,43.97,7.209,43.78,440168.99,743922.248,287513.962,88.13489322,11224.1255,10948.333,2.389,424.432
6/26/2022 17:54,1013.7,43.97,7.175,43.788,440173.2,743958.667,287590.762,87.93364608,11189.34487,10960,2.459,425.645
6/26/2022 17:55,1013.7,43.97,7.167,43.79,440182.01,744011.924,287606.933,87.51258726,11182.02793,10965.574,2.44,425.095
6/26/2022 17:56,1013.7,43.97,7.157,43.79,440179.895,744012.524,287608.733,87.61366039,11181.21361,10950,2.415,425.372
6/26/2022 17:57,1013.7,43.97,7.144,43.79,440187.324,743988.19,287658.505,87.258665,11158.70801,10933.333,2.347,424.096
6/26/2022 17:58,1013.7,43.97,7.145,43.789,440189.086,743961.105,287664.752,87.17447874,11155.88479,10945,2.202,420.32
6/26/2022 17:59,1013.7,43.97,7.153,43.79,440190.6,743957.648,287629.067,87.10214501,11172.01654,10965.574,2.346,422.125
6/26/2022 18:00,1013.7,43.97,7.158,43.79,440184.143,744025.695,287616.095,87.41066013,11177.88337,10931.667,2.406,421.51
6/26/2022 18:01,1013.7,43.975,7.15,43.793,440185.114,744083.143,287643.01,87.36426216,11165.71216,10995,2.456,421.924
6/26/2022 18:02,1013.7,43.98,7.181,43.8,440173.848,744148.038,287533.124,87.90267242,11215.4428,11011.475,2.552,422.153
6/26/2022 18:03,1013.7,43.98,7.195,43.8,440174.867,744201.562,287484.857,87.85396655,11237.31962,11051.667,2.442,420.247
6/26/2022 18:04,1013.7,43.98,7.227,43.796,440176.143,744153.21,287377.038,87.79297866,11286.26049,11145,2.403,419.863
6/26/2022 18:05,1013.7,43.98,7.29,43.79,440176.79,744115.829,287234.743,87.7620554,11351.00364,11170.492,2.458,421.132
6/26/2022 18:06,1013.7,43.975,7.282,43.789,440182.686,744050.429,287313.8,87.48028338,11315.0118,11010,2.486,420.785
6/26/2022 18:07,1013.7,43.97,7.177,43.78,440187.476,743945.267,287635.057,87.25140246,11169.30793,10916.667,2.511,421.095
6/26/2022 18:08,1013.7,43.969,7.192,43.78,440187.181,743844.067,287546.81,87.26549756,11209.24333,11037.705,2.428,420.46
6/26/2022 18:09,1013.7,43.96,7.219,43.78,440184.133,743768.724,287472.676,87.41113797,11242.84377,11048.333,2.401,419.481
6/26/2022 18:10,1013.7,43.96,7.235,43.78,440186.038,743764.41,287456.038,87.32011123,11250.39126,11065,2.431,420.687
6/26/2022 18:11,1013.7,43.961,7.241,43.78,440179.705,743821.79,287432.952,87.62274054,11260.8677,11049.18,2.392,420.498
6/26/2022 18:12,1013.7,43.97,7.247,43.79,440185.219,743935.229,287406.419,87.35924495,11272.91405,11083.333,2.431,421.314
6/26/2022 18:13,1013.7,43.97,7.253,43.793,440177.886,744034.267,287360.048,87.70967356,11293.98166,11103.333,2.425,421.357
6/26/2022 18:14,1013.7,43.978,7.269,43.797,440175.8,744065.514,287298.686,87.80937252,11321.88851,11121.311,2.468,422.159
6/26/2022 18:15,1013.7,43.98,7.288,43.791,440181.667,744103.933,287272.39,87.52897838,11333.8576,11125,2.371,420.426
6/26/2022 18:16,1013.7,43.975,7.295,43.79,440180.59,744016.305,287267.543,87.58044656,11336.06444,11150,2.446,421.957
6/26/2022 18:17,1013.7,43.97,7.309,43.79,440172.657,743953.657,287225.648,87.9596013,11355.14772,11134.426,2.451,422.158
6/26/2022 18:18,1013.706,43.97,7.3,43.787,440174.029,743890.467,287288.695,87.89402093,11326.43539,11106.667,2.443,422.424
6/26/2022 18:19,1013.8,43.97,7.301,43.789,440171.267,743875.381,287278.381,88.02604467,11331.13017,11111.667,2.466,422.759
6/26/2022 18:20,1013.8,43.97,7.291,43.79,440174.076,743935.419,287301.133,87.89177442,11320.77502,11078.689,2.484,422.917
6/26/2022 18:21,1013.8,43.97,7.245,43.79,440176.514,743964.095,287428.257,87.77524671,11262.99885,10966.667,2.386,421.467
6/26/2022 18:22,1013.8,43.97,7.212,43.79,440180.857,743914.571,287505.99,87.56768689,11227.73871,10950,2.364,420.876
6/26/2022 18:23,1013.8,43.97,7.134,43.79,440195.181,743920.114,287761.533,86.8832996,11112.18912,10783.607,2.513,421.498
6/26/2022 18:24,1013.8,43.97,7.093,43.79,440197.038,743896.962,287809.543,86.79459439,11090.54298,10880,2.472,421.52
6/26/2022 18:25,1013.8,43.97,7.101,43.79,440192.21,743867.971,287759.762,87.02522816,11112.98799,10881.667,2.417,420.977
6/26/2022 18:26,1013.8,43.97,7.093,43.785,440203.924,743868.171,287798.695,86.46570494,11095.43225,10834.426,2.382,420.616
6/26/2022 18:27,1013.8,43.97,7.078,43.787,440204.543,743826.343,287852.971,86.4361434,11070.97978,10841.667,2.377,420.571
6/26/2022 18:28,1013.8,43.97,7.063,43.788,440208.714,743831.876,287878.362,86.23696292,11059.5493,10821.667,2.382,421.26
6/26/2022 18:29,1013.8,43.97,7.048,43.79,440212.314,743890.362,287919.676,86.06506887,11040.96248,10759.016,2.398,422.035
6/26/2022 18:30,1013.8,43.97,7.004,43.79,440214.41,743904.019,288035.448,85.96499649,10988.95584,10768.333,2.515,424.023
6/26/2022 18:31,1013.8,43.97,6.966,43.789,440207.629,743897.038,288152.467,86.28877335,10936.50616,10575,2.398,421.861
6/26/2022 18:32,1013.8,43.97,6.901,43.79,440211.333,743894.305,288295.876,86.11190825,10872.38867,10675.41,2.565,425.303
6/26/2022 18:33,1013.8,43.97,6.91,43.786,440210.914,743911.19,288231.219,86.13191445,10901.27462,10670,2.657,426.783
6/26/2022 18:34,1013.845,43.97,6.902,43.79,440218,743909.086,288257.01,85.79360782,10889.74801,10681.667,2.659,426.43
6/26/2022 18:35,1013.9,43.97,6.929,43.782,440203.762,743866.295,288156.524,86.47344165,10934.68986,10731.148,2.789,428.739
6/26/2022 18:36,1013.9,43.97,6.951,43.79,440195.629,743870.552,288082.981,86.86189909,10967.63663,10761.667,2.781,428.854
6/26/2022 18:37,1013.9,43.97,6.949,43.79,440202.486,743873.419,288112.59,86.53438141,10954.3664,10746.667,2.794,429.501
6/26/2022 18:38,1013.9,43.97,6.951,43.79,440198.295,743889.571,288085.362,86.73455267,10966.56923,10749.18,2.841,430.975
6/26/2022 18:39,1013.9,43.97,6.983,43.79,440194.686,743907.048,287985.838,86.90694556,11011.22733,10863.333,2.773,430.898
6/26/2022 18:40,1013.9,43.97,7.024,43.79,440193.99,743959.79,287882.857,86.94019378,11057.52632,10805,2.611,427.058
6/26/2022 18:41,1013.9,43.97,6.986,43.79,440199.057,743961.8,288017.752,86.69815611,10996.8977,10803.279,2.654,427.769
6/26/2022 18:42,1013.9,43.97,7,43.79,440201.933,743907.724,287958.105,86.56079252,11023.68677,10826.667,2.7,428.569
6/26/2022 18:43,1013.9,43.97,7.028,43.784,440191.486,743798.171,287876.562,87.05981642,11060.35944,10873.333,2.685,427.704
6/26/2022 18:44,1013.9,43.966,7.055,43.78,440192.419,743679.952,287816.343,87.01524356,11087.47868,10881.967,2.689,427.847
6/26/2022 18:45,1013.9,43.96,7.069,43.774,440194.752,743585.171,287806.571,86.90379274,11091.88238,10940,2.572,426.145
6/26/2022 18:46,1013.9,43.96,7.162,43.77,440183.19,743510.162,287542.714,87.45619924,11211.09856,11146.667,2.514,423.668
6/26/2022 18:47,1013.9,43.96,7.229,43.774,440183.21,743550.438,287381.457,87.45524352,11284.25267,11168.333,2.501,422.948
6/26/2022 18:48,1013.9,43.96,7.293,43.78,440177.305,743628.267,287215.257,87.73744147,11359.88318,11203.279,2.576,423.382
6/26/2022 18:49,1013.9,43.965,7.313,43.786,440169.962,743759.648,287159.581,88.08842736,11385.27206,11225,2.546,423.66
6/26/2022 18:50,1013.887,43.97,7.365,43.79,440171.419,743782.771,287031.648,88.01877879,11443.71196,11355,2.405,422.03
6/26/2022 18:51,1013.8,43.97,7.421,43.78,440169.086,743740.41,286895.276,88.13030394,11506.16179,11319.672,2.469,423.489
6/26/2022 18:52,1013.8,43.97,7.448,43.781,440158.819,743742.514,286835.371,88.62118897,11533.64509,11386.667,2.394,422.023
6/26/2022 18:53,1013.8,43.97,7.47,43.78,440149.181,743725.943,286804.2,89.08213127,11547.95797,11323.333,2.387,422.648
6/26/2022 18:54,1013.8,43.97,7.457,43.78,440155.667,743714.01,286883.114,88.77192103,11511.739,11309.836,2.421,423.679
6/26/2022 18:55,1013.8,43.97,7.455,43.786,440163,743776.181,286890.571,88.42126994,11508.31924,11271.667,2.39,423.218
6/26/2022 18:56,1013.8,43.97,7.411,43.79,440175.305,743838.381,287027.295,87.83303158,11445.70289,11133.333,2.56,423.925
6/26/2022 18:57,1013.8,43.97,7.29,43.79,440180.114,743855.114,287374.962,87.60319438,11287.2038,10988.525,2.662,423.677
6/26/2022 18:58,1013.8,43.97,7.261,43.79,440166.514,743808.619,287350.4,88.2532627,11298.36733,11121.667,2.524,423.355
6/26/2022 18:59,1013.8,43.97,7.311,43.783,440160.743,743716.133,287205.571,88.52918787,11364.29819,11176.667,2.44,422.468
6/26/2022 19:00,1013.8,43.967,7.363,43.78,440168.638,743664.552,287092.543,88.15172068,11415.87752,11316.393,2.533,421.763
6/26/2022 19:01,1013.8,43.96,7.428,43.78,440159.286,743640.886,286919.867,88.59885768,11494.88884,11261.667,2.351,418.928
6/26/2022 19:02,1013.8,43.96,7.414,43.78,440155.619,743606.295,286994.095,88.77421655,11460.89293,11301.667,2.671,421.574
6/26/2022 19:03,1013.8,43.96,7.423,43.78,440158.857,743640.61,286984.2,88.61937185,11465.42203,11186.885,2.46,418.898
6/26/2022 19:04,1013.8,43.967,7.375,43.785,440163.933,743714.457,287110.419,88.3766608,11407.71265,11241.667,2.36,418.288
6/26/2022 19:05,1013.8,43.97,7.408,43.79,440158.362,743770.2,286982.714,88.64304236,11466.10227,11298.333,2.404,419.414
6/26/2022 19:06,1013.8,43.97,7.425,43.79,440150.514,743822.895,286920.714,89.0183723,11494.50065,11304.918,2.381,418.913
6/26/2022 19:07,1013.8,43.97,7.442,43.79,440152.61,743881.552,286881.676,88.91812305,11512.39851,11306.667,2.417,419.52
6/26/2022 19:08,1013.8,43.97,7.425,43.79,440160.419,743859.533,286956.238,88.54468042,11478.22525,11246.667,2.417,419.772
6/26/2022 19:09,1013.8,43.97,7.416,43.79,440162.267,743840.267,286977.162,88.4563174,11468.64395,11277.049,2.414,420.921
6/26/2022 19:10,1013.8,43.97,7.42,43.79,440164.219,743797.562,286966.524,88.36298663,11473.51472,11258.333,2.439,422.552
6/26/2022 19:11,1013.886,43.97,7.418,43.788,440158.562,743760.905,286981.162,88.63347848,11466.81274,11231.667,2.503,424.605
6/26/2022 19:12,1013.9,43.97,7.396,43.781,440162.276,743681.676,287068.562,88.45588707,11426.83517,11132.787,2.424,423.721
6/26/2022 19:13,1013.9,43.97,7.364,43.78,440165.343,743681.543,287143.905,88.3092473,11392.42531,11190,2.472,425.22
6/26/2022 19:14,1013.9,43.97,7.368,43.785,440161.371,743701.324,287116.324,88.4991595,11405.01615,11183.333,2.478,426.104
6/26/2022 19:15,1013.9,43.97,7.362,43.79,440165.876,743809.2,287116.086,88.28376475,11405.12482,11196.721,2.532,427.469
6/26/2022 19:16,1013.9,43.97,7.366,43.79,440164.905,743873.943,287100.857,88.33018823,11412.07976,11186.667,2.518,428.758
6/26/2022 19:17,1013.9,43.97,7.365,43.79,440167.724,743866.619,287103.133,88.1954155,11411.04021,11190,2.507,429.245
6/26/2022 19:18,1013.9,43.97,7.371,43.79,440168.333,743872.095,287074.39,88.16630143,11424.17173,11221.311,2.516,427.346
6/26/2022 19:19,1013.9,43.97,7.381,43.79,440151.814,743819.569,287043.578,88.9561941,11438.25638,11226.667,2.506,426.611
6/26/2022 19:20,1013.9,43.97,7.393,43.79,440146.552,743792.629,287013.086,89.20788656,11452.20279,11243.333,2.408,422.823
6/26/2022 19:21,1013.9,43.97,7.404,43.79,440148.6,743799.467,286979.81,89.10992195,11467.43168,11314.754,2.563,423.241
6/26/2022 19:22,1013.9,43.97,7.429,43.79,440150.657,743759.838,286899.352,89.01153259,11504.29292,11313.333,2.507,424.058
6/26/2022 19:23,1013.9,43.97,7.456,43.79,440145.971,743765.867,286851.552,89.23567933,11526.21851,11333.333,2.541,424.391
6/26/2022 19:24,1013.9,43.97,7.468,43.787,440151.705,743685.8,286833.01,88.96140741,11534.7289,11342.623,2.539,425.196
6/26/2022 19:25,1013.9,43.97,7.474,43.781,440153.429,743678.552,286821.705,88.87895286,11539.91912,11330,2.536,425.568
6/26/2022 19:26,1013.9,43.969,7.403,43.78,440165.933,743656.771,287093.419,88.28103963,11415.47735,11030,2.41,422.02
6/26/2022 19:27,1013.9,43.96,7.349,43.78,440166.419,743630.371,287185.895,88.25780451,11373.26926,11198.361,2.485,424.311
6/26/2022 19:28,1013.9,43.96,7.371,43.776,440165.41,743561.01,287106.533,88.30604404,11409.48735,11210,2.491,425.026
6/26/2022 19:29,1013.9,43.96,7.389,43.771,440162.581,743489.952,287087.962,88.4413038,11417.97034,11220,2.51,425.742
6/26/2022 19:30,1013.9,43.96,7.393,43.77,440160.171,743495.267,287078.905,88.55653902,11422.10853,11173.77,2.542,426.648
6/26/2022 19:31,1013.9,43.96,7.336,43.772,440178.39,743527.057,287251.467,87.68558612,11343.38532,11075,2.474,425.098
6/26/2022 19:32,1013.9,43.96,7.291,43.78,440177.781,743602.362,287338.362,87.71469183,11303.84054,10968.333,2.469,425.007
6/26/2022 19:33,1013.9,43.961,7.203,43.785,440179.086,743654.352,287567.638,87.65232307,11199.81176,10970,2.485,425.404
6/26/2022 19:34,1013.9,43.97,7.186,43.79,440179.19,743700.448,287572.067,87.64735279,11197.80665,10862.295,2.391,423.376
6/26/2022 19:35,1013.9,43.969,7.033,43.784,440198.952,743640.743,288053.057,86.70317134,10981.05569,10663.333,2.575,422.219
6/26/2022 19:36,1013.9,43.96,6.984,43.78,440195.905,743552.59,288115.124,86.84871499,10953.23106,10715,2.483,423.105
6/26/2022 19:37,1013.9,43.96,6.984,43.771,440207.438,743479.886,288104.057,86.29789406,10958.18997,10704.918,2.447,422.549
6/26/2022 19:38,1013.9,43.96,6.912,43.77,440215.238,743428.076,288347.552,85.92546573,10849.32793,10598.333,2.528,422.628
6/26/2022 19:39,1013.9,43.96,6.902,43.778,440216.314,743495.162,288286.038,85.87409624,10876.78155,10681.667,2.506,423.676
6/26/2022 19:40,1013.9,43.96,6.908,43.78,440200.676,743534.971,288231.486,86.620828,10901.15526,10683.607,2.538,424.098
6/26/2022 19:41,1013.9,43.96,6.908,43.78,440203.362,743555.667,288225.162,86.49254478,10903.98246,10696.667,2.616,425.838
6/26/2022 19:42,1013.971,43.96,6.904,43.78,440186.152,743516.01,288227.924,87.31466411,10902.74764,10668.333,2.713,427.085
6/26/2022 19:43,1014,43.96,6.858,43.78,440193.629,743451.324,288402.486,86.95743917,10824.83847,10511.475,2.657,425.143
6/26/2022 19:44,1014,43.96,6.798,43.778,440209.962,743445.533,288553.81,86.17737098,10757.51275,10531.667,2.702,425.674
6/26/2022 19:45,1014,43.96,6.792,43.773,440214.39,743396.076,288543.829,85.96595135,10761.94734,10541.667,2.733,426.26
6/26/2022 19:46,1014,43.96,6.76,43.779,440212.724,743421.038,288659.667,86.04549317,10710.53287,10319.672,2.751,425.502
6/26/2022 19:47,1014,43.96,6.621,43.78,440229.448,743527.21,289074.39,85.24719124,10527.40501,10162,2.633,423.542
6/26/2022 19:48,1014,43.96,6.479,43.78,440252.333,743565.638,289435.924,84.15541953,10368.97042,10024.167,2.573,422.36
6/26/2022 19:49,1014,43.96,6.424,43.78,440254.419,743600.229,289509.029,84.05593856,10337.07033,10181.967,2.659,424.072
6/26/2022 19:50,1014,43.966,6.485,43.781,440249.438,743586.571,289268.448,84.2934914,10442.22347,10253.333,2.672,425.479
6/26/2022 19:51,1014,43.97,6.468,43.783,440251.581,743633.314,289347.743,84.19128373,10407.51022,10160,2.649,425.738
6/26/2022 19:52,1014,43.97,6.465,43.788,440248.667,743615.114,289309.771,84.33026481,10424.12661,10222.951,2.722,427.302
6/26/2022 19:53,1014,43.97,6.452,43.781,440242.533,743580.838,289330.829,84.6228593,10414.91018,10158.333,2.694,428.167
6/26/2022 19:54,1014,43.967,6.43,43.781,440235.314,743563,289352.429,84.96727458,10405.4605,10195,2.736,429.808
6/26/2022 19:55,1014,43.96,6.428,43.78,440245.371,743545.505,289374.257,84.48747907,10395.91516,10177.049,2.718,430.024
6/26/2022 19:56,1014,43.96,6.421,43.78,440256.505,743507.162,289403.257,83.95646353,10383.23984,10186.667,2.744,431.196
6/26/2022 19:57,1014,43.96,6.421,43.78,440251.486,743517.2,289389.457,84.1958145,10389.27064,10208.333,2.777,433.16
6/26/2022 19:58,1014,43.96,6.437,43.78,440257.59,743526.962,289358.838,83.90472552,10402.65743,10186.885,2.657,430.431
6/26/2022 19:59,1014,43.965,6.422,43.781,440263.533,743630.133,289389.59,83.62136322,10389.21251,10205,2.726,431.656
6/26/2022 20:00,1014,43.97,6.42,43.783,440252.781,743576.829,289376.333,84.13405398,10395.00754,10218.333,2.771,432.797
6/26/2022 20:01,1014,43.964,6.448,43.78,440249.733,743554.8,289298.924,84.27942138,10428.87548,10254.098,2.807,434.273
6/26/2022 20:02,1014,43.96,6.464,43.78,440248.705,743535.8,289252.238,84.32845235,10449.32643,10238.333,2.853,434.019
6/26/2022 20:03,1014,43.96,6.464,43.78,440248.152,743486.238,289265.486,84.35482856,10443.5212,10278.333,2.906,435.587
6/26/2022 20:04,1014,43.96,6.486,43.78,440242.781,743450.971,289200.276,84.61102859,10472.11059,10296.721,2.935,436.362
6/26/2022 20:05,1014,43.96,6.514,43.78,440235.838,743421,289124.248,84.94227238,10505.48898,10343.333,2.959,439.77
6/26/2022 20:06,1014,43.96,6.533,43.78,440234.381,743416.286,289062.267,85.01179279,10532.73714,10338.333,2.919,439.192
6/26/2022 20:07,1014,43.96,6.527,43.784,440239.476,743492.19,289093.933,84.76869872,10518.81197,10322.951,2.849,438.846
6/26/2022 20:08,1014,43.96,6.526,43.785,440244.676,743502.81,289083.305,84.52063142,10523.48469,10346.667,2.932,441.555
6/26/2022 20:09,1014,43.96,6.545,43.781,440244.771,743503.324,289033.295,84.51609976,10545.48517,10376.667,2.791,440.772
6/26/2022 20:10,1014,43.96,6.569,43.78,440239.181,743529.648,288980.295,84.78277288,10568.8245,10381.967,2.998,444.609
6/26/2022 20:11,1014,43.96,6.577,43.78,440238.257,743562.743,288962.267,84.82685677,10576.7689,10405,3.068,448.689
6/26/2022 20:12,1014,43.969,6.585,43.787,440243.648,743622.867,288908.238,84.56966949,10600.59461,10393.333,2.929,445.419
6/26/2022 20:13,1014,43.97,6.575,43.79,440242.162,743648.59,288955.01,84.64055781,10579.96763,10390.164,3.03,447.857
6/26/2022 20:14,1014,43.97,6.58,43.783,440239.752,743595.248,288932.6,84.75553115,10589.84834,10396.667,3.058,448.28
6/26/2022 20:15,1014,43.97,6.59,43.782,440235.705,743572.981,288909.962,84.94861832,10599.83397,10426.667,3.199,450.921
6/26/2022 20:16,1014,43.97,6.614,43.79,440234.114,743602.248,288861.905,85.02453294,10621.04652,10404.918,2.972,443.164
6/26/2022 20:17,1014,43.97,6.62,43.79,440240.638,743617.486,288838.733,84.71326202,10631.28184,10455,3.238,449.977
6/26/2022 20:18,1014,43.97,6.633,43.79,440234.638,743632.657,288784.962,84.99952988,10655.05084,10485,3.216,448.5
6/26/2022 20:19,1014,43.97,6.694,43.79,440239.038,743629.781,288599.314,84.78959531,10737.30603,10638.333,2.96,438.854
6/26/2022 20:20,1014,43.97,6.736,43.79,440237.743,743553.219,288522.648,84.85138013,10771.36097,10608.197,3.037,441.575
6/26/2022 20:21,1014,43.97,6.774,43.79,440228.095,743612.533,288414.905,85.31176102,10819.3057,10698.333,2.856,431.064
6/26/2022 20:22,1014,43.97,6.794,43.79,440224.362,743553.305,288391.886,85.4899255,10829.5619,10621.667,2.692,427.737
6/26/2022 20:23,1014,43.97,6.789,43.79,440225.457,743607.162,288400.333,85.43766258,10825.79778,10657.377,2.758,429.787
6/26/2022 20:24,1014,43.97,6.809,43.789,440226.467,743557.524,288371.438,85.38945806,10838.67641,10688.333,2.749,428.604
6/26/2022 20:25,1014,43.97,6.835,43.789,440216.971,743514.99,288303.543,85.84273107,10868.96578,10703.333,2.844,431.098
6/26/2022 20:26,1014,43.967,6.856,43.782,440217.581,743489.448,288252.838,85.81361021,10891.61218,10724.59,2.867,430.978
6/26/2022 20:27,1014,43.96,6.876,43.78,440215.676,743467.733,288211.333,85.90455491,10910.16605,10736.667,3.016,431.819
6/26/2022 20:28,1014,43.96,6.887,43.78,440213.61,743472.324,288186.219,86.00319135,10921.39988,10751.667,3.124,432.563
6/26/2022 20:29,1014,43.97,6.898,43.788,440209.562,743533.352,288142.514,86.19647073,10940.96266,10780.328,3.152,433.078
6/26/2022 20:30,1014,43.97,6.914,43.783,440218.057,743523.61,288108.648,85.79088675,10956.1327,10780,3.199,434.121
6/26/2022 20:31,1014,43.965,6.934,43.78,440219.352,743523.438,288075.267,85.72906712,10971.09514,10811.667,3.297,435.862
6/26/2022 20:32,1014.082,43.96,6.953,43.78,440215.219,743491.162,288001.857,85.92637282,11004.03358,10852.459,3.514,439.173
6/26/2022 20:33,1014.1,43.96,6.989,43.78,440206.743,743426,287919.733,86.33108241,11040.93685,10858.333,3.607,438.493
6/26/2022 20:34,1014.1,43.96,6.998,43.78,440200.981,743454.924,287900.876,86.60626072,11049.41862,10855,3.584,438.33
6/26/2022 20:35,1014.1,43.96,7,43.782,440193.638,743507.867,287896.4,86.95700923,11051.43235,10872.131,3.613,438.513
6/26/2022 20:36,1014.1,43.969,7.017,43.79,440189.676,743565.4,287832.914,87.14629019,11080.01292,10901.667,3.687,439.848
6/26/2022 20:37,1014.1,43.97,7.026,43.79,440189.057,743597.952,287814.533,87.17586429,11088.29428,10925,3.718,441.432
6/26/2022 20:38,1014.1,43.969,7.054,43.781,440180.248,743496.838,287725.21,87.59679055,11128.57915,10949.18,3.828,444.739
6/26/2022 20:39,1014.141,43.96,7.098,43.779,440179.695,743430.543,287627.114,87.62321845,11172.89972,10996.667,3.946,448.684
6/26/2022 20:40,1014.2,43.96,7.138,43.777,440177.933,743392.714,287556.276,87.7074273,11204.95637,11015,3.901,449.309
6/26/2022 20:41,1014.2,43.96,7.163,43.78,440183.362,743356.114,287492.448,87.44798012,11233.8777,11037.705,3.915,449.791
6/26/2022 20:42,1014.2,43.96,7.193,43.779,440173.676,743363.562,287393.895,87.91089377,11278.60222,11183.333,4.926,483.457
6/26/2022 20:43,1014.2,43.96,7.364,43.78,440114.324,743325.19,286797.819,90.75024408,11550.88898,11528.333,7.198,560.515
6/26/2022 20:44,1014.2,43.96,7.576,43.78,440047.676,743338.905,286171.505,93.94436222,11840.28051,11722.951,9.117,608.519
6/26/2022 20:45,1014.2,43.96,7.747,43.78,439979.981,743344.905,285710.229,97.19486694,12055.57262,11948.333,11.934,662.355
6/26/2022 20:46,1014.224,43.96,7.921,43.78,439900.638,743334.162,285237.095,101.0126376,12278.30027,12216.667,16.271,735.223
6/26/2022 20:47,1014.3,43.963,8.16,43.785,439762.143,743444.752,284499.152,107.6972399,12629.52959,12544.262,22.254,832.54
6/26/2022 20:48,1014.3,43.97,8.395,43.79,439612.61,743515.819,283788.676,114.9440071,12972.11078,12825,27.868,929.304
6/26/2022 20:49,1014.3,43.97,8.659,43.79,439450.933,743511.229,283000.686,122.8136565,13357.14543,13206.667,34.909,1037.861
6/26/2022 20:50,1014.3,43.97,8.998,43.792,439236.695,743549.981,282025.333,133.2967027,13841.12654,13537.705,40.651,1115.394
6/26/2022 20:51,1014.3,43.979,9.181,43.799,439184.829,743571.543,281709.933,135.844021,13999.3821,13650,43.516,1161.425
6/26/2022 20:52,1014.3,43.98,9.471,43.8,438987.6,743604.371,280790.371,145.5641595,14465.66607,14230,53.07,1323.147
6/26/2022 20:53,1014.3,43.98,9.809,43.8,438824.514,743586.162,279940.581,153.6417292,14903.036,14267.213,53.31,1317.582
6/26/2022 20:54,1014.38,43.98,9.861,43.8,438866.533,743572.714,280040.79,151.5570756,14851.13743,14228.333,52.133,1301.504
6/26/2022 20:55,1014.4,43.98,10.004,43.796,438807.2,743551.829,279631.505,154.5014156,15063.6514,14475,55.023,1361.291
6/26/2022 20:56,1014.4,43.98,10.214,43.792,438715.048,743507.714,279069.838,159.0838957,15357.63203,14654.098,57.699,1413.874
6/26/2022 20:57,1014.4,43.98,10.314,43.791,438692.419,743504.743,278933.581,160.2109505,15429.35886,14478.333,55.746,1385.37
6/26/2022 20:58,1014.4,43.977,10.338,43.79,438689.2,743512.705,278917.533,160.3713321,15437.81717,14556.667,56.232,1415.11
6/26/2022 20:59,1014.4,43.97,10.339,43.79,438735.067,743441.048,279004.067,158.0874169,15392.2345,14473.333,53.849,1382.016
6/26/2022 21:00,1014.4,43.97,10.441,43.79,438727.543,743376.41,278745.781,158.4618722,15528.48005,14580.328,54.265,1403.317
6/26/2022 21:01,1014.4,43.97,10.449,43.785,438744.886,743329.619,278787.743,157.5988599,15506.30611,14781.667,57.042,1451.065
6/26/2022 21:02,1014.4,43.97,10.574,43.79,438671.019,743346.21,278456.448,161.2774373,15681.78416,14868.333,59.696,1458.536
6/26/2022 21:03,1014.4,43.97,10.667,43.79,438580.467,743413.79,278232.381,165.7970926,15801.0015,15103.279,67.786,1484.289
6/26/2022 21:04,1014.411,43.97,10.784,43.79,438448.876,743412.638,278000.276,172.3850547,15924.95084,14735,62.895,1379.517
6/26/2022 21:05,1014.5,43.97,10.48,43.791,438729.419,743534.181,279138.257,158.3685,15321.67591,13996.667,48.46,1177.577
6/26/2022 21:06,1014.5,43.97,10.258,43.793,438844.305,743554.543,279665.838,152.6595545,15045.76925,14001.639,49.223,1184.49
6/26/2022 21:07,1014.5,43.97,10.011,43.791,439008.495,743556.514,280442.314,144.5318649,14644.05313,13656.667,42.922,1077.688
6/26/2022 21:08,1014.5,43.97,9.955,43.79,438997.533,743461.733,280454,145.0733562,14638.04689,13445,38.654,1004.707
6/26/2022 21:09,1014.5,43.97,9.645,43.787,439249.181,743435.362,281542.657,132.6840206,14083.66194,13178.689,33.733,923.682
6/26/2022 21:10,1014.5,43.963,9.588,43.78,439230.933,743319.124,281534.705,133.579513,14087.67444,13213.333,33.833,926.19
6/26/2022 21:11,1014.5,43.96,9.457,43.78,439332.162,743271.143,281965.124,128.6175914,13871.27103,12925,27.442,822.967
6/26/2022 21:12,1014.5,43.96,9.344,43.78,439394.486,743253.562,282232.524,125.5696276,13737.63167,12842.623,25.261,788.703
6/26/2022 21:13,1014.5,43.96,9.213,43.78,439496.962,743264.724,282623.886,120.5695546,13543.14802,12841.667,24.113,770.362
6/26/2022 21:14,1014.5,43.96,9.152,43.78,439536.019,743280.171,282785.533,118.667635,13463.20346,12696.667,21.32,726.355
6/26/2022 21:15,1014.5,43.96,9.045,43.78,439611.714,743288.876,283076.343,114.9875217,13319.94549,12611.475,19.087,691.809
6/26/2022 21:16,1014.5,43.96,8.998,43.779,439639.524,743309.533,283165.448,113.63743,13276.19642,12570,17.019,660.887
6/26/2022 21:17,1014.5,43.96,8.907,43.78,439725.629,743306.219,283470.343,109.4639881,13127.01458,12548.333,16.828,657.892
6/26/2022 21:18,1014.5,43.96,8.919,43.785,439672.476,743391.848,283307.571,112.0390766,13206.55769,12573.77,17.025,662.806
6/26/2022 21:19,1014.5,43.968,8.836,43.79,439740.305,743530.895,283593.667,108.7536637,13066.90056,12440,14.028,614.503
6/26/2022 21:20,1014.5,43.97,8.778,43.79,439758.324,743579.181,283688.819,107.8819389,13020.60831,12518.333,15.274,636.099
6/26/2022 21:21,1014.5,43.97,8.807,43.792,439728.99,743643.124,283550.429,109.3012883,13087.96194,12545.902,15.606,644.49
6/26/2022 21:22,1014.5,43.97,8.806,43.79,439741.781,743595.4,283558.01,108.6822409,13084.26805,12581.667,15.651,649.32
6/26/2022 21:23,1014.5,43.97,8.821,43.784,439749.495,743525.486,283541.638,108.3090136,13092.24604,12533.333,14.532,633.954
6/26/2022 21:24,1014.5,43.963,8.802,43.78,439769.343,743414.343,283618.371,107.3490791,13054.87438,12527.869,14.291,632.938
6/26/2022 21:25,1014.5,43.96,8.819,43.773,439755.105,743324.124,283546,108.0376354,13090.12023,12486.667,13.399,623.57
6/26/2022 21:26,1014.5,43.96,8.774,43.77,439800.371,743285.19,283721.867,105.8495096,13004.5484,12430,11.955,602.935
6/26/2022 21:27,1014.5,43.96,8.757,43.778,439817.038,743322.067,283758.162,105.0445436,12986.92141,12452.459,12.104,606.564
6/26/2022 21:28,1014.5,43.96,8.728,43.785,439834.314,743470.381,283813.019,104.2105651,12960.30112,12470,11.996,608.714
6/26/2022 21:29,1014.5,43.969,8.756,43.79,439800.781,743564.143,283652.99,105.8297033,13038.03029,12581.667,13.336,645.111
6/26/2022 21:30,1014.5,43.97,8.784,43.79,439800.4,743618.343,283562.752,105.8481087,13081.95773,12478.689,11.383,611.1
6/26/2022 21:31,1014.5,43.97,8.707,43.79,439865.552,743612.448,283865.505,102.7036221,12934.85562,12488.333,11.276,614.797
6/26/2022 21:32,1014.5,43.97,8.769,43.79,439816.39,743638.286,283593.771,105.075833,13066.84992,12578.333,12.142,641.26
6/26/2022 21:33,1014.5,43.97,8.797,43.79,439806.114,743594.667,283519.171,105.5720971,13103.19784,12586.885,12.092,643.801
6/26/2022 21:34,1014.516,43.97,8.789,43.79,439827.495,743614.724,283578.99,104.5396956,13074.04798,12575,11.514,635.114
6/26/2022 21:35,1014.6,43.97,8.777,43.79,439842.857,743647.4,283617.676,103.7983124,13055.21264,12575,11.256,634.724
6/26/2022 21:36,1014.6,43.971,8.797,43.796,439829.41,743663.219,283519.571,104.4472585,13103.00282,12604.918,11.232,645.187
6/26/2022 21:37,1014.6,43.98,8.808,43.8,439840.238,743794.057,283499.352,103.9246848,13112.86244,12546.667,10.195,628.585
6/26/2022 21:38,1014.6,43.98,8.766,43.8,439870.019,743822.552,283640.143,102.4882397,13044.27987,12550,10.092,628.949
6/26/2022 21:39,1014.6,43.98,8.757,43.8,439866.762,743865.619,283638.352,102.6452776,13045.15124,12506.557,9.141,608.998
6/26/2022 21:40,1014.6,43.98,8.724,43.8,439882.39,743835.457,283753.676,101.8918978,12989.09946,12473.333,8.573,602.111
6/26/2022 21:41,1014.6,43.978,8.728,43.791,439881.276,743734.238,283711.314,101.9455894,13009.67569,12520,8.95,615.41
6/26/2022 21:42,1014.6,43.97,8.732,43.785,439886.552,743571.781,283741.19,101.6913163,12995.1626,12481.967,8.329,601.666
6/26/2022 21:43,1014.6,43.966,8.72,43.78,439896.286,743505.876,283801.029,101.2222927,12966.11726,12503.333,8.474,610.327
6/26/2022 21:44,1014.6,43.96,8.728,43.78,439897.133,743435.114,283763.61,101.1814869,12984.27652,12511.667,8.212,607.214
6/26/2022 21:45,1014.693,43.96,8.726,43.78,439899.352,743479.581,283768.676,101.0745872,12981.81731,12480.328,7.775,598.775
6/26/2022 21:46,1014.7,43.96,8.714,43.781,439917.295,743510.533,283813.448,100.2104349,12960.09304,12463.333,7.321,586.182
6/26/2022 21:47,1014.7,43.966,8.672,43.788,439941.61,743608.257,283918.21,99.04010238,12909.32778,12466.667,7.345,588.417
6/26/2022 21:48,1014.7,43.97,8.681,43.79,439933.067,743687.457,283855.867,99.4512031,12939.5264,12478.333,7.304,590.752
6/26/2022 21:49,1014.793,43.97,8.69,43.792,439937.638,743716.505,283844.79,99.231228,12944.89553,12455.738,6.921,579.572
6/26/2022 21:50,1014.8,43.97,8.662,43.79,439946.933,743771.571,283917.276,98.78400281,12909.77996,12456.667,6.764,574.551
6/26/2022 21:51,1014.8,43.97,8.656,43.79,439949.752,743744.486,283937.305,98.64839107,12900.08496,12468.333,6.758,575.418
6/26/2022 21:52,1014.807,43.97,8.677,43.79,439945.962,743761.952,283853.505,98.83071657,12940.67119,12498.361,6.849,580.177
6/26/2022 21:53,1014.9,43.979,8.705,43.79,439944.152,743851.124,283813.81,98.91779714,12959.91746,12531.667,7.068,588.171
6/26/2022 21:54,1014.9,43.98,8.718,43.798,439935.714,743820.695,283744.914,99.32381522,12993.35411,12540,7.076,589.231
6/26/2022 21:55,1014.9,43.98,8.751,43.796,439926.324,743826.924,283641.771,99.77575575,13043.48783,12606.557,7.693,611.68
6/26/2022 21:56,1014.9,43.976,8.781,43.79,439915.924,743752.095,283567.962,100.2764481,13079.41962,12615,7.423,603.663
6/26/2022 21:57,1014.9,43.97,8.798,43.79,439917.105,743699.781,283543.933,100.2195832,13091.12756,12641.667,7.75,615.682
6/26/2022 21:58,1014.9,43.97,8.823,43.79,439910.648,743645.495,283474.095,100.5305096,13125.18375,12629.508,7.719,615.625
6/26/2022 21:59,1014.9,43.97,8.82,43.788,439909.39,743587.19,283516.714,100.5910932,13104.3958,12643.333,7.609,613.34
6/26/2022 22:00,1014.913,43.97,8.853,43.784,439899.229,743575.99,283399.486,101.0805125,13161.61284,12685,7.882,624.58
6/26/2022 22:01,1015,43.97,8.84,43.783,439912.524,743576.429,283479.229,100.440168,13122.67875,12634.426,7.364,606.788
6/26/2022 22:02,1015,43.97,8.859,43.79,439905.924,743601.21,283405.448,100.7580223,13158.70004,12688.333,7.671,620.138
6/26/2022 22:03,1015,43.97,8.864,43.79,439910.714,743680.505,283416.59,100.5273312,13153.2573,12653.333,7.321,606.959
6/26/2022 22:04,1015,43.97,8.824,43.79,439925.705,743737.314,283546.095,99.80555244,13090.07394,12550.82,6.449,571.622
6/26/2022 22:05,1015,43.97,8.801,43.79,439915.524,743731.114,283578.733,100.2957084,13074.17315,12655,7.215,601.372
6/26/2022 22:06,1015,43.97,8.825,43.791,439906.181,743724.857,283493.067,100.7456441,13115.92799,12638.333,7.128,597.728
6/26/2022 22:07,1015,43.97,8.831,43.79,439905.429,743711.162,283474.924,100.7818638,13124.77925,12647.541,7.108,597.059
6/26/2022 22:08,1015.095,43.97,8.831,43.791,439919.905,743760.086,283492.61,100.0847714,13116.15091,12626.667,6.947,590.222
6/26/2022 22:09,1015.1,43.98,8.825,43.797,439923.61,743806.39,283515.314,99.90640295,13105.07842,12631.667,6.894,587.631
6/26/2022 22:10,1015.1,43.98,8.826,43.799,439929.571,743844.657,283502.533,99.61946409,13111.31102,12667.213,7.251,600.879
6/26/2022 22:11,1015.1,43.98,8.856,43.799,439913.829,743832.686,283409.381,100.3773266,13156.77869,12686.667,7.482,609.532
6/26/2022 22:12,1015.195,43.98,8.889,43.799,439893.181,743795.514,283279.524,101.3718902,13220.28666,12745,8.032,631.81
6/26/2022 22:13,1015.2,43.98,8.942,43.798,439874.124,743807.8,283120.857,102.2903358,13298.08132,12798.361,8.51,652.093
6/26/2022 22:14,1015.2,43.98,8.977,43.8,439859.257,743856.924,283026.457,103.0071901,13344.46851,12810,8.71,661.01
6/26/2022 22:15,1015.255,43.98,8.975,43.798,439865.343,743788.143,283070.305,102.7136999,13322.91252,12815,8.705,663.273
6/26/2022 22:16,1015.3,43.98,9.005,43.79,439851.371,743769.467,282960.162,103.3875583,13377.09099,12867.213,9.257,687.152
6/26/2022 22:17,1015.3,43.974,9.032,43.79,439845.962,743666.362,282887.181,103.6485016,13413.04724,12850,9.184,684.593
6/26/2022 22:18,1015.3,43.97,9.043,43.783,439846.562,743588.733,282878.981,103.6195542,13417.09007,12905,9.702,704.194
6/26/2022 22:19,1015.3,43.967,9.088,43.78,439831.514,743474.381,282747.543,104.3457041,13481.97169,12922.951,9.776,707.353
6/26/2022 22:20,1015.347,43.96,9.109,43.777,439826.543,743411.162,282732.876,104.5856505,13489.22096,12940,10.09,718.712
6/26/2022 22:21,1015.4,43.96,9.14,43.775,439811.371,743360.171,282642.514,105.3182001,13533.92385,12946.667,10.166,719.755
6/26/2022 22:22,1015.4,43.96,9.174,43.776,439785.962,743336.686,282541.19,106.5457267,13584.13325,13003.279,10.757,739.053
6/26/2022 22:23,1015.4,43.96,9.185,43.78,439795.324,743413.305,282538.6,106.0933394,13585.41784,12975,10.582,729.814
6/26/2022 22:24,1015.4,43.96,9.176,43.78,439809.067,743479.99,282580.81,105.4294716,13564.48972,12978.333,10.612,729.274
6/26/2022 22:25,1015.4,43.96,9.165,43.78,439809.629,743478.143,282615.505,105.4023292,13547.29908,12901.639,9.884,698.615
6/26/2022 22:26,1015.4,43.96,9.134,43.78,439823.657,743430.206,282744.412,104.724971,13483.51905,12953.333,10.418,717.303
6/26/2022 22:27,1015.4,43.96,9.189,43.772,439804.6,743403.61,282541.895,105.6452257,13583.7836,12980,10.702,727.015
6/26/2022 22:28,1015.4,43.96,9.199,43.779,439806.81,743458.838,282547.143,105.5384803,13581.1809,12978.689,10.598,722.357
6/26/2022 22:29,1015.4,43.96,9.199,43.78,439807.895,743452.857,282532.048,105.4860761,13588.66776,12943.333,10.287,709.729
6/26/2022 22:30,1015.462,43.962,9.18,43.78,439814.99,743511.448,282617.857,105.1434354,13546.13408,12958.333,10.501,716.324
6/26/2022 22:31,1015.5,43.97,9.199,43.784,439802.429,743588.876,282507.638,105.7500939,13600.77884,13028.333,11.105,740.044
6/26/2022 22:32,1015.5,43.97,9.232,43.789,439797.105,743663.229,282402.314,106.0072921,13653.09436,13044.262,11.167,741.385
6/26/2022 22:33,1015.5,43.97,9.237,43.789,439799.724,743643.2,282422.762,105.8807654,13642.93017,13016.667,10.934,730.895
6/26/2022 22:34,1015.5,43.97,9.274,43.782,439770.629,743551.79,282276.248,107.2869012,13715.83808,13126.667,12.014,770.043
6/26/2022 22:35,1015.5,43.966,9.308,43.78,439763.543,743471.79,282202.295,107.6295364,13752.70848,13124.59,11.827,761.05
6/26/2022 22:36,1015.59,43.96,9.336,43.774,439757.8,743383.6,282169.829,107.9072827,13768.90976,13123.333,12.011,766.234
6/26/2022 22:37,1015.6,43.96,9.344,43.771,439762.695,743368.981,282174.2,107.6705451,13766.728,13081.667,11.628,750.749
6/26/2022 22:38,1015.6,43.96,9.333,43.775,439766.61,743370.124,282201.924,107.4812268,13752.89357,13157.377,12.239,774.111
6/26/2022 22:39,1015.6,43.96,9.353,43.78,439757.476,743419.152,282127.657,107.9229535,13789.96809,13150,12.168,770.978
6/26/2022 22:40,1015.6,43.96,9.355,43.78,439744.029,743475.752,282109.143,108.5734673,13799.21778,13151.667,12.243,772.445
6/26/2022 22:41,1015.647,43.96,9.38,43.78,439748.819,743474.305,282064.371,108.3417174,13821.59827,13191.803,12.53,780.723
6/26/2022 22:42,1015.7,43.96,9.397,43.78,439742.962,743451.381,282014.914,108.6250952,13846.34073,13166.667,12.406,774.046
6/26/2022 22:43,1015.7,43.96,9.398,43.78,439756.143,743499.429,282040.771,107.9874279,13833.40231,13230,13.144,792.614
6/26/2022 22:44,1015.7,43.967,9.45,43.78,439725.352,743527.676,281838.324,109.4773978,13934.8572,13308.197,13.87,813.583
6/26/2022 22:45,1015.7,43.97,9.491,43.782,439701.838,743572.971,281727.981,110.6161071,13990.30324,13346.667,14.392,825.28
6/26/2022 22:46,1015.7,43.97,9.542,43.789,439679.314,743570,281587.457,111.7075817,14061.06645,13400,14.916,836.773
6/26/2022 22:47,1015.7,43.97,9.575,43.781,439663.181,743588.295,281502.238,112.4897851,14104.06262,13416.393,15.111,838.882
6/26/2022 22:48,1015.7,43.97,9.6,43.78,439663.438,743551.095,281475.61,112.4773217,14117.51025,13421.667,15.154,835.301
6/26/2022 22:49,1015.776,43.965,9.656,43.78,439630.619,743467.505,281290.495,114.0696259,14211.16527,13481.667,15.751,849.332
6/26/2022 22:50,1015.8,43.96,9.655,43.78,439648.086,743485.743,281376.552,113.2219832,14167.5899,13383.607,14.824,818.273
6/26/2022 22:51,1015.8,43.96,9.616,43.78,439672.676,743505.943,281522.61,112.02938,14093.77851,13401.667,14.909,818.358
6/26/2022 22:52,1015.8,43.97,9.623,43.78,439658.829,743515.6,281475.886,112.7008513,14117.37083,13353.333,14.503,804.26
6/26/2022 22:53,1015.8,43.97,9.577,43.781,439684.705,743578.933,281636.229,111.4462799,14036.48725,13334.426,14.249,794.445
6/26/2022 22:54,1015.8,43.97,9.569,43.783,439692.629,743598,281648.076,111.0622758,14030.51991,13320,14.018,786.418
6/26/2022 22:55,1015.8,43.97,9.564,43.78,439686.133,743496.2,281662.029,111.3770714,14023.49332,13370,14.323,796.234
6/26/2022 22:56,1015.867,43.96,9.6,43.78,439668.114,743441.705,281554.457,112.2505724,14077.70877,13363.934,14.323,795.915
6/26/2022 22:57,1015.9,43.96,9.6,43.773,439671.8,743391.429,281585.914,112.0718514,14061.84439,13358.333,14.154,790.509
6/26/2022 22:58,1015.9,43.96,9.591,43.77,439686.343,743334.429,281641.676,111.366894,14033.74344,13335,13.924,783.509
6/26/2022 22:59,1015.9,43.956,9.559,43.77,439698.333,743302.648,281739.162,110.7859079,13984.68015,13285.246,13.387,766.291
6/26/2022 23:00,1015.9,43.95,9.576,43.77,439690.486,743273.762,281677.19,111.166119,14015.8603,13381.667,14.357,792.95
6/26/2022 23:01,1015.9,43.95,9.627,43.77,439667.514,743264.057,281526.648,112.279666,14091.74048,13396.667,14.335,789.897
6/26/2022 23:02,1015.9,43.96,9.629,43.777,439671.638,743408.114,281523.257,112.0797058,14093.45195,13398.361,14.367,787.514
6/26/2022 23:03,1015.9,43.96,9.646,43.785,439660.114,743494.314,281463.238,112.6385278,14123.76041,13411.667,14.577,789.327
6/26/2022 23:04,1015.9,43.969,9.654,43.787,439656.495,743583.952,281437.333,112.8140579,14136.85152,13540,15.685,817.232
6/26/2022 23:05,1015.9,43.97,9.697,43.783,439633.371,743565.4,281300.295,113.9360486,14206.19978,13447.541,14.826,791.146
6/26/2022 23:06,1015.9,43.97,9.688,43.787,439637.895,743603.895,281329.581,113.7164839,14191.36599,13483.333,15.121,797.694
6/26/2022 23:07,1015.9,43.97,9.718,43.78,439628.295,743535.638,281265.686,114.182437,14223.73926,13518.333,15.317,802.112
6/26/2022 23:08,1015.9,43.96,9.729,43.771,439632.476,743386.648,281297.39,113.9794892,14207.67161,13483.607,14.943,790.623
6/26/2022 23:09,1015.9,43.959,9.738,43.77,439637.6,743255.486,281281.486,113.7308004,14215.7307,13545,15.527,808.977
6/26/2022 23:10,1015.9,43.95,9.77,43.77,439631.267,743259.81,281199.543,114.0381722,14257.28848,13528.333,15.326,802.109
6/26/2022 23:11,1015.9,43.95,9.779,43.768,439624.724,743239.057,281189.762,114.3557939,14262.25282,13583.607,15.676,812.556
6/26/2022 23:12,1015.9,43.95,9.81,43.77,439615.419,743287.857,281103.895,114.8075941,14305.86985,13606.667,15.908,818.213
6/26/2022 23:13,1015.9,43.957,9.806,43.771,439630.867,743381.686,281141.867,114.057588,14286.57376,13583.333,15.487,804.626
6/26/2022 23:14,1015.9,43.96,9.84,43.776,439600.343,743413.924,280986.629,115.5398537,14365.53876,13766.667,17.06,844.504
6/26/2022 23:15,1015.9,43.96,9.91,43.78,439581.038,743481.552,280790.181,116.477974,14465.76316,13791.803,17.445,859.171
6/26/2022 23:16,1015.9,43.96,10.016,43.78,439524.143,743524.695,280415.267,119.2457283,14657.95895,13860,18.855,907.119
6/26/2022 23:17,1015.924,43.96,9.876,43.78,439563.162,743509.029,280940.238,117.3471063,14389.17672,14005,21.315,949.753
6/26/2022 23:18,1016,43.96,9.885,43.778,439537.381,743448.105,280845.971,118.6013486,14437.26632,14249.18,25.348,1017.359
6/26/2022 23:19,1016,43.96,9.992,43.78,439458.095,743471.086,280453.676,122.4642897,14638.2134,14246.667,26.97,1039.036
6/26/2022 23:20,1016,43.961,10.002,43.78,439430.01,743518.19,280409.99,123.8346946,14660.67278,14025,25.456,1025.485
6/26/2022 23:21,1016.028,43.97,9.847,43.783,439496.705,743630.81,280881.314,120.5820763,14419.2274,14170.492,28.455,1076.221
6/26/2022 23:22,1016.1,43.97,10.157,43.79,439295.39,743658.057,279797.01,130.418419,14977.54238,14698.333,35.553,1176.567
6/26/2022 23:23,1016.1,43.97,10.285,43.79,439215.19,743658.381,279459.829,134.3524417,15153.21998,14968.333,40.277,1253.812
6/26/2022 23:24,1016.1,43.97,10.63,43.79,439028.238,743612.848,278501.886,143.5570314,15657.66102,15091.803,42.664,1293.4
6/26/2022 23:25,1016.1,43.97,10.316,43.783,439293.095,743551.79,279780.495,130.5308728,14986.12423,14546.667,35.418,1189.597
6/26/2022 23:26,1016.1,43.963,10.483,43.78,439107.762,743411.105,278995.524,139.6358313,15396.73175,14761.667,38.231,1206.259
6/26/2022 23:27,1016.1,43.96,10.664,43.775,439063.248,743356.638,278651.21,141.8296808,15578.50962,14613.115,36.018,1159.298
6/26/2022 23:28,1016.1,43.96,10.761,43.771,439040.438,743332.552,278459.505,142.9549084,15680.16063,14726.667,37.074,1183.032
6/26/2022 23:29,1016.1,43.96,10.782,43.77,439058.8,743272.4,278494.476,142.0490469,15661.59379,14621.667,35.581,1155.693
6/26/2022 23:30,1016.1,43.96,10.767,43.77,439090.324,743309.543,278593.648,140.4949318,15608.9985,14577.049,34.663,1143.423
6/26/2022 23:31,1016.1,43.96,10.742,43.772,439117.771,743282.733,278707.257,139.1429155,15548.85058,14530,33.583,1128.477
6/26/2022 23:32,1016.1,43.96,10.717,43.779,439143.524,743387.171,278762.99,137.8752796,15519.38448,14595,33.715,1144.864
6/26/2022 23:33,1016.1,43.96,10.765,43.78,439136.962,743412.819,278586.581,138.1981939,15612.74364,14604.918,33.028,1145.37
6/26/2022 23:34,1016.1,43.96,10.783,43.78,439149.829,743451.105,278568.667,137.5650675,15622.23906,14638.333,32.819,1154.693
6/26/2022 23:35,1016.1,43.96,10.835,43.78,439138,743374.419,278412.486,138.1471103,15705.14058,14718.333,32.79,1170.236
6/26/2022 23:36,1016.1,43.96,10.866,43.78,439138.695,743411.267,278376.248,138.1129077,15724.40585,14663.934,31.919,1151.477
6/26/2022 23:37,1016.1,43.962,10.846,43.782,439163.171,743493.924,278462.914,136.9088073,15678.35026,14578.333,30.628,1124.295
6/26/2022 23:38,1016.1,43.97,10.808,43.79,439188.2,743595.533,278579.076,135.6783479,15616.72138,14563.333,29.984,1112.064
6/26/2022 23:39,1016.1,43.97,10.765,43.79,439224.59,743720.41,278717,133.8908924,15543.69752,14470.492,28.34,1076.189
6/26/2022 23:40,1016.1,43.97,10.708,43.79,439267.714,743758.581,278873.686,131.7750077,15460.93861,14473.333,27.887,1068.339
6/26/2022 23:41,1016.1,43.97,10.706,43.79,439274.181,743686.219,278883.048,131.4579225,15456.00044,14461.667,27.023,1052.919
6/26/2022 23:42,1016.1,43.97,10.695,43.787,439293.99,743639.362,278932.086,130.4870174,15430.14673,14414.754,26.175,1034.847
6/26/2022 23:43,1016.1,43.97,10.682,43.78,439310.038,743569.952,278979.752,129.7008443,15405.03617,14406.667,25.718,1027.628
6/26/2022 23:44,1016.1,43.963,10.649,43.78,439335.419,743542.067,279104.21,128.4581761,15339.56354,14358.333,24.806,1006.638
6/26/2022 23:45,1016.1,43.96,10.641,43.78,439345.79,743501.429,279126.619,127.9506592,15327.78916,14347.541,24.302,996.818
6/26/2022 23:46,1016.1,43.96,10.612,43.78,439358.4,743514.143,279207.657,127.333772,15285.24537,14328.333,23.747,985.667
6/26/2022 23:47,1016.1,43.963,10.601,43.782,439374.667,743578.8,279229.657,126.5383034,15273.70543,14318.333,23.053,972.8
6/26/2022 23:48,1016.1,43.97,10.552,43.783,439411.952,743634.295,279400.705,124.7164019,15184.12545,14214.754,21.45,935.464
6/26/2022 23:49,1016.1,43.969,10.498,43.782,439435.048,743633.086,279526.01,123.5887866,15118.66133,14200,21.017,926.827
6/26/2022 23:50,1016.1,43.96,10.473,43.78,439453.124,743510.724,279617.248,122.7067707,15071.08006,14150,20.268,907.975
6/26/2022 23:51,1016.1,43.96,10.45,43.78,439470.6,743468.438,279691.952,121.8544559,15032.1747,14108.197,19.42,886.739
6/26/2022 23:52,1016.067,43.96,10.414,43.78,439496.343,743550.943,279801.41,120.5997142,14975.25636,14080,18.924,874.019
6/26/2022 23:53,1016,43.964,10.408,43.786,439489.829,743640.124,279762.638,120.9171281,14995.40608,14200,19.53,881.452
6/26/2022 23:54,1016,43.97,10.452,43.789,439472.857,743700.876,279637,121.7444111,15060.78868,14172.131,19.049,870.432
6/26/2022 23:55,1016,43.97,10.452,43.79,439474.01,743742.533,279646.162,121.6881968,15056.01614,14128.333,18.386,852.039
6/26/2022 23:56,1016,43.97,10.428,43.79,439495.943,743784.743,279748.067,120.6192037,15002.98193,14151.667,18.431,850.161
6/26/2022 23:57,1016,43.971,10.412,43.79,439513.848,743836.152,279794.743,119.7470184,14978.72026,14163.934,18.267,845.636
6/26/2022 23:58,1016,43.98,10.424,43.79,439508.21,743890.552,279735.781,120.0216084,15009.37118,14148.333,17.913,837.308
6/26/2022 23:59,1016,43.98,10.374,43.79,439535.4,743905.781,279912.2,118.6977616,14917.7503,14085,17.148,820.511
6/27/2022 0:00,1016,43.98,10.369,43.79,439533.267,743842.59,279905.2,118.8015782,14921.38056,14055,16.495,806.55
6/27/2022 0:01,1016,43.975,10.33,43.79,439567.248,743836.905,280047.638,117.1484062,14847.59398,14031.148,16.154,801.196
6/27/2022 0:02,1016,43.97,10.305,43.79,439584.867,743813.048,280104.467,116.2918645,14818.20378,13918.333,14.972,773.833
6/27/2022 0:03,1016.032,43.97,10.254,43.789,439596.619,743776.162,280215.333,115.7207807,14760.94726,13893.333,14.437,764.041
6/27/2022 0:04,1016.1,43.97,10.225,43.78,439613.067,743719.838,280327.6,114.9218132,14703.07492,13950.82,14.686,773.736
6/27/2022 0:05,1016.1,43.963,10.228,43.78,439606.019,743565.895,280303.705,115.2641271,14715.38343,13971.667,14.622,776.335
6/27/2022 0:06,1016.1,43.96,10.239,43.773,439606.486,743480.571,280271.952,115.2414433,14731.74727,13951.667,14.335,771.64
6/27/2022 0:07,1016.1,43.96,10.226,43.77,439610.857,743394.01,280332.99,115.0291432,14700.29916,13916.393,13.906,761.869
6/27/2022 0:08,1016.1,43.953,10.206,43.77,439626.829,743416.524,280398.99,114.253603,14666.33057,13928.333,13.937,762.871
6/27/2022 0:09,1016.191,43.951,10.251,43.771,439607.952,743441.124,280224.124,115.1702366,14756.41169,14021.667,14.438,774.69
6/27/2022 0:10,1016.2,43.96,10.256,43.778,439615.552,743464.048,280264.886,114.8011355,14735.3899,13916.393,13.529,751.912
6/27/2022 0:11,1016.2,43.96,10.261,43.78,439614.19,743536.971,280220.419,114.8672765,14758.32314,14076.667,14.703,777.19
6/27/2022 0:12,1016.2,43.96,10.291,43.78,439606.933,743621.229,280149.733,115.2197312,14794.81348,14053.333,14.622,774.783
6/27/2022 0:13,1016.2,43.963,10.317,43.789,439596.029,743687.743,280079.467,115.749447,14831.12959,14027.869,14.278,764.77
6/27/2022 0:14,1016.2,43.97,10.281,43.79,439613.438,743803.524,280178.905,114.903796,14779.74877,14025,14.192,764
6/27/2022 0:15,1016.2,43.97,10.256,43.79,439616.486,743863.867,280214.924,114.7557804,14761.1583,13981.667,13.79,753.53
6/27/2022 0:16,1016.2,43.97,10.242,43.79,439623.486,743857.981,280248.762,114.4158977,14743.70367,13975.41,13.717,753.75
6/27/2022 0:17,1016.2,43.97,10.238,43.79,439624.99,743853.924,280251.457,114.3428802,14742.31393,13991.667,13.791,761.827
6/27/2022 0:18,1016.2,43.97,10.242,43.785,439633.429,743698.095,280256.514,113.9332335,14739.70634,14003.333,13.724,764.905
6/27/2022 0:19,1016.2,43.97,10.26,43.78,439623.638,743576.152,280210.448,114.4085181,14763.46789,14019.672,13.793,770.991
6/27/2022 0:20,1016.2,43.966,10.281,43.78,439621.429,743523.781,280172.657,114.5157677,14782.97468,14008.333,13.702,769.684
6/27/2022 0:21,1016.2,43.96,10.281,43.78,439617.01,743544.124,280177.724,114.7303354,14780.35851,14038.333,13.868,774.901
6/27/2022 0:22,1016.2,43.969,10.28,43.78,439621.505,743634.848,280182.495,114.5120777,14777.89536,14019.672,13.774,770.404
6/27/2022 0:23,1016.137,43.97,10.258,43.78,439621.667,743605.571,280210.019,114.5042122,14763.68926,14026.667,13.799,767.662
6/27/2022 0:24,1016.1,43.968,10.259,43.78,439622.571,743585.514,280220.2,114.4603214,14758.43613,14023.333,13.859,765.729
6/27/2022 0:25,1016.1,43.96,10.27,43.78,439614.676,743558.99,280199.733,114.8436753,14768.99746,14080.328,14.445,775.245
6/27/2022 0:26,1016.1,43.96,10.391,43.772,439569.105,743469.714,279834.676,117.0581088,14957.9784,14241.667,15.932,805.096
6/27/2022 0:27,1016.1,43.96,10.412,43.776,439575.81,743467.581,279861.924,116.7321146,14943.83321,14188.333,15.373,792.092
6/27/2022 0:28,1016.1,43.96,10.399,43.78,439581.39,743574.048,279909.686,116.4608641,14919.05403,14126.23,14.944,780.273
6/27/2022 0:29,1016.1,43.964,10.372,43.782,439576.619,743594.514,279975.962,116.6927855,14884.7022,14113.333,14.931,778.974
6/27/2022 0:30,1016.1,43.97,10.387,43.79,439568.286,743714.162,279890.686,117.0979325,14928.90898,14211.667,15.59,798.993
6/27/2022 0:31,1016.1,43.97,10.418,43.79,439565.838,743805.495,279804.743,117.2169712,14973.52481,14140.984,15.153,786.655
6/27/2022 0:32,1016.1,43.97,10.4,43.79,439570.533,743786.724,279872.952,116.9886749,14938.11008,14160,15.298,793.779
6/27/2022 0:33,1016.1,43.97,10.404,43.79,439563.114,743759.21,279839.486,117.3494407,14955.48093,14155,15.191,794.134
6/27/2022 0:34,1016.1,43.97,10.419,43.79,439562.924,743726.552,279800.257,117.3586808,14975.85538,14234.426,15.64,810.479
6/27/2022 0:35,1016.1,43.97,10.472,43.785,439554.505,743768.61,279654.667,117.768167,15051.58649,14255,15.725,816.158
6/27/2022 0:36,1016.1,43.97,10.484,43.782,439553.2,743703.086,279644.638,117.8316487,15056.80995,14241.667,15.585,814.375
6/27/2022 0:37,1016.1,43.97,10.48,43.788,439552.238,743717.162,279682.286,117.8784467,15037.20599,14259.016,15.651,816.286
6/27/2022 0:38,1016.1,43.97,10.486,43.788,439557.181,743758.286,279654.076,117.6380003,15051.89428,14251.667,15.632,817.431
6/27/2022 0:39,1016.1,43.97,10.464,43.78,439568.333,743739.533,279734.686,117.0956471,15009.94069,14191.667,15.018,802.204
6/27/2022 0:40,1016.1,43.97,10.449,43.78,439568.057,743725.076,279753.933,117.1090677,14999.93182,14224.59,15.279,811.56
6/27/2022 0:41,1016.1,43.97,10.446,43.78,439576.514,743688.057,279764.943,116.6978899,14994.20781,14233.333,15.339,815.273
6/27/2022 0:42,1016.1,43.97,10.476,43.78,439561.829,743643.724,279660.971,117.4119343,15048.30358,14335,16.101,840.601
6/27/2022 0:43,1016.1,43.968,10.601,43.779,439520.352,743552.114,279298.895,119.430305,15237.41431,14409.836,16.598,858.6
6/27/2022 0:44,1016.1,43.96,10.61,43.779,439539.286,743564.448,279360.486,118.5086396,15205.16602,14396.667,16.465,857.301
6/27/2022 0:45,1016.1,43.96,10.594,43.78,439551.867,743556.819,279441.59,117.8964949,15162.75072,14265,15.561,828.446
6/27/2022 0:46,1016.1,43.96,10.565,43.78,439552.419,743547.838,279496.895,117.8696416,15133.86007,14290.164,15.726,833.855
6/27/2022 0:47,1016.1,43.96,10.557,43.78,439550.219,743574.905,279526.695,117.9766681,15118.30383,14291.667,15.638,832.433
6/27/2022 0:48,1016.1,43.96,10.569,43.78,439541.095,743623.171,279467.952,118.4206071,15148.97626,14381.667,16.264,852.18
6/27/2022 0:49,1016.1,43.96,10.608,43.78,439527.152,743613.667,279359.867,119.0992397,15205.48996,14376.667,16.234,850.451
6/27/2022 0:50,1016.1,43.96,10.65,43.78,439511.8,743603.152,279231.4,119.846758,15272.79133,14480.328,16.826,866.31
6/27/2022 0:51,1016.1,43.96,10.673,43.78,439516.133,743607.286,279212.657,119.6357433,15282.62229,14501.667,17.019,866.941
6/27/2022 0:52,1016.1,43.969,10.728,43.78,439499.552,743702.581,279048.981,120.4433675,15368.60098,14588.333,17.641,879.882
6/27/2022 0:53,1016.1,43.97,10.742,43.781,439499.248,743683.667,279055.067,120.4581781,15365.39989,14536.066,17.265,870.503
6/27/2022 0:54,1016.1,43.97,10.74,43.781,439506.848,743689.276,279078.038,120.0879491,15353.32057,14485,16.753,857.547
6/27/2022 0:55,1016.1,43.97,10.74,43.78,439511.571,743688.362,279080.4,119.8579109,15352.07877,14461.667,16.538,851.086
6/27/2022 0:56,1016.1,43.97,10.673,43.78,439528.467,743679.924,279269.648,119.0352247,15252.73911,14434.426,16.253,843.09
6/27/2022 0:57,1016.1,43.965,10.657,43.779,439528.095,743605.029,279305.019,119.0533337,15234.2064,14408.333,16.056,835.975
6/27/2022 0:58,1016.043,43.96,10.669,43.77,439525.752,743524.962,279269.829,119.167395,15252.64425,14500,16.596,849.143
6/27/2022 0:59,1016,43.96,10.681,43.77,439535.343,743491.857,279281.971,118.7005358,15246.28123,14426.23,16.161,835.47
6/27/2022 1:00,1016,43.96,10.676,43.77,439538.571,743506.476,279289.286,118.5434353,15242.44841,14510,16.633,845.345
6/27/2022 1:01,1016,43.96,10.726,43.775,439509.752,743537.01,279130.4,119.9465034,15325.80294,14650,17.6,864.866
6/27/2022 1:02,1016,43.96,10.814,43.78,439492.743,743640.324,278893.667,120.7751276,15450.40016,14554.098,17.036,849.267
6/27/2022 1:03,1016,43.965,10.785,43.78,439499.419,743672.362,279006.59,120.4498471,15390.90645,14565,17.122,847.243
6/27/2022 1:04,1016,43.97,10.809,43.78,439487.829,743685.419,278945.676,121.0145956,15422.98549,14565,17.075,839.458
6/27/2022 1:05,1016,43.97,10.818,43.78,439484.2,743666.343,278923.324,121.1914644,15434.76469,14578.689,17.143,835.38
6/27/2022 1:06,1016,43.97,10.782,43.78,439508.324,743659.181,279071.448,120.0160558,15356.78547,14491.667,16.581,820.164
6/27/2022 1:07,1016,43.97,10.782,43.78,439501.467,743637.371,279057.562,120.3500728,15364.08767,14555,17.009,823.869
6/27/2022 1:08,1016,43.97,10.795,43.78,439497.562,743638.295,279033.248,120.5403212,15376.87763,14572.131,17.017,821.061
6/27/2022 1:09,1016,43.963,10.793,43.78,439501.038,743621.143,279043.333,120.3709723,15371.57198,14508.333,16.59,809.838
6/27/2022 1:10,1016,43.96,10.795,43.78,439500,743583.171,279049.724,120.4215414,15368.21016,14556.667,16.875,815.745
6/27/2022 1:11,1016,43.96,10.812,43.78,439502.01,743561.076,279017.257,120.32362,15385.29219,14478.689,16.303,801.76
6/27/2022 1:12,1016,43.96,10.779,43.78,439510.448,743579.857,279118.971,119.9126049,15331.80717,14488.333,16.274,801.643
6/27/2022 1:13,1016,43.96,10.757,43.78,439505.057,743585.038,279158.238,120.1751894,15311.18292,14476.667,16.069,798.058
6/27/2022 1:14,1016,43.96,10.734,43.776,439513.2,743496.752,279244.99,119.778576,15265.66508,14403.279,15.532,785.048
6/27/2022 1:15,1016,43.96,10.704,43.77,439530.61,743491.495,279324.876,118.9309074,15223.807,14505,15.908,799.224
6/27/2022 1:16,1016,43.96,10.733,43.77,439522.143,743443.2,279227.105,119.3431021,15275.04385,14501.667,15.769,796.832
6/27/2022 1:17,1016,43.96,10.77,43.77,439515.838,743456.267,279111.238,119.6501089,15335.87035,14557.377,16.012,805.225
6/27/2022 1:18,1016,43.96,10.827,43.775,439501.514,743497.048,278958.638,120.3477832,15416.15666,14675,16.51,820.722
6/27/2022 1:19,1016,43.96,10.867,43.78,439493.59,743537.771,278850.01,120.7338552,15473.43033,14650,16.309,817.849
6/27/2022 1:20,1016,43.96,10.881,43.78,439489.21,743556.533,278826.238,120.9472937,15485.97756,14672.131,16.313,823.62
6/27/2022 1:21,1016,43.96,10.881,43.78,439496.886,743600.524,278845.324,120.5732575,15475.90329,14640,16.002,819.425
6/27/2022 1:22,1016,43.96,10.892,43.779,439495.619,743555.019,278814.381,120.6349903,15492.23768,14710,16.236,838.54
6/27/2022 1:23,1016,43.96,10.932,43.78,439489.714,743593.229,278692.524,120.9227323,15556.64439,14739.344,16.222,856.698
6/27/2022 1:24,1016,43.96,11.011,43.78,439475.19,743621.638,278427.267,121.630668,15697.28578,14855,16.487,886.892
6/27/2022 1:25,1016,43.96,10.991,43.78,439491.143,743632.543,278566.01,120.8530949,15623.64765,14700,15.64,864.02
6/27/2022 1:26,1016,43.96,10.95,43.78,439510.676,743643.419,278667.638,119.9015004,15569.81343,14729.508,15.663,882.226
6/27/2022 1:27,1016,43.96,11,43.78,439496.086,743584.124,278477.21,120.6122362,15670.75936,14885,16.193,925.461
6/27/2022 1:28,1016,43.96,11.07,43.78,439483.581,743612.429,278266.124,121.2216348,15783.02055,14921.667,16.171,945.297
6/27/2022 1:29,1016,43.96,11.116,43.78,439474.267,743634.686,278139.895,121.675667,15850.3356,15106.557,16.795,997.48
6/27/2022 1:30,1016,43.96,11.025,43.78,439519.781,743656.667,278544.276,119.4581076,15635.17208,14678.333,14.657,898.853
6/27/2022 1:31,1016,43.96,10.757,43.78,439582.219,743673.533,279303,116.4205691,15235.26397,14815,16.176,937.557
6/27/2022 1:32,1016,43.965,10.796,43.78,439522.133,743719.248,278969.362,119.343589,15410.50798,14965.574,18.172,967.948
6/27/2022 1:33,1016,43.97,10.928,43.78,439436.305,743668.2,278540.924,123.527437,15636.94984,15226.667,21.684,1021.896
6/27/2022 1:34,1016,43.97,11.08,43.78,439385.59,743674.724,278222.39,126.0043632,15806.32738,15023.333,21.857,974.413
6/27/2022 1:35,1016,43.969,10.88,43.78,439446.451,743682.382,278911.029,123.0323269,15441.24582,14966.667,22.669,961.872
6/27/2022 1:36,1016,43.96,10.766,43.78,439450.714,743723.21,279155.333,122.8243405,15312.70826,14493.443,19.833,883.397
6/27/2022 1:37,1016,43.96,10.488,43.778,439528.638,743648.314,279961.61,119.0269005,14892.13785,14636.667,21.958,910.111
6/27/2022 1:38,1016,43.96,10.391,43.774,439529.59,743658.562,280098.857,118.9805584,14821.10387,14708.333,22.595,912.174
6/27/2022 1:39,1016,43.96,10.408,43.779,439498.229,743606.105,279939.457,120.5078241,14903.61861,15019.672,26.002,944.327
6/27/2022 1:40,1016,43.96,10.636,43.78,439397.629,743675.2,279259.457,125.4160593,15258.0807,14665,24.332,920.467
6/27/2022 1:41,1016,43.96,10.641,43.78,439372.01,743716.21,279258.448,126.6682081,15258.60961,15048.333,28.993,963.841
6/27/2022 1:42,1016,43.96,10.715,43.78,439368.943,743693.829,279141.771,126.8181702,15319.83029,14921.311,27.048,923.287
6/27/2022 1:43,1016.029,43.96,10.825,43.775,439290.914,743611.371,278767.333,130.6377473,15517.08946,15493.333,33.28,978.618
6/27/2022 1:44,1016.1,43.958,11.122,43.77,439193.248,743471.724,278108.029,135.4302851,15867.35067,14783.333,25.866,897.759
6/27/2022 1:45,1016.1,43.95,10.729,43.761,439404.895,743398.8,279367.143,125.0610909,15201.68245,14929.508,28.005,911.002
6/27/2022 1:46,1016.1,43.95,10.744,43.76,439359.571,743396.019,279166.305,127.2764972,15306.94752,15153.333,30.594,935.955
6/27/2022 1:47,1016.1,43.95,11.204,43.769,439120.39,743453.381,277745.581,139.0139595,16061.49688,15596.667,34.703,962.511
6/27/2022 1:48,1016.1,43.95,11.464,43.77,439053.086,743511.448,277262.648,142.3308891,16321.93672,15586.885,34.437,955.791
6/27/2022 1:49,1016.1,43.95,11.577,43.77,439030.362,743455.019,277071.467,143.4521882,16425.59246,15603.333,34.3,950.313
6/27/2022 1:50,1016.1,43.95,11.662,43.766,439026.105,743420.657,276937.457,143.6623251,16498.43825,15655,34.393,949.814
6/27/2022 1:51,1016.1,43.95,11.727,43.76,439028.419,743322.676,276841.305,143.5480968,16550.80017,15708.197,34.277,947.678
6/27/2022 1:52,1016.1,43.95,11.746,43.761,439045.61,743317.952,276877.638,142.699709,16531.00481,15613.333,33.151,932.286
6/27/2022 1:53,1016.1,43.95,11.757,43.77,439051.514,743433.971,276845.2,142.4084356,16548.67751,15620,32.893,925.647
6/27/2022 1:54,1016.1,43.95,11.761,43.77,439052.248,743514.057,276857.876,142.3722271,16541.77036,15563.934,32.075,913.502
6/27/2022 1:55,1016.1,43.96,11.781,43.773,439060.381,743635.4,276817.419,141.9710722,16563.82021,15578.333,31.66,905.79
6/27/2022 1:56,1016.1,43.961,11.736,43.78,439087.676,743763.124,276969.267,140.6254245,16481.13284,15428.333,30.081,883.355
6/27/2022 1:57,1016.1,43.97,11.658,43.78,439126.19,743831.79,277173.857,138.7284087,16370.0389,15457.377,29.819,869.962
6/27/2022 1:58,1016.1,43.97,11.661,43.78,439122.829,743759.571,277146.295,138.8938749,16384.9843,15361.667,28.677,850.841
6/27/2022 1:59,1016.1,43.968,11.625,43.78,439154.514,743769.714,277287.971,137.3345962,16308.23051,15391.667,28.54,836.654
6/27/2022 2:00,1016.1,43.96,11.619,43.78,439165.99,743703.819,277326.676,136.7701787,16287.29187,15340.984,27.776,822.745
6/27/2022 2:01,1016.1,43.96,11.58,43.775,439195.524,743675.81,277458.914,135.318452,16215.85095,15248.333,26.873,807.268
6/27/2022 2:02,1016.099,43.96,11.539,43.772,439212.124,743707.029,277568,134.5030114,16157.03097,15201.667,26.121,794.178
6/27/2022 2:03,1016,43.96,11.48,43.77,439240.476,743716.981,277735.076,133.1111483,16067.14076,15157.377,25.199,775.482
6/27/2022 2:04,1016,43.96,11.404,43.77,439269.343,743672.276,277921.943,131.6951304,15966.887,15136.667,24.665,763.675
6/27/2022 2:05,1016,43.96,11.393,43.773,439275.695,743719.248,277954.752,131.3836974,15949.31603,14986.667,23.257,749.976
6/27/2022 2:06,1016,43.96,11.302,43.77,439304.676,743677.286,278190.467,129.9634834,15823.35025,14936.066,22.647,738.762
6/27/2022 2:07,1016,43.96,11.296,43.77,439307.581,743727.8,278176.705,129.8211871,15830.69151,14965,22.523,728.087
6/27/2022 2:08,1016,43.96,11.281,43.774,439318.924,743740.543,278234.733,129.2656806,15799.74785,14893.333,21.836,718.708
6/27/2022 2:09,1016,43.96,11.218,43.78,439344.076,743872.524,278381.695,128.0345256,15721.50933,14867.213,21.355,709.07
6/27/2022 2:10,1016,43.964,11.16,43.781,439364.762,744009.048,278525.219,127.0226224,15645.28038,14745,20.432,702.005
6/27/2022 2:11,1016,43.97,11.126,43.784,439377.933,744001.81,278565.019,126.3786371,15624.17304,14811.667,20.624,693.584
6/27/2022 2:12,1016,43.97,11.124,43.784,439372.571,744014.438,278562.314,126.6407791,15625.60717,14786.885,20.168,685.758
6/27/2022 2:13,1016,43.97,11.08,43.78,439394.914,743955.114,278707.676,125.5487146,15548.62895,14765,19.967,679.482
6/27/2022 2:14,1016,43.968,11.118,43.78,439378.219,743930.686,278577.79,126.364656,15617.40302,14866.667,20.112,670.264
6/27/2022 2:15,1016,43.96,11.139,43.78,439375.524,743902.457,278546.81,126.4964055,15633.82822,14888.333,19.866,664.724
6/27/2022 2:16,1016,43.96,11.146,43.78,439387.419,743880.429,278546.99,125.9149736,15633.73276,14886.885,19.482,660.492
6/27/2022 2:17,1016,43.96,11.146,43.78,439399.543,743878.171,278556.762,125.322547,15628.5509,14820,18.843,656.829
6/27/2022 2:18,1016,43.96,11.13,43.78,439410.448,743876.524,278593.857,124.789857,15608.88775,14890,18.682,650.661
6/27/2022 2:19,1016.082,43.96,11.15,43.779,439418.057,743874.267,278558.771,124.4182669,15627.48567,14855.738,18.215,645.826
6/27/2022 2:20,1016.1,43.96,11.107,43.78,439438.495,743870.105,278687.171,123.4205563,15559.47661,14820,17.736,642.999
6/27/2022 2:21,1016.1,43.96,11.076,43.78,439444.686,743876.2,278738.219,123.1184462,15532.47764,14788.333,17.287,641.143
6/27/2022 2:22,1016.1,43.96,11.093,43.78,439439.59,743882.743,278677.438,123.3671184,15564.62688,14762.295,16.934,639.642
6/27/2022 2:23,1016.1,43.96,11.04,43.78,439461.076,743866.229,278816.305,122.3188953,15491.22179,14766.667,16.724,637.821
6/27/2022 2:24,1016.1,43.96,11.062,43.771,439458.238,743826.41,278750.562,122.4573147,15525.95286,14790,16.674,639.359
6/27/2022 2:25,1016.1,43.96,11.108,43.771,439450.238,743741.895,278642.914,122.8475627,15582.90201,14831.148,16.668,642.672
6/27/2022 2:26,1016.1,43.96,11.116,43.77,439452.276,743758.362,278636.771,122.7481388,15586.15486,14845,16.602,650.549
6/27/2022 2:27,1016.1,43.96,11.153,43.771,439446.771,743766.629,278524.619,123.0167136,15645.59868,14938.333,16.782,664.299
6/27/2022 2:28,1016.1,43.96,11.166,43.771,439450.524,743765.457,278509.419,122.8336099,15653.66345,14890.164,16.589,673.321
6/27/2022 2:29,1016.1,43.96,11.16,43.771,439449.524,743778.124,278504.171,122.8823966,15656.44838,14846.667,16.426,679.814
6/27/2022 2:30,1016.1,43.96,11.123,43.77,439462.162,743765.99,278600.333,122.26593,15605.45619,14885,16.625,694.792
6/27/2022 2:31,1016.1,43.96,11.126,43.77,439460.59,743744.438,278571.562,122.3425984,15620.70436,14849.18,16.514,700.752
6/27/2022 2:32,1016.1,43.96,11.131,43.77,439446.629,743728.438,278530.2,123.023642,15642.63803,14923.333,16.885,722.235
6/27/2022 2:33,1016.1,43.96,11.159,43.77,439439.8,743678.124,278448.571,123.3568702,15685.96788,14868.333,16.558,726.818
6/27/2022 2:34,1016.003,43.959,11.158,43.77,439441.648,743700.267,278427.333,123.2666888,15697.25071,14949.18,16.853,752.206
6/27/2022 2:35,1016,43.95,11.168,43.77,439445.038,743652.286,278420.705,123.1012708,15700.77267,14875,16.425,748.926
6/27/2022 2:36,1016,43.96,11.133,43.77,439457.819,743678.61,278505.343,122.4777518,15655.82642,14778.333,15.948,746.349
6/27/2022 2:37,1016,43.96,11.068,43.779,439473.895,743787.962,278650.905,121.6938035,15578.6711,14783.607,15.892,760.905
6/27/2022 2:38,1016,43.96,11.044,43.78,439481.41,743871.657,278665.781,121.3274546,15570.79632,14763.333,15.693,768.376
6/27/2022 2:39,1016,43.96,11.064,43.78,439467.848,743884.476,278547.257,121.9886449,15633.59117,14888.333,16.082,806.666
6/27/2022 2:40,1016,43.97,11.109,43.78,439463.476,743945.01,278420.029,122.2018472,15701.13191,14888.525,16.034,814.661
6/27/2022 2:41,1016,43.963,11.129,43.78,439456.6,743869.01,278377.638,122.5372109,15723.66667,14788.333,15.687,804.725
6/27/2022 2:42,1016,43.96,11.09,43.779,439467.895,743837.2,278509.162,121.986353,15653.79982,14790,15.681,808.931
6/27/2022 2:43,1016,43.96,11.053,43.77,439483.286,743827.448,278600.638,121.2360134,15605.29459,14744.262,15.531,804.957
6/27/2022 2:44,1016,43.96,11.017,43.772,439486.914,743810.81,278689.038,121.0591888,15558.48878,14735,15.497,808.515
6/27/2022 2:45,1016,43.96,11.029,43.779,439480.143,743856.371,278604.181,121.3892142,15603.41735,14816.667,15.806,829.602
6/27/2022 2:46,1016,43.96,11.1,43.78,439469.448,743943.676,278387.219,121.9106267,15718.57213,14919.672,16.095,852.16
6/27/2022 2:47,1016,43.97,11.123,43.78,439473.59,743983.076,278356.095,121.7086736,15735.1247,14891.667,15.907,854.774
6/27/2022 2:48,1016,43.97,11.106,43.78,439477.286,744031.362,278409.21,121.528486,15706.88174,14840,15.583,848.412
6/27/2022 2:49,1016,43.97,11.057,43.78,439491.257,744089.829,278518.638,120.8475396,15648.77182,14785.246,15.391,840.8
6/27/2022 2:50,1016,43.97,11.068,43.781,439481.695,743943.152,278461.057,121.3135626,15679.33642,14866.667,15.659,860.888
6/27/2022 2:51,1016,43.97,11.104,43.779,439477.79,743892.495,278366.733,121.5039164,15729.46619,14780,15.245,845.42
6/27/2022 2:52,1016,43.963,11.083,43.773,439477.429,743798.467,278445.476,121.5215148,15687.61188,14821.311,15.357,859.1
6/27/2022 2:53,1016,43.96,11.082,43.77,439484.21,743730.495,278452.029,121.190977,15684.13116,14860,15.357,865.835
6/27/2022 2:54,1016,43.96,11.092,43.77,439485.629,743724.933,278434.848,121.1218162,15693.25787,14913.333,15.502,878.125
6/27/2022 2:55,1016.079,43.96,11.113,43.77,439479.981,743756.686,278370.352,121.397111,15727.54142,14945.902,15.554,880.725
6/27/2022 2:56,1016.1,43.96,11.138,43.773,439472.019,743772.229,278289.029,121.7852687,15770.82052,14881.667,15.362,866.744
6/27/2022 2:57,1016.1,43.961,11.151,43.78,439464.133,743885.486,278241.857,122.1698067,15795.95095,14938.333,15.632,875.965
6/27/2022 2:58,1016.1,43.97,11.158,43.78,439465.6,743954.581,278248.295,122.0982662,15792.52004,14950.82,15.71,875.636
6/27/2022 2:59,1016.1,43.97,11.217,43.78,439457.362,743983.781,278053.81,122.5000426,15896.32136,15006.667,15.854,880.996
6/27/2022 3:00,1016.1,43.97,11.269,43.78,439438.01,743946.571,277929.714,123.4442257,15962.72438,15216.667,16.761,911.576
6/27/2022 3:01,1016.1,43.97,11.294,43.78,439443.476,743941.057,277927.638,123.177488,15963.83636,15104.918,16.266,893.148
6/27/2022 3:02,1016.1,43.97,11.395,43.78,439411.067,743952.152,277585.924,124.7596248,16147.37601,15246.667,16.813,914.145
6/27/2022 3:03,1016.1,43.97,11.412,43.782,439420.105,744007.067,277632.914,124.3182651,16122.07743,15195,16.447,902.322
6/27/2022 3:04,1016.1,43.97,11.371,43.781,439428.638,744003.324,277760.514,123.9016688,16053.47567,15173.77,16.233,896.754
6/27/2022 3:05,1016.1,43.97,11.379,43.78,439426.324,743960.343,277735.524,124.0146326,16066.90005,15160,15.933,886.925
6/27/2022 3:06,1016.1,43.965,11.372,43.776,439432.981,743831.305,277785.495,123.689674,16040.06149,15213.333,15.956,892.104
6/27/2022 3:07,1016.1,43.96,11.416,43.77,439427.943,743742.419,277667.095,123.9355963,16103.68692,15185,15.739,884.219
6/27/2022 3:08,1016.1,43.96,11.414,43.77,439449.752,743763.705,277726.01,122.8712731,16072.01229,15237.705,15.768,889.047
6/27/2022 3:09,1016.1,43.96,11.422,43.772,439449.571,743812.019,277693.143,122.8801036,16089.67898,15308.333,15.788,897.743
6/27/2022 3:10,1016.1,43.96,11.425,43.78,439453.305,743878.733,277680.333,122.6979411,16096.56714,15213.333,15.258,877.809
6/27/2022 3:11,1016.1,43.97,11.406,43.784,439456.438,743943.581,277722.762,122.5451129,16073.75774,15226.23,15.112,874.382
6/27/2022 3:12,1016.1,43.97,11.43,43.785,439458.419,744029.857,277669.733,122.4484864,16102.26801,15203.333,14.758,863.596
6/27/2022 3:13,1016.1,43.97,11.426,43.78,439457.019,744002.352,277665.886,122.5167731,16104.33723,15306.667,14.975,879.02
6/27/2022 3:14,1016.1,43.97,11.492,43.78,439439.029,743946.924,277478.781,123.394496,16205.13089,15349.18,14.921,881.9
6/27/2022 3:15,1016.1,43.97,11.515,43.78,439450.829,743905.276,277463.286,122.8187302,16213.49156,15318.333,14.789,874.394
6/27/2022 3:16,1016.1,43.97,11.556,43.78,439448.905,743997.457,277366.533,122.9125963,16265.74349,15470,15.342,902.282
6/27/2022 3:17,1016.1,43.97,11.604,43.78,439438.048,743975.076,277241.629,123.4423712,16333.31756,15347.541,14.672,877.641
6/27/2022 3:18,1016.1,43.97,11.552,43.78,439452.505,743999.733,277425.4,122.7369673,16233.94249,15255,14.164,858.772
6/27/2022 3:19,1016.1,43.97,11.521,43.781,439452.324,744010.705,277470,122.7457971,16209.86862,15370,14.759,883.287
6/27/2022 3:20,1016.1,43.97,11.597,43.78,439438.01,744012.095,277246.029,123.4442257,16330.93484,15475.41,15.252,898.601
6/27/2022 3:21,1016.1,43.97,11.613,43.78,439438.695,743975.467,277257.762,123.4107958,16324.58193,15326.667,14.559,870.254
6/27/2022 3:22,1016.1,43.965,11.59,43.774,439444.524,743869.076,277341.619,123.1263509,16279.21146,15403.333,14.969,884.986
6/27/2022 3:23,1016.1,43.96,11.603,43.77,439439.01,743794.19,277309.324,123.3954232,16296.67737,15490.164,15.249,900.189
6/27/2022 3:24,1016.1,43.96,11.665,43.77,439434.419,743771.514,277150.886,123.6194866,16382.49439,15470,15.113,898.545
6/27/2022 3:25,1016.1,43.96,11.666,43.779,439433.438,743875.505,277149.029,123.667368,16383.50151,15481.667,14.982,899.265
6/27/2022 3:26,1016.1,43.96,11.6,43.78,439451.933,743959.657,277360.8,122.7648716,16268.84215,15386.885,14.579,877.705
6/27/2022 3:27,1016.1,43.97,11.613,43.78,439432.962,743942.143,277267.4,123.6906014,16319.36426,15450,14.992,885.862
6/27/2022 3:28,1016.1,43.965,11.602,43.78,439436.905,743904.39,277332.876,123.498154,16283.93899,15438.333,15.06,876.324
6/27/2022 3:29,1016.1,43.96,11.508,43.776,439461.505,743908.133,277690.629,122.2979723,16091.03069,15263.934,14.081,840.896
6/27/2022 3:30,1016.1,43.96,11.519,43.77,439445.943,743860.2,277542.971,123.0571132,16170.51775,15331.667,14.375,853.506
6/27/2022 3:31,1016.1,43.96,11.561,43.779,439435.781,743875.029,277421.505,123.5530113,16236.04572,15368.333,14.496,861.394
6/27/2022 3:32,1016.1,43.961,11.614,43.78,439435.838,743951,277276.381,123.5502294,16314.50298,15478.689,15.041,883.505
6/27/2022 3:33,1016.1,43.97,11.676,43.78,439423.4,744018.229,277090.39,124.1573855,16415.31865,15515,15.156,890.933
6/27/2022 3:34,1016.1,43.97,11.654,43.78,439439.076,744020.333,277222.714,123.3922023,16343.56242,15396.667,14.378,869.792
6/27/2022 3:35,1016.1,43.962,11.651,43.779,439447.762,743937.495,277217.524,122.9683622,16346.374,15486.885,14.628,891.413
6/27/2022 3:36,1016.1,43.96,11.676,43.778,439446.562,743941.886,277159.181,123.026911,16377.9961,15535,14.585,905.697
6/27/2022 3:37,1016.1,43.961,11.742,43.78,439423.524,743957.876,276936,124.1513315,16499.23111,15611.667,14.62,923.665
6/27/2022 3:38,1016.1,43.97,11.715,43.78,439443.171,744068.543,277058.343,123.1923708,16432.71965,15465.574,13.841,896.245
6/27/2022 3:39,1016.1,43.97,11.726,43.78,439441.667,744063.429,276965.619,123.2657617,16483.117,15565,13.926,920.298
6/27/2022 3:40,1016.1,43.968,11.756,43.776,439438.8,743974.314,276899.695,123.4056716,16518.99299,15661.667,14.052,942.643
6/27/2022 3:41,1016.1,43.96,11.771,43.77,439444.495,743862.657,276940.667,123.1277659,16496.69154,15501.639,13.327,911.331
6/27/2022 3:42,1016.1,43.96,11.703,43.77,439458.676,743780.457,277134.924,122.4359512,16391.15209,15431.667,12.955,900.937
6/27/2022 3:43,1016.1,43.96,11.693,43.77,439460.8,743781.61,277132.762,122.3323563,16392.32491,15435,12.76,907.526
6/27/2022 3:44,1016.1,43.96,11.714,43.77,439454.971,743800.286,277020.467,122.6166717,16453.29708,15657.377,13.182,963.612
6/27/2022 3:45,1016.1,43.96,11.748,43.77,439462.638,743896.162,276943.029,122.2427156,16495.40632,15696.667,13.081,979.917
6/27/2022 3:46,1016.1,43.96,11.833,43.776,439452.438,743951.038,276664.4,122.7402358,16647.34583,15585,12.47,949.904
6/27/2022 3:47,1016.1,43.96,11.821,43.78,439472.781,744011.4,276721.886,121.7481165,16615.9434,15734.426,12.788,987.064
6/27/2022 3:48,1016.172,43.96,11.864,43.777,439468.629,743969.219,276615.686,121.9505618,16673.97868,15833.333,13.002,1003.541
6/27/2022 3:49,1016.2,43.96,11.864,43.779,439462.771,743976.352,276664.086,122.2362293,16647.51743,15605,12.347,953.63
6/27/2022 3:50,1016.2,43.96,11.896,43.78,439447.19,743908.39,276524.305,122.9962702,16723.99344,15951.667,13.322,1007.111
6/27/2022 3:51,1016.2,43.96,12.015,43.779,439424.029,743946.59,276246.352,124.1266761,16876.56442,15862.295,13.065,978.229
6/27/2022 3:52,1016.2,43.96,11.971,43.773,439437.743,743897.362,276454.429,123.4572562,16762.2865,15791.667,12.748,954.574
6/27/2022 3:53,1016.2,43.96,11.973,43.771,439448.781,743917.514,276483.2,122.9186461,16746.51449,15671.667,12.398,927.756
6/27/2022 3:54,1016.2,43.96,11.943,43.77,439457.381,743962.229,276559.238,122.4991159,16704.86539,15832.787,12.896,938.795
6/27/2022 3:55,1016.2,43.96,11.962,43.774,439451.571,743974.6,276529.029,122.7825316,16721.40613,15756.667,12.596,916.053
6/27/2022 3:56,1016.2,43.96,11.996,43.779,439439.314,744009.057,276414.21,123.3805875,16784.34614,15905,12.941,927.08
6/27/2022 3:57,1016.2,43.969,11.938,43.78,439448.695,744058.495,276652.59,122.9228419,16653.8007,15518.033,11.985,868.916
6/27/2022 3:58,1016.2,43.968,11.853,43.777,439465.4,744035.4,276850.067,122.1080194,16546.02532,15711.667,12.474,884.761
6/27/2022 3:59,1016.2,43.96,11.861,43.771,439461.571,743996.019,276812.333,122.2947535,16566.59317,15648.333,12.32,868.917
6/27/2022 4:00,1016.2,43.96,11.877,43.77,439455.905,743893.59,276798.943,122.5711118,16573.89467,15709.836,12.619,868.423
6/27/2022 4:01,1016.2,43.96,11.936,43.77,439452.971,743902.457,276637.933,122.7142344,16661.8133,15826.667,13.107,870.752
6/27/2022 4:02,1016.2,43.96,11.961,43.77,439448.419,743945.886,276611.676,122.9363076,16676.17193,15808.333,13.218,863.307
6/27/2022 4:03,1016.2,43.96,11.97,43.773,439439.562,743968.971,276596.181,123.3684848,16684.64815,15801.639,13.329,855.37
6/27/2022 4:04,1016.2,43.96,11.948,43.771,439431.2,743976.381,276700.971,123.7766068,16627.36519,15665,13.151,838.054
6/27/2022 4:05,1016.2,43.96,11.832,43.77,439451.79,743933.933,276978.562,122.7718478,16476.07778,15638.333,13.14,829.028
6/27/2022 4:06,1016.2,43.96,11.844,43.77,439456.552,743971.01,276951.886,122.5395522,16490.58745,15600,13.32,822.68
6/27/2022 4:07,1016.2,43.96,11.812,43.77,439460.838,743935.781,277042.762,122.330503,16441.18306,15626.667,13.379,818.935
6/27/2022 4:08,1016.2,43.96,11.862,43.77,439447.429,743888.381,276872.629,122.9846093,16533.73319,15658.333,13.43,816.015
6/27/2022 4:09,1016.2,43.96,11.928,43.77,439435.638,743962.029,276710.8,123.5599906,16621.99705,15896.721,13.965,828.679
6/27/2022 4:10,1016.2,43.96,12.03,43.77,439411.333,743934.038,276451.01,124.7466334,16764.16124,15810,13.852,818.306
6/27/2022 4:11,1016.2,43.96,11.985,43.77,439426.762,743930.781,276660.933,123.99325,16649.24063,15756.667,13.693,811.05
6/27/2022 4:12,1016.267,43.96,11.989,43.77,439427.181,743940.619,276621,123.9727951,16671.07243,15827.869,13.908,817.541
6/27/2022 4:13,1016.3,43.96,11.976,43.77,439431.086,743897.076,276682.629,123.7821715,16637.38494,15785,13.779,815.27
6/27/2022 4:14,1016.3,43.96,11.956,43.77,439432.019,743910.067,276728.305,123.7366299,16612.43871,15631.667,13.48,803.825
6/27/2022 4:15,1016.3,43.96,11.892,43.77,439445.419,743928.533,276903.781,123.0826805,16516.7683,15695.082,13.664,817.34
6/27/2022 4:16,1016.3,43.96,11.855,43.77,439449.505,743962.657,276957.438,122.8833236,16487.56709,15588.333,13.435,814.964
6/27/2022 4:17,1016.3,43.96,11.856,43.77,439438.076,744012.114,276902.533,123.4410047,16517.44778,15705,13.719,844.838
6/27/2022 4:18,1016.3,43.96,11.944,43.77,439413.029,744000.886,276614.676,124.6638034,16674.53109,15742.623,13.922,866.815
6/27/2022 4:19,1016.3,43.96,11.985,43.771,439412.695,744050.695,276522.676,124.6801151,16724.88568,15815,14.062,891.135
6/27/2022 4:20,1016.3,43.96,12.011,43.77,439406.524,744004.448,276448.79,124.9815187,16765.37859,15890,14.331,918.064
6/27/2022 4:21,1016.387,43.96,12.032,43.772,439391.067,743997.086,276427.39,125.7366968,16777.11554,15663.934,13.921,880.139
6/27/2022 4:22,1016.4,43.96,11.944,43.777,439417.762,744040.933,276695.838,124.4326719,16630.16892,15541.667,13.539,856.933
6/27/2022 4:23,1016.4,43.96,11.866,43.78,439435.219,744118.248,276872.648,123.5804406,16533.72284,15500,13.522,851.558
6/27/2022 4:24,1016.4,43.96,11.813,43.78,439444.714,744145.743,276978.562,123.11708,16476.07778,15414.754,13.153,833.864
6/27/2022 4:25,1016.4,43.96,11.786,43.78,439448.048,744125.486,277058.324,122.9544084,16432.72997,15546.667,13.446,850.672
6/27/2022 4:26,1016.4,43.96,11.825,43.78,439436.181,744103.086,276903.276,123.5334889,16517.04324,15556.667,13.357,849.314
6/27/2022 4:27,1016.4,43.96,11.863,43.775,439434.838,744097.714,276814.629,123.5990362,16565.34133,15563.934,13.172,845.028
6/27/2022 4:28,1016.4,43.96,11.82,43.77,439447.848,744066.81,276964,122.9641663,16483.99762,15620,13.059,844.568
6/27/2022 4:29,1016.4,43.96,11.828,43.77,439445.105,744038.762,276941.429,123.0980016,16496.27691,15528.333,12.733,826.941
6/27/2022 4:30,1016.4,43.96,11.785,43.77,439457.562,744021.21,277062.276,122.4902873,16430.58362,15649.18,12.74,835.295
6/27/2022 4:31,1016.4,43.96,11.819,43.77,439461.381,744077.21,276950.762,122.30402,16491.19895,15645,12.563,826.938
6/27/2022 4:32,1016.4,43.96,11.832,43.77,439464.486,744087.086,276937.219,122.1525918,16498.56776,15618.333,12.365,817.662
6/27/2022 4:33,1016.4,43.96,11.819,43.77,439465.419,744091.467,276988.162,122.1070928,16470.85763,15668.852,12.424,818.763
6/27/2022 4:34,1016.4,43.96,11.855,43.778,439452.657,744113.771,276874.495,122.7295523,16532.71676,15701.667,12.433,817.35
6/27/2022 4:35,1016.4,43.97,11.91,43.78,439447.619,744245.419,276728.162,122.9753392,16612.51678,15805,12.606,827.532
6/27/2022 4:36,1016.4,43.97,11.995,43.78,439438.695,744331.019,276508.343,123.4107958,16732.73715,15859.016,12.663,838.904
6/27/2022 4:37,1016.33,43.97,11.99,43.78,439443.171,744271,276569.371,123.1923708,16699.31889,15833.333,12.655,844.042
6/27/2022 4:38,1016.3,43.97,11.971,43.78,439455.286,744333.276,276656.495,122.6013061,16651.66625,15641.667,12.3,820.907
6/27/2022 4:39,1016.3,43.97,11.91,43.78,439461.495,744293.867,276795.686,122.2984601,16575.67093,15668.333,12.388,829.961
6/27/2022 4:40,1016.3,43.97,11.926,43.78,439454.524,744244.133,276718.552,122.6384765,16617.76387,15859.016,12.762,862.618
6/27/2022 4:41,1016.3,43.97,12.069,43.779,439421.905,744193.105,276299.686,124.2303776,16847.23738,15838.333,12.714,857.768
6/27/2022 4:42,1016.3,43.96,12.069,43.77,439431.686,744182.784,276376.098,123.7528841,16805.26295,15935,12.949,869.058
6/27/2022 4:43,1016.3,43.96,12.081,43.773,439431.533,744235.333,276378.752,123.7603524,16803.80596,15914.754,13.098,864.237
6/27/2022 4:44,1016.3,43.965,12.112,43.78,439421.638,744237.343,276277.8,124.243414,16859.26899,15978.333,13.294,867.55
6/27/2022 4:45,1016.3,43.97,12.118,43.78,439415.286,744245.181,276299.41,124.5535812,16847.38908,15881.667,13.226,853.747
6/27/2022 4:46,1016.3,43.97,12.042,43.78,439434.629,744248.429,276527.114,123.609237,16722.45494,15775.41,13.041,838.266
6/27/2022 4:47,1016.3,43.97,12.007,43.78,439437.029,744287.638,276595.686,123.4921022,16684.91897,15823.333,13.129,834.045
6/27/2022 4:48,1016.3,43.97,12.016,43.78,439438.39,744347.171,276554.39,123.4256806,16707.51935,15886.667,13.266,832.663
6/27/2022 4:49,1016.3,43.97,12.01,43.78,439427.819,744302.886,276570.562,123.9416496,16698.66703,15922.951,13.394,827.044
6/27/2022 4:50,1016.3,43.97,12.052,43.78,439417.99,744322.933,276460.876,124.4215385,16758.75169,15883.333,13.367,818.025
6/27/2022 4:51,1016.3,43.97,12.106,43.78,439406.895,744255.676,276332.914,124.9633969,16828.9785,15966.667,13.635,821.885
6/27/2022 4:52,1016.3,43.97,12.197,43.777,439390.086,744224.6,276131.571,125.7846362,16939.76261,16004.918,13.755,822.39
6/27/2022 4:53,1016.3,43.966,12.218,43.78,439384.914,744230.505,276116.714,126.0374029,16947.95113,16000,13.764,821.023
6/27/2022 4:54,1016.3,43.97,12.2,43.78,439390.543,744361.39,276154.8,125.7623034,16926.96363,16000,13.709,823.565
6/27/2022 4:55,1016.3,43.97,12.188,43.789,439399.152,744431.848,276202.419,125.3416497,16900.74046,15950.82,13.703,827.402
6/27/2022 4:56,1016.3,43.97,12.206,43.79,439398.095,744456.895,276096.6,125.3932914,16959.0401,15988.333,13.695,836.408
6/27/2022 4:57,1016.3,43.979,12.209,43.789,439391.067,744481.181,276086.01,125.7366968,16964.87982,16101.667,13.762,853.713
6/27/2022 4:58,1016.3,43.973,12.236,43.786,439392.505,744458.152,276040.257,125.6664271,16990.12085,15963.934,13.493,841.553
6/27/2022 4:59,1016.3,43.97,12.185,43.78,439411.61,744391.362,276190.524,124.7331049,16907.28905,15990,13.364,848.64
6/27/2022 5:00,1016.3,43.97,12.178,43.78,439413.905,744335.095,276226.105,124.6210225,16887.70415,15998.333,13.28,851.889
6/27/2022 5:01,1016.3,43.969,12.228,43.777,439403.762,744263.305,276061.705,125.116437,16978.28617,15985.246,13.181,849.591
6/27/2022 5:02,1016.3,43.96,12.203,43.77,439418.419,744240.571,276205.81,124.4005904,16898.87382,16001.667,13.225,852.376
6/27/2022 5:03,1016.3,43.96,12.185,43.77,439412.067,744182.133,276226.086,124.7107855,16887.7146,15980,13.111,846.605
6/27/2022 5:04,1016.3,43.96,12.145,43.77,439424.533,744141.543,276344.39,124.1020698,16822.67461,15906.557,12.848,834.41
6/27/2022 5:05,1016.3,43.96,12.136,43.77,439434.724,744211.095,276370.714,123.6046002,16808.21883,15893.333,12.74,825.917
6/27/2022 5:06,1016.388,43.96,12.175,43.771,439424.343,744294.248,276221.429,124.111346,16890.27734,16070,13.195,837.453
6/27/2022 5:07,1016.4,43.963,12.22,43.779,439422.029,744323.219,276129.086,124.2243233,16941.1321,16009.836,13.017,825.034
6/27/2022 5:08,1016.4,43.97,12.256,43.78,439420.648,744369.848,276054.495,124.2917519,16982.26409,15965,12.779,814.944
6/27/2022 5:09,1016.4,43.97,12.189,43.78,439438.257,744454.571,276249.81,123.4321713,16874.66221,15968.333,12.743,811.365
6/27/2022 5:10,1016.4,43.97,12.198,43.788,439433.105,744494.124,276206.067,123.6836216,16898.73236,16073.77,12.85,816.522
6/27/2022 5:11,1016.4,43.975,12.26,43.79,439421.086,744544.686,276022.133,124.2703659,17000.12448,16235,13.08,830.584
6/27/2022 5:12,1016.4,43.98,12.286,43.789,439415.857,744552.771,276002.086,124.5256971,17011.1928,16033.333,12.554,809.504
6/27/2022 5:13,1016.4,43.975,12.26,43.782,439420.571,744509.352,276063.086,124.2955116,16977.52429,16034.426,12.474,808.25
6/27/2022 5:14,1016.4,43.97,12.245,43.78,439437.629,744433.99,276124.429,123.4628198,16943.69873,16156.667,12.852,828.639
6/27/2022 5:15,1016.4,43.97,12.321,43.78,439421.352,744396.505,275919.257,124.2573781,17056.96091,16195,13.028,836.886
6/27/2022 5:16,1016.4,43.97,12.321,43.774,439414.333,744338.829,275975.505,124.6001208,17025.87401,16136.066,12.936,832.427
6/27/2022 5:17,1016.4,43.97,12.355,43.77,439406.676,744353.4,275838.276,124.9740941,17101.76492,16275,13.508,860.561
6/27/2022 5:18,1016.4,43.97,12.422,43.77,439383.038,744357.705,275646.505,126.129096,17208.09015,16188.333,13.156,851.663
6/27/2022 5:19,1016.4,43.961,12.307,43.77,439413.705,744289.467,276053.619,124.6307897,16982.74743,15993.443,12.477,825.193
6/27/2022 5:20,1016.4,43.962,12.26,43.77,439423.819,744359.648,276105.086,124.1369288,16954.36129,16058.333,12.569,837.415
6/27/2022 5:21,1016.4,43.97,12.261,43.776,439430.952,744412.752,276063.143,123.7887124,16977.49284,16178.333,12.807,861.433
6/27/2022 5:22,1016.4,43.97,12.3,43.78,439415.762,744477.829,275946.752,124.5303363,17041.76169,16163.333,12.572,858.659
6/27/2022 5:23,1016.4,43.97,12.381,43.78,439405.143,744448.152,275719.429,125.0489766,17167.62101,16283.607,12.759,876.782
6/27/2022 5:24,1016.4,43.97,12.438,43.778,439398.819,744353.933,275597.105,125.3579189,17235.53065,16326.667,12.801,876.927
6/27/2022 5:25,1016.4,43.962,12.438,43.77,439394.238,744275.105,275663.495,125.5817456,17198.65747,16200,12.413,856.779
6/27/2022 5:26,1016.4,43.96,12.399,43.77,439407.743,744191.162,275810.248,124.9219763,17117.28499,16124.59,12.117,843.109
6/27/2022 5:27,1016.4,43.96,12.359,43.764,439421.99,744132.086,275922.981,124.2262275,17054.9019,16041.667,11.813,829.295
6/27/2022 5:28,1016.4,43.96,12.364,43.767,439410.8,744115.562,275862.124,124.7726651,17088.56478,16221.667,12.208,844.62
6/27/2022 5:29,1016.4,43.96,12.377,43.772,439406.419,744225.981,275861.829,124.9866476,17088.72803,16165.574,12.016,837.985
6/27/2022 5:30,1016.4,43.961,12.375,43.78,439405.429,744320.219,275834.467,125.0350061,17103.8737,16140,11.803,833.673
6/27/2022 5:31,1016.4,43.97,12.358,43.782,439416.619,744469.314,275883.733,124.4884864,17076.60818,16066.667,11.525,824.599
6/27/2022 5:32,1016.4,43.97,12.336,43.788,439420.419,744500.286,275901.524,124.3029333,17066.76715,16142.623,11.797,840.37
6/27/2022 5:33,1016.4,43.97,12.356,43.782,439412.629,744462.952,275844.571,124.6833384,17098.28009,16116.667,11.614,836.568
6/27/2022 5:34,1016.4,43.97,12.368,43.78,439409.552,744372.295,275814.581,124.8336189,17114.88522,16158.333,11.698,848.857
6/27/2022 5:35,1016.467,43.967,12.287,43.777,439436.505,744333.895,276100.457,123.517676,16956.91344,16013.115,11.224,828.664
6/27/2022 5:36,1016.5,43.96,12.239,43.77,439440.962,744292.19,276152.276,123.3001647,16928.35411,16105,11.506,846.466
6/27/2022 5:37,1016.5,43.96,12.262,43.77,439436.457,744276.029,276087.048,123.5200186,16964.30739,16118.333,11.584,850.412
6/27/2022 5:38,1016.5,43.96,12.308,43.77,439426.971,744323.467,275940.667,123.9830469,17045.12491,16124.59,11.698,852.59
6/27/2022 5:39,1016.5,43.965,12.322,43.779,439426.105,744370.448,275910.981,124.025324,17061.53715,16196.667,12.22,863.615
6/27/2022 5:40,1016.5,43.97,12.391,43.78,439407.99,744463.81,275719.019,124.9099118,17167.84841,16301.667,12.718,876.574
6/27/2022 5:41,1016.5,43.97,12.44,43.78,439392.952,744482.21,275605.076,125.6445845,17231.10153,16354.098,13.065,884.215
6/27/2022 5:42,1016.5,43.97,12.508,43.783,439373.981,744528.19,275418.733,126.5718421,17334.78664,16438.333,13.433,894.975
6/27/2022 5:43,1016.5,43.97,12.577,43.789,439368.781,744582.314,275268.476,126.8260916,17418.61023,16398.333,13.325,885.708
6/27/2022 5:44,1016.529,43.97,12.528,43.78,439378.771,744534.029,275451.152,126.3376718,17316.72658,16426.23,13.521,883.102
6/27/2022 5:45,1016.6,43.97,12.608,43.78,439350.314,744477.648,275214.105,127.729318,17448.98992,16490,14.005,888.883
6/27/2022 5:46,1016.644,43.97,12.577,43.778,439364.562,744454.838,275390.095,127.0324031,17350.74789,16378.333,13.655,870.408
6/27/2022 5:47,1016.7,43.965,12.579,43.77,439367.914,744371.657,275393.886,126.8684864,17348.63459,16200,12.977,847.966
6/27/2022 5:48,1016.7,43.963,12.562,43.778,439372.419,744389.781,275425.695,126.6482108,17330.90747,16273.333,13.185,855.958
6/27/2022 5:49,1016.7,43.97,12.527,43.78,439377.81,744464.6,275542.476,126.38465,17265.90016,16125,12.547,835.64
6/27/2022 5:50,1016.7,43.97,12.443,43.78,439394.762,744476,275736.41,125.5561416,17158.20398,16185.246,12.586,841.803
6/27/2022 5:51,1016.7,43.97,12.472,43.78,439382.514,744482.552,275597.486,126.1547084,17235.31893,16400,13.013,867.645
6/27/2022 5:52,1016.7,43.97,12.457,43.78,439388.333,744487.39,275682.629,125.870305,17188.03744,16233.333,12.43,843.262
6/27/2022 5:53,1016.7,43.97,12.44,43.778,439384.267,744413.019,275706.971,126.0690257,17174.53133,16254.098,12.39,842.165
6/27/2022 5:54,1016.7,43.966,12.454,43.77,439389.686,744355.667,275679.819,125.8041838,17189.59689,16238.333,12.354,838.214
6/27/2022 5:55,1016.7,43.96,12.442,43.77,439408.371,744315.143,275761.79,124.8913022,17144.13379,16165,12.131,823.374
6/27/2022 5:56,1016.7,43.96,12.445,43.77,439405.933,744310.543,275738.324,125.0103871,17157.1427,16254.098,12.598,827.423
6/27/2022 5:57,1016.7,43.96,12.484,43.774,439389.286,744427.133,275622.229,125.8237316,17221.57226,16358.333,13.091,832.638
6/27/2022 5:58,1016.7,43.967,12.566,43.78,439371.114,744522.076,275385.914,126.712017,17353.07874,16381.667,13.059,830.462
6/27/2022 5:59,1016.7,43.97,12.56,43.78,439378.038,744556.581,275473.438,126.3735042,17304.31668,16291.803,12.932,818.349
6/27/2022 6:00,1016.7,43.97,12.525,43.78,439384.857,744593.276,275571.829,126.0401888,17249.57897,16313.333,13.122,813.007
6/27/2022 6:01,1016.7,43.97,12.515,43.789,439378.781,744663.01,275586.657,126.337183,17241.33695,16153.333,12.844,795.45
6/27/2022 6:02,1016.7,43.98,12.491,43.79,439366.057,744671.705,275625.867,126.9592939,17219.55151,16208.197,13.115,790.773
6/27/2022 6:03,1016.7,43.98,12.437,43.79,439379.771,744670.467,275780.895,126.2887884,17133.546,16103.333,12.901,780.038
6/27/2022 6:04,1016.7,43.972,12.41,43.781,439376.695,744589.905,275833.333,126.439158,17104.50154,16238.333,13.261,780.353
6/27/2022 6:05,1016.7,43.97,12.449,43.78,439368.39,744537.438,275735.867,126.8452107,17158.50506,16149.18,13.099,773.254
6/27/2022 6:06,1016.7,43.97,12.41,43.78,439380.381,744557.657,275860.924,126.2589703,17089.22888,16118.333,13.01,769.273
6/27/2022 6:07,1016.7,43.97,12.356,43.78,439395.81,744560.019,276023.457,125.5049348,16999.39359,15936.667,12.615,757.493
6/27/2022 6:08,1016.7,43.97,12.348,43.78,439390.324,744602.305,275957.476,125.7730056,17035.83523,16203.279,12.957,777.934
6/27/2022 6:09,1016.7,43.97,12.35,43.78,439388.524,744532.21,275988.876,125.8609707,17018.48819,15956.667,12.579,763.289
6/27/2022 6:10,1016.7,43.97,12.276,43.772,439399.762,744415.581,276184.01,125.3118476,16910.87575,15995,12.657,768.867
6/27/2022 6:11,1016.7,43.96,12.284,43.77,439397.933,744347.343,276133.152,125.4012064,16938.89135,16108.197,12.945,787.005
6/27/2022 6:12,1016.7,43.96,12.367,43.77,439381.8,744377.981,275901.124,126.1896083,17066.98837,16161.667,13.243,802.715
6/27/2022 6:13,1016.7,43.96,12.398,43.771,439376.657,744432.114,275825.629,126.4410157,17108.76716,16223.333,13.671,822.725
6/27/2022 6:14,1016.7,43.962,12.442,43.775,439351.581,744470.962,275665.105,127.6673337,17197.76375,16326.23,13.925,846.35
6/27/2022 6:15,1016.7,43.97,12.469,43.78,439353.257,744549.095,275616.79,127.5853438,17224.5936,16206.667,13.836,841.861
6/27/2022 6:16,1016.7,43.97,12.435,43.78,439354.057,744563.248,275714.8,127.5462091,17170.18851,16258.333,14.041,858.159
6/27/2022 6:17,1016.7,43.97,12.468,43.78,439359.143,744619,275593.59,127.2974309,17237.48394,16386.667,14.182,875.197
6/27/2022 6:18,1016.7,43.97,12.524,43.78,439345.029,744631.6,275427.362,127.9878946,17329.97869,16298.361,14.146,865.633
6/27/2022 6:19,1016.7,43.97,12.489,43.78,439338.457,744550.124,275564.238,128.3094928,17253.79909,16378.333,14.324,871.677
6/27/2022 6:20,1016.7,43.965,12.495,43.771,439345.657,744448.152,275568.571,127.9571667,17251.39015,16340,14.414,865.163
6/27/2022 6:21,1016.7,43.96,12.53,43.77,439332.4,744318.838,275498.6,128.6059419,17290.31042,16219.672,14.438,855.327
6/27/2022 6:22,1016.74,43.96,12.462,43.77,439344.981,744283.657,275707.867,127.9902432,17174.03429,16158.333,14.225,846.07
6/27/2022 6:23,1016.8,43.96,12.401,43.77,439361.124,744330.819,275868.286,127.2005412,17085.15484,16086.667,14.08,837.013
6/27/2022 6:24,1016.8,43.96,12.382,43.77,439352.762,744404.305,275870.952,127.6095588,17083.67962,16157.377,14.178,839.797
6/27/2022 6:25,1016.8,43.96,12.36,43.774,439358.581,744433.695,275918.286,127.324919,17057.49779,16076.667,14.049,829.956
6/27/2022 6:26,1016.8,43.96,12.302,43.77,439330.248,744419.933,276071.495,128.7112798,16972.88551,16171.667,14.258,836.06
6/27/2022 6:27,1016.8,43.96,12.306,43.77,439331.171,744377.952,275947.924,128.6660993,17041.11396,16306.557,14.63,846.656
6/27/2022 6:28,1016.8,43.96,12.431,43.77,439346.229,744354.505,275713.771,127.9291794,17170.75928,16316.667,14.662,846.255
6/27/2022 6:29,1016.8,43.96,12.482,43.77,439335.457,744313.762,275597.971,128.4563162,17235.04943,16255,14.484,838.297
6/27/2022 6:30,1016.8,43.96,12.483,43.77,439344.762,744375.333,275638.743,128.000959,17212.40037,16203.279,14.379,831.3
6/27/2022 6:31,1016.8,43.96,12.458,43.772,439339.267,744427.419,275681.695,128.2698526,17188.55577,16231.667,14.502,829.976
6/27/2022 6:32,1016.8,43.966,12.45,43.78,439345.752,744528.8,275711.714,127.9525185,17171.90028,16195,14.537,822.569
6/27/2022 6:33,1016.8,43.97,12.442,43.78,439341.886,744615.619,275719.505,128.1416887,17167.57886,16250.82,14.655,820.063
6/27/2022 6:34,1016.9,43.968,12.453,43.775,439333.219,744497.571,275693.562,128.5658545,17181.97066,16193.333,14.676,813.288
6/27/2022 6:35,1016.9,43.96,12.447,43.77,439335.962,744435.952,275751.524,128.4316001,17149.8244,16326.667,14.848,812.818
6/27/2022 6:36,1016.9,43.96,12.491,43.763,439330.067,744332.181,275641.752,128.7201398,17210.72942,16224.59,14.768,805.436
6/27/2022 6:37,1016.9,43.96,12.491,43.76,439337.8,744334.724,275681.019,128.3416461,17188.93092,16220,14.673,801.562
6/27/2022 6:38,1016.9,43.96,12.438,43.77,439354.924,744398.076,275838.352,127.5037979,17101.72284,16056.667,14.321,789.908
6/27/2022 6:39,1016.972,43.96,12.412,43.77,439360.81,744426.924,275841.238,127.2158984,17100.12515,16344.262,14.626,806.61
6/27/2022 6:40,1017,43.96,12.431,43.77,439360.4,744513.143,275819.743,127.235951,17112.02652,16028.333,14.061,785.205
6/27/2022 6:41,1017,43.96,12.354,43.77,439357.781,744510.133,275999.6,127.3640487,17012.56561,16085,14.176,793.128
6/27/2022 6:42,1017,43.96,12.378,43.77,439359.895,744439,275921.914,127.2606503,17055.49184,16208.197,14.218,805.192
6/27/2022 6:43,1017,43.959,12.455,43.761,439353.124,744321.371,275703.286,127.59185,17176.57562,16203.333,14.136,805.56
6/27/2022 6:44,1017,43.95,12.427,43.76,439364.714,744340.105,275866.895,127.0249697,17085.92456,16075,13.989,797.156
6/27/2022 6:45,1017,43.95,12.406,43.76,439367.057,744321.543,275871.057,126.9103932,17083.62152,16139.344,13.972,799.537
6/27/2022 6:46,1017.066,43.95,12.389,43.76,439378.238,744338.648,275958.79,126.3637272,17035.10914,15968.333,13.686,786.961
6/27/2022 6:47,1017.1,43.954,12.32,43.762,439388.533,744397.095,276122.448,125.8605308,16944.79058,15933.333,13.522,783.264
6/27/2022 6:48,1017.1,43.96,12.263,43.769,439396.962,744436.562,276226.514,125.4486481,16887.47908,15859.016,13.357,778.014
6/27/2022 6:49,1017.1,43.96,12.209,43.77,439402.105,744484.686,276324.924,125.1973832,16833.36816,15940,13.404,789.003
6/27/2022 6:50,1017.1,43.96,12.248,43.77,439394.933,744500.657,276175.676,125.5477862,16915.46508,15941.667,13.374,790.147
6/27/2022 6:51,1017.1,43.96,12.252,43.77,439393.829,744513.543,276173.6,125.6017307,16916.60838,15945.902,13.302,791.171
6/27/2022 6:52,1017.1,43.96,12.24,43.77,439389.562,744478.324,276212.467,125.8102436,16895.20965,15905,13.323,790.72
6/27/2022 6:53,1017.1,43.96,12.204,43.77,439379.581,744458.79,276288.724,126.2980762,16853.26311,15888.333,13.319,792.425
6/27/2022 6:54,1017.1,43.96,12.161,43.77,439398.8,744511.905,276422.924,125.3588471,16779.56544,15745.902,12.945,777.551
6/27/2022 6:55,1017.1,43.96,12.119,43.77,439404.733,744544.657,276501.676,125.0690044,16736.38986,15868.333,13.031,785.719
6/27/2022 6:56,1017.1,43.96,12.09,43.77,439402.248,744483.352,276559.067,125.1903974,16704.959,15708.333,12.856,771.499
6/27/2022 6:57,1017.1,43.96,12.037,43.761,439412,744415.095,276676.543,124.7140577,16640.7102,15745.902,12.869,769.279
6/27/2022 6:58,1017.1,43.952,12.087,43.76,439416.114,744317.648,276552.667,124.5131469,16708.46263,15895,13.113,769.492
6/27/2022 6:59,1017.1,43.95,12.168,43.76,439400.219,744265.829,276354.505,125.2895209,16817.11927,15978.333,13.149,765.107
6/27/2022 7:00,1017.1,43.95,12.177,43.76,439411.286,744314.343,276402.8,124.7489289,16790.60692,15806.557,12.721,749.584
6/27/2022 7:01,1017.1,43.956,12.089,43.765,439433.324,744453.438,276637.238,123.6729323,16662.19328,15678.333,12.298,736.932
6/27/2022 7:02,1017.1,43.96,12.025,43.77,439439.905,744508.029,276750.752,123.3517461,16600.18572,15650,12.139,727.844
6/27/2022 7:03,1017.1,43.96,11.991,43.77,439441.286,744560.476,276823.4,123.2843539,16560.55956,15621.311,12.027,718.993
6/27/2022 7:04,1017.1,43.96,11.962,43.77,439435.333,744513.895,276887.486,123.5748766,16525.64126,15650,12.047,712.999
6/27/2022 7:05,1017.1,43.96,11.947,43.767,439459.514,744495.238,276944.295,122.3950783,16494.71748,15598.333,11.858,704.268
6/27/2022 7:06,1017.179,43.959,11.937,43.761,439459.095,744425.848,276958.99,122.4155146,16486.72283,15696.667,12.194,701.044
6/27/2022 7:07,1017.2,43.95,11.936,43.76,439464.971,744368.867,276983.619,122.12894,16473.32786,15545.902,11.773,690.916
6/27/2022 7:08,1017.2,43.95,11.918,43.76,439459.505,744330.59,277038.381,122.3955172,16443.56315,15600,12.06,686.768
6/27/2022 7:09,1017.2,43.95,11.871,43.76,439469.829,744366.067,277181.543,121.8920492,16365.87236,15366.667,11.28,674.467
6/27/2022 7:10,1017.2,43.954,11.794,43.766,439472.495,744445.371,277331.248,121.7620607,16284.81936,15436.066,11.726,672.136
6/27/2022 7:11,1017.2,43.96,11.779,43.77,439468.59,744517.133,277327.067,121.9524635,16287.08042,15555,12.489,670.914
6/27/2022 7:12,1017.253,43.96,11.858,43.77,439437.495,744584.295,277081.019,123.4693595,16420.40604,15503.333,12.298,663.971
6/27/2022 7:13,1017.3,43.962,11.791,43.774,439465.724,744655.61,277317.2,122.0922193,16292.41701,15439.344,12.193,656.767
6/27/2022 7:14,1017.3,43.97,11.76,43.775,439468.01,744721.019,277380.381,121.9807454,16258.25988,15341.667,11.813,649.594
6/27/2022 7:15,1017.3,43.97,11.718,43.77,439471.895,744693.286,277467.724,121.7913146,16211.09673,15370,12.08,646.139
6/27/2022 7:16,1017.3,43.964,11.704,43.77,439464.152,744613.305,277505.467,122.1688801,16190.73671,15285.246,11.782,640.147
6/27/2022 7:17,1017.3,43.96,11.631,43.763,439481.962,744454.533,277708.429,121.3005481,16081.46129,15188.333,11.397,634.381
6/27/2022 7:18,1017.3,43.96,11.582,43.76,439490.752,744403.39,277823.733,120.8721486,16019.53902,15165,11.313,630.424
6/27/2022 7:19,1017.3,43.95,11.556,43.76,439490.057,744341.467,277869.81,120.9060171,15994.82604,15160.656,11.41,628.227
6/27/2022 7:20,1017.3,43.95,11.539,43.753,439490.181,744199.743,277930.229,120.8999743,15962.44853,15120,11.193,624.652
6/27/2022 7:21,1017.3,43.95,11.5,43.753,439506.257,744231.067,278018.59,120.1167364,15915.15391,15083.333,11.042,621.639
6/27/2022 7:22,1017.3,43.95,11.466,43.76,439510.086,744222.59,278085.638,119.9302359,15879.31173,15083.607,11.049,618.475
6/27/2022 7:23,1017.3,43.95,11.441,43.76,439517.743,744200.333,278142.324,119.5573438,15849.03898,15048.333,10.954,615.354
6/27/2022 7:24,1017.3,43.95,11.414,43.76,439515.2,744193.457,278188.295,119.6811777,15824.50878,15051.667,10.9,612.487
6/27/2022 7:25,1017.3,43.95,11.404,43.76,439518.4,744211.867,278206.876,119.5253519,15814.59909,15032.787,10.824,610.193
6/27/2022 7:26,1017.3,43.95,11.392,43.76,439527.219,744298.933,278238.819,119.095978,15797.57007,15041.667,10.896,609.28
6/27/2022 7:27,1017.3,43.95,11.399,43.76,439529.61,744296.99,278205.105,118.9795848,15815.54348,15083.333,11.175,609.017
6/27/2022 7:28,1017.3,43.95,11.405,43.76,439524.79,744363.076,278183.086,119.214229,15827.2874,15060.656,11.023,606.747
6/27/2022 7:29,1017.3,43.95,11.395,43.76,439519.895,744317.914,278209.81,119.4525568,15813.03459,15115,11.482,606.511
6/27/2022 7:30,1017.3,43.959,11.398,43.761,439513.81,744418.6,278187.4,119.748869,15824.98618,15011.667,10.877,602.539
6/27/2022 7:31,1017.3,43.96,11.387,43.763,439521.448,744477.419,278222.257,119.3769408,15806.39828,15024.59,11.019,601.346
6/27/2022 7:32,1017.3,43.96,11.386,43.769,439511.943,744515,278214.771,119.8397936,15810.3894,15123.333,11.923,603.104
6/27/2022 7:33,1017.3,43.96,11.447,43.77,439488.057,744514.571,278039.876,121.003484,15903.77076,15006.667,11.092,599.331
6/27/2022 7:34,1017.359,43.96,11.379,43.769,439512.838,744465.667,278266.771,119.7962057,15782.67587,14978.689,11.082,597.771
6/27/2022 7:35,1017.4,43.96,11.362,43.77,439509.143,744467.867,278277.667,119.9761651,15776.87177,14988.333,11.306,597.172
6/27/2022 7:36,1017.4,43.96,11.359,43.769,439506.181,744473.067,278269.962,120.1204384,15780.97598,15018.333,11.415,595.91
6/27/2022 7:37,1017.4,43.96,11.373,43.77,439493,744467.39,278232.505,120.7626045,15800.93541,15037.705,11.714,595.438
6/27/2022 7:38,1017.4,43.96,11.378,43.77,439495.457,744486.752,278222.905,120.6428837,15806.05283,15048.333,11.695,594.284
6/27/2022 7:39,1017.427,43.96,11.399,43.77,439488.657,744450.61,278145.838,120.9742434,15847.16326,15040,11.616,593.573
6/27/2022 7:40,1017.5,43.96,11.389,43.761,439495.61,744412.962,278207.486,120.6354289,15814.27382,15057.377,11.642,592.333
6/27/2022 7:41,1017.5,43.96,11.394,43.76,439496.2,744468.895,278189.152,120.6066816,15824.05166,15101.667,11.819,592.231
6/27/2022 7:42,1017.5,43.96,11.453,43.765,439474.286,744435.248,278018.143,121.6747407,15915.39299,15225,12.363,592.025
6/27/2022 7:43,1017.5,43.96,11.484,43.77,439471.038,744508.667,277967.429,121.8330997,15942.5293,15167.213,12.06,588.26
6/27/2022 7:44,1017.5,43.965,11.477,43.775,439466.276,744669.733,277970.648,122.0653011,15940.80621,15181.667,11.986,586.383
6/27/2022 7:45,1017.592,43.97,11.459,43.783,439482.095,744767.676,278008.4,121.2940653,15920.60461,15181.667,11.84,585.28
6/27/2022 7:46,1017.6,43.98,11.447,43.79,439488.933,744886.305,278014.105,120.9607928,15917.55286,15088.525,11.251,582.958
6/27/2022 7:47,1017.6,43.98,11.425,43.785,439494.295,744892.276,278074.771,120.6995028,15885.11833,15111.667,11.303,585.166
6/27/2022 7:48,1017.637,43.98,11.423,43.78,439500.931,744824.255,278079.206,120.3761851,15882.74844,15165,11.594,589.406
6/27/2022 7:49,1017.7,43.971,11.45,43.777,439488.229,744724.171,277999.552,120.9951017,15925.33819,15170.492,11.624,592.232
6/27/2022 7:50,1017.7,43.97,11.463,43.77,439479.752,744596.581,277979.581,121.4082738,15936.02493,15203.333,11.977,601.001
6/27/2022 7:51,1017.7,43.96,11.495,43.761,439475.705,744458.8,277922.371,121.6055607,15966.65773,15238.333,12.169,607.812
6/27/2022 7:52,1017.7,43.96,11.538,43.76,439459.324,744409.362,277814.59,122.4043453,16024.44496,15239.344,12.287,615.764
6/27/2022 7:53,1017.748,43.96,11.542,43.768,439463.476,744473.857,277803.714,122.2018472,16030.28172,15223.333,12.105,618.366
6/27/2022 7:54,1017.8,43.961,11.538,43.77,439464.257,744569.524,277798.229,122.1637595,16033.22571,15250,12.378,633.435
6/27/2022 7:55,1017.8,43.97,11.539,43.77,439461.419,744601.657,277774.924,122.3021667,16045.7372,15163.934,11.984,634.897
6/27/2022 7:56,1017.8,43.97,11.493,43.77,439472.752,744652.619,277895.333,121.7495304,15981.14487,15075,11.488,630.297
6/27/2022 7:57,1017.8,43.97,11.427,43.77,439491.61,744622.771,278063.838,120.8303378,15890.96122,15001.667,11.055,627.995
6/27/2022 7:58,1017.8,43.97,11.374,43.77,439511.648,744651.514,278192.029,119.8541608,15822.51711,15011.475,11.088,644.816
6/27/2022 7:59,1017.8,43.97,11.372,43.77,439515.495,744648.657,278166.819,119.666812,15835.96615,15026.667,11.186,662.977
6/27/2022 8:00,1017.8,43.97,11.401,43.77,439498.152,744587.99,278032.6,120.5115756,15907.66132,15091.667,11.473,690.126
6/27/2022 8:01,1017.8,43.97,11.409,43.77,439497.39,744595.743,278002.905,120.5487014,15923.5443,15080.328,11.423,697.154
6/27/2022 8:02,1017.863,43.97,11.395,43.77,439498.829,744636.343,278044.276,120.4785917,15901.41825,14941.667,10.941,681.045
6/27/2022 8:03,1017.9,43.97,11.347,43.773,439510.743,744649.362,278164.905,119.8982372,15836.98745,14918.333,10.887,684.339
6/27/2022 8:04,1017.9,43.97,11.288,43.777,439521.152,744705.705,278316.429,119.3913529,15756.23222,14748.333,10.003,661.083
6/27/2022 8:05,1017.9,43.97,11.19,43.78,439558.257,744794.486,278549.381,117.585664,15632.4648,14755.738,10.171,669.306
6/27/2022 8:06,1017.9,43.97,11.17,43.78,439557.038,744752.733,278585.924,117.6449559,15613.09184,14710,10.197,669.839
6/27/2022 8:07,1017.914,43.97,11.157,43.774,439554.276,744691.705,278590.19,117.7793066,15610.83101,14761.667,10.48,684.676
6/27/2022 8:08,1018,43.97,11.151,43.77,439547.952,744597.371,278588.933,118.0869611,15611.49716,14744.262,10.408,687.723
6/27/2022 8:09,1018,43.963,11.141,43.77,439551.01,744565.019,278589.971,117.9381865,15610.94707,14775,10.449,695.71
6/27/2022 8:10,1018,43.96,11.151,43.767,439546.505,744516.133,278554.657,118.1573635,15629.66706,14798.333,10.484,702.656
6/27/2022 8:11,1018,43.96,11.168,43.763,439554.19,744488.448,278524.6,117.78349,15645.60876,14804.918,10.405,703.501
6/27/2022 8:12,1018,43.96,11.175,43.761,439555.095,744448.048,278502.657,117.7394673,15657.25185,14788.333,9.879,694.577
6/27/2022 8:13,1018,43.96,11.179,43.766,439554.971,744459.971,278488.457,117.745499,15664.78866,14883.333,10.161,712.164
6/27/2022 8:14,1018,43.96,11.249,43.768,439544.81,744481.524,278254.181,118.2398357,15789.38361,15042.623,10.547,740.113
6/27/2022 8:15,1018.04,43.96,11.327,43.77,439525.648,744498.857,278068.81,119.1724581,15888.30392,15085,10.504,746.653
6/27/2022 8:16,1018.1,43.96,11.347,43.77,439530.495,744592.038,278036.048,118.9365052,15905.81758,15046.667,10.269,738.669
6/27/2022 8:17,1018.1,43.968,11.356,43.775,439530.543,744640.21,278019.21,118.9341687,15914.8223,15068.852,10.302,744.966
6/27/2022 8:18,1018.1,43.97,11.383,43.78,439532.324,744736.229,277936.829,118.8474775,15958.91361,15030,10.2,741.686
6/27/2022 8:19,1018.1,43.97,11.361,43.78,439531.952,744721.79,278009.79,118.8655845,15919.86104,15133.333,10.484,762.499
6/27/2022 8:20,1018.1,43.97,11.392,43.775,439538.371,744731.648,277929.21,118.5531685,15962.99434,15045.902,10.208,749.985
6/27/2022 8:21,1018.1,43.97,11.39,43.77,439533.305,744685.39,277945.914,118.7997286,15954.04834,15063.333,10.305,755.61
6/27/2022 8:22,1018.133,43.97,11.406,43.77,439535.867,744673.39,277900.486,118.6750328,15978.38338,15110,10.507,765.981
6/27/2022 8:23,1018.2,43.97,11.395,43.779,439532.619,744709.467,277950.676,118.8331186,15951.49844,15059.016,10.57,762.966
6/27/2022 8:24,1018.2,43.97,11.387,43.78,439525.419,744760.762,277925.543,119.1836066,15964.95856,15088.333,10.779,768.758
6/27/2022 8:25,1018.2,43.976,11.398,43.78,439519.743,744817.029,277874.143,119.4599579,15992.50302,15078.333,10.709,768.027
6/27/2022 8:26,1018.2,43.972,11.432,43.78,439512.657,744792.457,277768.086,119.8050206,16049.40912,15185.246,11.072,790.432
6/27/2022 8:27,1018.2,43.97,11.45,43.777,439515.019,744718.124,277770.524,119.6899921,16048.0999,15095,10.642,771.171
6/27/2022 8:28,1018.2,43.97,11.436,43.776,439522.667,744732.314,277834.905,119.3175896,16013.54535,15045,10.37,762.912
6/27/2022 8:29,1018.222,43.97,11.442,43.77,439517.495,744680.152,277781.629,119.56942,16042.13708,15111.475,10.655,783.443
6/27/2022 8:30,1018.3,43.97,11.448,43.77,439514.314,744685.724,277763.543,119.7243245,16051.84888,15193.333,10.896,801.061
6/27/2022 8:31,1018.3,43.97,11.461,43.77,439519.048,744693.857,277735.495,119.4937989,16066.91563,15150,10.775,794.37
6/27/2022 8:32,1018.3,43.964,11.471,43.77,439515.552,744628.686,277707.79,119.6640362,16081.80477,15259.016,11.232,814.029
6/27/2022 8:33,1018.3,43.96,11.541,43.77,439500.19,744612.41,277523.21,120.4122849,16181.16969,15263.333,11.412,814.275
6/27/2022 8:34,1018.3,43.96,11.528,43.77,439480.21,744627.238,277604.571,121.3859482,16137.33452,15041.667,15.737,843.301
6/27/2022 8:35,1018.3,43.97,11.362,43.77,439379.048,744672.495,278013.276,126.324131,15917.99629,14762.295,18.636,845.102
6/27/2022 8:36,1018.3,43.97,11.184,43.77,439415.743,744658.029,278483.848,124.5312641,15667.23531,14403.333,14.101,732.872
6/27/2022 8:37,1018.3,43.97,10.906,43.77,439538.048,744737.457,279284.771,118.5688877,15244.81406,14098.333,11.819,669.112
6/27/2022 8:38,1018.3,43.97,10.677,43.77,439546.229,744679,279827.714,118.1707923,14961.59359,13926.23,13.811,663.598
6/27/2022 8:39,1018.31,43.961,10.572,43.765,439535.267,744573.219,279947.01,118.7042347,14899.7038,14000,13.616,698.754
6/27/2022 8:40,1018.4,43.959,10.523,43.759,439547.152,744411.924,280033.019,118.1258839,14855.15897,13913.333,12.701,681.79
6/27/2022 8:41,1018.4,43.95,10.431,43.752,439576.133,744262.486,280273.838,116.716412,14730.77508,13754.098,13.098,664.556
6/27/2022 8:42,1018.4,43.946,10.336,43.746,439438.467,744142.648,280490.219,123.4219228,14619.43891,13730,22.707,707.014
6/27/2022 8:43,1018.4,43.94,10.318,43.744,439380.705,744067.743,280436.333,126.2431326,14647.12763,13765,19.655,729.136
6/27/2022 8:44,1018.4,43.94,10.302,43.747,439422.419,744056.267,280420.971,124.2052817,14655.0258,13819.672,16.658,710.059
6/27/2022 8:45,1018.4,43.94,10.239,43.75,439507.314,744160.59,280615.238,120.0652507,14555.29546,13666.667,14.589,692.272
6/27/2022 8:46,1018.4,43.947,10.151,43.75,439561.133,744203.752,280852.086,117.445784,14434.14448,13490,13.261,668.558
6/27/2022 8:47,1018.4,43.95,10.025,43.75,439600.276,744263.99,281188.533,115.5431086,14262.87665,13408.197,13.388,665.829
6/27/2022 8:48,1018.4,43.948,9.973,43.75,439577.8,744178.743,281238.324,116.6353734,14237.61332,13433.333,14.789,702.196
6/27/2022 8:49,1018.4,43.94,9.967,43.75,439559.648,744127.676,281209.505,117.5180085,14252.23312,13448.333,14.311,695.578
6/27/2022 8:50,1018.4,43.94,9.963,43.75,439565.2,744114.143,281199.057,117.2479966,14257.53513,13498.333,14.416,701.407
6/27/2022 8:51,1018.4,43.94,9.962,43.75,439569.19,744184.152,281172.381,117.0539758,14271.07656,13465.574,14.223,702.993
6/27/2022 8:52,1018.4,43.949,9.923,43.751,439572.143,744228.038,281248.448,116.910395,14232.47913,13430,14.091,701.737
6/27/2022 8:53,1018.497,43.95,9.906,43.758,439562.314,744250.267,281240.343,117.388347,14236.58935,13491.667,15.664,739.07
6/27/2022 8:54,1018.5,43.95,9.93,43.751,439552.029,744246.562,281155.419,117.888614,14279.69009,13477.049,15.256,731.484
6/27/2022 8:55,1018.5,43.95,9.899,43.75,439567.562,744219.657,281264.114,117.1331375,14224.53617,13481.667,13.856,700.498
6/27/2022 8:56,1018.5,43.95,9.845,43.75,439595.324,744267.705,281442.724,115.7837014,14134.1267,13326.667,13.545,696.046
6/27/2022 8:57,1018.5,43.95,9.771,43.75,439601.133,744276.162,281633.99,115.5014747,14037.61517,13244.262,13.52,694.165
6/27/2022 8:58,1018.5,43.95,9.697,43.75,439623.686,744303.076,281806.619,114.4061877,13950.77786,13183.333,12.35,666.496
6/27/2022 8:59,1018.54,43.95,9.643,43.756,439630.762,744343.876,281916.61,114.0626847,13895.58293,13106.667,12.811,677.056
6/27/2022 9:00,1018.6,43.95,9.584,43.76,439634.762,744382.562,282043.695,113.8685358,13831.93955,13101.639,13.153,683.799
6/27/2022 9:01,1018.6,43.959,9.555,43.76,439636.124,744468.305,282072.162,113.8024331,13817.70249,13078.333,12.936,679.562
6/27/2022 9:02,1018.6,43.96,9.541,43.76,439635.029,744472.733,282078.714,113.8555771,13814.42666,13131.667,13,682.746
6/27/2022 9:03,1018.6,43.96,9.549,43.76,439636.762,744445.543,282031.952,113.7714695,13837.81454,13160.656,13.038,684.159
6/27/2022 9:04,1018.6,43.957,9.539,43.758,439654.8,744387.095,282085.276,112.8962755,13811.1462,13110,12.258,669.378
6/27/2022 9:05,1018.668,43.95,9.548,43.75,439668.457,744236.581,282064.476,112.2339408,13821.54576,13198.333,12.328,671.537
6/27/2022 9:06,1018.7,43.944,9.61,43.743,439635.124,744105.162,281860.229,113.8509664,13923.86266,13296.721,13.724,706.326
6/27/2022 9:07,1018.7,43.94,9.666,43.74,439619.171,743969.152,281737,114.6254032,13985.76737,13240,13.151,693.442
6/27/2022 9:08,1018.7,43.94,9.621,43.74,439645.019,743957.238,281935.819,113.3707892,13885.95427,13193.333,11.882,658.477
6/27/2022 9:09,1018.7,43.94,9.541,43.74,439673.952,744002.657,282181.105,111.9675171,13763.28175,12993.443,12.369,671.706
6/27/2022 9:10,1018.7,43.94,9.484,43.746,439663.543,744032.371,282260.971,112.4722297,13723.4508,12976.667,12.521,672.535
6/27/2022 9:11,1018.7,43.94,9.43,43.75,439666.981,744131.571,282369.162,112.3055113,13669.58104,12976.667,12.66,673.371
6/27/2022 9:12,1018.72,43.942,9.42,43.75,439659.714,744171.81,282332.819,112.6579279,13687.66549,13016.393,13.318,687.656
6/27/2022 9:13,1018.8,43.95,9.443,43.752,439635.029,744243.39,282233.305,113.8555771,13737.24224,13068.333,14.573,716.63
6/27/2022 9:14,1018.8,43.95,9.442,43.75,439642.638,744238.029,282249.438,113.4863204,13729.19918,13000,13.762,698.426
6/27/2022 9:15,1018.8,43.95,9.39,43.75,439658.133,744223.724,282414.324,112.7346088,13647.12405,12865.574,13.098,682.965
6/27/2022 9:16,1018.8,43.947,9.287,43.75,439690.057,744194.295,282738.714,111.1869078,13486.33527,12790,12.123,658.154
6/27/2022 9:17,1018.8,43.94,9.205,43.75,439688.629,744147.076,282929.657,111.2561087,13392.11461,12715,12.22,659.391
6/27/2022 9:18,1018.8,43.94,9.151,43.75,439688.486,744143.762,283020.229,111.2630386,13347.53158,12698.361,12.338,661.196
6/27/2022 9:19,1018.8,43.94,9.117,43.741,439684.914,744073.762,283075.8,111.4361505,13320.21231,12690,13.537,687.651
6/27/2022 9:20,1018.8,43.94,9.168,43.74,439637.952,743998.667,282857.248,113.7137177,13427.80786,12810,14.775,711.527
6/27/2022 9:21,1018.8,43.94,9.19,43.74,439630.333,743996.762,282823.543,114.0835085,13444.43776,12772.131,14.255,691.451
6/27/2022 9:22,1018.8,43.94,9.15,43.74,439631.324,743916.619,282953.886,114.0354055,13380.18125,12613.333,14.327,686.344
6/27/2022 9:23,1018.8,43.94,9.081,43.74,439647.324,743999.419,283141.495,113.2589531,13287.95023,12556.667,15.403,702.334
6/27/2022 9:24,1018.8,43.94,9.044,43.74,439607.933,744009.343,283148.39,115.1711594,13284.56633,12603.279,17.254,741.73
6/27/2022 9:25,1018.8,43.94,9.079,43.747,439571.6,744030.6,282976.819,116.9367958,13368.89085,12720,17.34,748.712
6/27/2022 9:26,1018.8,43.94,9.076,43.75,439640.314,744083.019,283064.381,113.5990933,13325.82384,12581.667,12.863,655.871
6/27/2022 9:27,1018.8,43.94,9.041,43.75,439636.733,744144.943,283148.543,113.7728769,13284.49124,12565,15.902,725.993
6/27/2022 9:28,1018.8,43.941,9.01,43.75,439652.943,744173.657,283222.457,112.9863556,13248.24176,12524.59,14.868,706.327
6/27/2022 9:29,1018.8,43.95,8.966,43.75,439675.448,744211.543,283348.857,111.8949911,13186.36056,12508.333,14.518,700.435
6/27/2022 9:30,1018.8,43.95,8.966,43.752,439670.838,744266.743,283292.41,112.1184935,13213.97814,12586.667,15.557,720.378
6/27/2022 9:31,1018.8,43.95,8.989,43.758,439640.429,744323.895,283185.867,113.5935127,13266.18064,12636.066,15.187,711.078
6/27/2022 9:32,1018.841,43.95,9.003,43.753,439620.01,744213.21,283143.8,114.5846654,13286.81895,12648.333,16.719,744.742
6/27/2022 9:33,1018.9,43.946,9.061,43.75,439582.286,744143.781,282942,116.4173125,13386.03476,12730,18.075,769.637
6/27/2022 9:34,1018.9,43.94,9.14,43.75,439542.683,744099.436,282718.564,118.3433329,13496.29656,12963.934,17.946,865.466
